year,km_driven,brand,vehicle_name,fuel,seller_type,transmission,owner,selling_price
2007,70000,maruti,maruti 800 ac,petrol,individual,manual,first owner,60000
2007,50000,maruti,maruti wagon r lxi minor,petrol,individual,manual,first owner,135000
2012,100000,hyundai,hyundai verna 1.6 sx,diesel,individual,manual,first owner,600000
2017,46000,datsun,datsun redigo t option,petrol,individual,manual,first owner,250000
2014,141000,honda,honda amaze vx i-dtec,diesel,individual,manual,second owner,450000
2007,125000,maruti,maruti alto lx bsiii,petrol,individual,manual,first owner,140000
2016,25000,hyundai,hyundai xcent 1.2 kappa s,petrol,individual,manual,first owner,550000
2014,60000,tata,tata indigo grand petrol,petrol,individual,manual,second owner,240000
2015,25000,hyundai,hyundai creta 1.6 vtvt s,petrol,individual,manual,first owner,850000
2017,78000,maruti,maruti celerio green vxi,cng,individual,manual,first owner,365000
2015,35000,chevrolet,chevrolet sail 1.2 base,petrol,individual,manual,first owner,260000
2014,100000,tata,tata indigo grand petrol,petrol,individual,manual,first owner,250000
2018,25000,toyota,toyota corolla altis 1.8 vl cvt,petrol,dealer,automatic,first owner,1650000
2015,24000,maruti,maruti ciaz vxi plus,petrol,dealer,manual,first owner,585000
2019,5000,hyundai,hyundai venue sx opt diesel,diesel,dealer,manual,first owner,1195000
2013,33000,chevrolet,chevrolet enjoy tcdi ltz 7 seater,diesel,individual,manual,second owner,390000
2014,28000,jaguar,jaguar xf 2.2 litre luxury,diesel,dealer,automatic,first owner,1964999
2013,59000,mercedes-benz,mercedes-benz new c-class 220 cdi at,diesel,dealer,automatic,first owner,1425000
2018,4500,maruti,maruti vitara brezza zdi plus amt,diesel,dealer,automatic,first owner,975000
2011,175900,audi,audi q5 2.0 tdi,diesel,dealer,automatic,first owner,1190000
2018,14500,honda,honda city v mt,petrol,dealer,manual,first owner,930000
2018,15000,tata,tata tigor 1.2 revotron xt,petrol,individual,manual,first owner,525000
2013,50000,audi,audi a6 2.0 tdi  design edition,diesel,dealer,automatic,first owner,1735000
2012,33800,mercedes-benz,mercedes-benz new c-class c 220 cdi avantgarde,diesel,dealer,automatic,second owner,1375000
2011,130400,skoda,skoda superb ambition 2.0 tdi cr at,diesel,dealer,automatic,second owner,450000
2016,50000,toyota,toyota corolla altis g at,petrol,individual,automatic,first owner,900000
2015,80000,toyota,toyota innova 2.5 g (diesel) 7 seater,diesel,individual,manual,first owner,1300000
2019,10000,jeep,jeep compass 1.4 sport plus bsiv,petrol,individual,manual,first owner,1400000
2010,119000,mercedes-benz,mercedes-benz e-class e 200 cgi elegance,petrol,dealer,automatic,first owner,850000
2014,60000,hyundai,hyundai i10 magna 1.1l,petrol,individual,manual,fourth & above owner,229999
2013,75800,bmw,bmw 3 series 320d sport line,diesel,dealer,automatic,second owner,1550000
2009,78000,audi,audi q7 35 tdi quattro premium,diesel,dealer,automatic,third owner,1250000
2012,40000,hyundai,hyundai elantra crdi s,diesel,individual,manual,first owner,625000
2014,50000,mahindra,mahindra scorpio 1.99 s10,diesel,individual,manual,first owner,1050000
2014,74000,honda,honda city i dtec v,diesel,individual,manual,second owner,560000
2014,64000,maruti,maruti wagon r vxi bs iv with abs,petrol,individual,manual,second owner,290000
2012,60000,maruti,maruti wagon r vxi bs iv,petrol,individual,manual,second owner,275000
2009,120000,mahindra,mahindra scorpio lx,diesel,individual,manual,second owner,411000
2009,79000,hyundai,hyundai santro xing gls,petrol,individual,manual,third owner,150000
2019,15000,hyundai,hyundai grand i10 1.2 kappa asta,petrol,individual,manual,first owner,500000
2006,80000,maruti,maruti alto lxi,petrol,individual,manual,first owner,100000
2017,18500,maruti,maruti swift dzire vdi optional,diesel,dealer,manual,first owner,725000
2018,10200,maruti,maruti eeco 5 seater ac bsiv,petrol,dealer,manual,first owner,401000
2018,29000,hyundai,hyundai i20 sportz 1.4 crdi,diesel,dealer,manual,first owner,750000
2018,28000,maruti,maruti omni maruti omni mpi std bsiii 5-str w/ immobiliser,petrol,dealer,manual,first owner,310000
2016,46000,maruti,maruti swift zdi bsiv,diesel,dealer,manual,first owner,665000
2014,70000,hyundai,hyundai i20 2015-2017 sportz option 1.4 crdi,diesel,dealer,manual,first owner,465000
2012,60000,maruti,maruti alto lxi,petrol,individual,manual,second owner,160000
1996,35000,mahindra,mahindra jeep cl 500 mdi,diesel,individual,manual,second owner,250000
2014,90000,honda,honda city i dtec vx,diesel,dealer,manual,first owner,675000
2013,80000,maruti,maruti wagon r vxi bs iv,petrol,dealer,manual,first owner,300000
2005,80000,tata,tata indica dls,diesel,individual,manual,first owner,70000
2014,73300,hyundai,hyundai eon magna plus,petrol,dealer,manual,second owner,240000
2014,92000,toyota,toyota etios gd,diesel,dealer,manual,first owner,525000
2009,66764,maruti,maruti alto lxi,petrol,dealer,manual,second owner,151000
2009,100000,maruti,maruti alto lxi,petrol,individual,manual,first owner,140000
2010,350000,chevrolet,chevrolet tavera neo ls b3 - 7(c) seats bsiii,diesel,individual,manual,second owner,280000
2011,230000,toyota,toyota corolla altis diesel d4dg,diesel,individual,manual,first owner,350000
2017,60000,mahindra,mahindra scorpio 1.99 s6 plus,diesel,individual,manual,first owner,570000
2018,31000,hyundai,hyundai eon magna plus,petrol,individual,manual,first owner,300000
2007,39000,tata,tata indigo classic dicor,diesel,individual,manual,first owner,100000
2009,120000,toyota,toyota innova 2.5 v diesel 8-seater,diesel,individual,manual,third owner,500000
2014,166000,tata,tata indica vista quadrajet ls,diesel,individual,manual,fourth & above owner,125000
2006,110000,maruti,maruti swift 1.3 vxi,petrol,individual,manual,third owner,130000
2017,35000,ford,ford ecosport 1.5 diesel titanium bsiv,diesel,individual,manual,first owner,925000
2018,60000,maruti,maruti ciaz 1.3 delta,diesel,individual,manual,first owner,750000
2007,54000,honda,honda civic 1.8 v at,petrol,individual,automatic,second owner,200000
2010,63000,hyundai,hyundai i10 sportz 1.2,petrol,individual,manual,second owner,248000
2014,120000,skoda,skoda rapid 1.5 tdi elegance,diesel,individual,manual,second owner,450000
2005,120000,hyundai,hyundai getz gls,petrol,individual,manual,third owner,80000
2014,76000,nissan,nissan terrano xl,petrol,individual,manual,second owner,650000
2015,80000,hyundai,hyundai grand i10 crdi sportz,diesel,individual,manual,first owner,450000
2019,25000,hyundai,hyundai elite i20 diesel era,diesel,individual,manual,first owner,650000
2016,11958,honda,honda amaze s i-vtec,petrol,dealer,manual,first owner,495000
2015,20000,honda,honda brio s mt,petrol,dealer,manual,first owner,371000
2017,9000,hyundai,hyundai creta 1.6 sx option,petrol,dealer,manual,first owner,1025000
2017,6500,mercedes-benz,mercedes-benz s-class s 350d connoisseurs edition,diesel,dealer,automatic,first owner,8150000
2015,70000,mahindra,mahindra xuv500 w8 2wd,diesel,individual,manual,first owner,750000
2013,120000,renault,renault duster 85ps diesel rxl optional,diesel,individual,manual,first owner,600000
2007,58000,hyundai,hyundai santro xing xo,petrol,dealer,manual,second owner,80000
2013,62200,mahindra,mahindra bolero 2011-2019 sle,diesel,dealer,manual,first owner,325000
2014,34000,audi,audi a6 2.0 tdi premium plus,diesel,dealer,automatic,second owner,1470000
2015,53000,fiat,fiat avventura multijet emotion,diesel,individual,manual,second owner,350000
2013,49000,audi,audi a8 4.2 tdi,diesel,dealer,automatic,first owner,2800000
2017,15000,datsun,datsun redigo 1.0 s,petrol,dealer,manual,second owner,210000
2013,50000,volkswagen,volkswagen jetta 1.4 tsi comfortline,petrol,individual,manual,first owner,450000
2013,53000,audi,audi a4 2.0 tdi 177 bhp premium plus,diesel,dealer,automatic,first owner,1150000
2009,63500,honda,honda civic 1.8 v at,petrol,dealer,automatic,first owner,210000
2018,9800,mercedes-benz,mercedes-benz e-class exclusive e 200 bsiv,petrol,dealer,automatic,first owner,4500000
2017,13000,bmw,bmw x1 sdrive 20d xline,diesel,individual,automatic,first owner,2750000
2018,21000,volvo,volvo v40 d3 r design,diesel,dealer,automatic,first owner,1975000
2008,29173,maruti,maruti sx4 zxi bsiii,petrol,dealer,manual,first owner,175000
2012,48000,bmw,bmw 7 series 730ld,diesel,dealer,automatic,first owner,2500000
2017,120000,mahindra,mahindra bolero power plus slx,diesel,individual,manual,first owner,628000
2010,100000,hyundai,hyundai sonata crdi m/t,diesel,individual,manual,first owner,600000
2017,30000,nissan,nissan micra active xv petrol,petrol,individual,manual,first owner,399000
2018,87000,mahindra,mahindra xylo d4,diesel,individual,manual,first owner,750000
2019,15000,hyundai,hyundai elite i20 sportz plus dual tone bsiv,petrol,individual,manual,first owner,750000
2017,16000,renault,renault kwid rxt,petrol,individual,manual,first owner,315000
2012,60000,mahindra,mahindra xylo e4 bs iii,diesel,individual,manual,first owner,600000
2010,60000,maruti,maruti wagon r lxi minor,petrol,individual,manual,fourth & above owner,100000
2011,110000,maruti,maruti sx4 zxi mt bsiv,petrol,individual,manual,third owner,250000
2017,25000,renault,renault kwid rxt,petrol,individual,manual,first owner,350000
2016,60000,hyundai,hyundai creta 1.4 crdi s,diesel,individual,manual,first owner,780000
2014,79350,maruti,maruti swift dzire vdi,diesel,individual,manual,second owner,434000
2016,80000,hyundai,hyundai verna 1.6 vtvt at s option,petrol,individual,automatic,first owner,690000
2014,90000,mahindra,mahindra scorpio lx bsiv,diesel,individual,manual,second owner,555000
2007,90000,maruti,maruti sx4 vxi bsiii,petrol,individual,manual,second owner,120000
2014,120000,maruti,maruti ertiga vdi,diesel,individual,manual,second owner,500000
2013,60000,chevrolet,chevrolet beat diesel,diesel,individual,manual,second owner,165000
2004,50000,maruti,maruti zen lx,petrol,individual,manual,first owner,95000
2018,20000,maruti,maruti baleno delta 1.2,petrol,individual,manual,first owner,550000
2007,110000,maruti,maruti swift vdi bsiii,diesel,individual,manual,fourth & above owner,100000
2012,50000,tata,tata nano lx bsiv,petrol,individual,manual,second owner,100000
2012,100000,toyota,toyota innova 2.5 gx (diesel) 8 seater,diesel,individual,manual,first owner,500000
2016,70000,maruti,maruti ertiga shvs vdi,diesel,individual,manual,second owner,800000
2016,70000,hyundai,hyundai creta 1.6 crdi sx,diesel,individual,manual,second owner,840000
2016,50000,honda,honda amaze s i-vtech,petrol,individual,manual,first owner,490000
2010,81000,tata,tata indica vista aqua 1.4 tdi,diesel,individual,manual,second owner,125000
2012,120000,chevrolet,chevrolet tavera neo 2 ls b4 7 str bsiii,diesel,individual,manual,third owner,400000
2015,3600,chevrolet,chevrolet cruze ltz,diesel,dealer,manual,first owner,1000000
2015,14272,ford,ford figo aspire 1.2 ti-vct titanium plus,petrol,dealer,manual,first owner,530000
2017,49213,ford,ford ecosport 1.5 diesel titanium plus bsiv,diesel,dealer,manual,first owner,840000
2015,40000,hyundai,hyundai i10 sportz 1.1l,petrol,individual,manual,first owner,229999
1998,40000,maruti,maruti 800 std,petrol,individual,manual,fourth & above owner,40000
2012,80000,chevrolet,chevrolet spark 1.0 ls,petrol,individual,manual,first owner,130000
2015,70000,hyundai,hyundai eon era plus,petrol,individual,manual,first owner,200000
2011,70000,tata,tata indica vista aqua tdi bsiii,diesel,individual,manual,first owner,120000
2003,57000,hyundai,hyundai santro lp zipplus,petrol,individual,manual,first owner,75000
2016,120000,tata,tata bolt quadrajet xe,diesel,individual,manual,first owner,250000
2005,30000,maruti,maruti 800 ac bsiii,petrol,individual,manual,first owner,100000
2013,3240,hyundai,hyundai eon era plus,petrol,individual,manual,second owner,280000
2015,5000,hyundai,hyundai i20 magna 1.2,petrol,individual,manual,first owner,540000
2018,10000,hyundai,hyundai i20 1.2 asta,petrol,individual,manual,first owner,700000
2015,100000,maruti,maruti ciaz vdi plus,diesel,individual,manual,first owner,525000
2016,80000,hyundai,hyundai i20 asta 1.4 crdi,diesel,individual,manual,first owner,430000
2002,70000,hyundai,hyundai santro le,petrol,individual,manual,first owner,65000
2018,35000,maruti,maruti vitara brezza vdi,diesel,individual,manual,first owner,800000
2007,114000,hyundai,hyundai santro xing xl erlx euro iii,petrol,individual,manual,second owner,75000
2008,53772,hyundai,hyundai getz 1.3 gls,petrol,individual,manual,first owner,210000
2012,140000,mahindra,mahindra quanto c8,diesel,individual,manual,second owner,195000
2015,120000,chevrolet,chevrolet tavera neo 3 ls 7 c bsiii,diesel,individual,manual,first owner,400000
2012,60000,hyundai,hyundai eon magna plus,petrol,individual,manual,first owner,170000
2016,25000,renault,renault kwid rxt,petrol,individual,manual,first owner,225000
2014,90000,maruti,maruti wagon r duo lpg,lpg,individual,manual,first owner,210000
2020,120000,maruti,maruti wagon r lxi,petrol,individual,manual,first owner,240000
2015,175000,chevrolet,chevrolet enjoy 1.3 tcdi ls 8,diesel,individual,manual,first owner,300000
2011,100000,chevrolet,chevrolet spark 1.0 ls,petrol,individual,manual,third owner,99000
2014,36000,honda,honda city i vtec sv,petrol,individual,manual,first owner,620000
2013,30000,honda,honda amaze vx i-dtec,diesel,individual,manual,first owner,500000
2010,40000,jaguar,jaguar xj 5.0 l v8 supercharged,petrol,individual,automatic,second owner,2550000
2013,70000,honda,honda brio e mt,petrol,individual,manual,second owner,260000
2017,60000,maruti,maruti swift vvt zxi,petrol,individual,manual,first owner,550000
2011,155500,tata,tata indigo cr4,diesel,individual,manual,first owner,150000
2011,50000,hyundai,hyundai i10 asta at,petrol,individual,automatic,second owner,350000
2016,40000,chevrolet,chevrolet beat lt,petrol,individual,manual,first owner,320000
2015,100000,maruti,maruti swift vdi bsiv,diesel,individual,manual,third owner,400000
2012,80000,maruti,maruti alto lxi,petrol,individual,manual,third owner,175000
2011,90000,chevrolet,chevrolet beat lt,petrol,individual,manual,second owner,120000
2013,90000,renault,renault duster 110ps diesel rxz,diesel,individual,manual,second owner,320000
2006,110000,hyundai,hyundai santro xing xg,petrol,individual,manual,third owner,70000
2019,15000,maruti,maruti swift dzire zxi plus,petrol,individual,manual,first owner,810000
2007,100000,maruti,maruti 800 ac,petrol,individual,manual,second owner,95000
2020,40000,maruti,maruti alto k10 lxi cng,cng,individual,manual,first owner,282000
2004,60000,maruti,maruti 800 std bsii,petrol,individual,manual,second owner,80000
2013,25000,tata,tata nano lx se,petrol,individual,manual,first owner,72000
2016,25000,hyundai,hyundai i20 magna 1.2,petrol,individual,manual,first owner,600000
2015,23000,skoda,skoda rapid 1.6 mpi ambition with alloy wheel,petrol,individual,manual,first owner,640000
2018,22155,maruti,maruti alto k10 vxi,petrol,individual,manual,first owner,380000
2018,70000,maruti,maruti ciaz 1.4 delta,petrol,individual,manual,first owner,650000
2009,60000,maruti,maruti alto lx,petrol,individual,manual,second owner,150000
2009,110000,hyundai,hyundai i20 asta,petrol,individual,manual,second owner,280000
2018,30000,tata,tata nexon 1.2 revotron xm,petrol,individual,manual,first owner,430000
2019,15000,mahindra,mahindra bolero power plus slx,diesel,individual,manual,first owner,800000
2003,100000,maruti,maruti zen d,diesel,individual,manual,second owner,75000
2016,70000,volkswagen,volkswagen vento celeste 1.5 tdi highline at,diesel,individual,automatic,first owner,650000
2017,24000,maruti,maruti eeco 7 seater standard bsiv,petrol,individual,manual,first owner,390000
2005,120000,honda,honda city 1.5 exi,petrol,individual,manual,second owner,100000
2013,35000,mercedes-benz,mercedes-benz new c-class 220 cdi at,diesel,individual,automatic,first owner,1500000
2007,78380,maruti,maruti sx4 zxi with leather bsiii,petrol,individual,manual,first owner,175000
2012,110000,renault,renault duster 110ps diesel rxz,diesel,individual,manual,second owner,434999
2010,90000,ford,ford figo diesel titanium,diesel,individual,manual,third owner,170000
2011,90000,ford,ford figo diesel titanium,diesel,individual,manual,third owner,190000
2009,150000,maruti,maruti swift dzire vdi,diesel,individual,manual,third owner,250000
2009,230000,mahindra,mahindra xylo e4,diesel,individual,manual,third owner,229999
2006,70000,maruti,maruti esteem vxi - bsiii,petrol,individual,manual,third owner,140000
2017,80362,maruti,maruti swift vdi bsiv,diesel,individual,manual,first owner,600000
2012,110000,hyundai,hyundai i20 1.2 sportz,petrol,individual,manual,third owner,280000
2012,60000,chevrolet,chevrolet beat diesel lt,diesel,individual,manual,first owner,150000
2015,50000,chevrolet,chevrolet cruze ltz at,diesel,individual,automatic,first owner,650000
2014,40000,nissan,nissan micra xl,petrol,individual,manual,second owner,210000
2017,40000,bmw,bmw 5 series 520d luxury line,diesel,individual,automatic,first owner,2900000
2013,20000,chevrolet,chevrolet enjoy 1.3 tcdi ls 8,diesel,dealer,manual,first owner,425000
2014,55000,hyundai,hyundai eon era plus option,petrol,dealer,manual,first owner,265000
2018,1136,fiat,fiat linea t jet emotion,petrol,dealer,manual,first owner,890000
2013,55000,renault,renault scala rxl,petrol,dealer,manual,first owner,365000
2014,43000,ford,ford figo petrol titanium,petrol,dealer,manual,first owner,350000
2016,60000,maruti,maruti ciaz zdi shvs,diesel,individual,manual,first owner,685000
2018,2650,skoda,skoda rapid 1.5 tdi ambition bsiv,diesel,dealer,manual,first owner,940000
2017,40000,mahindra,mahindra xuv500 w6 2wd,diesel,individual,manual,first owner,1000000
2019,15000,mahindra,mahindra xuv300 w8 option,petrol,dealer,manual,first owner,1150000
2016,115962,maruti,maruti ertiga shvs zdi,diesel,individual,manual,second owner,450000
2015,65000,nissan,nissan terrano xe d,diesel,dealer,manual,first owner,590000
2017,40000,maruti,maruti s-cross facelift,diesel,individual,manual,first owner,800000
2012,58000,hyundai,hyundai i20 magna 1.4 crdi (diesel),diesel,dealer,manual,first owner,385000
2013,15000,mercedes-benz,mercedes-benz new c-class c 220 cdi be avantgare,diesel,individual,automatic,first owner,2000000
2012,54000,hyundai,hyundai eon era plus,petrol,dealer,manual,first owner,235000
2017,56000,volkswagen,volkswagen ameo 1.5 tdi highline,diesel,dealer,manual,first owner,640000
2006,120000,maruti,maruti alto lx,petrol,individual,manual,third owner,52000
2009,90000,maruti,maruti omni lpg cargo bsiii w immobiliser,lpg,individual,manual,second owner,80000
2012,70000,maruti,maruti alto lx,petrol,individual,manual,second owner,140000
2008,90000,hyundai,hyundai verna i (petrol),petrol,individual,manual,second owner,120000
2008,213000,mahindra,mahindra renault logan 1.5 dls,diesel,individual,manual,first owner,89999
2012,120000,chevrolet,chevrolet optra magnum 2.0 ls bsiii,diesel,individual,manual,first owner,180000
2017,20000,mahindra,mahindra scorpio s11 bsiv,diesel,individual,manual,first owner,1500000
2017,10000,hyundai,hyundai i20 active 1.2 sx,petrol,individual,manual,first owner,700000
2012,80000,maruti,maruti sx4 celebration diesel,diesel,individual,manual,second owner,285000
2015,90000,hyundai,hyundai grand i10 magna,petrol,individual,manual,first owner,390000
2008,80000,maruti,maruti alto lxi bsiii,petrol,individual,manual,first owner,125000
2008,60000,maruti,maruti sx4 zxi with leather bsiii,petrol,individual,manual,second owner,225000
2011,139000,hyundai,hyundai i10 era,petrol,individual,manual,second owner,175000
2011,160000,toyota,toyota innova 2.5 v diesel 7-seater,diesel,individual,manual,second owner,1075000
2014,150000,honda,honda mobilio v i dtec,diesel,individual,manual,first owner,300000
2010,163000,toyota,toyota innova 2.5 g (diesel) 7 seater bs iv,diesel,individual,manual,fourth & above owner,700000
2009,120000,tata,tata indica v2 2001-2011 dls bsiii,diesel,dealer,manual,first owner,90000
2011,120000,tata,tata indica vista tdi ls,diesel,individual,manual,second owner,120000
2012,100000,chevrolet,chevrolet beat diesel ls,diesel,individual,manual,second owner,220000
2015,140000,tata,tata zest quadrajet 1.3 75ps xe,diesel,dealer,manual,first owner,300000
2010,87000,skoda,skoda fabia 1.2l diesel ambiente,diesel,dealer,manual,second owner,180000
2013,70000,maruti,maruti 800 std,petrol,individual,manual,first owner,170000
2015,50000,ford,ford figo petrol titanium,petrol,individual,manual,second owner,300000
2014,70000,toyota,toyota innova 2.5 vx (diesel) 8 seater,diesel,individual,manual,first owner,1050000
2018,25000,hyundai,hyundai grand i10 1.2 crdi asta,diesel,individual,manual,first owner,465000
2011,80000,chevrolet,chevrolet beat diesel lt,diesel,individual,manual,second owner,130000
2018,10000,datsun,datsun go plus t option petrol,petrol,individual,manual,first owner,434999
2018,32000,hyundai,hyundai grand i10 1.2 kappa asta,petrol,individual,manual,first owner,500000
2018,10000,maruti,maruti omni mpi std bsiv,petrol,individual,manual,first owner,200000
2017,52000,maruti,maruti baleno alpha 1.2,petrol,dealer,manual,first owner,625000
2006,120000,ford,ford fiesta classic 1.4 sxi duratorq,diesel,individual,manual,third owner,110000
2019,11240,hyundai,hyundai elite i20 asta option bsiv,petrol,individual,manual,first owner,800000
2017,66000,hyundai,hyundai grand i10 crdi magna,diesel,dealer,manual,first owner,490000
2017,64000,maruti,maruti ertiga shvs zdi,diesel,dealer,manual,first owner,880000
2013,49000,hyundai,hyundai santro xing gl plus,petrol,individual,manual,first owner,290000
2006,100000,tata,tata sumo gx tc 7 str bsiii,diesel,individual,manual,second owner,115999
2018,26500,renault,renault kwid rxt,petrol,individual,manual,first owner,360000
2002,100000,maruti,maruti 800 ac,petrol,individual,manual,second owner,65000
2017,72000,maruti,maruti vitara brezza ldi option,diesel,dealer,manual,first owner,685000
2009,50000,honda,honda jazz s,petrol,individual,manual,first owner,300000
2017,44000,hyundai,hyundai i20 1.4 sportz,diesel,dealer,manual,first owner,680000
2017,60000,maruti,maruti ertiga shvs zdi plus,diesel,individual,manual,second owner,1000000
2002,120000,tata,tata sumo se plus bsiii,diesel,individual,manual,first owner,100000
2010,130000,mahindra,mahindra xylo e4,diesel,individual,manual,first owner,160000
2017,70000,maruti,maruti swift zdi bsiv,diesel,individual,manual,first owner,450000
2014,20000,maruti,maruti ertiga vxi,petrol,individual,manual,first owner,600000
2009,60000,hyundai,hyundai i20 1.4 magna abs,diesel,individual,manual,second owner,180000
2007,195000,maruti,maruti alto lxi,petrol,individual,manual,first owner,100000
2010,90000,maruti,maruti alto lxi,petrol,individual,manual,second owner,120000
2006,80000,hyundai,hyundai getz gl,petrol,individual,manual,third owner,130000
2011,155000,maruti,maruti wagon r lx bs iv,petrol,individual,manual,first owner,160000
2019,35000,mahindra,mahindra bolero power plus slx,diesel,individual,manual,first owner,860000
2018,20000,hyundai,hyundai i20 1.2 spotz,petrol,individual,manual,second owner,650000
2010,80000,maruti,maruti wagon r lxi minor,petrol,individual,manual,second owner,100000
2017,20000,maruti,maruti alto 800 vxi,petrol,individual,manual,first owner,282000
2009,50000,hyundai,hyundai i20 asta (o),petrol,individual,manual,first owner,300000
2010,110000,hyundai,hyundai i20 asta,petrol,individual,manual,second owner,270000
2013,29000,hyundai,hyundai verna 1.6 sx crdi (o),diesel,individual,manual,first owner,550000
2013,120000,mahindra,mahindra xylo d2 bsiv,diesel,individual,manual,first owner,450000
2011,70000,mahindra,mahindra bolero slx 2wd bsiii,diesel,individual,manual,second owner,430000
2013,40000,maruti,maruti ertiga vxi abs,petrol,individual,manual,first owner,350000
2017,20000,honda,honda brio 1.2 e mt,petrol,individual,manual,first owner,350000
2013,50000,toyota,toyota etios liva g,petrol,individual,manual,second owner,229999
2013,50000,maruti,maruti alto 800 lxi,petrol,individual,manual,first owner,110000
2012,49000,maruti,maruti swift dzire 1.2 vxi bsiv,petrol,individual,manual,second owner,395000
2011,70000,mahindra,mahindra scorpio vls at 2.2 mhawk,diesel,individual,automatic,second owner,650000
2011,90000,mahindra,mahindra bolero slx,diesel,individual,manual,second owner,350000
2020,25000,mahindra,mahindra xuv500 w11 option awd,diesel,dealer,manual,first owner,1400000
2018,4000,tata,tata tiago 1.2 revotron xz,petrol,individual,manual,first owner,360000
2018,10000,mahindra,mahindra marazzo m8 8str,diesel,individual,manual,first owner,1300000
2015,15000,renault,renault duster 110ps diesel rxl,diesel,individual,manual,first owner,800000
2018,30000,hyundai,hyundai eon magna plus,petrol,individual,manual,first owner,229999
2014,41000,maruti,maruti wagon r vxi,petrol,dealer,manual,first owner,315000
2012,28000,chevrolet,chevrolet spark 1.0 lt,petrol,individual,manual,first owner,125000
2019,16000,maruti,maruti baleno alpha,petrol,individual,manual,first owner,700000
2015,70000,hyundai,hyundai eon 1.0 kappa magna plus,petrol,individual,manual,first owner,160000
2017,10832,ford,ford figo aspire 1.2 ti-vct trend,petrol,dealer,manual,first owner,530000
2018,14681,ford,ford figo aspire facelift,diesel,dealer,manual,first owner,624000
2009,50000,hyundai,hyundai i10 era,petrol,individual,manual,first owner,250000
2016,51000,mahindra,mahindra bolero slx,diesel,dealer,manual,first owner,585000
2015,25000,hyundai,hyundai verna 1.4 vtvt,petrol,individual,manual,first owner,500000
2014,30000,chevrolet,chevrolet sail 1.2 lt abs,petrol,individual,manual,first owner,350000
2014,80000,honda,honda city i-dtec sv,diesel,dealer,manual,first owner,495000
2017,50000,hyundai,hyundai grand i10 1.2 kappa asta,petrol,individual,manual,first owner,500000
2015,200000,mahindra,mahindra bolero power plus plus ac bsiv ps,diesel,individual,manual,first owner,430000
2013,44000,hyundai,hyundai grand i10 1.2 kappa sportz option,petrol,dealer,manual,first owner,345000
2015,10000,maruti,maruti baleno sigma 1.2,petrol,individual,manual,first owner,500000
2019,19600,tata,tata tiago 1.2 revotron xz,petrol,individual,manual,first owner,425000
2005,40000,maruti,maruti wagon r lxi,petrol,individual,manual,second owner,80000
2011,50000,chevrolet,chevrolet beat diesel ls,diesel,individual,manual,first owner,106000
2009,46730,maruti,maruti a-star vxi,petrol,individual,manual,first owner,180000
2015,40000,datsun,datsun go a,petrol,individual,manual,second owner,250000
2011,80000,skoda,skoda yeti ambition 4wd,diesel,individual,manual,first owner,350000
2002,80000,maruti,maruti zen lxi bsii,petrol,individual,manual,second owner,60000
2018,24000,hyundai,hyundai verna crdi 1.6 ex,diesel,individual,manual,first owner,900000
2017,21170,ford,ford aspire titanium diesel bsiv,diesel,dealer,manual,first owner,700000
2013,167223,bmw,bmw 3 series 320d sport,diesel,dealer,automatic,first owner,2000000
2017,40000,maruti,maruti ertiga shvs zdi plus,diesel,individual,manual,first owner,1000000
2011,60000,bmw,bmw x1 sdrive 20d exclusive,diesel,individual,automatic,first owner,1375000
2016,141440,toyota,toyota innova crysta 2.4 vx mt,diesel,dealer,manual,first owner,1800000
2007,120000,chevrolet,chevrolet tavera neo 3 10 seats bsiv,diesel,individual,manual,third owner,160000
2012,140000,mitsubishi,mitsubishi outlander 2.4,petrol,individual,automatic,first owner,525000
2012,212814,mahindra,mahindra xuv500 w8 2wd,diesel,dealer,manual,first owner,850000
2019,30000,maruti,maruti baleno alpha 1.3,diesel,individual,manual,first owner,800000
2017,88635,ford,ford figo aspire 1.5 tdci titanium,diesel,dealer,manual,first owner,700000
2018,25000,maruti,maruti swift dzire vdi,diesel,individual,manual,first owner,800000
2017,20000,hyundai,hyundai i20 1.2 spotz,petrol,individual,manual,second owner,575000
2012,110000,renault,renault duster 110ps diesel rxz,diesel,individual,manual,second owner,350000
2008,120000,maruti,maruti swift vdi bsiii,diesel,individual,manual,third owner,250000
2011,149674,ford,ford endeavour titanium 4x2,diesel,dealer,manual,second owner,600000
2007,100000,mahindra,mahindra scorpio 2.6 turbo 9 str,diesel,individual,manual,third owner,370000
2006,120000,maruti,maruti baleno vxi,petrol,individual,manual,third owner,80000
2003,120000,tata,tata indica dlx,diesel,individual,manual,second owner,50000
2018,25000,hyundai,hyundai verna crdi 1.6 ex,diesel,individual,manual,first owner,900000
2014,35000,maruti,maruti wagon r vxi bs iv,petrol,individual,manual,second owner,300000
2002,40000,tata,tata indica lsi,petrol,individual,manual,first owner,125000
2015,60000,maruti,maruti swift dzire vdi,diesel,individual,manual,second owner,490000
2012,50000,toyota,toyota etios liva gd,diesel,individual,manual,second owner,300000
2013,25000,tata,tata nano std,petrol,individual,manual,fourth & above owner,55000
2016,25000,hyundai,hyundai grand i10 sportz,petrol,individual,manual,first owner,350000
2019,8000,hyundai,hyundai grand i10 1.2 crdi asta,diesel,individual,manual,first owner,755000
2017,60000,maruti,maruti ertiga shvs vdi,diesel,individual,manual,first owner,720000
2006,200000,mahindra,mahindra bolero slx,diesel,individual,manual,third owner,229999
2018,20000,mahindra,mahindra scorpio s7 140 bsiv,diesel,individual,manual,first owner,1100000
2013,100000,volkswagen,volkswagen polo petrol comfortline 1.2l,petrol,individual,manual,first owner,400000
2015,70000,hyundai,hyundai xcent 1.1 crdi base,diesel,individual,manual,second owner,350000
2012,68000,chevrolet,chevrolet beat diesel ps,diesel,dealer,manual,first owner,159000
2017,38000,maruti,maruti swift zxi bsiv,petrol,dealer,manual,first owner,550000
2013,80000,maruti,maruti ritz vdi,diesel,dealer,manual,first owner,335000
2014,72000,tata,tata indigo cs emax cng glx,cng,dealer,manual,first owner,185000
2012,75000,maruti,maruti eeco 5 str with ac plus htr cng,cng,dealer,manual,first owner,229999
2014,43000,maruti,maruti estilo lxi,petrol,dealer,manual,first owner,225000
2007,120000,maruti,maruti swift vxi with abs,petrol,individual,manual,second owner,250000
2015,100000,tata,tata zest quadrajet 1.3 xm,diesel,individual,manual,first owner,400000
2014,163000,maruti,maruti swift vdi bsiv,diesel,individual,manual,first owner,470000
2018,25000,maruti,maruti alto k10 vxi ags optional,petrol,individual,automatic,first owner,300000
2011,25000,maruti,maruti alto lx,petrol,individual,manual,first owner,145000
2007,90000,maruti,maruti sx4 vxi bsiii,petrol,individual,manual,second owner,100000
2014,70000,mahindra,mahindra scorpio sle bsiv,diesel,individual,manual,second owner,500000
2010,98000,hyundai,hyundai santro xing gls cng,cng,individual,manual,second owner,130000
2010,81925,chevrolet,chevrolet cruze ltz,diesel,individual,manual,first owner,240000
2013,80000,ford,ford figo diesel celebration edition,diesel,individual,manual,second owner,150000
2017,40000,renault,renault kwid rxt optional,petrol,individual,manual,first owner,270000
2014,90000,maruti,maruti swift dzire vdi,diesel,individual,manual,first owner,400000
2012,46000,hyundai,hyundai eon era plus,petrol,individual,manual,first owner,200000
2012,80000,mahindra,mahindra xuv500 w6 2wd,diesel,individual,manual,first owner,550000
2018,35000,renault,renault kwid 1.0 rxt optional,petrol,individual,manual,first owner,325000
2017,82080,skoda,skoda rapid 1.5 tdi at style bsiv,diesel,individual,automatic,first owner,860000
2012,200000,mahindra,mahindra xuv500 w8 2wd,diesel,individual,manual,first owner,600000
2009,70000,chevrolet,chevrolet spark 1.0,petrol,individual,manual,first owner,125000
2000,40000,maruti,maruti 800 ac,petrol,individual,manual,third owner,60000
2010,120000,chevrolet,chevrolet tavera neo 3 10 seats bsiv,diesel,individual,manual,third owner,300000
2007,60000,ford,ford fiesta 1.6 zxi duratec,petrol,individual,manual,third owner,190000
2013,110000,maruti,maruti ertiga vdi,diesel,individual,manual,first owner,400000
2011,97000,tata,tata manza aura quadrajet bs iv,diesel,individual,manual,second owner,260000
2017,30000,maruti,maruti swift vvt vxi,petrol,individual,manual,first owner,400000
2010,40000,hyundai,hyundai i20 sportz petrol,petrol,individual,manual,first owner,250000
2019,10000,hyundai,hyundai grand i10 1.2 kappa asta,petrol,individual,manual,first owner,600000
2010,52047,maruti,maruti zen estilo vxi bsiv,petrol,individual,manual,first owner,175000
2011,200000,toyota,toyota innova 2.5 g (diesel) 8 seater bs iv,diesel,individual,manual,third owner,450000
2019,15000,tata,tata tiago 1.2 revotron xza,petrol,individual,automatic,second owner,350000
2018,50000,maruti,maruti vitara brezza zdi,diesel,individual,manual,first owner,800000
2011,70000,maruti,maruti swift vxi bsiii,petrol,individual,manual,second owner,250000
2019,10000,maruti,maruti swift vxi bsiv,petrol,individual,manual,first owner,600000
2017,90000,maruti,maruti swift vdi bsiv,diesel,individual,manual,first owner,600000
2016,40000,maruti,maruti alto 800 lxi,petrol,individual,manual,first owner,130000
2006,62009,maruti,maruti wagon r lxi,petrol,individual,manual,second owner,90000
2017,33100,hyundai,hyundai i20 active 1.2 s,petrol,individual,manual,second owner,595000
2014,40000,hyundai,hyundai eon era plus,petrol,individual,manual,second owner,190000
1999,120000,hyundai,hyundai santro gls i - euro i,petrol,individual,manual,second owner,50000
2007,80000,maruti,maruti wagon r lxi minor,petrol,individual,manual,first owner,95000
2016,70000,tata,tata safari storme vx,diesel,individual,manual,first owner,1000000
2006,220000,mahindra,mahindra scorpio rev 116,petrol,individual,manual,second owner,220000
2010,50000,mahindra,mahindra bolero slx,diesel,individual,manual,first owner,400000
2015,45000,datsun,datsun go plus a,petrol,individual,manual,second owner,315000
2014,110000,toyota,toyota fortuner 4x4 mt,diesel,individual,manual,first owner,1000000
2014,49000,ford,ford ecosport 1.5 dv5 mt titanium,diesel,individual,manual,first owner,500000
2018,35000,mahindra,mahindra xuv500 w11 at bsiv,diesel,individual,automatic,first owner,1600000
2017,160000,mahindra,mahindra supro vx 8 str,diesel,individual,manual,first owner,500000
2007,180000,maruti,maruti alto lx,petrol,individual,manual,third owner,70000
2007,60000,maruti,maruti 800 ac,petrol,individual,manual,second owner,105000
2008,110000,ford,ford endeavour 2.5l 4x2 mt,diesel,individual,manual,third owner,400000
2004,60000,maruti,maruti wagon r lxi,petrol,individual,manual,third owner,80000
2016,30000,maruti,maruti alto 800 vxi,petrol,individual,manual,first owner,300000
2017,40000,mahindra,mahindra kuv 100 d75 k2,diesel,individual,manual,first owner,409999
2009,70000,maruti,maruti swift glam,petrol,individual,manual,first owner,250000
2010,120000,tata,tata new safari dicor 2.2 ex 4x2,diesel,individual,manual,second owner,250000
2012,80000,maruti,maruti swift dzire vdi,diesel,individual,manual,third owner,215000
2015,120000,toyota,toyota fortuner 4x4 mt,diesel,individual,manual,first owner,1400000
2018,20000,honda,honda brio 1.2 vx mt,petrol,individual,manual,first owner,475000
2018,22000,honda,honda brio 1.2 vx mt,petrol,individual,manual,first owner,475000
2008,35000,chevrolet,chevrolet spark 1.0 ls,petrol,individual,manual,second owner,75000
2013,120000,chevrolet,chevrolet sail hatchback ls abs,diesel,individual,manual,second owner,200000
2019,8000,tata,tata tiago nrg petrol,petrol,individual,manual,first owner,575000
2011,40000,maruti,maruti ritz vdi,diesel,individual,manual,second owner,150000
2018,10000,maruti,maruti vitara brezza zdi plus,diesel,individual,manual,first owner,850000
2019,30000,hyundai,hyundai santro era,petrol,individual,manual,first owner,350000
2011,54000,ford,ford endeavour 2.5l 4x2 mt,diesel,individual,manual,second owner,550000
2017,80577,hyundai,hyundai verna 1.4 vtvt,petrol,individual,manual,first owner,330000
2017,25000,honda,honda city i-dtec v,diesel,individual,manual,first owner,1044999
2011,127500,hyundai,hyundai verna 1.6 crdi,diesel,individual,manual,second owner,300000
2015,40903,hyundai,hyundai eon d lite plus,petrol,dealer,manual,first owner,235000
2011,60000,ford,ford figo petrol titanium,petrol,individual,manual,third owner,120000
2004,46000,maruti,maruti wagon r vxi,petrol,individual,manual,first owner,130000
2004,22288,ford,ford endeavour 4x4 xlt,diesel,dealer,manual,second owner,275000
2011,180000,volkswagen,volkswagen jetta 2.0 tdi trendline,diesel,individual,manual,second owner,270000
2015,30000,volkswagen,volkswagen polo 1.5 tdi highline,diesel,individual,manual,second owner,500000
2015,61690,hyundai,hyundai grand i10 sportz,petrol,dealer,manual,first owner,400000
2015,64484,hyundai,hyundai i20 asta 1.2,petrol,dealer,manual,first owner,600000
2012,90000,audi,audi q5 2.0 tdi,diesel,individual,automatic,second owner,1350000
2013,75976,renault,renault duster 85ps diesel rxe,diesel,dealer,manual,second owner,400000
2011,70000,ford,ford figo diesel titanium,diesel,individual,manual,second owner,220000
2012,85962,honda,honda brio e mt,petrol,dealer,manual,second owner,300000
2018,120000,maruti,maruti omni e mpi std bs iv,petrol,individual,manual,first owner,250000
2015,120000,honda,honda mobilio v i dtec,diesel,individual,manual,first owner,600000
2012,75000,honda,honda brio s option at,petrol,individual,automatic,second owner,285000
2009,57035,honda,honda accord 2.4 mt,petrol,dealer,manual,first owner,350000
2011,70000,mahindra,mahindra bolero slx,diesel,individual,manual,third owner,170000
2015,45000,ford,ford figo 1.2p ambiente mt,petrol,individual,manual,first owner,229999
2013,72104,mahindra,mahindra xuv500 w6 2wd,diesel,dealer,manual,second owner,500000
2011,15000,tata,tata nano lx,petrol,individual,manual,first owner,75000
2016,30000,hyundai,hyundai i20 active 1.2 sx,petrol,individual,manual,first owner,600000
2011,80000,tata,tata indigo ls dicor,diesel,individual,manual,first owner,220000
2009,164000,tata,tata indica vista terra 1.4 tdi,diesel,individual,manual,second owner,150000
2006,124439,maruti,maruti alto lx,petrol,individual,manual,second owner,65000
2006,77000,maruti,maruti zen vxi,petrol,individual,manual,second owner,120000
2014,90000,maruti,maruti swift dzire vdi,diesel,individual,manual,first owner,240000
2017,30000,renault,renault kwid 1.0 rxt optional,petrol,individual,manual,first owner,390000
2012,50000,chevrolet,chevrolet beat ls,petrol,individual,manual,first owner,180000
2012,80000,maruti,maruti swift vdi,diesel,individual,manual,second owner,320000
2018,5000,maruti,maruti alto 800 lxi,petrol,individual,manual,first owner,310000
2018,24000,maruti,maruti wagon r amt vxi,petrol,individual,automatic,first owner,420000
2019,10000,tata,tata tiago nrg petrol,petrol,individual,manual,first owner,550000
2016,78000,maruti,maruti ertiga shvs vdi,diesel,individual,manual,third owner,550000
2018,50000,mahindra,mahindra tuv 300 t4 plus,diesel,individual,manual,first owner,760000
2001,100000,maruti,maruti 800 ac bsii,petrol,individual,manual,second owner,43000
2018,20000,maruti,maruti omni mpi std bsiv,petrol,individual,manual,first owner,250000
2019,1250,hyundai,hyundai santro magna bsiv,petrol,individual,manual,first owner,500000
2015,17152,tata,tata zest revotron 1.2 xt,petrol,individual,manual,first owner,380000
2019,5000,mahindra,mahindra xuv500 w11 option at awd,diesel,individual,automatic,first owner,1850000
2012,77000,volkswagen,volkswagen polo diesel trendline 1.2l,diesel,individual,manual,first owner,350000
2008,90000,hyundai,hyundai verna crdi,diesel,individual,manual,second owner,195000
2011,80000,chevrolet,chevrolet beat ls,petrol,individual,manual,second owner,225000
2015,65000,toyota,toyota innova 2.5 g (diesel) 7 seater,diesel,individual,manual,first owner,1125000
2011,80000,tata,tata indica vista quadrajet lx,diesel,individual,manual,first owner,133000
2013,24005,hyundai,hyundai eon era plus,petrol,individual,manual,first owner,200000
2018,20000,maruti,maruti vitara brezza zdi plus,diesel,individual,manual,first owner,940000
2014,120000,renault,renault duster 85ps diesel rxl,diesel,individual,manual,first owner,400000
2009,120000,hyundai,hyundai i10 era 1.1,petrol,individual,manual,second owner,120000
2015,80000,maruti,maruti swift dzire zdi,diesel,individual,manual,first owner,625000
2005,80000,maruti,maruti swift 1.3 vxi,petrol,individual,manual,first owner,110000
2012,100000,renault,renault duster 110ps diesel rxz,diesel,individual,manual,first owner,490000
2009,120000,maruti,maruti alto lx,petrol,individual,manual,second owner,140000
2011,149000,ford,ford figo diesel zxi,diesel,individual,manual,second owner,175000
2005,65000,maruti,maruti wagon r lxi bsiii,petrol,individual,manual,second owner,90000
2009,100000,maruti,maruti swift ldi bsiv,diesel,individual,manual,second owner,275000
2011,65000,volkswagen,volkswagen vento diesel highline,diesel,individual,manual,second owner,300000
2018,19000,datsun,datsun go plus t option bsiv,petrol,individual,manual,second owner,270000
2010,80000,chevrolet,chevrolet beat lt,petrol,individual,manual,second owner,130000
2015,30000,maruti,maruti alto k10 vxi airbag,petrol,individual,manual,first owner,275000
2012,109000,maruti,maruti swift vdi,diesel,individual,manual,first owner,352000
2012,90000,hyundai,hyundai eon lpg magna plus,lpg,individual,manual,first owner,180000
2012,90000,maruti,maruti alto lx,petrol,individual,manual,first owner,150000
2010,110000,maruti,maruti swift vdi bsiii,diesel,individual,manual,second owner,300000
2007,120000,mahindra,mahindra bolero di dx 7 seater,diesel,individual,manual,first owner,225000
2014,44000,honda,honda mobilio v i dtec,diesel,individual,manual,first owner,600000
2015,80000,maruti,maruti ertiga bsiv zxi,petrol,individual,manual,first owner,500000
2018,5000,honda,honda br-v i-vtec s mt,petrol,individual,manual,first owner,900000
2016,61000,hyundai,hyundai i20 magna 1.2,petrol,individual,manual,first owner,600000
2011,100000,toyota,toyota etios vd,diesel,individual,manual,second owner,450000
2009,27633,hyundai,hyundai i10 era 1.1,petrol,individual,manual,first owner,270000
2010,100000,maruti,maruti swift vdi bsiii,diesel,individual,manual,third owner,310000
2012,100000,hyundai,hyundai santro xing gls audio lpg,lpg,individual,manual,first owner,250000
2019,12586,ford,ford figo 1.2p titanium mt,petrol,dealer,manual,first owner,700000
2018,38083,fiat,fiat avventura urban cross 1.3 multijet emotion,diesel,dealer,manual,first owner,650000
2012,55328,ford,ford figo diesel zxi,diesel,dealer,manual,first owner,400000
2012,81632,ford,ford figo diesel titanium,diesel,dealer,manual,first owner,425000
2016,155201,ford,ford aspire titanium diesel bsiv,diesel,dealer,manual,first owner,600000
2013,93283,ford,ford ecosport 1.5 tdci titanium bsiv,diesel,dealer,manual,first owner,600000
2009,217871,maruti,maruti swift ldi bsiii,diesel,dealer,manual,first owner,300000
2012,90165,ford,ford fiesta classic 1.4 duratorq clxi,diesel,dealer,manual,first owner,450000
2014,101504,ford,ford ecosport 1.5 dv5 mt titanium,diesel,dealer,manual,first owner,750000
2010,86017,ford,ford figo titanium diesel bsiv,diesel,dealer,manual,second owner,325000
2013,85036,mahindra,mahindra xuv500 w8 2wd,diesel,dealer,manual,second owner,900000
2006,91086,ford,ford ikon 1.3l rocam flair,petrol,dealer,manual,second owner,180000
2013,160254,fiat,fiat punto 1.3 emotion,diesel,dealer,manual,second owner,350000
2013,125531,ford,ford ecosport 1.5 tdci titanium bsiv,diesel,dealer,manual,second owner,600000
2019,60000,honda,honda wr-v i-dtec v,diesel,individual,manual,first owner,900000
2006,100000,skoda,skoda laura l n k 1.9 pd,diesel,individual,manual,first owner,350000
2013,90000,maruti,maruti ritz ldi,diesel,individual,manual,third owner,280000
2009,120000,mahindra,mahindra xylo d2,diesel,individual,manual,second owner,225000
2014,82000,honda,honda city i dtec s,diesel,individual,manual,first owner,520000
2016,60000,mahindra,mahindra scorpio 1.99 s4,diesel,individual,manual,first owner,509999
2019,24000,maruti,maruti baleno alpha 1.2,petrol,individual,manual,first owner,556000
2014,120000,tata,tata indigo grand dicor,diesel,individual,manual,first owner,225000
2013,65000,honda,honda amaze ex i-dtech,diesel,dealer,manual,first owner,325000
2013,65000,maruti,maruti swift vdi,diesel,dealer,manual,first owner,365000
2015,84000,hyundai,hyundai creta 1.6 crdi sx plus,diesel,dealer,manual,first owner,850000
2013,75000,toyota,toyota etios gd sp,diesel,dealer,manual,first owner,350000
2007,50000,maruti,maruti swift vdi,diesel,dealer,manual,first owner,225000
2011,50000,maruti,maruti alto lx,petrol,individual,manual,first owner,135000
2007,49000,maruti,maruti wagon r lxi minor,petrol,dealer,manual,first owner,140000
2016,560000,maruti,maruti sx4 s cross ddis 320 delta,diesel,dealer,manual,first owner,665000
2015,14365,renault,renault kwid rxt,petrol,dealer,manual,first owner,275000
2017,41000,toyota,toyota fortuner 2.8 4wd at bsiv,diesel,individual,automatic,first owner,2750000
2013,65000,hyundai,hyundai verna 1.6 sx,diesel,dealer,manual,first owner,484999
2015,65000,maruti,maruti ciaz vdi option shvs,diesel,dealer,manual,first owner,565000
2013,61083,maruti,maruti swift dzire vdi,diesel,dealer,manual,first owner,425000
2013,75000,toyota,toyota innova 2.5 vx (diesel) 8 seater,diesel,individual,manual,first owner,925000
2012,72000,mahindra,mahindra scorpio vlx 2wd airbag se bsiv,diesel,dealer,manual,first owner,565000
2014,65000,renault,renault duster 110ps diesel rxl,diesel,dealer,manual,first owner,525000
2017,55000,hyundai,hyundai tucson 2.0 e-vgt 2wd mt,diesel,dealer,manual,first owner,1650000
2015,21000,hyundai,hyundai eon era plus,petrol,dealer,manual,second owner,295000
2012,66363,jaguar,jaguar xf 5.0 litre v8 petrol,petrol,dealer,automatic,second owner,2050000
2018,11700,hyundai,hyundai creta 1.6 vtvt at sx plus,petrol,dealer,automatic,first owner,1475000
2017,10000,hyundai,hyundai verna vtvt 1.6 at sx option,petrol,individual,automatic,first owner,1100000
2014,100000,mercedes-benz,mercedes-benz gl-class 350 cdi blue efficiency,diesel,individual,automatic,second owner,4400000
2016,7104,maruti,maruti swift zxi bsiv,petrol,trustmark dealer,manual,first owner,670000
2015,45974,maruti,maruti s-cross zeta ddis 200 sh,diesel,trustmark dealer,manual,first owner,750000
2015,55340,hyundai,hyundai verna 1.6 vtvt sx,petrol,trustmark dealer,manual,first owner,760000
2017,20000,volkswagen,volkswagen polo gti,petrol,dealer,automatic,second owner,850000
2015,61585,renault,renault pulse rxl,diesel,trustmark dealer,manual,first owner,390000
2016,39415,maruti,maruti celerio vxi amt bsiv,petrol,trustmark dealer,automatic,second owner,450000
2014,29654,honda,honda brio v mt,petrol,trustmark dealer,manual,first owner,425000
2016,64672,maruti,maruti baleno alpha 1.3,diesel,trustmark dealer,manual,first owner,770000
2015,54634,hyundai,hyundai creta 1.6 sx automatic diesel,diesel,trustmark dealer,automatic,second owner,1150000
2015,66521,honda,honda city i vtec v,petrol,trustmark dealer,manual,first owner,775000
2018,23974,toyota,toyota innova crysta 2.4 gx at,diesel,dealer,automatic,second owner,1725000
2016,43000,bmw,bmw 3 series 320d luxury line,diesel,dealer,automatic,first owner,2150000
2013,1000,renault,renault duster 85ps diesel rxl,diesel,dealer,manual,second owner,450000
2018,10000,mercedes-benz,mercedes-benz c-class progressive c 220d,diesel,dealer,automatic,first owner,3800000
2013,86000,audi,audi a4 3.0 tdi quattro,diesel,dealer,automatic,first owner,1580000
2019,30000,bmw,bmw x5 xdrive 30d xline,diesel,dealer,automatic,first owner,4950000
2016,52600,hyundai,hyundai creta 1.6 crdi sx,diesel,individual,manual,first owner,535000
2012,110000,maruti,maruti sx4 vxi bsiv,petrol,individual,manual,second owner,225000
2017,19890,hyundai,hyundai grand i10 1.2 kappa magna at,petrol,dealer,automatic,first owner,550000
2015,11918,maruti,maruti ertiga vxi,petrol,trustmark dealer,manual,first owner,625000
2017,10510,hyundai,hyundai grand i10 magna at,petrol,dealer,automatic,first owner,520000
2016,41000,chevrolet,chevrolet beat lt option,petrol,dealer,manual,first owner,239000
2017,47162,toyota,toyota fortuner 4x2 at,diesel,trustmark dealer,automatic,first owner,2600000
2012,49824,hyundai,hyundai i10 magna,petrol,dealer,manual,first owner,229999
2013,58500,audi,audi a6 2.0 tdi premium plus,diesel,dealer,automatic,first owner,1300000
2005,56580,hyundai,hyundai santro gs,petrol,dealer,manual,first owner,80000
2012,52000,skoda,skoda laura ambiente 2.0 tdi cr mt,diesel,dealer,manual,first owner,385000
2017,46507,maruti,maruti swift dzire vdi,diesel,trustmark dealer,manual,first owner,600000
2013,50000,hyundai,hyundai i20 sportz 1.2,petrol,individual,manual,second owner,350000
2014,30000,maruti,maruti alto 800 lxi,petrol,individual,manual,first owner,114999
2013,50000,hyundai,hyundai i20 sportz 1.2,petrol,individual,manual,second owner,380000
1995,100000,maruti,maruti gypsy e mg410w st,petrol,individual,manual,second owner,95000
2016,35000,mahindra,mahindra scorpio 1.99 s6 plus,diesel,individual,manual,first owner,900000
2012,90000,chevrolet,chevrolet beat lt,petrol,individual,manual,second owner,200999
2014,11451,maruti,maruti omni e mpi std bs iv,petrol,individual,manual,first owner,229999
2019,60000,tata,tata nexon 1.5 revotorq xz,diesel,individual,manual,first owner,800000
2012,172000,mahindra,mahindra verito 1.5 d4 bsiv,diesel,individual,manual,second owner,150000
2018,60000,maruti,maruti swift vdi,diesel,individual,manual,first owner,600000
2005,150000,chevrolet,chevrolet tavera ls b3 7 seats bsii,diesel,individual,manual,first owner,150000
2009,66000,chevrolet,chevrolet optra magnum 2.0 ls,diesel,individual,manual,first owner,150000
2019,5000,maruti,maruti eeco 5 seater standard bsiv,petrol,individual,manual,first owner,380000
2006,66508,maruti,maruti swift 1.3 vxi,petrol,individual,manual,second owner,80000
2007,55000,honda,honda civic 1.8 mt sport,petrol,individual,manual,second owner,225000
2012,29900,tata,tata nano lx bsiv,petrol,individual,manual,first owner,75000
2017,3000,tata,tata hexa xt 4x4,diesel,individual,manual,first owner,1600000
2012,85000,tata,tata indica vista quadrajet vx,diesel,individual,manual,first owner,185000
2011,50000,mahindra,mahindra scorpio 2.6 crde sle,diesel,individual,manual,first owner,425000
2010,120000,tata,tata indica vista aqua 1.4 tdi,diesel,individual,manual,second owner,100000
2008,90000,maruti,maruti zen estilo lxi bsiii,petrol,individual,manual,third owner,140000
2017,8000,maruti,maruti swift dzire amt zxi plus bs iv,petrol,individual,automatic,first owner,710000
2015,7900,honda,honda amaze s at i-vtech,petrol,individual,automatic,first owner,450000
2017,50000,datsun,datsun redigo t option,petrol,individual,manual,first owner,210000
2016,25000,maruti,maruti alto k10 vxi,petrol,individual,manual,first owner,270000
2009,20000,maruti,maruti alto lxi,petrol,individual,manual,first owner,110000
2018,17500,maruti,maruti swift vxi,petrol,individual,manual,first owner,540000
2008,25000,mahindra,mahindra renault logan 1.4 glx petrol,petrol,individual,manual,first owner,145000
2013,206500,tata,tata safari storme vx,diesel,individual,manual,first owner,360000
2013,88600,hyundai,hyundai i10 magna lpg,lpg,individual,manual,first owner,250000
2012,80000,tata,tata venture ex,diesel,individual,manual,first owner,110000
2008,100000,chevrolet,chevrolet captiva lt,diesel,individual,manual,fourth & above owner,250000
2011,186000,ford,ford fiesta classic 1.4 duratorq clxi,diesel,individual,manual,second owner,150000
2010,60000,chevrolet,chevrolet aveo u-va 1.2 ls,petrol,individual,manual,first owner,140000
2019,11000,maruti,maruti ciaz zeta bsiv,petrol,individual,manual,first owner,925000
2017,30000,tata,tata hexa xm,diesel,individual,manual,first owner,969999
2007,80000,hyundai,hyundai santro xing gl plus cng,cng,individual,manual,third owner,90000
2001,60000,hyundai,hyundai santro gls i - euro i,petrol,individual,manual,third owner,55000
2007,100000,hyundai,hyundai verna crdi,diesel,individual,manual,fourth & above owner,155000
2019,15000,mahindra,mahindra thar crde abs,diesel,individual,manual,first owner,900000
2011,90000,maruti,maruti alto k10 2010-2014 vxi,petrol,individual,manual,first owner,135000
2012,120000,maruti,maruti 800 ac,petrol,individual,manual,first owner,180000
2013,100000,hyundai,hyundai verna 1.6 sx,diesel,individual,manual,second owner,495000
2009,138000,toyota,toyota innova 2.5 v diesel 8-seater,diesel,individual,manual,third owner,400000
2008,110000,hyundai,hyundai verna crdi,diesel,individual,manual,second owner,250000
2015,120000,maruti,maruti alto k10 lxi,petrol,individual,manual,fourth & above owner,138000
2011,70000,honda,honda city 1.5 v at,petrol,individual,automatic,second owner,311000
2015,70000,maruti,maruti alto 800 vxi,petrol,individual,manual,first owner,190000
2011,140000,mahindra,mahindra bolero slx,diesel,individual,manual,first owner,311000
2009,15000,maruti,maruti ritz lxi,petrol,individual,manual,first owner,300000
2018,20000,honda,honda jazz vx,petrol,individual,manual,first owner,600000
2009,100000,mahindra,mahindra scorpio sle bsiii,diesel,individual,manual,first owner,550000
2015,70000,skoda,skoda rapid 1.6 mpi at elegance plus,petrol,individual,automatic,first owner,600000
2018,5000,maruti,maruti alto 800 vxi,petrol,individual,manual,first owner,195000
2013,27974,tata,tata nano lx,petrol,individual,manual,first owner,58000
2018,40000,maruti,maruti alto 800 vxi,petrol,individual,manual,first owner,183000
2007,80000,maruti,maruti zen estilo 1.1 vxi bsiii,petrol,individual,manual,first owner,95000
2013,38000,maruti,maruti wagon r lx minor,petrol,individual,manual,first owner,250000
2014,35000,tata,tata zest revotron 1.2 xt,petrol,individual,manual,first owner,400000
2012,60000,hyundai,hyundai verna 1.6 sx crdi (o),diesel,individual,manual,second owner,409999
2004,120000,skoda,skoda octavia classic 1.9 tdi mt,diesel,individual,manual,second owner,120000
2018,18000,maruti,maruti swift amt vxi,petrol,individual,automatic,first owner,600000
2016,10000,honda,honda amaze sx i-vtec,petrol,individual,manual,first owner,600000
2015,90000,mahindra,mahindra xuv500 w6 2wd,diesel,individual,manual,third owner,825000
2016,80000,toyota,toyota etios gd,diesel,individual,manual,second owner,625000
2020,1400,hyundai,hyundai grand i10 nios magna crdi,diesel,individual,manual,first owner,700000
2011,60000,chevrolet,chevrolet beat ls,petrol,individual,manual,first owner,160000
2011,60000,maruti,maruti alto lx,petrol,individual,manual,third owner,114999
2009,53000,maruti,maruti wagon r lxi minor,petrol,individual,manual,first owner,150000
2010,100000,volkswagen,volkswagen jetta 1.9 l tdi,diesel,dealer,manual,first owner,250000
2012,86000,hyundai,hyundai verna 1.6 sx,diesel,dealer,manual,second owner,390000
2015,100000,renault,renault duster 85ps diesel rxl,diesel,individual,manual,first owner,650000
2016,30000,hyundai,hyundai xcent 1.1 crdi sx option,diesel,individual,manual,first owner,600000
2011,120000,hyundai,hyundai i20 1.2 sportz,petrol,individual,manual,first owner,250000
2011,60000,hyundai,hyundai santro xing gl plus lpg,lpg,individual,manual,second owner,229999
2016,50000,maruti,maruti ritz ldi,diesel,individual,manual,second owner,299000
2010,124000,chevrolet,chevrolet cruze ltz,diesel,individual,manual,second owner,330000
2012,100000,hyundai,hyundai accent executive,petrol,individual,manual,third owner,180000
2017,42000,hyundai,hyundai grand i10 1.2 kappa asta,petrol,individual,manual,first owner,475000
2015,100000,hyundai,hyundai grand i10 crdi sportz,diesel,individual,manual,first owner,325000
2016,28205,honda,honda city i vtec v,petrol,dealer,manual,first owner,639000
2017,32670,maruti,maruti celerio vxi at,petrol,dealer,automatic,first owner,415000
2016,30093,hyundai,hyundai creta 1.6 crdi at sx plus,diesel,dealer,automatic,first owner,1199000
2013,56228,maruti,maruti ertiga vxi cng,cng,dealer,manual,first owner,525000
2013,59319,hyundai,hyundai verna 1.6 sx vtvt,petrol,dealer,manual,first owner,425000
2016,39503,maruti,maruti vitara brezza vdi,diesel,dealer,manual,first owner,699000
2013,35299,hyundai,hyundai grand i10 1.2 kappa sportz dual tone,petrol,dealer,manual,first owner,325000
2011,51687,toyota,toyota etios v,petrol,dealer,manual,first owner,275000
2011,76259,volkswagen,volkswagen vento petrol highline at,petrol,dealer,automatic,first owner,269000
2013,44049,volkswagen,volkswagen polo diesel highline 1.2l,diesel,dealer,manual,first owner,399000
2017,45087,mahindra,mahindra kuv 100 mfalcon d75 k8,diesel,dealer,manual,first owner,475000
2011,41125,toyota,toyota etios v,petrol,dealer,manual,first owner,249000
2014,42215,audi,audi a4 new  2.0 tdi multitronic,diesel,dealer,automatic,first owner,1549000
2011,54206,volkswagen,volkswagen polo petrol highline 1.2l,petrol,dealer,manual,first owner,254999
2012,52547,skoda,skoda rapid 1.6 mpi active,petrol,dealer,manual,first owner,269000
2014,59110,maruti,maruti ertiga zdi,diesel,dealer,manual,first owner,665000
2014,54565,maruti,maruti wagon r stingray lxi,petrol,dealer,manual,first owner,299000
2010,47564,hyundai,hyundai i20 asta,petrol,dealer,manual,second owner,265000
2010,45143,volkswagen,volkswagen polo petrol highline 1.2l,petrol,dealer,manual,second owner,211000
2013,61624,skoda,skoda superb 1.8 tsi,petrol,dealer,automatic,second owner,599000
2007,195000,tata,tata indigo ls,diesel,individual,manual,third owner,55000
2014,50000,hyundai,hyundai verna 1.6 sx crdi (o),diesel,individual,manual,first owner,550000
2018,68000,land,land rover discovery sport td4 hse 7s,diesel,individual,automatic,first owner,4000000
2010,120000,tata,tata sumo gx tc 8 str,diesel,individual,manual,second owner,220000
2019,20000,maruti,maruti swift vxi,petrol,individual,manual,first owner,500000
2010,30000,maruti,maruti alto lxi,petrol,individual,manual,first owner,140000
2013,60000,maruti,maruti swift vdi,diesel,individual,manual,first owner,325000
2010,90000,hyundai,hyundai i20 magna,petrol,individual,manual,third owner,210000
2008,90000,maruti,maruti alto lxi,petrol,individual,manual,second owner,110000
2019,25000,hyundai,hyundai verna crdi 1.6 sx option,diesel,individual,manual,first owner,1200000
2017,40000,maruti,maruti alto 800 vxi,petrol,individual,manual,first owner,229999
2006,132000,maruti,maruti alto 800 lxi,petrol,individual,manual,first owner,165000
2018,10980,tata,tata tiago xza amt,petrol,dealer,automatic,first owner,525000
2018,20629,hyundai,hyundai eon era plus,petrol,dealer,manual,first owner,325000
2018,50000,toyota,toyota innova crysta 2.4 vx mt bsiv,diesel,individual,manual,first owner,1500000
2015,30000,hyundai,hyundai grand i10 at asta,petrol,individual,automatic,first owner,400000
2015,69782,maruti,maruti ciaz vxi,petrol,dealer,manual,first owner,550000
2003,54000,maruti,maruti 800 std,petrol,individual,manual,first owner,98000
2013,63654,mahindra,mahindra xuv500 w8 4wd,diesel,dealer,manual,first owner,900000
2017,60000,renault,renault lodgy 85ps rxl,diesel,individual,manual,first owner,700000
2015,52000,mahindra,mahindra scorpio s6 plus 7 seater,diesel,dealer,manual,first owner,890000
2015,59385,maruti,maruti swift ldi bsiv,diesel,dealer,manual,first owner,490000
2015,70378,hyundai,hyundai i20 2015-2017 magna 1.2,petrol,dealer,manual,first owner,525000
2013,55425,maruti,maruti wagon r lxi bs iv,petrol,dealer,manual,first owner,330000
2013,78413,mahindra,mahindra bolero 2011-2019 slx 2wd bsiii,diesel,dealer,manual,second owner,550000
2018,40890,mahindra,mahindra bolero power plus slx,diesel,dealer,manual,first owner,790000
2015,34823,honda,honda brio s mt,petrol,dealer,manual,second owner,350000
2017,75000,toyota,toyota innova crysta 2.8 zx at bsiv,diesel,individual,automatic,first owner,1700000
2017,55545,maruti,maruti ciaz vdi shvs,diesel,dealer,manual,first owner,750000
2014,56541,honda,honda amaze ex i-dtech,diesel,dealer,manual,first owner,409999
2016,43700,hyundai,hyundai eon magna plus,petrol,individual,manual,first owner,220000
2009,120000,tata,tata indica gls bs iv,petrol,individual,manual,second owner,68000
2017,20000,hyundai,hyundai eon era plus,petrol,individual,manual,first owner,290000
2014,27483,honda,honda city i dtec sv,diesel,dealer,manual,first owner,600000
2019,8000,maruti,maruti swift lxi,petrol,individual,manual,first owner,470000
2008,30000,hyundai,hyundai i10 sportz 1.2,petrol,individual,manual,first owner,150000
2014,56207,maruti,maruti alto 800 lxi,petrol,dealer,manual,second owner,180000
2006,70000,maruti,maruti zen lxi,petrol,individual,manual,first owner,80000
2018,1440,honda,honda wr-v i-vtec vx,petrol,individual,manual,first owner,875000
2019,50000,maruti,maruti alto 800 lxi,petrol,individual,manual,first owner,300000
2017,20000,toyota,toyota fortuner 2.8 2wd at bsiv,diesel,individual,automatic,first owner,2800000
2017,91195,toyota,toyota innova crysta 2.4 zx mt,diesel,dealer,manual,first owner,1330000
2011,63657,volkswagen,volkswagen polo 1.5 tdi trendline,diesel,dealer,manual,first owner,220000
2013,60000,mahindra,mahindra verito vibe 1.5 dci d4,diesel,individual,manual,first owner,250000
2016,75000,toyota,toyota innova 2.5 g (diesel) 7 seater,diesel,dealer,manual,first owner,919999
2013,97248,volkswagen,volkswagen vento magnific 1.6 highline,petrol,dealer,manual,first owner,380000
2012,46000,maruti,maruti swift vdi,diesel,individual,manual,first owner,450000
2016,10000,hyundai,hyundai verna 1.6 vtvt at s option,petrol,individual,automatic,first owner,770000
2018,80000,maruti,maruti swift dzire ldi,diesel,individual,manual,first owner,550000
2011,100000,tata,tata new safari dicor 2.2 gx 4x2,diesel,individual,manual,second owner,320000
2013,35000,maruti,maruti sx4 vxi bsiv,petrol,individual,manual,first owner,400000
2017,50000,maruti,maruti celerio vxi at,petrol,individual,automatic,first owner,450000
2011,90000,maruti,maruti sx4 zdi,diesel,individual,manual,third owner,220000
2012,150000,mahindra,mahindra xuv500 w8 2wd,diesel,individual,manual,second owner,400000
2013,89000,hyundai,hyundai verna 1.6 sx vtvt (o),petrol,individual,manual,second owner,530000
2014,60000,maruti,maruti swift dzire vdi,diesel,individual,manual,second owner,390000
2012,100000,fiat,fiat grande punto 1.3 dynamic (diesel),diesel,individual,manual,second owner,185000
2012,100000,maruti,maruti sx4 vxi bsiv,petrol,individual,manual,second owner,300000
2014,90000,maruti,maruti swift vdi bsiv,diesel,individual,manual,second owner,575000
2014,75000,maruti,maruti wagon r stingray vxi,petrol,individual,manual,first owner,300000
2017,36000,toyota,toyota etios liva 1.4 vd,diesel,dealer,manual,first owner,425000
2016,12000,hyundai,hyundai xcent 1.2 kappa sx,petrol,individual,manual,first owner,350000
2017,12997,honda,honda amaze vx o idtec,diesel,dealer,manual,first owner,550000
2017,40000,maruti,maruti ciaz 1.4 at zeta,petrol,individual,automatic,first owner,500000
2015,60000,mahindra,mahindra scorpio s4 4wd,diesel,individual,manual,first owner,600000
2013,25000,mahindra,mahindra quanto c8,diesel,individual,manual,second owner,300000
2018,26430,hyundai,hyundai verna crdi 1.6 sx option,diesel,dealer,manual,first owner,1150000
2015,24600,maruti,maruti swift 1.3 vxi abs,petrol,dealer,manual,first owner,475000
2011,28481,maruti,maruti wagon r lxi,petrol,dealer,manual,first owner,260000
2013,100000,ford,ford ecosport 1.0 ecoboost titanium optional,petrol,individual,manual,first owner,350000
2013,41988,mahindra,mahindra xuv500 w8 2wd,diesel,dealer,manual,first owner,750000
2009,30375,maruti,maruti wagon r lxi,petrol,dealer,manual,first owner,180000
2017,7658,renault,renault kwid climber 1.0 amt bsiv,petrol,dealer,automatic,first owner,350000
2017,34400,maruti,maruti swift dzire vdi,diesel,dealer,manual,first owner,611000
2017,18500,renault,renault kwid rxl bsiv,petrol,dealer,manual,first owner,325000
2012,48000,hyundai,hyundai eon 1.0 era plus,petrol,dealer,manual,first owner,225000
2014,28942,maruti,maruti wagon r amt vxi,petrol,dealer,automatic,first owner,300000
2017,50000,mahindra,mahindra bolero power plus slx,diesel,individual,manual,second owner,400000
2012,53600,mahindra,mahindra xuv500 w8 2wd,diesel,dealer,manual,first owner,711000
2015,53652,toyota,toyota innova 2.5 g (diesel) 8 seater,diesel,dealer,manual,first owner,851000
2014,25000,maruti,maruti ertiga vxi,petrol,individual,manual,first owner,500000
2007,80000,toyota,toyota innova 2.5 g4 diesel 8-seater,diesel,individual,manual,second owner,250000
2017,50000,maruti,maruti alto 800 vxi,petrol,individual,manual,first owner,150000
2016,15000,mahindra,mahindra scorpio 1.99 s10,diesel,individual,manual,second owner,610000
2018,5000,mahindra,mahindra kuv 100 g80 k2,petrol,individual,manual,first owner,450000
2017,106000,hyundai,hyundai i20 1.4 asta option,diesel,individual,manual,first owner,744000
2008,100000,chevrolet,chevrolet spark 1.0,petrol,individual,manual,third owner,120000
2016,60000,renault,renault kwid rxl,petrol,individual,manual,third owner,220000
2012,120000,maruti,maruti ertiga zdi,diesel,individual,manual,fourth & above owner,480000
2017,82000,maruti,maruti celerio zxi optional amt bsiv,petrol,individual,automatic,first owner,370000
2003,35000,fiat,fiat palio d 1.9 el ps,diesel,individual,manual,second owner,55000
2013,205000,hyundai,hyundai eon magna plus,petrol,individual,manual,first owner,125000
2011,125000,hyundai,hyundai verna 1.6 crdi,diesel,individual,manual,third owner,260000
2015,130000,fiat,fiat linea classic 1.3 multijet,diesel,individual,manual,first owner,350000
2012,97000,maruti,maruti alto 800 cng lxi,cng,individual,manual,second owner,170000
2015,90000,hyundai,hyundai grand i10 sportz,petrol,individual,manual,second owner,350000
2009,60000,maruti,maruti swift dzire vxi,petrol,individual,manual,third owner,250000
2013,60000,tata,tata indigo cr4,diesel,individual,manual,first owner,170000
2018,35000,mahindra,mahindra scorpio s11 bsiv,diesel,individual,manual,first owner,1300000
2019,25000,hyundai,hyundai grand i10 1.2 kappa sportz bsiv,petrol,individual,manual,first owner,550000
2017,15000,honda,honda brio 1.2 s mt,petrol,individual,manual,first owner,400000
2011,20000,tata,tata nano lx,petrol,individual,manual,first owner,120000
2010,70000,ford,ford figo petrol titanium,petrol,individual,manual,first owner,275000
2016,90000,tata,tata zest revotron 1.2t xe,petrol,individual,manual,first owner,285000
2016,80000,hyundai,hyundai creta 1.4 crdi base,diesel,individual,manual,first owner,900000
2014,79500,mercedes-benz,mercedes-benz m-class ml 350 cdi,diesel,individual,automatic,second owner,2500000
2013,70000,hyundai,hyundai verna 1.6 sx crdi (o),diesel,individual,manual,second owner,620000
2018,5000,toyota,toyota innova crysta 2.4 gx mt 8s bsiv,diesel,individual,manual,first owner,1700000
2018,15000,ford,ford figo aspire 1.2 ti-vct titanium plus,petrol,individual,manual,first owner,650000
2014,35000,maruti,maruti ertiga vxi,petrol,individual,manual,first owner,500000
2009,120000,tata,tata new safari dicor 2.2 ex 4x4,diesel,individual,manual,second owner,250000
2018,15000,mahindra,mahindra marazzo m4,diesel,individual,manual,second owner,950000
2015,60000,toyota,toyota etios cross 1.2l g,petrol,individual,manual,first owner,320000
2013,120000,renault,renault duster 110ps diesel rxz,diesel,individual,manual,first owner,450000
2016,90000,mahindra,mahindra kuv 100 mfalcon d75 k8 aw,diesel,individual,manual,first owner,350000
2015,90000,maruti,maruti swift dzire vxi,petrol,individual,manual,first owner,400000
2009,72000,hyundai,hyundai i20 asta 1.4 crdi (diesel),diesel,individual,manual,second owner,250000
2011,197000,toyota,toyota innova 2.0 gx 8 str bsiv,petrol,individual,manual,second owner,550000
1999,70000,maruti,maruti zen lxi,petrol,individual,manual,second owner,85000
2001,50000,hyundai,hyundai santro lp zipplus,petrol,individual,manual,third owner,52000
2017,50000,tata,tata hexa xta,diesel,individual,automatic,first owner,1200000
2011,60000,hyundai,hyundai verna 1.6 sx vtvt at,petrol,individual,automatic,third owner,450000
2018,40000,maruti,maruti swift dzire vxi 1.2 bs iv,petrol,individual,manual,first owner,615000
2012,60000,maruti,maruti sx4 zdi leather,diesel,individual,manual,second owner,400000
2013,40000,tata,tata nano lx,petrol,individual,manual,first owner,60000
2017,9161,maruti,maruti ignis 1.2 alpha bsiv,petrol,individual,manual,first owner,500000
2015,45000,honda,honda mobilio v i vtec,petrol,individual,manual,first owner,600000
2010,110000,hyundai,hyundai getz 1.3 gvs,petrol,individual,manual,first owner,110000
2013,80000,hyundai,hyundai santro xing gl plus,petrol,individual,manual,first owner,175000
2011,100000,ford,ford fiesta titanium 1.5 tdci,diesel,individual,manual,second owner,325000
2017,90000,maruti,maruti swift dzire ldi,diesel,individual,manual,first owner,425000
2009,70000,hyundai,hyundai accent gle cng,cng,individual,manual,third owner,160000
2007,80000,maruti,maruti zen estilo lxi bsiii,petrol,individual,manual,third owner,100000
2014,110000,maruti,maruti swift dzire ldi,diesel,individual,manual,second owner,390000
2017,50000,hyundai,hyundai i20 1.2 spotz,petrol,individual,manual,first owner,400000
2018,5000,tata,tata tigor 1.2 revotron xm,petrol,individual,manual,first owner,509999
2008,90000,hyundai,hyundai i10 magna 1.1,petrol,individual,manual,third owner,150000
2009,120000,hyundai,hyundai santro xing gls,petrol,individual,manual,first owner,110000
2013,80000,nissan,nissan sunny diesel xv,diesel,individual,manual,first owner,450000
2017,38000,hyundai,hyundai i20 1.2 spotz,petrol,individual,manual,second owner,400000
2009,120000,hyundai,hyundai santro xing gls,petrol,individual,manual,first owner,140000
2011,90000,tata,tata indigo cr4,diesel,individual,manual,first owner,130000
2017,50000,maruti,maruti alto 800 lxi,petrol,individual,manual,first owner,160000
2016,60000,maruti,maruti alto 800 lxi,petrol,individual,manual,first owner,150000
2013,100000,mahindra,mahindra xuv500 w8 2wd,diesel,individual,manual,second owner,500000
2011,19000,tata,tata nano std,petrol,individual,manual,first owner,40000
2006,200000,chevrolet,chevrolet tavera lt l1 7 seats bsiii,diesel,individual,manual,third owner,140000
2015,70000,mahindra,mahindra verito 1.5 d2 bsiv,diesel,individual,manual,second owner,227000
2011,50000,maruti,maruti swift vdi,diesel,individual,manual,second owner,285000
2012,19077,maruti,maruti alto lx,petrol,individual,manual,second owner,155000
2016,30000,hyundai,hyundai eon d lite,petrol,individual,manual,first owner,210000
2009,80000,maruti,maruti alto lxi,petrol,individual,manual,second owner,140000
2015,128000,toyota,toyota innova 2.5 gx (diesel) 7 seater,diesel,individual,manual,first owner,940000
2013,80000,nissan,nissan terrano xv premium 110 ps,diesel,individual,manual,first owner,750000
2016,100000,maruti,maruti baleno alpha 1.3,diesel,individual,manual,first owner,610000
2015,50000,nissan,nissan sunny xv d premium leather,diesel,individual,manual,first owner,450000
2012,56000,toyota,toyota etios liva gd,diesel,individual,manual,first owner,409999
2018,21302,hyundai,hyundai eon 1.0 era plus,petrol,individual,manual,first owner,100000
2018,10500,renault,renault kwid 1.0 rxt optional,petrol,individual,manual,first owner,300000
2013,107000,mahindra,mahindra bolero 2011-2019 slx,diesel,individual,manual,first owner,400000
2010,60000,hyundai,hyundai i10 sportz 1.2,petrol,individual,manual,second owner,210000
2006,120000,hyundai,hyundai santro xing xg erlx euro iii,petrol,individual,manual,second owner,90000
2010,70000,maruti,maruti wagon r lxi bs iv,petrol,individual,manual,first owner,222000
2015,50000,maruti,maruti alto 800 lxi,petrol,individual,manual,second owner,240000
2013,70000,toyota,toyota etios liva gd,diesel,individual,manual,second owner,450000
2012,55300,volkswagen,volkswagen jetta 2.0l tdi highline at,diesel,dealer,automatic,first owner,735000
2012,74300,tata,tata indica vista quadrajet 90 vx,diesel,dealer,manual,first owner,285000
2010,48781,honda,honda city vx mt,petrol,dealer,manual,first owner,350000
2010,87620,volkswagen,volkswagen jetta 1.9 highline tdi,diesel,dealer,automatic,first owner,290000
2017,40219,volkswagen,volkswagen vento 1.5 tdi highline plus at,diesel,dealer,automatic,first owner,890000
2011,11473,honda,honda jazz vx,petrol,dealer,manual,first owner,385000
2017,8352,maruti,maruti eeco 5 seater ac bsiv,petrol,dealer,manual,first owner,425000
2017,9745,maruti,maruti wagon r vxi amt1.2bsiv,petrol,dealer,automatic,first owner,525000
2017,9748,hyundai,hyundai grand i10 asta,petrol,dealer,manual,first owner,550000
2012,49000,volkswagen,volkswagen polo 1.0 mpi trendline,petrol,dealer,manual,first owner,271000
2018,20694,hyundai,hyundai creta 1.6 crdi sx option,diesel,dealer,manual,first owner,1490000
2015,31080,hyundai,hyundai grand i10 asta option,petrol,dealer,manual,first owner,490000
2014,37605,hyundai,hyundai eon era plus,petrol,dealer,manual,first owner,260000
2014,55850,hyundai,hyundai xcent 1.1 crdi sx option,diesel,dealer,manual,first owner,455000
2010,58850,tata,tata nano lx bsiv,petrol,dealer,manual,first owner,75000
2015,23839,toyota,toyota etios cross 1.2l g,petrol,dealer,manual,first owner,421000
2016,54000,maruti,maruti swift ddis ldi,diesel,dealer,manual,first owner,550000
2013,38000,hyundai,hyundai i10 sportz 1.2 at,petrol,dealer,automatic,first owner,330000
2012,45454,volkswagen,volkswagen vento 1.5 tdi comfortline,diesel,dealer,manual,first owner,390000
2015,46957,skoda,skoda rapid 1.5 tdi at ambition,diesel,dealer,automatic,first owner,599000
2007,60000,hyundai,hyundai getz gle,petrol,individual,manual,fourth & above owner,110000
2016,25000,renault,renault kwid rxt optional,petrol,individual,manual,first owner,250000
2012,110000,mahindra,mahindra scorpio m2di,diesel,individual,manual,fourth & above owner,600000
2008,190000,ford,ford endeavour xlt tdci 4x2,diesel,individual,manual,second owner,280000
2018,25000,audi,audi q3 35 tdi quattro technology,diesel,individual,automatic,first owner,2700000
2008,90000,mahindra,mahindra renault logan 1.4 glx petrol,petrol,individual,manual,first owner,80000
2019,5000,maruti,maruti alto k10 vxi,petrol,individual,manual,first owner,350000
2015,60000,maruti,maruti swift vdi bsiv,diesel,individual,manual,first owner,475000
2020,1500,audi,audi a5 sportback,diesel,individual,automatic,first owner,4700000
2018,50000,maruti,maruti swift dzire vdi,diesel,individual,manual,first owner,500000
2014,120000,chevrolet,chevrolet sail hatchback 1.3 tcdi lt abs,diesel,individual,manual,first owner,250000
2005,120000,hyundai,hyundai accent crdi,diesel,individual,manual,second owner,100000
2019,5000,maruti,maruti alto k10 vxi airbag,petrol,individual,manual,first owner,350000
2014,47000,bmw,bmw 7 series signature 730ld,diesel,individual,automatic,first owner,4000000
2017,20000,toyota,toyota camry 2.5 hybrid,petrol,individual,automatic,first owner,1900000
2005,120000,hyundai,hyundai santro xing xg,petrol,individual,manual,second owner,95000
2015,58000,hyundai,hyundai grand i10 crdi sportz,diesel,individual,manual,first owner,409999
2018,35000,mahindra,mahindra xuv500 w5 bsiv,diesel,individual,manual,first owner,1050000
2017,30000,maruti,maruti alto k10 vxi,petrol,individual,manual,first owner,320000
2019,10000,mahindra,mahindra xuv300 w8 option diesel bsiv,diesel,individual,manual,first owner,1000000
2017,25000,toyota,toyota innova crysta 2.4 vx mt bsiv,diesel,individual,manual,first owner,1770000
2018,20000,mahindra,mahindra thar crde,diesel,individual,manual,first owner,950000
2018,50000,maruti,maruti swift dzire zdi,diesel,individual,manual,first owner,750000
2014,42000,hyundai,hyundai eon magna plus,petrol,individual,manual,first owner,220000
2017,50000,tata,tata hexa xm,diesel,individual,manual,first owner,1000000
2017,116000,honda,honda mobilio e i dtec,diesel,individual,manual,first owner,660000
2015,100000,maruti,maruti ertiga zdi,diesel,individual,manual,first owner,716000
2015,66000,maruti,maruti ciaz zxi plus,petrol,individual,manual,first owner,675000
2010,110000,mahindra,mahindra scorpio lx,diesel,individual,manual,third owner,385000
2014,70000,fiat,fiat grande punto evo 1.3 dynamic,diesel,individual,manual,first owner,325000
2015,60000,hyundai,hyundai creta 1.6 crdi sx option,diesel,individual,manual,first owner,950000
2007,110000,ford,ford endeavour hurricane limited edition,diesel,individual,automatic,fourth & above owner,400000
2014,25000,tata,tata indica vista tdi ls,diesel,individual,manual,first owner,250000
2018,68000,land,land rover discovery s 2.0 sd4,petrol,individual,automatic,first owner,4000000
2014,20000,maruti,maruti alto 800 lxi,petrol,individual,manual,first owner,210000
2011,110000,hyundai,hyundai i10 era 1.1 itech se,petrol,individual,manual,second owner,147000
2018,26350,maruti,maruti vitara brezza vdi option,diesel,individual,manual,first owner,725000
2012,90000,mahindra,mahindra scorpio sle bsiv,diesel,individual,manual,first owner,550000
2016,25000,hyundai,hyundai i20 sportz option 1.2,petrol,individual,manual,first owner,475000
2014,50000,hyundai,hyundai santro xing gls,petrol,individual,manual,second owner,250000
2006,60000,tata,tata indica lsi,petrol,individual,manual,second owner,70000
2012,70000,hyundai,hyundai eon era plus,petrol,individual,manual,third owner,160000
2011,90000,ford,ford endeavour 3.0l 4x4 at,diesel,individual,automatic,second owner,1000000
2001,70000,hyundai,hyundai santro le zipplus,petrol,individual,manual,first owner,68000
2017,26500,hyundai,hyundai grand i10 1.2 kappa asta,petrol,individual,manual,first owner,500000
2020,10000,hyundai,hyundai creta 1.4 ex diesel,diesel,individual,manual,first owner,1050000
2017,50000,hyundai,hyundai verna crdi 1.6 sx,diesel,individual,manual,first owner,900000
2007,52000,maruti,maruti alto lx,petrol,individual,manual,second owner,100000
2013,90000,hyundai,hyundai i20 asta 1.4 crdi,diesel,individual,manual,first owner,300000
2011,60000,tata,tata indigo lx,diesel,individual,manual,second owner,140000
2018,35000,ford,ford figo aspire 1.2 ti-vct trend,petrol,individual,manual,first owner,550000
2012,71042,mahindra,mahindra xuv500 w8 4wd,diesel,dealer,manual,first owner,650000
2012,167870,mitsubishi,mitsubishi pajero sport 4x4,diesel,dealer,manual,second owner,1025000
2011,133564,ford,ford fiesta 1.5 tdci titanium,diesel,dealer,manual,first owner,195000
2013,40000,bmw,bmw 3 series 320d sport,diesel,dealer,automatic,first owner,1490000
2018,23038,honda,honda city i-vtec cvt zx,petrol,trustmark dealer,automatic,first owner,1140000
2011,70000,chevrolet,chevrolet beat diesel ls,diesel,individual,manual,first owner,95000
2017,30000,bmw,bmw 3 series gt luxury line,diesel,individual,automatic,first owner,3050000
2017,43608,maruti,maruti baleno delta 1.2,petrol,trustmark dealer,manual,first owner,585000
2018,11212,maruti,maruti baleno alpha cvt,petrol,trustmark dealer,automatic,first owner,825000
2013,52000,hyundai,hyundai i20 1.4 magna executive,diesel,dealer,manual,first owner,280000
2016,49217,maruti,maruti baleno zeta,petrol,trustmark dealer,manual,first owner,725000
2015,90000,mahindra,mahindra verito 1.5 d4 bsiv,diesel,individual,manual,first owner,300000
2015,70000,hyundai,hyundai xcent 1.2 kappa s,petrol,individual,manual,first owner,375000
2003,90000,honda,honda city vtec,petrol,individual,manual,fourth & above owner,310000
2011,190000,maruti,maruti swift dzire vdi,diesel,individual,manual,third owner,375000
2016,106000,ford,ford endeavour 3.2 titanium at 4x4,diesel,individual,automatic,first owner,1950000
2012,80000,tata,tata xenon xt ex 4x2,diesel,individual,manual,second owner,400000
2014,80000,nissan,nissan terrano xl plus 85 ps,diesel,individual,manual,second owner,550000
2018,20000,maruti,maruti eeco 7 seater standard bsiv,petrol,individual,manual,first owner,270000
2012,110000,maruti,maruti ertiga zdi,diesel,individual,manual,second owner,555000
2013,60000,ford,ford ecosport 1.5 dv5 mt ambiente,diesel,individual,manual,second owner,500000
2010,130000,skoda,skoda laura elegance 1.9 tdi  at,diesel,individual,automatic,second owner,400000
2017,28838,hyundai,hyundai eon 1.0 era plus,petrol,individual,manual,first owner,280000
2008,200000,tata,tata indica gls bs iv,petrol,individual,manual,first owner,80000
2006,100000,tata,tata indica dls,diesel,individual,manual,first owner,55000
2014,50000,maruti,maruti alto 800 lxi airbag,petrol,individual,manual,first owner,250000
2010,190000,mahindra,mahindra bolero slx 2wd,diesel,individual,manual,fourth & above owner,250000
2007,100000,mahindra,mahindra jeep mm 540,diesel,individual,manual,second owner,95000
2014,135000,mahindra,mahindra scorpio 1.99 s10,diesel,individual,manual,second owner,725000
2015,50000,mahindra,mahindra bolero power plus plus ac bsiv ps,diesel,individual,manual,third owner,320000
2014,135000,skoda,skoda octavia elegance 2.0 tdi at,diesel,individual,automatic,third owner,1200000
2012,50000,chevrolet,chevrolet beat diesel ls,diesel,individual,manual,first owner,160000
2018,19571,honda,honda jazz 1.5 vx i dtec,diesel,dealer,manual,first owner,790000
2018,29600,honda,honda city i-vtec zx,petrol,dealer,manual,first owner,1200000
2011,70000,maruti,maruti swift lxi,petrol,individual,manual,first owner,175000
2018,15000,maruti,maruti vitara brezza zdi plus amt dual tone,diesel,individual,automatic,first owner,950000
2019,50000,maruti,maruti celerio lxi mt bsiv,petrol,individual,manual,first owner,340000
2017,13500,renault,renault captur 1.5 diesel rxt,diesel,individual,manual,first owner,825000
2018,22000,audi,audi a4 30 tfsi technology,petrol,individual,automatic,first owner,3100000
2018,25000,honda,honda amaze vx diesel bsiv,diesel,dealer,manual,first owner,780000
2010,80000,toyota,toyota corolla altis 1.8 vl at,petrol,individual,automatic,third owner,350000
2018,39000,honda,honda amaze vx petrol bsiv,petrol,dealer,manual,first owner,690000
2016,60000,maruti,maruti alto 800 vxi,petrol,individual,manual,first owner,245000
2018,49000,honda,honda amaze vx diesel bsiv,diesel,dealer,manual,first owner,790000
2018,48600,honda,honda amaze vx i-vtec,petrol,dealer,manual,first owner,680000
2017,20000,hyundai,hyundai grand i10 asta option,petrol,individual,manual,second owner,540000
2016,25000,mahindra,mahindra kuv 100 mfalcon g80 k2,petrol,individual,manual,first owner,425000
2008,120000,maruti,maruti zen estilo sports,petrol,individual,manual,first owner,140000
2019,30000,maruti,maruti ertiga zdi plus,diesel,individual,manual,first owner,1100000
2015,35000,renault,renault lodgy 85ps rxl,diesel,individual,manual,first owner,715000
2015,127643,audi,audi q3 2.0 tdi quattro premium plus,diesel,dealer,automatic,first owner,1750000
2018,54000,tata,tata zest revotron 1.2t xms,petrol,dealer,manual,second owner,400000
2014,102354,audi,audi a6 2.0 tdi  design edition,diesel,dealer,automatic,first owner,1750000
2014,62237,audi,audi q5 2.0 tfsi quattro premium plus,petrol,dealer,automatic,first owner,1850000
2005,90000,hyundai,hyundai santro xing xl erlx euro iii,petrol,dealer,manual,second owner,114999
2018,21394,ford,ford ecosport 1.5 tdci titanium bsiv,diesel,dealer,manual,first owner,950000
2015,32686,datsun,datsun go t petrol,petrol,dealer,manual,first owner,310000
2006,1001,mahindra,mahindra jeep cj 500 di,diesel,dealer,manual,first owner,575000
2017,22000,renault,renault pulse rxz,diesel,dealer,manual,first owner,490000
2017,53261,hyundai,hyundai grand i10 magna,petrol,dealer,manual,first owner,480000
2016,53000,land,land rover discovery sport sd4 hse luxury,diesel,dealer,automatic,first owner,3500000
2018,10000,renault,renault kwid 1.0 rxt optional,petrol,dealer,manual,first owner,370000
2017,14000,maruti,maruti baleno alpha 1.3,diesel,dealer,manual,first owner,835000
2017,44000,volkswagen,volkswagen polo 2015-2019 1.2 mpi highline,petrol,dealer,manual,first owner,650000
2014,39895,toyota,toyota etios vd,diesel,dealer,manual,first owner,670000
2017,73000,chevrolet,chevrolet cruze ltz at,diesel,dealer,automatic,first owner,950000
2014,17000,honda,honda city i-vtec sv,petrol,dealer,manual,first owner,690000
2017,18591,volkswagen,volkswagen polo 2015-2019 1.2 mpi highline,petrol,dealer,manual,first owner,670000
2017,26766,tata,tata nexon 1.5 revotorq xz,diesel,dealer,manual,first owner,925000
2015,30000,hyundai,hyundai eon magna plus,petrol,individual,manual,first owner,250000
2016,42000,tata,tata sumo gold ex,diesel,individual,manual,first owner,509999
2014,110000,honda,honda city i dtec vx,diesel,individual,manual,first owner,520000
2005,100000,tata,tata indica dle,diesel,individual,manual,first owner,100000
2006,300000,tata,tata indica dls,diesel,individual,manual,second owner,85000
2009,110000,tata,tata indigo lx,diesel,individual,manual,third owner,130000
2018,27620,ford,ford ecosport 1.5 tdci titanium bsiv,diesel,dealer,manual,first owner,950000
2015,70000,ford,ford figo aspire 1.2 ti-vct titanium plus,petrol,individual,manual,first owner,450000
2012,50000,honda,honda city s,petrol,individual,manual,second owner,320000
2015,50000,maruti,maruti swift dzire vdi,diesel,individual,manual,first owner,480000
2014,46000,mercedes-benz,mercedes-benz new c-class c 220 cdi grand edition,diesel,individual,automatic,first owner,2490000
2012,82000,toyota,toyota innova 2.5 vx 8 str,diesel,individual,manual,first owner,790000
2016,120000,maruti,maruti omni mpi std bsiv,petrol,individual,manual,first owner,120000
2006,80000,maruti,maruti alto lxi,petrol,individual,manual,third owner,75000
2010,70000,tata,tata indica gls bs iv,petrol,individual,manual,first owner,99000
2018,20000,maruti,maruti s-cross zeta ddis 200 sh,diesel,individual,manual,first owner,1015000
2013,200000,mahindra,mahindra xylo d4 bsiv,diesel,individual,manual,second owner,250000
2011,120000,toyota,toyota innova crysta 2.5 vx bs iv,diesel,individual,manual,first owner,520000
2018,30000,hyundai,hyundai verna crdi 1.6 at sx option,diesel,individual,automatic,first owner,1100000
2005,223000,toyota,toyota innova 2.5 v diesel 7-seater,diesel,individual,manual,first owner,200000
2016,60000,maruti,maruti swift dzire vdi,diesel,individual,manual,first owner,525000
2016,40000,hyundai,hyundai i20 asta 1.2,petrol,individual,manual,first owner,500000
2016,161327,mahindra,mahindra scorpio s2 7 seater,diesel,individual,manual,first owner,675000
2009,60000,hyundai,hyundai i10 magna 1.2 itech se,petrol,individual,manual,third owner,150000
2007,50000,mahindra,mahindra bolero di,diesel,individual,manual,first owner,250000
2018,6000,hyundai,hyundai grand i10 1.2 kappa sportz bsiv,petrol,individual,manual,first owner,450000
2009,68000,hyundai,hyundai santro xing xs,petrol,individual,manual,second owner,150000
2012,85000,chevrolet,chevrolet beat diesel ls,diesel,individual,manual,first owner,200000
2011,70000,mahindra,mahindra scorpio vls at 2.2 mhawk,diesel,individual,automatic,first owner,525000
1999,35000,maruti,maruti esteem vx,petrol,individual,manual,second owner,60000
2010,100000,maruti,maruti swift vdi bsiii,diesel,individual,manual,second owner,180000
2015,110000,honda,honda amaze s i-dtech,diesel,individual,manual,first owner,475000
2010,195000,mahindra,mahindra scorpio vls at 2.2 mhawk,diesel,individual,automatic,second owner,380000
2015,46000,maruti,maruti alto 800 lxi,petrol,individual,manual,second owner,285000
2008,60000,maruti,maruti alto lxi bsiii,petrol,individual,manual,second owner,91200
2015,42000,hyundai,hyundai grand i10 crdi sportz,diesel,individual,manual,first owner,400000
2006,90000,hyundai,hyundai santro xing xg at,petrol,individual,automatic,second owner,160000
2012,85000,skoda,skoda yeti ambition 4x2,diesel,individual,manual,second owner,650000
2012,120000,hyundai,hyundai verna 1.6 sx,diesel,individual,manual,third owner,409999
2013,72000,ford,ford ecosport 1.5 dv5 mt titanium,diesel,individual,manual,first owner,425000
2013,71000,maruti,maruti wagon r lxi cng,cng,individual,manual,second owner,250000
2009,110000,maruti,maruti swift dzire vxi,petrol,individual,manual,fourth & above owner,200000
2010,144000,volkswagen,volkswagen polo diesel trendline 1.2l,diesel,individual,manual,fourth & above owner,130000
2017,30000,maruti,maruti eeco 5 seater ac bsiv,petrol,dealer,manual,first owner,260000
2007,65000,hyundai,hyundai verna sx,petrol,dealer,manual,first owner,155000
2015,38000,honda,honda jazz 1.5 vx i dtec,diesel,individual,manual,first owner,450000
2012,90000,maruti,maruti sx4 celebration petrol,petrol,individual,manual,second owner,220000
2018,37000,hyundai,hyundai i20 active s diesel,diesel,dealer,manual,first owner,650000
2018,30000,maruti,maruti alto 800 lxi,petrol,dealer,manual,first owner,285000
2018,26000,honda,honda amaze v cvt petrol bsiv,petrol,dealer,automatic,first owner,725000
2016,30000,maruti,maruti ciaz zxi,petrol,dealer,manual,first owner,625000
2016,23000,hyundai,hyundai i20 active sx petrol,petrol,dealer,manual,first owner,550000
2012,40000,hyundai,hyundai i10 magna,petrol,dealer,manual,first owner,240000
2014,27000,nissan,nissan terrano xl 85 ps,diesel,dealer,manual,first owner,600000
2012,65000,tata,tata new safari dicor 2.2 ex 4x2,diesel,dealer,manual,first owner,350000
2015,32000,hyundai,hyundai eon magna plus,petrol,dealer,manual,first owner,245000
2016,56000,mahindra,mahindra bolero b6,diesel,dealer,manual,first owner,600000
2017,30000,bmw,bmw x1 sdrive 20d xline,diesel,individual,automatic,first owner,2400000
2014,80000,mahindra,mahindra scorpio sle bs iv,diesel,dealer,manual,first owner,620000
2014,52000,maruti,maruti swift dzire 1.2 vxi bsiv,petrol,dealer,manual,second owner,395000
2014,13250,maruti,maruti ertiga zxi,petrol,dealer,manual,first owner,635000
2011,36000,maruti,maruti alto lx,petrol,dealer,manual,first owner,180000
2015,73000,maruti,maruti swift zdi plus,diesel,dealer,manual,second owner,484999
2004,60000,maruti,maruti alto lx,petrol,individual,manual,first owner,110000
2006,60000,maruti,maruti wagon r vxi bsiii,petrol,individual,manual,second owner,150000
2012,110000,chevrolet,chevrolet tavera neo 2 lt l 9 str,diesel,individual,manual,first owner,400000
2012,70000,tata,tata indica vista aura plus 1.3 quadrajet,diesel,individual,manual,second owner,200000
2013,60000,renault,renault duster 85ps diesel rxl plus,diesel,individual,manual,second owner,302000
2011,90000,maruti,maruti swift dzire vdi bsiv,diesel,individual,manual,fourth & above owner,215000
2004,80000,maruti,maruti wagon r vxi bsiii,petrol,individual,manual,second owner,155000
2014,101000,toyota,toyota innova 2.5 g (diesel) 8 seater,diesel,individual,manual,second owner,1000000
2018,44000,mahindra,mahindra bolero power plus slx,diesel,individual,manual,first owner,550000
2006,45000,maruti,maruti swift 1.3 vxi,petrol,individual,manual,first owner,200000
2017,120000,mahindra,mahindra scorpio s2 7 seater,diesel,individual,manual,first owner,750000
2005,90000,maruti,maruti zen lxi,petrol,individual,manual,second owner,90000
2007,120000,maruti,maruti wagon r lxi minor,petrol,individual,manual,second owner,80000
2013,13500,hyundai,hyundai eon d lite plus,petrol,individual,manual,first owner,229999
2017,10000,renault,renault kwid 1.0 rxt optional,petrol,individual,manual,first owner,350000
2015,25000,hyundai,hyundai grand i10 magna,petrol,individual,manual,third owner,325000
2018,8500,tata,tata tigor 1.2 revotron xt,petrol,individual,manual,first owner,450000
2012,120000,maruti,maruti sx4 celebration diesel,diesel,individual,manual,first owner,250000
2012,120000,volkswagen,volkswagen polo diesel comfortline 1.2l,diesel,individual,manual,first owner,225000
2009,90246,maruti,maruti alto lxi,petrol,individual,manual,third owner,150000
2008,90000,maruti,maruti alto lx bsiii,petrol,individual,manual,second owner,110000
2010,40000,maruti,maruti alto lxi bsiii,petrol,individual,manual,second owner,150000
2000,60000,maruti,maruti gypsy king hard top,petrol,individual,manual,fourth & above owner,165000
2017,32000,renault,renault duster 85ps diesel rxl,diesel,individual,manual,second owner,610000
2013,60400,tata,tata manza club class quadrajet90 vx,diesel,individual,manual,first owner,170000
2008,70950,hyundai,hyundai verna crdi,diesel,individual,manual,second owner,150000
2015,72000,hyundai,hyundai xcent 1.1 crdi base,diesel,individual,manual,first owner,375000
2013,90000,maruti,maruti swift vdi,diesel,individual,manual,first owner,390000
2017,10000,hyundai,hyundai i20 active 1.2 s,petrol,individual,manual,first owner,600000
2014,25000,maruti,maruti alto 800 lxi,petrol,individual,manual,second owner,204999
2009,80000,hyundai,hyundai verna crdi,diesel,individual,manual,second owner,270000
2017,10000,hyundai,hyundai grand i10 sportz,petrol,individual,manual,first owner,375000
2020,1100,maruti,maruti baleno zeta,petrol,individual,manual,first owner,700000
2017,40000,maruti,maruti swift vxi deca,petrol,individual,manual,first owner,455000
2017,10000,hyundai,hyundai i10 sportz 1.1l,petrol,individual,manual,first owner,375000
2014,31491,hyundai,hyundai grand i10 asta,petrol,individual,manual,first owner,341000
2014,107143,maruti,maruti swift dzire vdi,diesel,individual,manual,second owner,200000
2017,15000,maruti,maruti ignis 1.2 amt delta bsiv,petrol,individual,automatic,first owner,450000
2012,50000,hyundai,hyundai santro xing gl plus,petrol,individual,manual,second owner,170000
2017,100000,toyota,toyota innova crysta 2.4 vx mt 8s bsiv,diesel,individual,manual,first owner,1900000
2016,60000,mahindra,mahindra bolero power plus lx,diesel,individual,manual,first owner,500000
2016,85000,maruti,maruti vitara brezza zdi plus,diesel,individual,manual,first owner,819999
2014,40000,maruti,maruti swift 1.2 dlx,petrol,individual,manual,second owner,351000
2011,80000,hyundai,hyundai i10 magna 1.2 itech se,petrol,individual,manual,second owner,195000
2008,82000,maruti,maruti swift dzire vdi,diesel,individual,manual,second owner,250000
2008,70000,maruti,maruti zen estilo 1.1 vxi bsiii,petrol,individual,manual,second owner,120000
2009,70000,maruti,maruti a-star vxi,petrol,individual,manual,third owner,180000
2016,20000,mahindra,mahindra kuv 100 mfalcon d75 k6,diesel,individual,manual,first owner,430000
2012,35000,tata,tata nano cx bsiv,petrol,individual,manual,second owner,75000
2017,80000,mahindra,mahindra xylo d4,diesel,individual,manual,first owner,750000
2011,40000,tata,tata nano lx,petrol,individual,manual,first owner,60000
2015,46412,toyota,toyota innova 2.5 vx (diesel) 8 seater,diesel,individual,manual,first owner,1500000
2011,150000,mahindra,mahindra bolero slx 2wd bsiii,diesel,individual,manual,fourth & above owner,390000
2016,50000,mahindra,mahindra tuv 300 t4,diesel,individual,manual,first owner,630000
2018,15000,tata,tata safari storme vx varicor 400,diesel,individual,manual,first owner,1085000
2012,60000,hyundai,hyundai i10 magna 1.2 itech se,petrol,individual,manual,second owner,190000
2018,25000,maruti,maruti baleno delta automatic,petrol,individual,automatic,first owner,550000
2012,90000,maruti,maruti alto 800 lxi,petrol,individual,manual,third owner,200000
2011,60000,chevrolet,chevrolet spark 1.0 lt,petrol,individual,manual,first owner,165000
2013,65000,ford,ford figo diesel celebration edition,diesel,individual,manual,first owner,260000
2011,40000,maruti,maruti alto lx,petrol,individual,manual,first owner,151000
2018,50000,maruti,maruti vitara brezza vdi,diesel,individual,manual,first owner,780000
2012,80000,tata,tata indica vista quadrajet lx,diesel,individual,manual,third owner,175000
2010,107500,tata,tata indica vista tdi ls,diesel,dealer,manual,first owner,170000
2013,135000,tata,tata indica vista tdi ls,diesel,dealer,manual,second owner,210000
2007,43826,maruti,maruti alto lxi,petrol,dealer,manual,second owner,90000
2016,55838,hyundai,hyundai i20 active s petrol,petrol,dealer,manual,first owner,535000
2007,112880,maruti,maruti swift vdi bsiv,diesel,dealer,manual,first owner,195000
2011,90000,tata,tata indica vista terra quadrajet 1.3l,diesel,individual,manual,third owner,140000
2012,40000,nissan,nissan sunny xl,petrol,individual,manual,first owner,350000
2013,66000,hyundai,hyundai verna 1.6 sx vtvt (o),petrol,individual,manual,first owner,425000
2017,30300,renault,renault kwid 1.0 rxt optional,petrol,individual,manual,first owner,300000
2013,85000,volkswagen,volkswagen vento diesel style limited edition,diesel,individual,manual,second owner,340000
2009,80659,maruti,maruti swift dzire vxi,petrol,dealer,manual,first owner,250000
2008,81324,chevrolet,chevrolet aveo 1.4 ls,petrol,dealer,manual,first owner,170000
2013,127884,honda,honda amaze s i-dtech,diesel,dealer,manual,first owner,315000
2015,50000,chevrolet,chevrolet beat ps,petrol,individual,manual,first owner,200000
2016,25000,chevrolet,chevrolet beat ps,petrol,individual,manual,first owner,300000
2015,66755,honda,honda amaze s i-dtech,diesel,dealer,manual,first owner,300000
2013,123084,honda,honda city e,petrol,dealer,manual,first owner,380000
2009,806599,maruti,maruti swift vxi bsiii,petrol,dealer,manual,first owner,250000
2013,95851,honda,honda amaze s i-dtech,diesel,dealer,manual,first owner,310000
2010,50000,maruti,maruti wagon r vxi minor abs,petrol,individual,manual,first owner,260000
2008,50000,maruti,maruti omni bsiii 8-str w/ immobiliser,petrol,individual,manual,second owner,150000
2006,60000,maruti,maruti esteem vxi - bsiii,petrol,individual,manual,second owner,85000
2015,15000,maruti,maruti alto 800 lxi,petrol,individual,manual,second owner,280000
2016,40000,mahindra,mahindra xylo h4 abs,diesel,individual,manual,first owner,850000
2017,20000,datsun,datsun go plus t option bsiv,petrol,individual,manual,second owner,375000
2006,120000,hyundai,hyundai elantra crdi (leather option),diesel,individual,manual,third owner,125000
2012,110000,chevrolet,chevrolet beat diesel lt,diesel,individual,manual,first owner,250000
2014,234000,toyota,toyota corolla altis d-4d j,diesel,individual,manual,first owner,715000
2011,70000,hyundai,hyundai i20 1.4 crdi era,diesel,individual,manual,first owner,220000
2010,110000,tata,tata indica vista aqua 1.3 quadrajet,diesel,individual,manual,second owner,110000
2007,84000,hyundai,hyundai verna xxi (petrol),petrol,individual,manual,second owner,150000
2012,170000,nissan,nissan sunny diesel xv,diesel,individual,manual,first owner,300000
2017,40000,datsun,datsun redigo t option,petrol,individual,manual,first owner,220000
2006,96000,maruti,maruti wagon r lx,petrol,individual,manual,second owner,75000
2009,20000,tata,tata indigo ls,diesel,individual,manual,first owner,100000
2016,15000,ford,ford figo aspire 1.2 ti-vct trend,petrol,individual,manual,first owner,380000
2007,50000,hyundai,hyundai santro xing xk (non-ac),petrol,individual,manual,first owner,100000
2010,80000,volkswagen,volkswagen passat 1.8 tsi mt,petrol,individual,manual,second owner,480000
2012,124000,toyota,toyota etios gd,diesel,individual,manual,first owner,300000
2013,70000,chevrolet,chevrolet beat diesel ls,diesel,individual,manual,first owner,190000
2012,130000,ford,ford figo diesel lxi,diesel,individual,manual,second owner,190000
2017,19014,ford,ford ecosport 1.5 ti vct mt trend bsiv,petrol,dealer,manual,first owner,650000
2009,23262,toyota,toyota corolla executive (he),petrol,dealer,manual,first owner,300000
2016,29600,ford,ford freestyle titanium diesel bsiv,diesel,dealer,manual,first owner,700000
2015,35925,hyundai,hyundai i10 sportz 1.1l,petrol,dealer,manual,first owner,310000
2018,12000,maruti,maruti ignis 1.2 zeta bsiv,petrol,individual,manual,first owner,500000
2013,40771,toyota,toyota etios v,petrol,dealer,manual,first owner,415000
2015,30500,maruti,maruti celerio vxi at,petrol,dealer,automatic,second owner,395000
2014,42000,toyota,toyota etios liva 1.2 g,petrol,dealer,manual,second owner,430000
2007,55800,toyota,toyota corolla h6,petrol,dealer,manual,second owner,215000
2014,66569,renault,renault duster rxl awd,diesel,dealer,manual,first owner,550000
2014,81358,volkswagen,volkswagen polo 1.5 tdi trendline,diesel,dealer,manual,first owner,415000
2015,82695,volkswagen,volkswagen polo 1.5 tdi comfortline,diesel,dealer,manual,first owner,450000
2014,68293,ford,ford figo diesel exi,diesel,dealer,manual,second owner,285000
2016,32000,honda,honda jazz vx cvt,petrol,dealer,automatic,first owner,580000
2014,190621,maruti,maruti swift dzire tour ldi,diesel,dealer,manual,first owner,300000
2018,60000,hyundai,hyundai verna crdi 1.6 sx option,diesel,individual,manual,first owner,1200000
2006,64700,maruti,maruti 800 std mpfi,petrol,individual,manual,first owner,78000
2016,88470,tata,tata zest quadrajet 1.3 75ps xe,diesel,individual,manual,first owner,400000
2016,75000,hyundai,hyundai verna 1.6 crdi sx option,diesel,individual,manual,first owner,850000
2013,120000,volkswagen,volkswagen vento diesel highline,diesel,individual,manual,second owner,450000
2012,35000,mercedes-benz,mercedes-benz e-class e250 cdi blue efficiency,diesel,individual,automatic,first owner,2500000
2017,70000,toyota,toyota etios 1.4 vxd,diesel,individual,manual,first owner,780000
2017,57000,toyota,toyota fortuner 2.8 2wd at bsiv,diesel,individual,automatic,first owner,3200000
2020,1000,maruti,maruti alto 800 vxi,petrol,individual,manual,first owner,350000
2013,120000,mahindra,mahindra quanto c6,diesel,individual,manual,second owner,285000
2015,98000,volkswagen,volkswagen vento 1.5 tdi highline,diesel,dealer,manual,first owner,525000
2014,90000,maruti,maruti ciaz zdi,diesel,dealer,manual,second owner,550000
2018,70000,volkswagen,volkswagen ameo 1.5 tdi comfortline,diesel,individual,manual,first owner,580000
2013,25000,tata,tata nano cx se,petrol,individual,manual,third owner,75000
2009,60000,tata,tata manza aura quadrajet,diesel,individual,manual,third owner,185000
2007,90000,maruti,maruti omni e 8 str std,petrol,individual,manual,fourth & above owner,110000
2004,200000,honda,honda city 1.5 exi,petrol,individual,manual,second owner,180000
2010,110000,volkswagen,volkswagen polo diesel comfortline 1.2l,diesel,individual,manual,second owner,350000
2005,126000,chevrolet,chevrolet optra 1.6 ls,petrol,individual,manual,second owner,60000
2018,70000,mahindra,mahindra tuv 300 t10,diesel,individual,manual,first owner,695000
2019,5000,mahindra,mahindra alturas g4 4x2 at bsiv,diesel,individual,automatic,first owner,2700000
2007,74183,maruti,maruti zen estilo lx bsiii,petrol,individual,manual,second owner,135000
2015,70000,mahindra,mahindra bolero power plus plus ac bsiv ps,diesel,individual,manual,second owner,640000
2014,90000,maruti,maruti alto 800 vxi,petrol,individual,manual,first owner,160000
2004,46000,tata,tata indica lxi,petrol,individual,manual,second owner,80000
2013,110000,maruti,maruti swift dzire vdi,diesel,individual,manual,second owner,340000
2012,80000,maruti,maruti ritz vdi,diesel,individual,manual,second owner,110000
2013,90000,tata,tata sumo gold ex,diesel,individual,manual,second owner,250000
2017,70000,toyota,toyota innova crysta 2.4 vx mt bsiv,diesel,individual,manual,first owner,1300000
2014,1,mahindra,mahindra quanto c6,diesel,individual,manual,second owner,250000
2009,192000,toyota,toyota innova 2.5 g (diesel) 8 seater bs iv,diesel,individual,manual,first owner,450000
2013,70000,maruti,maruti wagon r lx minor,petrol,individual,manual,fourth & above owner,240000
2007,120000,mahindra,mahindra bolero di dx 7 seater,diesel,individual,manual,second owner,225000
2015,60000,maruti,maruti wagon r vxi optional,petrol,individual,manual,second owner,275000
2012,120000,tata,tata sumo victa cx 7/9 str bsii,diesel,individual,manual,second owner,320000
2008,120000,maruti,maruti alto lx bsiii,petrol,individual,manual,first owner,75000
2007,50000,tata,tata indica gls bs iv,petrol,individual,manual,second owner,85000
2009,120000,tata,tata indica vista aqua tdi bsiii,diesel,individual,manual,first owner,90000
2007,80000,maruti,maruti wagon r lxi minor,petrol,individual,manual,second owner,85000
2008,80000,mahindra,mahindra scorpio m2di,diesel,individual,manual,second owner,350000
2009,100000,skoda,skoda superb elegance 2.0 tdi cr at,diesel,individual,automatic,second owner,355000
2020,1500,maruti,maruti swift vxi,petrol,individual,manual,first owner,619000
2018,50000,jeep,jeep compass 2.0 longitude option bsiv,diesel,individual,manual,first owner,1700000
2006,100000,tata,tata indica dl,diesel,individual,manual,second owner,55000
2006,83411,ford,ford fiesta 1.6 zxi leather,petrol,individual,manual,first owner,95000
2011,120000,volkswagen,volkswagen vento diesel highline,diesel,individual,manual,second owner,300000
2006,83411,ford,ford fiesta 1.6 zxi leather,petrol,individual,manual,first owner,81000
2015,80000,skoda,skoda superb elegance 2.0 tdi cr at,diesel,individual,automatic,second owner,1000000
2019,50000,maruti,maruti ertiga vdi,diesel,individual,manual,first owner,925000
2015,40000,mahindra,mahindra bolero power plus plus ac bsiv ps,diesel,individual,manual,first owner,450000
2014,13270,mahindra,mahindra scorpio ex,diesel,individual,manual,first owner,600000
2006,100000,hyundai,hyundai santro xing xl at erlx euro iii,petrol,individual,automatic,third owner,85000
2016,50000,mahindra,mahindra thar di 4x4 ps,diesel,individual,manual,first owner,700000
2017,26500,hyundai,hyundai grand i10 1.2 kappa magna bsiv,petrol,individual,manual,first owner,486000
2013,90000,maruti,maruti swift vdi,diesel,individual,manual,first owner,400000
2008,100000,ford,ford fiesta 1.4 duratec zxi,petrol,individual,manual,third owner,120000
2018,35000,maruti,maruti alto 800 lxi,petrol,individual,manual,first owner,275000
2016,57000,hyundai,hyundai i20 asta option 1.4 crdi,diesel,individual,manual,first owner,580000
2015,70000,maruti,maruti swift dzire lxi,petrol,individual,manual,first owner,375000
2015,100000,maruti,maruti wagon r vxi bs iv with abs,petrol,individual,manual,third owner,229999
2010,88000,maruti,maruti alto lx,petrol,individual,manual,second owner,110000
2017,60000,maruti,maruti swift dzire vdi,diesel,individual,manual,first owner,600000
2009,76000,maruti,maruti a-star vxi,petrol,individual,manual,second owner,120000
2010,100000,ford,ford figo diesel titanium,diesel,individual,manual,second owner,200000
2012,110000,hyundai,hyundai verna 1.6 sx crdi (o),diesel,individual,manual,second owner,450000
2012,80000,hyundai,hyundai verna 1.6 sx crdi (o),diesel,individual,manual,second owner,550000
2012,80000,maruti,maruti alto lx,petrol,individual,manual,second owner,220000
2001,30000,maruti,maruti 800 ex,petrol,individual,manual,first owner,40000
2017,20000,renault,renault kwid climber 1.0 amt,petrol,individual,automatic,first owner,300000
2018,40000,mahindra,mahindra bolero power plus sle,diesel,individual,manual,first owner,630000
2017,40000,maruti,maruti swift dzire vdi,diesel,individual,manual,second owner,610000
2019,7000,hyundai,hyundai xcent 1.2 vtvt s,petrol,individual,manual,second owner,660000
2012,80000,maruti,maruti wagon r lxi lpg bsiv,lpg,individual,manual,second owner,220000
2011,90000,nissan,nissan micra diesel xv premium,diesel,individual,manual,second owner,138000
2013,13770,nissan,nissan micra diesel xv premium,diesel,individual,manual,first owner,210000
2005,34000,maruti,maruti zen lxi - bs iii,petrol,dealer,manual,first owner,125000
2008,102000,maruti,maruti alto lxi bsiii,petrol,dealer,manual,first owner,125000
2014,110000,honda,honda city i dtec sv,diesel,individual,manual,first owner,725000
2011,90000,maruti,maruti alto k10 2010-2014 vxi,petrol,individual,manual,second owner,170000
2015,70000,toyota,toyota innova 2.5 vx (diesel) 7 seater,diesel,individual,manual,third owner,1200000
2003,90000,maruti,maruti wagon r vxi bsiii,petrol,individual,manual,second owner,70000
2007,70000,maruti,maruti alto lxi,petrol,individual,manual,second owner,100000
2006,80000,honda,honda civic 1.8 (e) mt,petrol,individual,manual,second owner,300000
2013,100000,maruti,maruti swift vdi,diesel,individual,manual,second owner,450000
2015,100000,maruti,maruti swift dzire vdi,diesel,individual,manual,first owner,530000
2007,143000,maruti,maruti zen estilo 1.1 lxi bsiii,petrol,individual,manual,third owner,100000
2010,115000,honda,honda city 1.5 v mt,petrol,individual,manual,second owner,350000
2011,100000,tata,tata manza elan quadrajet bs iv,diesel,individual,manual,second owner,165000
2019,120000,maruti,maruti swift dzire zdi,diesel,individual,manual,second owner,475000
2013,42000,mahindra,mahindra xylo e4 abs bs iv,diesel,individual,manual,first owner,350000
2016,38000,renault,renault kwid rxl,petrol,individual,manual,first owner,229999
2018,35000,honda,honda wr-v i-dtec vx,diesel,individual,manual,first owner,800000
2014,120000,maruti,maruti swift dzire zdi,diesel,individual,manual,second owner,475000
2014,136906,nissan,nissan terrano xl 110 ps,diesel,individual,manual,first owner,425000
2015,97000,maruti,maruti ciaz vdi plus,diesel,individual,manual,second owner,660000
2019,10000,honda,honda amaze s cvt petrol,petrol,individual,automatic,first owner,610000
2013,50000,honda,honda brio s mt,petrol,individual,manual,third owner,240000
2005,60000,maruti,maruti esteem lxi,petrol,individual,manual,second owner,70000
2011,120000,toyota,toyota corolla altis diesel d4dgl,diesel,individual,manual,first owner,550000
2010,120000,tata,tata indica vista aura 1.2 safire,petrol,individual,manual,second owner,100000
2010,90000,mahindra,mahindra bolero sle,diesel,individual,manual,second owner,350000
2013,120000,hyundai,hyundai eon era plus,petrol,individual,manual,first owner,200000
2019,3000,hyundai,hyundai elite i20 asta option cvt bsiv,petrol,individual,automatic,first owner,720000
2014,133000,maruti,maruti ritz vdi,diesel,individual,manual,first owner,350000
2016,25000,maruti,maruti wagon r vxi bs iv,petrol,individual,manual,first owner,400000
2017,35000,hyundai,hyundai i20 active 1.2 s,petrol,individual,manual,first owner,570000
2015,70000,maruti,maruti omni mpi std bsiv,petrol,individual,manual,first owner,130000
2016,52000,maruti,maruti alto 800 lxi,petrol,individual,manual,first owner,210000
2018,52000,hyundai,hyundai creta 1.4 e plus,diesel,individual,manual,first owner,800000
2017,39000,honda,honda jazz 1.5 e i dtec,diesel,individual,manual,first owner,700000
2011,28689,tata,tata indica vista quadrajet vx,diesel,individual,manual,first owner,200000
2014,90000,tata,tata aria pure lx 4x2,diesel,individual,manual,second owner,495000
2014,80322,ford,ford fiesta classic 1.4 duratorq clxi,diesel,dealer,manual,first owner,325000
2019,8000,ford,ford freestyle trend petrol bsiv,petrol,individual,manual,first owner,650000
2000,50000,mahindra,mahindra jeep mm 775 xdb,diesel,individual,manual,second owner,155000
2007,90000,maruti,maruti 800 ac bsiii,petrol,individual,manual,second owner,75000
2015,61658,hyundai,hyundai grand i10 1.2 crdi magna,diesel,dealer,manual,first owner,350000
2010,50000,maruti,maruti zen estilo lx bsiv,petrol,individual,manual,third owner,90000
2016,80000,maruti,maruti ertiga shvs vdi,diesel,individual,manual,first owner,600000
2010,185000,mahindra,mahindra scorpio sle bsiii,diesel,individual,manual,first owner,400000
2014,57000,maruti,maruti swift vdi bsiv,diesel,individual,manual,second owner,370000
2000,60000,maruti,maruti 800 dx,petrol,individual,manual,first owner,50000
2004,120000,honda,honda city 1.5 gxi,petrol,individual,manual,second owner,125000
2018,26000,honda,honda cr-v diesel 4wd,diesel,individual,automatic,first owner,1800000
2019,20000,hyundai,hyundai grand i10 1.2 kappa magna at,petrol,individual,automatic,first owner,650000
2017,30600,maruti,maruti ertiga bsiv vxi at,petrol,individual,automatic,first owner,800000
2020,5000,volkswagen,volkswagen polo 1.0 tsi highline plus,petrol,individual,manual,first owner,802000
2015,35000,audi,audi a4 35 tdi premium,diesel,individual,automatic,third owner,2300000
2016,35000,hyundai,hyundai xcent 1.1 crdi sx,diesel,individual,manual,first owner,430000
2017,23000,hyundai,hyundai verna 1.6 sx vtvt,petrol,individual,manual,first owner,650000
2004,120000,mahindra,mahindra scorpio 2.6 slx turbo 7 seater,diesel,individual,manual,first owner,170000
2011,235000,skoda,skoda superb elegance 2.0 tdi cr at,diesel,individual,automatic,first owner,450000
2013,87000,maruti,maruti alto 800 lxi,petrol,individual,manual,first owner,250000
2014,72000,ford,ford ecosport 1.0 ecoboost titanium,petrol,individual,manual,second owner,550000
2013,64000,jaguar,jaguar xf 3.0 litre s premium luxury,diesel,individual,automatic,second owner,2000000
2007,100000,maruti,maruti zen estilo vxi bsiii,petrol,individual,manual,second owner,140000
2012,12000,chevrolet,chevrolet beat lt,petrol,individual,manual,first owner,155000
2010,67000,hyundai,hyundai accent executive,petrol,individual,manual,third owner,120000
2012,70000,toyota,toyota innova 2.5 e 8 str,diesel,individual,manual,first owner,287000
2016,60000,maruti,maruti baleno alpha 1.3,diesel,individual,manual,first owner,675000
2011,74500,hyundai,hyundai i10 magna 1.2 itech se,petrol,individual,manual,second owner,235000
2011,118700,hyundai,hyundai i20 1.4 crdi asta,diesel,individual,manual,second owner,300000
2015,40000,nissan,nissan micra xl cvt,petrol,individual,automatic,second owner,434999
2004,223660,mahindra,mahindra scorpio vlx at 2wd bsiii,diesel,individual,automatic,third owner,225000
2006,140000,toyota,toyota corolla ae,petrol,individual,manual,second owner,160000
2020,5000,hyundai,hyundai grand i10 nios sportz,petrol,individual,manual,first owner,600000
2016,100000,chevrolet,chevrolet tavera neo 3 lt 9 seats bsiii,diesel,individual,manual,second owner,470000
2011,100000,maruti,maruti swift dzire vxi,petrol,individual,manual,second owner,300000
2018,2000,maruti,maruti baleno delta 1.2,petrol,individual,manual,first owner,600000
2020,4000,hyundai,hyundai grand i10 nios amt magna,petrol,individual,automatic,first owner,640000
2006,120000,tata,tata indica dls,diesel,individual,manual,fourth & above owner,50000
2015,35000,hyundai,hyundai verna 1.6 vtvt s,petrol,individual,manual,first owner,600000
2014,29000,hyundai,hyundai i10 magna lpg,lpg,individual,manual,first owner,290000
2015,30000,hyundai,hyundai verna 1.6 vtvt s,petrol,individual,manual,first owner,600000
2012,120000,tata,tata manza aqua quadrajet bs iv,diesel,individual,manual,first owner,190000
2008,110000,hyundai,hyundai i10 era 1.1,petrol,individual,manual,third owner,160000
2017,15000,maruti,maruti alto k10 vxi,petrol,individual,manual,first owner,325000
2006,73756,mahindra,mahindra bolero di,diesel,individual,manual,first owner,200000
2018,40000,toyota,toyota fortuner 2.8 2wd at bsiv,diesel,individual,automatic,first owner,2800000
2011,60000,chevrolet,chevrolet spark 1.0 ls,petrol,individual,manual,third owner,125000
2008,60000,hyundai,hyundai i10 magna 1.1,petrol,individual,manual,fourth & above owner,155000
2015,90000,hyundai,hyundai i20 asta 1.4 crdi,diesel,individual,manual,first owner,550000
2009,70000,maruti,maruti wagon r lx bsiii,petrol,individual,manual,fourth & above owner,130000
2002,70000,maruti,maruti 800 ac,petrol,individual,manual,second owner,80000
2015,80000,toyota,toyota etios cross 1.4l gd,diesel,individual,manual,second owner,500000
2019,27000,renault,renault kwid rxt bsiv,petrol,individual,manual,first owner,250000
2012,70000,mahindra,mahindra xuv500 w8 2wd,diesel,individual,manual,first owner,580000
2002,50000,daewoo,daewoo matiz sd,petrol,individual,manual,first owner,60000
2012,185000,toyota,toyota etios gd,diesel,individual,manual,first owner,300000
2014,90000,ford,ford figo diesel titanium,diesel,individual,manual,second owner,200000
2017,16400,tata,tata hexa xt,diesel,individual,manual,first owner,1200000
2015,80000,toyota,toyota etios cross 1.4l gd,diesel,individual,manual,second owner,350000
2012,80000,mahindra,mahindra xuv500 w8 4wd,diesel,individual,manual,second owner,600000
2019,4000,honda,honda jazz v,petrol,individual,manual,first owner,650000
2008,40000,maruti,maruti a-star lxi,petrol,individual,manual,first owner,120000
2010,120000,tata,tata new safari dicor 2.2 ex 4x2,diesel,individual,manual,second owner,180000
2018,41395,hyundai,hyundai verna vtvt 1.6 at sx option,petrol,individual,automatic,first owner,950000
2012,35000,tata,tata manza aura quadrajet bs iv,diesel,individual,manual,second owner,250999
2009,47000,audi,audi a8 l 3.0 tdi quattro,diesel,dealer,automatic,second owner,1250000
2013,50000,chevrolet,chevrolet beat lt,petrol,individual,manual,first owner,165000
2015,48000,hyundai,hyundai elantra sx,petrol,dealer,manual,first owner,700000
2015,53000,mahindra,mahindra xuv500 w8 4wd,diesel,dealer,manual,first owner,750000
2018,15000,datsun,datsun redi-go amt 1.0 t option,petrol,dealer,automatic,first owner,290000
2014,7000,tata,tata nano cx bsiii,petrol,individual,manual,second owner,45000
2013,88000,skoda,skoda superb ambition 2.0 tdi cr at,diesel,dealer,automatic,first owner,675000
2015,55000,nissan,nissan terrano xl plus 85 ps,diesel,dealer,manual,first owner,530000
2014,48000,bmw,bmw x1 sdrive20d m sport,diesel,dealer,automatic,first owner,1485000
2014,71014,chevrolet,chevrolet enjoy tcdi lt 7 seater,diesel,dealer,manual,first owner,325000
2015,60000,honda,honda amaze s diesel,diesel,dealer,manual,first owner,400000
2017,71000,mahindra,mahindra kuv 100 d75 k6 plus,diesel,dealer,manual,first owner,380000
2016,45000,honda,honda city i-vtec cvt vx,petrol,dealer,automatic,first owner,750000
2017,45000,honda,honda brio vx,petrol,dealer,manual,first owner,390000
2019,14000,mg,mg hector sharp diesel mt bsiv,diesel,dealer,manual,first owner,1825000
2019,17000,audi,audi a4 35 tdi premium plus,diesel,dealer,automatic,first owner,3256000
2015,60000,renault,renault scala diesel rxl,diesel,dealer,manual,first owner,370000
2013,80000,chevrolet,chevrolet beat diesel lt,diesel,individual,manual,second owner,210000
2007,181000,skoda,skoda laura ambiente 1.9 pd,diesel,individual,manual,fourth & above owner,175000
2012,89550,hyundai,hyundai verna 1.6 sx crdi (o),diesel,individual,manual,second owner,575000
2010,90000,mahindra,mahindra xylo d4,diesel,individual,manual,third owner,320000
2010,149500,maruti,maruti swift ldi bsiv,diesel,individual,manual,third owner,280000
2013,190000,renault,renault duster 85ps diesel rxl optional,diesel,individual,manual,second owner,500000
2013,83000,ford,ford fiesta diesel style,diesel,dealer,manual,first owner,380000
2005,20000,maruti,maruti 800 ac bsiii,petrol,individual,manual,second owner,120000
2018,20000,maruti,maruti eeco 5 seater ac bsiv,petrol,individual,manual,first owner,395000
2010,160000,skoda,skoda laura 1.9 tdi mt ambiente,diesel,individual,manual,first owner,360000
2015,100000,nissan,nissan terrano xl plus 85 ps,diesel,individual,manual,first owner,451000
2010,45000,chevrolet,chevrolet spark 1.0 ls,petrol,individual,manual,second owner,175000
2009,44800,chevrolet,chevrolet spark 1.0 ls,petrol,individual,manual,second owner,170000
2006,40000,hyundai,hyundai santro xing xl erlx euro iii,petrol,individual,manual,second owner,100000
2014,120000,maruti,maruti omni mpi std bsiv,petrol,individual,manual,third owner,150000
2011,10000,tata,tata indica vista quadrajet lx,diesel,individual,manual,second owner,149000
2011,80000,tata,tata indica vista aqua 1.3 quadrajet,diesel,individual,manual,second owner,160000
2014,156000,mahindra,mahindra xuv500 w8 4wd,diesel,individual,manual,first owner,800000
2010,120000,toyota,toyota innova 2.5 vx (diesel) 7 seater bs iv,diesel,individual,manual,second owner,819999
2007,100000,maruti,maruti baleno vxi,petrol,individual,manual,second owner,163000
2001,100000,mercedes-benz,mercedes-benz e-class 220 cdi,diesel,individual,manual,second owner,350000
2006,100000,tata,tata indica gls bs iv,petrol,individual,manual,second owner,75000
2012,60000,maruti,maruti alto lxi,petrol,individual,manual,second owner,180000
2017,30000,ford,ford figo aspire 1.5 tdci trend,diesel,individual,manual,first owner,675000
2013,170000,maruti,maruti swift vdi,diesel,individual,manual,first owner,400000
2013,100000,volkswagen,volkswagen polo diesel highline 1.2l,diesel,individual,manual,second owner,434999
2006,110000,tata,tata indigo glx,petrol,individual,manual,second owner,100000
2015,170000,maruti,maruti swift dzire ldi optional,diesel,individual,manual,second owner,419000
2009,100000,tata,tata indica gls bs iv,petrol,individual,manual,first owner,200000
2014,35000,renault,renault scala diesel rxl,diesel,individual,manual,first owner,400000
2018,40000,ford,ford ecosport 1.5 diesel ambiente bsiv,diesel,individual,manual,second owner,790000
2015,90000,renault,renault duster 85ps diesel rxl plus,diesel,individual,manual,second owner,500000
2012,120000,skoda,skoda rapid 1.6 tdi elegance,diesel,individual,manual,second owner,275000
2012,120000,hyundai,hyundai i20 1.4 crdi sportz,diesel,individual,manual,second owner,450000
2016,33000,maruti,maruti wagon r vxi,petrol,dealer,manual,first owner,360000
2010,25000,maruti,maruti alto lxi bsiii,petrol,individual,manual,first owner,210000
2014,66000,maruti,maruti alto k10 lxi,petrol,dealer,manual,first owner,220000
2009,48000,chevrolet,chevrolet aveo 1.4 lt bsiv,petrol,individual,manual,first owner,250000
2016,146000,toyota,toyota innova 2.5 g (diesel) 8 seater,diesel,dealer,manual,first owner,990000
2013,100000,mahindra,mahindra quanto c4,diesel,individual,manual,fourth & above owner,220000
2012,50000,jaguar,jaguar xf 3.0 litre s premium luxury,diesel,individual,automatic,second owner,1800000
2014,50000,honda,honda city i vtec v,petrol,individual,manual,first owner,530000
2016,50000,maruti,maruti baleno alpha 1.3,diesel,individual,manual,first owner,575000
2012,99000,mahindra,mahindra xylo e4,diesel,dealer,manual,first owner,400000
2016,50000,honda,honda mobilio s i dtec,diesel,individual,manual,first owner,680000
2014,80000,hyundai,hyundai santa fe 4wd at,diesel,individual,automatic,first owner,1000000
2016,45000,maruti,maruti alto 800 lxi,petrol,individual,manual,second owner,260000
2010,50000,tata,tata manza aura (abs) safire bs iv,petrol,individual,manual,second owner,150000
2008,70000,maruti,maruti alto lxi bsiii,petrol,individual,manual,third owner,180000
2014,37516,force,force one ex,diesel,individual,manual,first owner,346000
2015,20000,mahindra,mahindra xylo d2 bs iv,diesel,individual,manual,first owner,450000
2019,5000,hyundai,hyundai grand i10 1.2 kappa sportz bsiv,petrol,individual,manual,first owner,500000
2019,8000,hyundai,hyundai grand i10 1.2 crdi asta,diesel,individual,manual,first owner,700000
2019,25880,maruti,maruti alto 800 lxi,petrol,individual,manual,first owner,280000
2019,10000,hyundai,hyundai santro magna amt bsiv,petrol,individual,automatic,first owner,475000
2009,50000,maruti,maruti swift dzire vdi,diesel,individual,manual,first owner,300000
2014,40000,maruti,maruti alto k10 lxi,petrol,individual,manual,first owner,200999
2009,100000,skoda,skoda laura 1.9 tdi mt ambiente,diesel,individual,manual,third owner,200000
2009,80000,chevrolet,chevrolet aveo u-va 1.2 ls,petrol,individual,manual,second owner,210000
2012,110000,tata,tata indigo ls bsii,diesel,individual,manual,first owner,160000
2009,136000,hyundai,hyundai verna crdi sx abs,diesel,individual,manual,second owner,175000
2012,80000,tata,tata new safari dicor 2.2 gx 4x2 bs iv,diesel,individual,manual,first owner,320000
2009,50000,maruti,maruti alto lxi,petrol,individual,manual,second owner,110000
2008,30000,maruti,maruti wagon r lxi minor,petrol,individual,manual,first owner,300000
2012,10000,honda,honda city v mt,petrol,individual,manual,first owner,700000
2009,90000,tata,tata indica vista aura 1.3 quadrajet,diesel,individual,manual,fourth & above owner,135000
2015,110000,mahindra,mahindra bolero power plus plus non ac bsiv ps,diesel,individual,manual,first owner,500000
2012,120000,mahindra,mahindra scorpio vlx 2wd airbag bsiv,diesel,individual,manual,second owner,550000
2014,90000,toyota,toyota innova 2.5 z diesel 7 seater bs iv,diesel,individual,manual,third owner,1050000
2016,20000,honda,honda city i vtec v,petrol,individual,manual,first owner,500000
2011,90000,maruti,maruti ritz vdi,diesel,individual,manual,second owner,180000
2010,50000,hyundai,hyundai santro xing gls,petrol,individual,manual,second owner,170000
2019,9000,honda,honda brio 1.2 s option mt,petrol,individual,manual,first owner,484999
2011,70000,maruti,maruti a-star vxi,petrol,individual,manual,second owner,150000
2018,25000,maruti,maruti alto k10 vxi airbag,petrol,individual,manual,first owner,380000
2019,10000,hyundai,hyundai santro sportz bsiv,petrol,individual,manual,first owner,480000
2011,60000,volkswagen,volkswagen polo diesel highline 1.2l,diesel,individual,manual,second owner,290000
2013,70000,fiat,fiat linea dynamic,petrol,individual,manual,first owner,350000
2014,25000,maruti,maruti alto 800 lxi,petrol,individual,manual,first owner,110000
2003,80000,hyundai,hyundai santro le zipplus,petrol,individual,manual,third owner,70000
2011,70000,volkswagen,volkswagen vento petrol highline at,petrol,individual,automatic,third owner,300000
2017,60000,maruti,maruti alto 800 lx,petrol,individual,manual,first owner,180000
2020,20000,renault,renault kwid rxl,petrol,individual,manual,first owner,300000
2017,60000,maruti,maruti baleno delta 1.2,petrol,individual,manual,first owner,509000
2016,80000,maruti,maruti sx4 s cross ddis 320 zeta,diesel,individual,manual,first owner,650000
2015,70000,maruti,maruti swift vdi bsiv,diesel,individual,manual,third owner,450000
1999,2020,mahindra,mahindra jeep classic,diesel,individual,manual,second owner,170000
2007,100000,mahindra,mahindra scorpio 2.6 turbo 7 str,diesel,individual,manual,second owner,210000
2013,80000,hyundai,hyundai i20 asta 1.4 crdi,diesel,individual,manual,second owner,360000
2011,120000,toyota,toyota innova 2.5 gx (diesel) 7 seater bs iv,diesel,individual,manual,second owner,495000
2006,100000,maruti,maruti alto lx,petrol,individual,manual,third owner,105000
2010,60000,hyundai,hyundai i20 magna,petrol,individual,manual,third owner,270000
2010,110000,ford,ford figo petrol lxi,petrol,individual,manual,first owner,130000
2014,90000,honda,honda city i dtec s,diesel,individual,manual,second owner,700000
2012,40000,chevrolet,chevrolet cruze ltz,diesel,individual,manual,first owner,400000
2009,60000,maruti,maruti swift zxi abs,petrol,individual,manual,second owner,250000
2013,94000,honda,honda amaze vx i-dtec,diesel,individual,manual,second owner,325000
2008,100000,maruti,maruti alto lxi,petrol,individual,manual,first owner,69000
2018,25000,mahindra,mahindra scorpio s11 bsiv,diesel,individual,manual,first owner,1380000
2007,90000,maruti,maruti zen estilo vxi bsiii,petrol,individual,manual,first owner,90000
2016,40000,mahindra,mahindra xuv500 w6 1.99 mhawk,diesel,individual,manual,first owner,1000000
2010,90000,hyundai,hyundai accent gle cng,cng,individual,manual,second owner,145000
2020,1100,maruti,maruti alto k10 lx,petrol,individual,manual,fourth & above owner,250000
2011,70000,maruti,maruti swift vdi,diesel,individual,manual,third owner,256000
2005,120000,tata,tata indica dls,diesel,individual,manual,first owner,70000
2000,88500,maruti,maruti wagon r vx,petrol,individual,manual,fourth & above owner,50000
2016,70000,renault,renault kwid rxt,petrol,individual,manual,second owner,240000
2010,128000,tata,tata indica vista aqua 1.2 safire bsiv,petrol,individual,manual,first owner,97000
2012,120000,tata,tata indigo cr4,diesel,individual,manual,first owner,130000
2009,52536,maruti,maruti swift 1.3 vxi,petrol,individual,manual,first owner,199000
2006,70000,honda,honda civic 1.8 s at,petrol,individual,automatic,first owner,125000
2015,60000,hyundai,hyundai xcent 1.1 crdi base,diesel,individual,manual,first owner,420000
2016,110000,mahindra,mahindra nuvosport n8,diesel,individual,manual,first owner,525000
2008,85000,hyundai,hyundai santro xing gls,petrol,individual,manual,first owner,125000
2010,135000,hyundai,hyundai verna transform crdi vgt sx abs,diesel,individual,manual,first owner,325000
2012,86000,volkswagen,volkswagen vento new diesel highline,diesel,individual,manual,fourth & above owner,330000
2010,50000,maruti,maruti wagon r lxi bs iv,petrol,individual,manual,first owner,110000
2019,1950,maruti,maruti s-presso vxi plus,petrol,individual,manual,first owner,450000
2005,118400,maruti,maruti swift 1.3 vxi,petrol,individual,manual,first owner,85000
2007,70000,honda,honda civic 1.8 s mt,petrol,individual,manual,second owner,229999
2012,60000,hyundai,hyundai i10 magna,petrol,individual,manual,second owner,250000
2015,68000,ford,ford ecosport 1.5 dv5 mt titanium,diesel,individual,manual,first owner,650000
2017,6480,toyota,toyota etios liva 1.2 vx,petrol,trustmark dealer,manual,first owner,650000
2017,32077,maruti,maruti vitara brezza vdi,diesel,trustmark dealer,manual,first owner,750000
2018,19107,toyota,toyota yaris g,petrol,trustmark dealer,manual,first owner,850000
2017,18469,hyundai,hyundai eon era plus option,petrol,trustmark dealer,manual,first owner,315000
2015,28217,maruti,maruti swift lxi option,petrol,trustmark dealer,manual,first owner,415000
2016,72787,maruti,maruti ciaz zdi plus,diesel,trustmark dealer,manual,first owner,640000
2017,31063,maruti,maruti ciaz 1.4 alpha,petrol,trustmark dealer,manual,first owner,780000
2017,79641,toyota,toyota fortuner 4x2 at,diesel,trustmark dealer,automatic,first owner,2595000
2015,58692,hyundai,hyundai creta 1.6 crdi sx,diesel,trustmark dealer,manual,first owner,850000
2015,54784,hyundai,hyundai creta 1.6 crdi sx,diesel,trustmark dealer,manual,first owner,900000
2016,64156,toyota,toyota corolla altis gl mt,petrol,trustmark dealer,manual,first owner,1150000
2007,54000,maruti,maruti esteem lxi - bsiii,petrol,individual,manual,first owner,75000
2012,97000,volkswagen,volkswagen vento diesel comfortline,diesel,individual,manual,first owner,215000
2009,120000,maruti,maruti sx4 zxi at,petrol,individual,automatic,second owner,130000
2019,16000,hyundai,hyundai santro magna amt bsiv,petrol,individual,automatic,first owner,400000
2019,60000,maruti,maruti swift dzire amt zxi,petrol,individual,automatic,first owner,550000
2016,52000,chevrolet,chevrolet beat lt,petrol,dealer,manual,first owner,245000
2010,110000,maruti,maruti swift vdi bsiv,diesel,individual,manual,fourth & above owner,320000
2016,60000,mahindra,mahindra tuv 300 t8 amt,diesel,individual,automatic,second owner,730000
2005,100000,ford,ford fusion 1.6 duratec petrol,petrol,individual,manual,third owner,120000
2017,35000,honda,honda city i-vtec vx,petrol,individual,manual,first owner,950000
2017,48000,maruti,maruti wagon r vxi bs iv,petrol,individual,manual,third owner,350000
2005,20000,maruti,maruti esteem vxi,petrol,individual,manual,second owner,100000
2017,30000,maruti,maruti wagon r vxi bs iv,petrol,individual,manual,first owner,350000
2005,40000,maruti,maruti wagon r vxi bsiii,petrol,individual,manual,second owner,80000
2013,60000,hyundai,hyundai verna 1.6 vtvt,petrol,individual,manual,first owner,370000
2012,70000,hyundai,hyundai eon d lite plus,petrol,individual,manual,second owner,160000
2009,120000,tata,tata sumo victa ex 7/9 str bsii,diesel,individual,manual,first owner,130000
2016,30000,chevrolet,chevrolet sail hatchback 1.2 ls,petrol,individual,manual,first owner,250000
2012,80000,tata,tata new safari dicor 2.2 gx 4x2 bs iv,diesel,individual,manual,second owner,270000
2019,9500,bmw,bmw x1 sdrive 20d xline,diesel,individual,automatic,first owner,2600000
2013,80000,hyundai,hyundai eon era plus,petrol,individual,manual,first owner,160000
2016,80000,hyundai,hyundai eon magna plus,petrol,individual,manual,first owner,229999
2017,29000,mahindra,mahindra bolero power plus zlx,diesel,individual,manual,first owner,750000
2011,120000,chevrolet,chevrolet optra magnum 2.0 ls,diesel,individual,manual,first owner,195000
2016,22000,datsun,datsun redigo s,petrol,individual,manual,first owner,270000
2012,50000,skoda,skoda fabia 1.2 mpi ambition plus,petrol,individual,manual,first owner,300000
2012,50000,chevrolet,chevrolet beat diesel lt,diesel,individual,manual,first owner,200000
2007,81366,maruti,maruti zen estilo 1.1 lxi bsiii,petrol,individual,manual,first owner,120000
2006,110000,maruti,maruti esteem vxi - bsiii,petrol,individual,manual,first owner,95000
2006,300000,toyota,toyota innova 2.5 g (diesel) 8 seater bs iv,diesel,individual,manual,first owner,229999
2012,90000,renault,renault fluence 1.5,diesel,individual,manual,first owner,300000
2016,53000,renault,renault kwid rxt,petrol,individual,manual,second owner,200000
2017,30000,maruti,maruti alto 800 lxi,petrol,individual,manual,first owner,250000
2012,90000,maruti,maruti swift dzire 1.2 vxi bsiv,petrol,individual,manual,second owner,368000
2014,244000,toyota,toyota innova 2.5 gx (diesel) 7 seater,diesel,individual,manual,first owner,650000
1997,120000,mahindra,mahindra jeep cl 500 mdi,diesel,individual,manual,third owner,150000
2012,60000,maruti,maruti wagon r lxi duo bs iv,lpg,individual,manual,first owner,180000
2017,15000,hyundai,hyundai grand i10 1.2 kappa sportz option,petrol,individual,manual,first owner,525000
2005,150000,ford,ford endeavour 4x4 xlt,diesel,individual,manual,second owner,350000
2018,30000,mahindra,mahindra tuv 300 plus p4,diesel,individual,manual,second owner,850000
2011,312000,volkswagen,volkswagen jetta 2.0 tdi comfortline,diesel,individual,manual,third owner,350000
2005,67000,maruti,maruti swift 1.3 vxi,petrol,individual,manual,first owner,160000
2017,40000,maruti,maruti swift ldi optional,diesel,individual,manual,first owner,500000
2008,100000,hyundai,hyundai santro xing gls,petrol,individual,manual,first owner,130000
2015,100000,tata,tata zest quadrajet 1.3 75ps xe,diesel,individual,manual,second owner,350000
2005,80000,maruti,maruti wagon r lxi,petrol,individual,manual,first owner,70000
2014,145000,toyota,toyota innova 2.5 g (diesel) 7 seater,diesel,individual,manual,second owner,750000
2013,53000,honda,honda amaze vx i-dtec,diesel,individual,manual,first owner,450000
2015,73000,maruti,maruti swift dzire ldi,diesel,individual,manual,third owner,430000
2011,90000,maruti,maruti sx4 vdi,diesel,individual,manual,third owner,260000
2013,80000,maruti,maruti swift vdi,diesel,individual,manual,third owner,370000
2011,100000,chevrolet,chevrolet aveo 1.4 cng,cng,individual,manual,first owner,229999
2011,90000,ford,ford figo diesel exi,diesel,individual,manual,third owner,140000
2013,200000,toyota,toyota innova 2.5 g (diesel) 7 seater,diesel,individual,manual,first owner,700000
2020,7300,hyundai,hyundai elite i20 magna plus bsiv,petrol,individual,manual,first owner,545000
2017,30000,datsun,datsun redigo t option,petrol,individual,manual,first owner,200000
2015,120000,tata,tata safari storme vx,diesel,individual,manual,first owner,500000
2008,90000,maruti,maruti alto lxi,petrol,individual,manual,second owner,70000
2013,25000,mahindra,mahindra thar 4x4,diesel,individual,manual,third owner,580000
2012,70000,maruti,maruti eeco 5 str with ac plus htr cng,cng,individual,manual,second owner,160000
2010,36000,maruti,maruti alto lxi,petrol,individual,manual,first owner,160000
2016,49000,maruti,maruti ertiga shvs zdi plus,diesel,individual,manual,first owner,760000
2015,22000,hyundai,hyundai eon magna optional,petrol,individual,manual,first owner,300000
1998,35000,maruti,maruti omni 5 str std lpg,lpg,individual,manual,second owner,50000
2019,24000,mahindra,mahindra bolero 2011-2019 slx,diesel,individual,manual,first owner,800000
2018,20000,maruti,maruti swift dzire vdi,diesel,individual,manual,first owner,680000
2009,50000,maruti,maruti 800 duo ac lpg,lpg,individual,manual,second owner,85000
2016,70000,toyota,toyota innova crysta 2.4 g mt bsiv,diesel,individual,manual,first owner,1300000
2016,60000,maruti,maruti swift vxi bsiv,petrol,individual,manual,first owner,500000
2015,35000,audi,audi q5 2.0 tdi,diesel,individual,automatic,first owner,3500000
2008,60000,hyundai,hyundai accent glx,petrol,individual,manual,first owner,145000
2013,60000,mahindra,mahindra quanto c6,diesel,individual,manual,first owner,300000
2017,60000,maruti,maruti swift vdi optional,diesel,individual,manual,second owner,600000
2015,70000,maruti,maruti swift dzire vxi,petrol,individual,manual,second owner,400000
2007,135000,hyundai,hyundai santro xing xk erlx euroiii,petrol,individual,manual,second owner,130000
2001,72539,maruti,maruti 800 ac bsii,petrol,individual,manual,second owner,45000
2017,25000,maruti,maruti baleno zeta 1.2,petrol,individual,manual,first owner,641000
2015,50000,maruti,maruti swift dzire vdi,diesel,individual,manual,first owner,650000
2020,101,ford,ford freestyle titanium diesel,diesel,dealer,manual,test drive car,784000
2020,101,ford,ford figo titanium,petrol,dealer,manual,test drive car,635000
2020,101,ford,ford ecosport 1.5 diesel titanium,diesel,dealer,manual,test drive car,1000000
2015,52328,ford,ford figo 1.5d titanium opt mt,diesel,dealer,manual,first owner,495000
2013,30000,hyundai,hyundai santro xing gls,petrol,individual,manual,first owner,324000
2016,91505,ford,ford endeavour 3.2 titanium at 4x4,diesel,dealer,automatic,first owner,2100000
2018,35000,maruti,maruti alto 800 lxi,petrol,individual,manual,first owner,200000
2015,60000,maruti,maruti swift dzire vdi,diesel,individual,manual,first owner,320000
2015,20500,hyundai,hyundai eon magna optional,petrol,individual,manual,first owner,300000
2013,200000,tata,tata indica vista quadrajet lx,diesel,individual,manual,first owner,180000
2008,154000,toyota,toyota innova 2.5 v diesel 8-seater,diesel,individual,manual,third owner,500000
2011,120000,toyota,toyota etios vx,petrol,individual,manual,second owner,305000
2009,50000,maruti,maruti 800 ac,petrol,individual,manual,fourth & above owner,125000
2015,135000,maruti,maruti swift dzire zdi,diesel,individual,manual,first owner,800000
2009,100000,mahindra,mahindra scorpio sle bsiv,diesel,individual,manual,first owner,420000
2017,40000,maruti,maruti vitara brezza zdi plus,diesel,individual,manual,first owner,875000
2014,70000,maruti,maruti swift dzire zdi,diesel,individual,manual,first owner,580000
2011,133000,maruti,maruti swift ldi bsiv,diesel,individual,manual,second owner,350000
2004,110000,hyundai,hyundai accent gls,petrol,individual,manual,second owner,120000
2013,180000,tata,tata indica vista tdi ls,diesel,individual,manual,third owner,150000
2013,120000,renault,renault duster 110ps diesel rxz,diesel,individual,manual,first owner,650000
2010,80000,maruti,maruti alto k10 2010-2014 vxi,petrol,individual,manual,second owner,225000
2014,15000,honda,honda amaze s at i-vtech,petrol,individual,automatic,first owner,400000
2005,70000,hyundai,hyundai getz gls,petrol,individual,manual,first owner,250000
2008,41723,hyundai,hyundai santro xing gl plus,petrol,individual,manual,second owner,120000
2010,70000,maruti,maruti sx4 vxi bsiv,petrol,individual,manual,first owner,250000
2012,20000,maruti,maruti alto k10 lxi,petrol,individual,manual,second owner,175000
2018,26350,maruti,maruti ignis 1.3 delta,diesel,dealer,manual,first owner,590000
2015,68745,tata,tata indigo cs lx (tdi) bs-iii,diesel,dealer,manual,first owner,225000
2016,47000,mahindra,mahindra xuv500 w6 2wd,diesel,individual,manual,first owner,900000
2017,27289,maruti,maruti alto k10 vxi ags,petrol,dealer,automatic,first owner,375000
2016,24662,hyundai,hyundai eon era plus,petrol,dealer,manual,first owner,320000
2013,37000,maruti,maruti swift dzire vdi,diesel,dealer,manual,first owner,525000
2014,28245,nissan,nissan evalia xv,diesel,dealer,manual,first owner,650000
2017,27005,hyundai,hyundai grand i10 1.2 crdi sportz option,diesel,dealer,manual,first owner,575000
2014,39227,hyundai,hyundai i10 magna,petrol,dealer,manual,first owner,355000
2016,31367,mahindra,mahindra kuv 100 d75 k4 plus 5str,diesel,dealer,manual,first owner,470000
2008,35008,maruti,maruti wagon r lxi,petrol,dealer,manual,first owner,221000
2009,27005,hyundai,hyundai santro xing gls,petrol,dealer,manual,first owner,195000
2004,100005,hyundai,hyundai santro xing xg,petrol,dealer,manual,second owner,90000
2013,45264,hyundai,hyundai verna sx diesel,diesel,dealer,manual,first owner,580000
2014,39093,maruti,maruti eeco 7 seater standard bsiv,petrol,dealer,manual,first owner,325000
2013,45241,honda,honda city corporate edition,petrol,dealer,manual,first owner,495000
2014,12000,hyundai,hyundai eon era,petrol,dealer,manual,first owner,290000
2018,2769,datsun,datsun redigo 1.0 t option,petrol,dealer,manual,first owner,375000
2011,43128,tata,tata indica vista tdi ls,diesel,dealer,manual,first owner,211000
2004,50000,maruti,maruti alto lxi,petrol,individual,manual,second owner,70000
2010,60000,hyundai,hyundai i10 magna 1.2,petrol,individual,manual,second owner,225000
2014,70000,mahindra,mahindra scorpio lx,diesel,individual,manual,third owner,420000
2015,22255,chevrolet,chevrolet sail hatchback 1.2 ls,petrol,individual,manual,first owner,280000
2013,59213,hyundai,hyundai i20 sportz 1.2,petrol,individual,manual,first owner,400000
2015,55000,mahindra,mahindra xuv500 w6 2wd,diesel,individual,manual,first owner,850000
2011,80000,ford,ford fiesta titanium 1.5 tdci,diesel,individual,manual,first owner,550000
2018,40000,renault,renault captur 1.5 diesel rxt mono,diesel,individual,manual,first owner,1000000
2014,170000,mahindra,mahindra xylo d2 maxx,diesel,individual,manual,first owner,350000
2011,170000,tata,tata new safari dicor 2.2 ex 4x2,diesel,individual,manual,second owner,350000
2007,70000,honda,honda civic 1.8 s mt,petrol,individual,manual,third owner,170000
2020,1010,ford,ford aspire titanium bsiv,petrol,dealer,manual,test drive car,828999
2020,1010,ford,ford ecosport 1.5 ti vct mt titanium be bsiv,petrol,dealer,manual,test drive car,1119000
2020,1111,ford,ford figo titanium,petrol,dealer,manual,test drive car,746000
2020,1010,ford,ford ecosport 1.5 petrol trend,petrol,dealer,manual,test drive car,1030000
2020,1010,ford,ford ecosport 1.5 tdci titanium plus bsiv,diesel,dealer,manual,test drive car,1334000
2020,1010,ford,ford freestyle titanium,petrol,dealer,manual,test drive car,811999
2020,1010,ford,ford ecosport thunder edition diesel,diesel,dealer,manual,test drive car,1331000
2020,1010,ford,ford freestyle titanium plus,petrol,dealer,manual,test drive car,852000
2006,120000,tata,tata indica dle,diesel,individual,manual,second owner,45000
2013,70000,renault,renault duster 85ps diesel rxl optional,diesel,individual,manual,third owner,430000
2015,70000,mahindra,mahindra scorpio s2 9 seater,diesel,individual,manual,first owner,830000
2009,110000,mahindra,mahindra scorpio vls 2.2 mhawk,diesel,individual,manual,second owner,409999
2012,80000,maruti,maruti swift vdi,diesel,individual,manual,third owner,190000
2007,80000,honda,honda accord vti-l (mt),petrol,individual,manual,second owner,200000
2006,110000,hyundai,hyundai accent glx,petrol,individual,manual,second owner,120000
2019,50000,mahindra,mahindra bolero power plus plus ac bsiv ps,diesel,individual,manual,first owner,850000
2011,115000,tata,tata indigo cs le (tdi) bs-iii,diesel,individual,manual,fourth & above owner,95000
2013,80000,maruti,maruti wagon r lxi bs iv,petrol,individual,manual,first owner,213000
2018,25000,volkswagen,volkswagen ameo 1.5 tdi highline plus 16,diesel,individual,manual,first owner,660000
2017,48965,nissan,nissan micra xl,petrol,dealer,manual,first owner,415000
2019,5166,ford,ford ecosport 1.5 petrol titanium plus,petrol,dealer,manual,test drive car,1100000
2012,76290,mahindra,mahindra xuv500 w8 4wd,diesel,dealer,manual,first owner,650000
2016,70000,mahindra,mahindra xuv500 at w10 awd,diesel,individual,automatic,second owner,969999
2016,35000,mahindra,mahindra xuv500 w10 2wd,diesel,individual,manual,first owner,1250000
2017,25000,maruti,maruti swift dzire amt vdi,diesel,individual,automatic,first owner,715000
2016,47000,maruti,maruti swift vdi,diesel,dealer,manual,first owner,565000
2013,45766,mahindra,mahindra thar 4x4,diesel,individual,manual,second owner,615000
2007,78771,tata,tata new safari 4x4,diesel,dealer,manual,second owner,199000
2010,79357,maruti,maruti swift vdi bsiii,diesel,dealer,manual,first owner,325000
2012,28000,ford,ford figo diesel exi,diesel,individual,manual,first owner,409999
2012,72000,hyundai,hyundai verna sx crdi at,diesel,dealer,automatic,second owner,500000
2011,76736,ford,ford figo diesel lxi,diesel,dealer,manual,second owner,225000
2007,70000,maruti,maruti alto lx bsiii,petrol,individual,manual,second owner,135000
2012,80000,renault,renault koleos 2.0 diesel,diesel,individual,automatic,second owner,750000
2009,60000,maruti,maruti wagon r lxi duo bsiii,lpg,individual,manual,second owner,155000
2012,77000,volkswagen,volkswagen polo diesel highline 1.2l,diesel,dealer,manual,third owner,335000
2005,92645,ford,ford ikon 1.8 d,diesel,dealer,manual,fourth & above owner,114999
2007,101849,mercedes-benz,mercedes-benz new c-class 200 cdi classic,diesel,dealer,manual,second owner,699000
2004,120000,mahindra,mahindra bolero di,diesel,individual,manual,fourth & above owner,110000
2012,80000,hyundai,hyundai i20 asta 1.2,petrol,individual,manual,first owner,300000
2014,70000,mahindra,mahindra scorpio s4 4wd,diesel,individual,manual,second owner,700000
2017,120000,maruti,maruti ertiga shvs ldi option,diesel,individual,manual,first owner,700000
2013,42000,maruti,maruti alto 800 lxi,petrol,individual,manual,third owner,210000
2012,120000,maruti,maruti ertiga vdi,diesel,individual,manual,third owner,600000
2012,155836,tata,tata manza aura (abs) quadrajet bs iv,diesel,individual,manual,second owner,180000
2011,59000,maruti,maruti wagon r vxi bsii,petrol,individual,manual,second owner,220000
2009,60000,chevrolet,chevrolet spark 1.0 lt,petrol,individual,manual,first owner,70000
2018,70000,hyundai,hyundai creta 1.4 crdi base,diesel,individual,manual,second owner,950000
2014,20000,ford,ford fiesta 1.5 tdci ambiente,diesel,individual,manual,first owner,800000
2012,120000,mahindra,mahindra xuv500 w8 4wd,diesel,individual,manual,third owner,700000
2016,40000,renault,renault kwid 1.0,petrol,individual,manual,first owner,265000
2011,90000,volkswagen,volkswagen polo diesel trendline 1.2l,diesel,individual,manual,third owner,175000
2012,89000,mahindra,mahindra quanto c6,diesel,individual,manual,second owner,260000
2013,80000,toyota,toyota innova 2.5 vx (diesel) 7 seater,diesel,individual,manual,third owner,950000
2009,200000,maruti,maruti swift vdi bsiii,diesel,individual,manual,fourth & above owner,250000
2015,50000,mahindra,mahindra scorpio s10 7 seater,diesel,individual,manual,first owner,630000
2012,35000,tata,tata nano lx se,petrol,individual,manual,third owner,35000
2014,200000,chevrolet,chevrolet enjoy tcdi ls 8 seater,diesel,individual,manual,third owner,330000
2009,120000,maruti,maruti alto lxi,petrol,individual,manual,first owner,150000
2008,90000,tata,tata indigo ls,diesel,individual,manual,first owner,105000
2013,65000,tata,tata indica vista tdi lx,diesel,individual,manual,first owner,185000
2014,50000,fiat,fiat grande punto evo 1.3 active,diesel,individual,manual,first owner,260000
2012,33000,maruti,maruti swift dzire vdi,diesel,individual,manual,first owner,450000
2016,38000,maruti,maruti swift vxi deca,petrol,individual,manual,first owner,500000
2012,40000,maruti,maruti alto k10 2010-2014 vxi,petrol,individual,manual,first owner,260000
2012,55000,volkswagen,volkswagen polo diesel trendline 1.2l,diesel,individual,manual,second owner,265000
2017,26000,mahindra,mahindra thar crde,diesel,individual,manual,second owner,800000
2016,80000,tata,tata safari storme vx varicor 400,diesel,individual,manual,first owner,869999
2018,40000,maruti,maruti baleno alpha 1.2,petrol,individual,manual,first owner,690000
2011,120000,mitsubishi,mitsubishi pajero 2.8 sfx bsiv dual tone,diesel,individual,manual,first owner,825000
2006,63230,maruti,maruti alto lx bsiii,petrol,individual,manual,second owner,160000
2006,120000,mahindra,mahindra scorpio 2.6 slx crde,diesel,individual,manual,second owner,300000
2005,100000,maruti,maruti wagon r vxi,petrol,individual,manual,third owner,100000
2015,77000,hyundai,hyundai i20 asta 1.4 crdi,diesel,individual,manual,second owner,530000
2016,30000,maruti,maruti swift vxi optional,petrol,individual,manual,first owner,360000
2015,40000,maruti,maruti swift 1.2 dlx,petrol,individual,manual,first owner,220000
2017,35000,maruti,maruti alto 800 lxi,petrol,individual,manual,first owner,178000
2018,5000,mahindra,mahindra thar di 4x2,diesel,individual,manual,first owner,515000
2014,35000,maruti,maruti ritz vxi,petrol,individual,manual,first owner,300000
2012,80000,tata,tata indica vista quadrajet ls,diesel,individual,manual,second owner,150000
2017,15000,tata,tata nexon 1.2 revotron xz plus dual tone,petrol,individual,manual,first owner,750000
2012,80000,toyota,toyota innova 2.5 g1 bsiv,diesel,individual,manual,first owner,950000
2006,40000,maruti,maruti 800 std bsii,petrol,individual,manual,second owner,90000
2008,110000,tata,tata indica gls bs iv,petrol,individual,manual,third owner,65000
2012,90000,hyundai,hyundai verna 1.6 crdi,diesel,individual,manual,second owner,312000
2018,25000,maruti,maruti vitara brezza ldi,diesel,individual,manual,first owner,700000
2005,47000,hyundai,hyundai santro xing xl erlx euro iii,petrol,individual,manual,first owner,150000
2013,60000,renault,renault fluence 1.5,diesel,individual,manual,first owner,450000
2010,120000,hyundai,hyundai verna transform crdi vgt abs,diesel,individual,manual,second owner,229999
2008,120000,maruti,maruti swift ldi bsiii,diesel,individual,manual,first owner,111000
2012,140000,maruti,maruti swift dzire vdi,diesel,individual,manual,second owner,250000
2019,1001,ford,ford freestyle titanium plus diesel,diesel,dealer,manual,first owner,750000
2017,1758,ford,ford figo 1.5p titanium at,petrol,dealer,automatic,first owner,774000
2018,1452,ford,ford figo 1.5p titanium at,petrol,dealer,automatic,first owner,711000
2017,35122,ford,ford figo 1.5d titanium mt,diesel,dealer,manual,first owner,600000
2015,92621,maruti,maruti swift dzire vdi,diesel,dealer,manual,first owner,455000
2015,92198,datsun,datsun go t petrol,petrol,dealer,manual,second owner,225000
2019,5000,maruti,maruti swift dzire vdi,diesel,individual,manual,first owner,650000
2013,50000,chevrolet,chevrolet beat lt,petrol,individual,manual,first owner,200000
2016,74000,hyundai,hyundai creta 1.6 crdi at sx plus,diesel,individual,automatic,first owner,875000
2017,40000,skoda,skoda rapid 1.5 tdi at ambition bsiv,diesel,individual,automatic,first owner,750000
2019,22000,maruti,maruti swift dzire amt vdi,diesel,individual,automatic,first owner,725000
2007,100000,maruti,maruti alto lxi,petrol,individual,manual,second owner,100000
2019,40000,tata,tata hexa xt,diesel,individual,manual,first owner,1100000
2017,30000,ford,ford endeavour 3.2 titanium at 4x4,diesel,individual,automatic,first owner,2700000
2016,23000,renault,renault kwid rxt optional,petrol,individual,manual,first owner,280000
2009,30000,tata,tata indica vista aqua tdi bsiii,diesel,individual,manual,first owner,150000
2010,50000,tata,tata manza aura safire,petrol,individual,manual,first owner,200000
2010,100000,maruti,maruti ritz vdi,diesel,individual,manual,second owner,148000
2011,70000,maruti,maruti swift dzire vxi,petrol,individual,manual,second owner,254999
2013,60000,maruti,maruti swift dzire zxi,petrol,individual,manual,second owner,360000
2006,90000,maruti,maruti alto lx,petrol,individual,manual,second owner,95000
2007,230000,mahindra,mahindra bolero sle bsiii,diesel,individual,manual,second owner,185000
2012,40000,tata,tata indica vista quadrajet vx,diesel,individual,manual,first owner,185000
2019,15000,renault,renault kwid rxl,petrol,individual,manual,first owner,300000
2018,40000,hyundai,hyundai verna vtvt 1.6 sx,petrol,individual,manual,first owner,800000
2000,50000,maruti,maruti zen lx,petrol,individual,manual,first owner,60000
2010,50000,fiat,fiat punto 1.2 active,petrol,individual,manual,second owner,80000
2018,8000,hyundai,hyundai xcent 1.2 vtvt s,petrol,individual,manual,first owner,500000
2013,35000,hyundai,hyundai eon era plus,petrol,individual,manual,first owner,250000
2010,80000,tata,tata new safari dicor 2.2 ex 4x2,diesel,individual,manual,first owner,250000
2005,50000,maruti,maruti wagon r lxi bsiii,petrol,individual,manual,second owner,125000
2002,80000,maruti,maruti alto lxi bsii,petrol,individual,manual,fourth & above owner,100000
2010,90000,mahindra,mahindra scorpio m2di,diesel,individual,manual,first owner,480000
2018,30000,mahindra,mahindra kuv 100 g80 k2,petrol,individual,manual,second owner,320000
2010,70000,maruti,maruti a-star vxi,petrol,individual,manual,second owner,130000
2006,80000,tata,tata indica dls,diesel,individual,manual,second owner,57000
2005,60000,hyundai,hyundai santro gls i - euro i,petrol,individual,manual,first owner,75000
2003,35000,maruti,maruti 800 dx,petrol,individual,manual,first owner,60000
2008,70000,maruti,maruti alto lxi bsiii,petrol,individual,manual,first owner,125000
2004,100000,honda,honda city 1.5 exi s,petrol,individual,manual,third owner,105000
2008,152000,maruti,maruti wagon r lxi duo bsiii,lpg,individual,manual,second owner,125000
1998,70000,maruti,maruti zen lxi,petrol,individual,manual,second owner,69000
2012,90000,tata,tata indigo lx,diesel,individual,manual,second owner,130000
2019,40000,maruti,maruti baleno zeta 1.2,petrol,individual,manual,first owner,630000
2016,50000,honda,honda amaze e i-vtec,petrol,individual,manual,second owner,330000
2014,15000,maruti,maruti wagon r vxi bs iv,petrol,individual,manual,second owner,340000
2006,120000,hyundai,hyundai santro xing xg erlx euro iii,petrol,individual,manual,third owner,60000
2014,78322,tata,tata safari storme ex,diesel,individual,manual,first owner,550000
2014,110000,maruti,maruti ertiga vdi,diesel,individual,manual,second owner,480000
2013,80000,hyundai,hyundai verna 1.6 sx crdi (o),diesel,individual,manual,second owner,315000
2012,120000,ford,ford fiesta titanium 1.5 tdci,diesel,individual,manual,first owner,165000
2016,125000,chevrolet,chevrolet beat ls,petrol,individual,manual,first owner,170000
2018,8000,maruti,maruti baleno delta 1.2,petrol,individual,manual,first owner,550000
2018,13000,volkswagen,volkswagen ameo 1.2 mpi trendline,petrol,individual,manual,first owner,465000
2012,80000,tata,tata indica vista quadrajet lx,diesel,individual,manual,third owner,120000
2008,54309,hyundai,hyundai verna 1.6 xi abs,petrol,individual,manual,first owner,220000
2011,70000,ford,ford figo diesel lxi,diesel,individual,manual,second owner,180000
2006,34600,chevrolet,chevrolet aveo 1.6 lt,petrol,individual,manual,third owner,150000
2016,25000,tata,tata zest revotron 1.2t xms,petrol,individual,manual,first owner,520000
2013,80000,tata,tata safari storme ex,diesel,individual,manual,third owner,430000
2009,55000,mahindra,mahindra bolero di dx 8 seater,diesel,individual,manual,second owner,300000
2020,5000,hyundai,hyundai venue sx opt diesel,diesel,individual,manual,first owner,1000000
2017,30000,honda,honda wr-v i-dtec vx,diesel,individual,manual,first owner,725000
2011,31000,hyundai,hyundai verna 1.4 ex,diesel,individual,manual,first owner,500000
2011,50000,maruti,maruti wagon r lxi bs iv,petrol,individual,manual,first owner,250000
2018,38217,maruti,maruti swift dzire vdi,diesel,individual,manual,first owner,700000
2011,50000,ford,ford figo petrol zxi,petrol,individual,manual,third owner,185000
2011,120000,maruti,maruti ritz vdi,diesel,individual,manual,first owner,200000
2004,110000,mahindra,mahindra bolero di,diesel,individual,manual,third owner,315000
2019,10000,tata,tata harrier xz bsiv,diesel,individual,manual,first owner,1700000
2016,60000,mahindra,mahindra kuv 100 mfalcon g80 k8 5str,petrol,individual,manual,first owner,370000
2011,50000,hyundai,hyundai i10 sportz,petrol,individual,manual,first owner,250000
2019,15000,maruti,maruti ignis 1.2 delta bsiv,petrol,individual,manual,first owner,500000
2008,35000,toyota,toyota corolla altis 1.8 j,petrol,individual,manual,second owner,400000
2014,100000,tata,tata manza club class quadrajet90 ls,diesel,individual,manual,first owner,200000
2016,40000,maruti,maruti swift dzire vdi,diesel,individual,manual,second owner,284000
2007,60000,maruti,maruti wagon r vxi minor,petrol,individual,manual,third owner,80000
2014,77000,chevrolet,chevrolet beat ps,petrol,individual,manual,first owner,170000
2011,60000,hyundai,hyundai accent executive,petrol,individual,manual,first owner,150000
2010,77073,tata,tata manza aura (abs) safire bs iv,petrol,individual,manual,second owner,110000
2016,70000,ford,ford figo aspire 1.5 tdci titanium,diesel,individual,manual,first owner,400000
2013,90000,hyundai,hyundai i10 magna lpg,lpg,individual,manual,second owner,275000
2013,186000,toyota,toyota innova 2.5 g (diesel) 7 seater,diesel,individual,manual,third owner,800000
2014,90000,mahindra,mahindra scorpio m2di,diesel,individual,manual,first owner,550000
2007,100000,maruti,maruti alto lx bsiii,petrol,individual,manual,second owner,125000
2010,80000,chevrolet,chevrolet beat lt,petrol,individual,manual,second owner,135000
2012,150000,mahindra,mahindra scorpio lx bsiv,diesel,individual,manual,first owner,349000
2014,80000,maruti,maruti swift vdi bsiv,diesel,individual,manual,first owner,458000
2018,35000,maruti,maruti alto k10 vxi,petrol,individual,manual,first owner,300000
2008,70000,maruti,maruti alto lxi,petrol,individual,manual,first owner,95000
2018,50000,maruti,maruti s-cross zeta ddis 200 sh,diesel,individual,manual,first owner,850000
2019,25000,ford,ford freestyle titanium diesel,diesel,individual,manual,first owner,750000
2013,120000,ford,ford figo diesel celebration edition,diesel,individual,manual,first owner,190000
2009,70000,maruti,maruti wagon r lxi minor,petrol,individual,manual,first owner,150000
2009,106000,hyundai,hyundai accent gle,petrol,individual,manual,third owner,114999
2010,120000,toyota,toyota innova 2.0 vx 7 seater,petrol,individual,manual,third owner,320000
2019,120000,maruti,maruti alto 800 cng lxi optional,cng,individual,manual,first owner,300000
2016,160000,maruti,maruti ritz lxi,petrol,individual,manual,first owner,275000
2010,120000,chevrolet,chevrolet aveo 1.6 lt with abs,petrol,individual,manual,second owner,140000
2020,10000,tata,tata altroz xz,petrol,individual,manual,first owner,830000
2013,50000,volkswagen,volkswagen polo sr petrol 1.2l,petrol,individual,manual,first owner,380000
2010,90000,hyundai,hyundai i10 magna 1.2,petrol,individual,manual,second owner,150000
2008,70000,chevrolet,chevrolet spark 1.0 ls,petrol,individual,manual,first owner,50000
2008,100000,mahindra,mahindra bolero slx,diesel,individual,manual,first owner,155000
2010,80000,skoda,skoda superb 1.8 tfsi mt,petrol,individual,manual,first owner,300000
2018,16584,maruti,maruti alto 800 lxi,petrol,dealer,manual,first owner,300000
2016,38000,tata,tata tiago 2019-2020 xe diesel,diesel,dealer,manual,first owner,385000
2010,51000,maruti,maruti wagon r lxi,petrol,dealer,manual,first owner,221000
2016,38000,tata,tata tiago 1.05 revotorq xe,diesel,dealer,manual,first owner,381000
2015,35000,maruti,maruti alto 800 lxi,petrol,dealer,manual,first owner,250999
2002,120000,hyundai,hyundai santro ls zipplus,petrol,individual,manual,third owner,60000
2016,38000,tata,tata tiago 1.05 revotorq xe,diesel,dealer,manual,first owner,380000
2008,144000,skoda,skoda laura l n k 1.9 pd,diesel,individual,manual,third owner,180000
2017,64000,maruti,maruti ciaz zdi plus,diesel,dealer,manual,first owner,751000
2015,60000,mahindra,mahindra xuv500 at w10 fwd,diesel,dealer,automatic,first owner,1250000
2014,65000,hyundai,hyundai eon 1.0 era plus,petrol,dealer,manual,first owner,229999
2019,24000,tata,tata safari storme ex,diesel,individual,manual,first owner,1250000
2014,58000,mahindra,mahindra scorpio vlx 2wd bsiv,diesel,dealer,manual,second owner,782000
2014,58000,mahindra,mahindra scorpio vlx 2.2 mhawk airbag bsiv,diesel,dealer,manual,second owner,780000
2016,68000,maruti,maruti alto 800 lxi,petrol,dealer,manual,first owner,245000
2011,81257,hyundai,hyundai i20 1.4 crdi sportz,diesel,dealer,manual,first owner,321000
2017,44000,hyundai,hyundai grand i10 1.2 crdi sportz option,diesel,dealer,manual,first owner,509999
2015,45000,tata,tata nano cx se,petrol,dealer,manual,first owner,110000
2013,75000,volkswagen,volkswagen polo diesel highline 1.2l,diesel,dealer,manual,first owner,400000
2013,90000,maruti,maruti swift vxi,petrol,individual,manual,first owner,370000
2007,80000,hyundai,hyundai verna crdi abs,diesel,individual,manual,second owner,175000
1998,35000,mercedes-benz,mercedes-benz e-class 230,petrol,individual,automatic,second owner,1000000
2013,25000,maruti,maruti alto 800 lxi,petrol,individual,manual,second owner,92800
2014,90000,tata,tata xenon xt ex 4x2,diesel,individual,manual,first owner,291000
2013,110000,hyundai,hyundai verna 1.6 sx crdi (o),diesel,individual,manual,third owner,335000
2013,35000,maruti,maruti omni 8 seater bsiv,petrol,individual,manual,first owner,170000
2019,10000,maruti,maruti alto 800 lxi,petrol,individual,manual,first owner,295000
2019,10000,renault,renault kwid rxl,petrol,individual,manual,first owner,375000
2012,70000,hyundai,hyundai eon era plus,petrol,individual,manual,second owner,215000
2009,110000,ford,ford fiesta 1.4 zxi tdci abs,diesel,individual,manual,second owner,150000
2003,5000,maruti,maruti alto lxi,petrol,individual,manual,second owner,60000
2012,110000,tata,tata new safari dicor ex 4x2 bs iv,diesel,individual,manual,fourth & above owner,280000
2016,50000,toyota,toyota etios vd,diesel,individual,manual,second owner,450000
2018,58000,mahindra,mahindra xuv500 w7,diesel,individual,manual,first owner,1150000
2018,15000,maruti,maruti baleno delta 1.3,diesel,individual,manual,first owner,650000
2015,60000,tata,tata zest revotron 1.2t xe,petrol,individual,manual,second owner,300000
2015,57000,tata,tata nano twist xt,petrol,individual,manual,first owner,73000
2015,87000,maruti,maruti swift vdi bsiv,diesel,individual,manual,third owner,400000
2017,70000,renault,renault kwid 1.0 rxt optional,petrol,individual,manual,first owner,300000
2012,30000,maruti,maruti wagon r ax,petrol,individual,automatic,second owner,300000
2012,80000,maruti,maruti swift dzire vdi,diesel,individual,manual,first owner,450000
2009,100000,hyundai,hyundai santro xing gls,petrol,individual,manual,second owner,200000
2019,40000,maruti,maruti swift vxi,petrol,individual,manual,first owner,580000
2017,3917,hyundai,hyundai grand i10 1.2 kappa asta,petrol,individual,manual,first owner,550000
2007,160000,mahindra,mahindra scorpio slx 2.6 turbo 8 str,diesel,individual,manual,second owner,190000
2017,35000,tata,tata tiago 1.05 revotorq xt option,diesel,individual,manual,first owner,450000
2014,70000,chevrolet,chevrolet spark 1.0 ls,petrol,individual,manual,first owner,220000
2012,69069,maruti,maruti sx4 zxi mt bsiv,petrol,dealer,manual,first owner,310000
2019,13500,hyundai,hyundai elite i20 sportz plus bsiv,petrol,individual,manual,first owner,650000
2014,59059,maruti,maruti wagon r stingray vxi,petrol,dealer,manual,first owner,300000
2013,70000,hyundai,hyundai accent executive,petrol,individual,manual,first owner,200000
2012,39039,honda,honda brio s mt,petrol,dealer,manual,first owner,285000
2014,33033,honda,honda brio exclusive edition,petrol,dealer,manual,first owner,335000
2011,55168,hyundai,hyundai verna transform sx vtvt,petrol,individual,manual,second owner,370000
2013,41041,hyundai,hyundai i20 1.2 sportz,petrol,dealer,manual,first owner,375000
2009,67067,hyundai,hyundai i10 magna,petrol,dealer,manual,first owner,235000
2013,66066,hyundai,hyundai i10 sportz 1.2 at,petrol,dealer,automatic,first owner,345000
2013,82082,mahindra,mahindra quanto c8,diesel,dealer,manual,first owner,365000
2014,48000,hyundai,hyundai grand i10 sportz,petrol,individual,manual,first owner,400000
2015,30000,hyundai,hyundai eon d lite plus,petrol,individual,manual,first owner,250000
2012,70070,hyundai,hyundai verna sx crdi at,diesel,dealer,automatic,first owner,465000
2017,10000,renault,renault kwid rxt,petrol,individual,manual,first owner,300000
2018,25000,maruti,maruti swift dzire zxi 1.2 bs iv,petrol,individual,manual,first owner,655000
2016,30000,maruti,maruti wagon r lxi cng,cng,individual,manual,second owner,350000
2015,50000,hyundai,hyundai i10 sportz 1.2 at,petrol,dealer,automatic,first owner,500000
2015,63063,hyundai,hyundai grand i10 at asta,petrol,dealer,automatic,first owner,465000
2008,70000,maruti,maruti swift vdi bsiii w/ abs,diesel,individual,manual,first owner,263000
2012,90000,maruti,maruti omni mpi std bsiv,petrol,individual,manual,first owner,250000
1999,90000,hyundai,hyundai accent gle 1,petrol,individual,manual,fourth & above owner,60000
2005,90000,hyundai,hyundai getz glx,petrol,individual,manual,third owner,70000
2017,140000,honda,honda wr-v i-dtec vx,diesel,individual,manual,first owner,650000
2014,80000,hyundai,hyundai i20 asta 1.4 crdi,diesel,individual,manual,second owner,370000
2016,40000,maruti,maruti swift vdi optional,diesel,individual,manual,first owner,509999
2011,33000,maruti,maruti zen estilo vxi bsiv,petrol,individual,manual,first owner,280000
2010,40000,maruti,maruti a-star vxi,petrol,individual,manual,first owner,180000
2017,6000,ford,ford ecosport 1.5 petrol ambiente,petrol,individual,manual,first owner,650000
2010,78000,hyundai,hyundai verna sx diesel,diesel,dealer,manual,second owner,200000
2011,72000,hyundai,hyundai verna sx diesel,diesel,dealer,manual,third owner,210000
2011,9528,tata,tata nano cx bsiv,petrol,dealer,manual,first owner,75000
2011,135200,toyota,toyota innova 2.5 g (diesel) 8 seater,diesel,dealer,manual,first owner,450000
2011,58000,hyundai,hyundai i20 1.2 sportz,petrol,dealer,manual,second owner,220000
2013,78000,hyundai,hyundai i20 magna 1.4 crdi (diesel),diesel,dealer,manual,second owner,325000
2018,45000,tata,tata zest revotron 1.2t xe,petrol,individual,manual,first owner,450000
2017,35000,ford,ford ecosport 1.5 diesel titanium plus bsiv,diesel,individual,manual,first owner,825000
2007,76000,hyundai,hyundai accent gls,petrol,dealer,manual,third owner,125000
2015,100000,mahindra,mahindra xylo d2 bs iv,diesel,individual,manual,third owner,434999
2011,99000,mahindra,mahindra scorpio sle bsiv,diesel,individual,manual,second owner,484999
2009,80000,maruti,maruti ritz vdi,diesel,individual,manual,third owner,175000
2006,120000,honda,honda civic 1.8 s mt,petrol,individual,manual,third owner,220000
2020,1100,honda,honda br-v i-vtec vx mt,petrol,dealer,manual,first owner,1250000
2017,34000,maruti,maruti omni e mpi std bs iv,petrol,dealer,manual,first owner,215000
2014,68000,mahindra,mahindra xuv500 w6 2wd,diesel,dealer,manual,first owner,625000
2018,15000,ford,ford ecosport 1.5 diesel titanium bsiv,diesel,individual,manual,first owner,615000
2012,58000,chevrolet,chevrolet beat diesel ps,diesel,dealer,manual,first owner,130000
2013,50300,tata,tata indigo cs elx bs iv,diesel,individual,manual,first owner,175000
2011,70000,tata,tata indigo cr4,diesel,individual,manual,second owner,150000
2011,60000,tata,tata indica vista tdi ls,diesel,individual,manual,third owner,195000
2020,90000,maruti,maruti ertiga 1.5 vdi,diesel,individual,manual,first owner,550000
2018,40000,isuzu,isuzu d-max v-cross standard,diesel,individual,manual,first owner,1500000
2010,80000,skoda,skoda superb 1.8 tfsi mt,petrol,individual,manual,second owner,400000
2019,15000,nissan,nissan kicks xv premium d bsiv,diesel,individual,manual,first owner,1350000
2015,45000,maruti,maruti swift 1.2 dlx,petrol,individual,manual,first owner,217000
2011,130000,maruti,maruti swift vdi bsiv,diesel,individual,manual,second owner,290000
2018,80000,mahindra,mahindra bolero power plus slx,diesel,individual,manual,first owner,700000
2014,40000,maruti,maruti alto 800 base,petrol,individual,manual,first owner,175000
2017,80000,volkswagen,volkswagen ameo 1.5 tdi highline 16 alloy,diesel,individual,manual,first owner,575000
2016,100000,maruti,maruti ritz ldi,diesel,individual,manual,second owner,380000
2013,151624,mahindra,mahindra xylo d4 bsiv,diesel,individual,manual,second owner,350000
2012,160000,renault,renault duster 85ps diesel rxl optional,diesel,individual,manual,first owner,450000
2005,110000,hyundai,hyundai santro at cng,cng,individual,manual,second owner,130000
2015,74820,maruti,maruti swift vdi bsiv,diesel,individual,manual,first owner,320000
2014,82000,mahindra,mahindra xuv500 w6 2wd,diesel,individual,manual,first owner,550000
2015,50000,maruti,maruti wagon r vxi bs iv,petrol,individual,manual,second owner,370000
2010,70000,chevrolet,chevrolet beat lt,petrol,individual,manual,second owner,114999
2020,1000,ford,ford ecosport sports petrol,petrol,individual,manual,first owner,1100000
2006,170000,hyundai,hyundai tucson crdi,diesel,individual,manual,first owner,170000
2008,150000,tata,tata indigo tdi,diesel,individual,manual,third owner,80000
2019,17000,ford,ford ecosport 1.5 diesel titanium bsiv,diesel,individual,manual,first owner,950000
2014,150000,maruti,maruti swift dzire vdi,diesel,individual,manual,first owner,425000
2015,80000,hyundai,hyundai i20 asta option 1.4 crdi,diesel,individual,manual,first owner,500000
2005,170000,hyundai,hyundai santro xing xg erlx euro iii,petrol,individual,manual,third owner,70000
2013,120000,honda,honda amaze s i-dtech,diesel,individual,manual,first owner,349000
2012,90000,hyundai,hyundai i20 1.2 sportz,petrol,individual,manual,third owner,330000
2010,90000,hyundai,hyundai santro xing gls,petrol,individual,manual,third owner,120000
2013,100000,hyundai,hyundai verna 1.6 sx crdi (o),diesel,individual,manual,second owner,430000
2014,90000,maruti,maruti swift vdi bsiv,diesel,individual,manual,first owner,390000
2012,129000,nissan,nissan micra diesel xv primo,diesel,individual,manual,first owner,225000
2010,186000,mahindra,mahindra scorpio vls at 2.2 mhawk,diesel,individual,automatic,second owner,350000
2009,66778,tata,tata sumo lx,diesel,individual,manual,first owner,100000
2014,50000,hyundai,hyundai eon era plus,petrol,individual,manual,first owner,190000
2014,110000,hyundai,hyundai i20 sportz 1.4 crdi,diesel,individual,manual,second owner,315000
2015,60000,hyundai,hyundai grand i10 crdi magna,diesel,individual,manual,second owner,300000
2016,40000,renault,renault kwid rxt,petrol,individual,manual,first owner,280000
2018,10000,tata,tata tiago 1.2 revotron xz,petrol,individual,manual,first owner,539000
2017,50000,maruti,maruti celerio zxi,petrol,individual,manual,first owner,420000
2001,70000,maruti,maruti omni e 8 str std,petrol,individual,manual,third owner,85000
2004,73000,opelcorsa,opelcorsa 1.6gls,petrol,individual,manual,fourth & above owner,142000
2014,76000,hyundai,hyundai eon d lite,petrol,individual,manual,second owner,180000
2014,120000,chevrolet,chevrolet tavera neo 3 max 9 str bsiii,diesel,individual,manual,second owner,400000
2009,170000,mahindra,mahindra scorpio vlx 2wd abs at bsiii,diesel,individual,automatic,third owner,360000
2003,110000,hyundai,hyundai santro xing xg,petrol,individual,manual,second owner,85000
2016,63400,honda,honda brio 1.2 s mt,petrol,individual,manual,first owner,350000
2015,25000,datsun,datsun go plus t bsiv,petrol,individual,manual,first owner,380000
2009,80000,hyundai,hyundai i10 era,petrol,individual,manual,third owner,140000
2012,90000,maruti,maruti wagon r vxi bs iv,petrol,individual,manual,first owner,200000
2011,157000,hyundai,hyundai santro xing gl,petrol,individual,manual,first owner,150000
2007,100000,mahindra,mahindra bolero slx 2wd,diesel,individual,manual,second owner,300000
2017,50000,renault,renault kwid rxt,petrol,individual,manual,first owner,280000
2011,40000,maruti,maruti alto k10 2010-2014 vxi,petrol,individual,manual,first owner,200000
2009,38500,chevrolet,chevrolet aveo u-va 1.2 lt wo abs airbag,petrol,individual,manual,second owner,110000
2008,103921,hyundai,hyundai i10 magna,petrol,individual,manual,second owner,140000
2018,14825,honda,honda city i-vtec vx,petrol,dealer,manual,first owner,1150000
2016,43377,honda,honda br-v i-dtec vx mt,diesel,dealer,manual,first owner,910000
2010,102307,ford,ford figo diesel titanium,diesel,dealer,manual,first owner,160000
2004,79000,maruti,maruti zen lx,petrol,individual,manual,second owner,105000
2004,90000,maruti,maruti wagon r lxi,petrol,individual,manual,fourth & above owner,70000
2012,110000,chevrolet,chevrolet beat diesel,diesel,individual,manual,first owner,160000
2013,80000,chevrolet,chevrolet sail hatchback lt abs,diesel,individual,manual,first owner,225000
2002,100000,honda,honda city 1.3 exi,petrol,individual,manual,first owner,145000
2018,20000,ford,ford ecosport 1.5 diesel titanium plus bsiv,diesel,individual,manual,first owner,930000
2008,154000,hyundai,hyundai getz 1.5 crdi gvs,diesel,individual,manual,third owner,110000
2017,40000,renault,renault lodgy stepway 85ps rxz 8s,diesel,individual,manual,first owner,650000
2019,51000,maruti,maruti swift vxi,petrol,individual,manual,first owner,550000
2008,120000,maruti,maruti alto lx bsiii,petrol,individual,manual,second owner,85000
2016,35000,toyota,toyota etios 1.5 v,petrol,individual,manual,first owner,509999
2017,70000,maruti,maruti baleno alpha 1.3,diesel,individual,manual,first owner,650000
2011,60000,chevrolet,chevrolet spark 1.0 ls,petrol,individual,manual,second owner,140000
2011,70000,maruti,maruti alto lxi,petrol,individual,manual,first owner,150000
2018,10000,datsun,datsun go plus a option petrol,petrol,individual,manual,second owner,450000
2006,245244,hyundai,hyundai accent crdi,diesel,individual,manual,fourth & above owner,170000
2017,60000,renault,renault kwid 1.0 rxt optional,petrol,individual,manual,first owner,400000
2016,30000,tata,tata tiago 1.2 revotron xe,petrol,individual,manual,first owner,300000
2012,8000,maruti,maruti alto 800 base,petrol,individual,manual,first owner,250000
2019,10000,tata,tata tigor 1.2 revotron xm,petrol,individual,manual,first owner,500000
2002,100000,hyundai,hyundai accent crdi,diesel,individual,manual,third owner,85000
2012,110000,nissan,nissan sunny diesel xl,diesel,individual,manual,first owner,300000
2015,45000,mahindra,mahindra xuv500 at w8 fwd,diesel,dealer,automatic,first owner,740000
2005,68500,hyundai,hyundai santro xing xg,petrol,dealer,manual,first owner,70000
2019,5007,hyundai,hyundai santro sportz amt,petrol,dealer,automatic,first owner,484999
2013,30000,nissan,nissan micra active xv s,petrol,individual,manual,first owner,164000
2008,70000,honda,honda city 1.5 v at,petrol,individual,automatic,first owner,140000
2011,49600,mercedes-benz,mercedes-benz e-class e250 cdi elegance,diesel,dealer,automatic,first owner,999000
2005,23000,maruti,maruti alto lxi,petrol,individual,manual,second owner,56000
2006,30000,bmw,bmw 7 series 730ld,diesel,dealer,automatic,first owner,1050000
2010,38000,hyundai,hyundai verna 1.6 vtvt,petrol,dealer,manual,first owner,190000
2018,22000,audi,audi q5 3.0 tdi quattro technology,diesel,dealer,automatic,first owner,3899000
2011,43100,hyundai,hyundai i10 sportz 1.2,petrol,dealer,manual,first owner,235000
2017,10171,datsun,datsun go plus t,petrol,dealer,manual,first owner,350000
2015,41123,renault,renault duster 110ps diesel rxl,diesel,dealer,manual,first owner,465000
2017,20118,toyota,toyota camry hybrid 2.5,petrol,dealer,automatic,first owner,1900000
2014,40000,honda,honda city i dtec sv,diesel,dealer,manual,first owner,450000
2015,52517,volkswagen,volkswagen jetta 2.0l tdi highline,diesel,dealer,manual,first owner,790000
2019,20000,mahindra,mahindra marazzo m2 8str,diesel,individual,manual,first owner,900000
2014,99117,ford,ford ecosport 1.5 dv5 mt titanium optional,diesel,dealer,manual,first owner,450000
2009,90000,chevrolet,chevrolet spark 1.0 ls,petrol,individual,manual,first owner,135000
2019,3700,maruti,maruti celerio zxi mt bsiv,petrol,individual,manual,first owner,425000
2010,80000,tata,tata indica vista terra 1.4 tdi,diesel,individual,manual,first owner,100000
2015,100000,ford,ford ecosport 1.5 tdci titanium bsiv,diesel,individual,manual,second owner,650000
2011,54000,tata,tata indica vista aqua 1.4 tdi,diesel,individual,manual,first owner,90000
2017,19000,hyundai,hyundai eon era plus,petrol,individual,manual,first owner,250000
2014,120000,maruti,maruti swift dzire vdi,diesel,individual,manual,first owner,300000
2014,30000,maruti,maruti wagon r vxi bs iv,petrol,individual,manual,first owner,275000
2017,43500,honda,honda brv i-vtec v mt,petrol,individual,manual,first owner,600000
2016,60000,renault,renault kwid rxt,petrol,individual,manual,second owner,270000
2016,70000,renault,renault kwid rxt optional,petrol,individual,manual,second owner,240000
2016,20000,renault,renault kwid 1.0 rxt optional,petrol,individual,manual,first owner,350000
1998,60000,maruti,maruti omni 5 str std,petrol,dealer,manual,third owner,65000
2015,58000,maruti,maruti swift dzire vdi,diesel,individual,manual,first owner,650000
2014,40000,maruti,maruti wagon r lx bs iv,petrol,dealer,manual,first owner,350000
2005,70000,maruti,maruti wagon r lxi,petrol,individual,manual,second owner,75000
2012,70000,hyundai,hyundai i20 asta (o) 1.4 crdi (diesel),diesel,dealer,manual,first owner,440000
2013,60000,hyundai,hyundai santro xing gls,petrol,individual,manual,first owner,270000
2014,135000,toyota,toyota innova 2.5 v diesel 7-seater,diesel,dealer,manual,first owner,1150000
2015,70000,maruti,maruti omni 8 seater bsii,petrol,dealer,manual,first owner,238000
2013,40000,mercedes-benz,mercedes-benz b class b180 sports,petrol,individual,automatic,second owner,1100000
2015,75000,mahindra,mahindra xuv500 w10 2wd,diesel,dealer,manual,second owner,1200000
2010,150000,skoda,skoda fabia 1.2l diesel ambiente,diesel,individual,manual,first owner,260000
2012,140000,toyota,toyota etios vd,diesel,individual,manual,third owner,350000
2015,70000,toyota,toyota etios liva vd,diesel,individual,manual,first owner,480000
2012,137250,toyota,toyota etios liva gd,diesel,individual,manual,second owner,345000
2013,110000,mahindra,mahindra scorpio m2di,diesel,individual,manual,second owner,500000
2017,27000,hyundai,hyundai grand i10 asta option,petrol,dealer,manual,first owner,595000
2019,9000,hyundai,hyundai verna crdi 1.6 sx option,diesel,dealer,manual,first owner,1295000
2019,5400,volkswagen,volkswagen vento 1.5 tdi highline bsiv,diesel,dealer,manual,test drive car,1350000
2020,1000,renault,renault kwid climber 1.0 mt opt bsiv,petrol,dealer,manual,test drive car,541000
2018,16000,hyundai,hyundai santro asta,petrol,dealer,manual,first owner,515000
2019,13000,ford,ford figo aspire titanium plus diesel,diesel,dealer,manual,test drive car,894999
2012,47000,renault,renault pulse rxz optional,diesel,dealer,manual,first owner,325000
2018,22000,maruti,maruti ciaz 1.4 alpha,petrol,individual,manual,first owner,925000
2017,30000,nissan,nissan terrano xl p,petrol,individual,manual,first owner,844999
2018,20000,maruti,maruti ciaz 1.4 alpha,petrol,individual,manual,first owner,925000
2013,60000,tata,tata manza club class quadrajet90 lx,diesel,individual,manual,first owner,300000
2008,75000,toyota,toyota camry m/t,petrol,individual,manual,second owner,650000
2010,64000,maruti,maruti alto k10 lxi,petrol,dealer,manual,first owner,175000
2015,80000,maruti,maruti sx4 s cross ddis 320 delta,diesel,individual,manual,first owner,325000
2017,90000,renault,renault duster 85ps diesel rxz,diesel,individual,manual,first owner,600000
2018,30000,maruti,maruti swift zxi plus,petrol,individual,manual,first owner,700000
2003,120000,toyota,toyota corolla h3,petrol,individual,automatic,second owner,95000
2019,20000,maruti,maruti celerio zxi,petrol,dealer,manual,first owner,490000
2013,100000,tata,tata safari dicor 2.2 ex 4x2,diesel,individual,manual,first owner,380000
2018,31000,hyundai,hyundai grand i10 1.2 kappa sportz dual tone,petrol,dealer,manual,first owner,550000
2013,47000,maruti,maruti alto 800 lxi,petrol,dealer,manual,first owner,225000
2018,11200,tata,tata nexon 1.2 revotron xm,petrol,individual,manual,first owner,570000
2018,35000,maruti,maruti alto 800 lxi,petrol,dealer,manual,first owner,305000
2010,50000,maruti,maruti wagon r duo lxi,lpg,dealer,manual,first owner,240000
2015,55000,maruti,maruti ertiga shvs vdi,diesel,dealer,manual,first owner,700000
2018,20000,maruti,maruti omni e mpi std bs iv,petrol,dealer,manual,first owner,288000
2017,75000,mahindra,mahindra bolero b4,diesel,dealer,manual,first owner,800000
2017,93000,maruti,maruti celerio vxi,petrol,dealer,manual,first owner,430000
2009,57000,chevrolet,chevrolet beat diesel lt option,diesel,dealer,manual,second owner,195000
2014,30000,maruti,maruti eeco smiles 5 seater ac,petrol,dealer,manual,first owner,325000
2013,73000,renault,renault duster 85ps diesel rxe,diesel,dealer,manual,first owner,450000
2016,65000,maruti,maruti swift dzire vdi,diesel,dealer,manual,first owner,630000
2009,62000,maruti,maruti swift 1.3 vxi,petrol,dealer,manual,second owner,250000
2007,85000,hyundai,hyundai santro gls i - euro ii,petrol,dealer,manual,first owner,135000
2010,73000,chevrolet,chevrolet spark 1.0 ps,petrol,individual,manual,first owner,110000
2012,55000,maruti,maruti swift zdi,diesel,dealer,manual,first owner,350000
2016,5800,maruti,maruti omni e mpi std bs iv,petrol,individual,manual,second owner,240000
2009,350000,toyota,toyota innova 2.5 v diesel 8-seater,diesel,individual,manual,first owner,350000
2018,30000,maruti,maruti swift zxi plus,petrol,individual,manual,first owner,600000
2018,20000,maruti,maruti swift dzire vdi,diesel,individual,manual,first owner,750000
2018,20000,hyundai,hyundai eon era plus,petrol,individual,manual,first owner,270000
2007,100000,maruti,maruti alto lxi,petrol,individual,manual,second owner,90000
2013,65000,maruti,maruti wagon r stingray vxi,petrol,individual,manual,first owner,350000
2013,90000,ford,ford figo diesel celebration edition,diesel,individual,manual,second owner,285000
2011,267000,toyota,toyota innova 2.5 e diesel ms 7-seater,diesel,individual,manual,second owner,665000
2005,250000,mahindra,mahindra scorpio 2.6 crde,diesel,individual,manual,second owner,175000
2011,140000,mahindra,mahindra xylo d2,diesel,individual,manual,second owner,350000
2018,22000,honda,honda city i-vtec cvt zx,petrol,dealer,automatic,first owner,1225000
2010,60000,honda,honda jazz select edition active,petrol,dealer,manual,second owner,285000
2018,28635,honda,honda city i-vtec vx,petrol,dealer,manual,first owner,1000000
2018,32114,honda,honda amaze vx diesel bsiv,diesel,dealer,manual,first owner,780000
2014,82000,maruti,maruti celerio vxi,petrol,dealer,manual,second owner,300000
2006,95149,maruti,maruti swift vxi bsiii,petrol,dealer,manual,second owner,160000
2018,68458,honda,honda amaze vx i-vtec,petrol,dealer,manual,first owner,625000
2010,42000,maruti,maruti ritz vxi,petrol,individual,manual,first owner,265000
2014,90000,honda,honda city i dtec v,diesel,individual,manual,second owner,515000
2016,100000,hyundai,hyundai i20 active 1.4 sx,diesel,individual,manual,first owner,650000
2017,80000,mahindra,mahindra tuv 300 t8,diesel,individual,manual,first owner,650000
2010,105546,hyundai,hyundai getz 1.3 gls,petrol,individual,manual,first owner,150000
2018,10000,toyota,toyota etios liva 1.2 v,petrol,individual,manual,first owner,500000
2012,80000,toyota,toyota innova 2.5 gx 7 str bsiv,diesel,individual,manual,second owner,1000000
2013,35000,hyundai,hyundai i20 magna optional 1.2,petrol,individual,manual,first owner,340000
2013,120000,toyota,toyota innova 2.5 g (diesel) 8 seater,diesel,individual,manual,first owner,1010000
2011,120000,toyota,toyota etios gd,diesel,individual,manual,third owner,350000
2016,70000,maruti,maruti swift vdi bsiv,diesel,individual,manual,first owner,595000
2014,130000,mahindra,mahindra scorpio vlx 2wd bsiv,diesel,individual,manual,third owner,700000
2019,40000,renault,renault kwid rxl,petrol,individual,manual,first owner,265000
2015,60000,maruti,maruti alto k10 vxi,petrol,individual,manual,second owner,320000
2011,110000,honda,honda city 1.5 s mt,petrol,individual,manual,first owner,310000
2014,130000,honda,honda city i dtec vx,diesel,individual,manual,first owner,700000
2009,80000,maruti,maruti alto lxi bsiii,petrol,individual,manual,second owner,130000
2009,120000,maruti,maruti swift dzire vdi,diesel,individual,manual,second owner,150000
2015,104000,honda,honda amaze e i-dtech,diesel,individual,manual,second owner,300000
2011,100000,maruti,maruti swift dzire lxi,petrol,individual,manual,second owner,150000
2003,132343,honda,honda city 1.3 exi,petrol,individual,manual,second owner,120000
2016,90000,hyundai,hyundai creta 1.4 crdi s plus,diesel,individual,manual,second owner,950000
2007,60000,maruti,maruti wagon r vxi bs iv,petrol,individual,manual,second owner,100000
2015,76000,honda,honda jazz 1.5 sv i dtec,diesel,individual,manual,first owner,450000
2004,60000,maruti,maruti 800 ex,petrol,individual,manual,third owner,30000
2009,30000,mahindra,mahindra renault logan 1.6 petrol glsx,petrol,individual,manual,second owner,200000
2010,96000,tata,tata indigo ls,diesel,individual,manual,second owner,250000
2015,26134,maruti,maruti alto vxi,petrol,dealer,manual,first owner,280000
2011,52895,maruti,maruti ritz vdi,diesel,dealer,manual,first owner,260000
2013,42324,hyundai,hyundai verna sx diesel,diesel,dealer,manual,second owner,550000
2016,65000,mahindra,mahindra xuv500 w10 1.99 mhawk,diesel,dealer,manual,first owner,1044999
2012,60236,mahindra,mahindra scorpio ex,diesel,dealer,manual,first owner,550000
2014,70000,maruti,maruti wagon r vxi bs iv,petrol,individual,manual,second owner,210000
2014,70000,maruti,maruti wagon r vxi bs iv,petrol,individual,manual,third owner,210000
2009,100000,mahindra,mahindra xylo e8,diesel,individual,manual,second owner,290000
2008,110000,fiat,fiat 500 lounge,diesel,individual,manual,first owner,250999
2019,10300,renault,renault triber rxt bsiv,petrol,individual,manual,first owner,600000
2014,120000,fiat,fiat grande punto evo 1.3 active,diesel,individual,manual,second owner,270000
2012,142000,tata,tata new safari 4x4 ex,diesel,individual,manual,first owner,550000
2017,25000,mahindra,mahindra tuv 300 mhawk100 t8,diesel,individual,manual,first owner,800000
2020,5000,tata,tata altroz xe,petrol,individual,manual,first owner,500000
2016,28643,hyundai,hyundai grand i10 1.2 kappa sportz bsiv,petrol,dealer,manual,first owner,396000
2014,50000,honda,honda city i dtec vx,diesel,individual,manual,first owner,600000
2019,30000,maruti,maruti wagon r zxi 1.2,petrol,dealer,manual,first owner,575000
2020,5000,hyundai,hyundai santro sportz bsiv,petrol,individual,manual,first owner,520000
2018,30000,mahindra,mahindra xuv500 at w10 fwd,diesel,individual,automatic,first owner,1400000
2018,7600,maruti,maruti baleno delta automatic,petrol,individual,automatic,first owner,600000
2013,47253,chevrolet,chevrolet beat diesel ls,diesel,dealer,manual,first owner,195000
2015,4432,maruti,maruti alto k10 vxi ags,petrol,dealer,automatic,second owner,281000
2010,110000,tata,tata indica gls bs iv,petrol,individual,manual,second owner,75000
2014,25000,hyundai,hyundai grand i10 sportz,petrol,individual,manual,first owner,400000
2009,70000,tata,tata indica vista terra 1.4 tdi,diesel,individual,manual,second owner,93000
2016,68523,hyundai,hyundai i20 active s petrol,petrol,dealer,manual,first owner,560000
2019,5000,hyundai,hyundai eon 1.0 era plus,petrol,individual,manual,first owner,400000
2018,40000,tata,tata tigor 1.2 revotron xt,petrol,individual,manual,first owner,459999
2017,43000,hyundai,hyundai xcent 1.2 crdi e,diesel,individual,manual,first owner,450000
2010,80251,maruti,maruti alto green lxi (cng),cng,dealer,manual,second owner,88000
2010,34500,hyundai,hyundai i20 1.2 era,petrol,individual,manual,second owner,250000
2000,42743,ford,ford ikon 1.4 zxi,petrol,dealer,manual,third owner,22000
2013,93900,chevrolet,chevrolet beat diesel ls,diesel,individual,manual,second owner,130000
2004,80000,maruti,maruti zen vxi - bs iii,petrol,individual,manual,first owner,79000
2012,110000,chevrolet,chevrolet beat diesel ls,diesel,individual,manual,first owner,120000
2011,100000,bmw,bmw 7 series 730ld,diesel,individual,automatic,second owner,1700000
2012,25000,chevrolet,chevrolet optra magnum 2.0 lt,diesel,individual,manual,first owner,300000
2009,25000,maruti,maruti a-star lxi,petrol,individual,manual,first owner,145000
2019,20000,ford,ford endeavour 3.2 titanium at 4x4,diesel,individual,automatic,first owner,3200000
2013,10000,chevrolet,chevrolet spark 1.0 lt,petrol,individual,manual,first owner,240000
2018,30000,honda,honda wr-v i-dtec vx,diesel,individual,manual,first owner,700000
2010,110000,hyundai,hyundai accent glx,petrol,individual,manual,second owner,145000
2014,80000,maruti,maruti ertiga vdi limited edition,diesel,individual,manual,second owner,535000
2016,21000,mahindra,mahindra kuv 100 mfalcon g80 k2 plus,petrol,individual,manual,first owner,420000
2016,20000,maruti,maruti alto k10 vxi,petrol,individual,manual,first owner,350000
2015,32000,maruti,maruti swift vdi bsiv,diesel,individual,manual,first owner,550000
2007,180000,mitsubishi,mitsubishi montero 3.2 mt,diesel,individual,manual,first owner,750000
2012,70000,tata,tata indica vista aqua 1.3 quadrajet abs bsiv,diesel,individual,manual,second owner,198000
2013,50000,hyundai,hyundai i20 magna optional 1.4 crdi,diesel,individual,manual,first owner,420000
2004,120000,ford,ford endeavour 4x2 xlt,diesel,individual,manual,first owner,195000
2012,55766,hyundai,hyundai eon sportz,petrol,individual,manual,second owner,150000
2011,40000,nissan,nissan micra xl,petrol,individual,manual,second owner,275000
2001,60000,maruti,maruti 800 std,petrol,individual,manual,third owner,65000
2008,50000,maruti,maruti swift lxi bsiv,petrol,individual,manual,first owner,200000
2010,110000,maruti,maruti swift dzire vdi,diesel,individual,manual,second owner,250000
2013,100000,tata,tata indigo tdi,diesel,individual,manual,first owner,182000
2001,86000,maruti,maruti zen vx,petrol,individual,manual,second owner,85000
2013,50000,maruti,maruti swift vdi,diesel,individual,manual,first owner,400000
2017,20000,maruti,maruti baleno delta 1.3,diesel,individual,manual,first owner,650000
2010,50000,hyundai,hyundai i10 magna 1.2,petrol,individual,manual,first owner,400000
2012,80000,tata,tata manza aura (abs) quadrajet bs iv,diesel,individual,manual,second owner,295000
2006,135000,maruti,maruti omni lpg std bsiv,lpg,individual,manual,fourth & above owner,60000
2003,120000,maruti,maruti zen d ps,diesel,individual,manual,third owner,110000
2015,113600,fiat,fiat linea 1.3 multijet emotion,diesel,individual,manual,first owner,550000
2008,70000,hyundai,hyundai santro xing gls,petrol,individual,manual,third owner,190000
2018,20000,ford,ford aspire titanium plus diesel bsiv,diesel,dealer,manual,first owner,861999
2018,14000,ford,ford aspire titanium plus bsiv,petrol,dealer,manual,first owner,782000
2018,26000,ford,ford freestyle titanium plus diesel bsiv,diesel,dealer,manual,first owner,836000
2016,138925,honda,honda city i vtec v,petrol,dealer,manual,first owner,696000
2016,121764,honda,honda jazz 1.5 vx i dtec,diesel,dealer,manual,first owner,596000
2016,105429,honda,honda jazz 1.2 vx i vtec,petrol,dealer,manual,first owner,612000
2015,35000,maruti,maruti alto 800 lxi,petrol,individual,manual,first owner,114999
2017,60000,tata,tata bolt quadrajet xe,diesel,individual,manual,first owner,340000
2020,5000,maruti,maruti swift zxi plus,petrol,individual,manual,first owner,550000
2008,70000,chevrolet,chevrolet aveo u-va 1.2 lt,petrol,individual,manual,third owner,114999
2000,80000,maruti,maruti wagon r vxi,petrol,individual,manual,first owner,105000
2019,20000,maruti,maruti vitara brezza zdi,diesel,individual,manual,first owner,890000
2019,8000,tata,tata nexon 1.2 revotron xz plus,petrol,individual,manual,first owner,715000
2014,54000,hyundai,hyundai i20 asta (o),petrol,dealer,manual,second owner,525000
2014,23122,hyundai,hyundai i20 asta 1.2,petrol,dealer,manual,second owner,475000
2012,44500,chevrolet,chevrolet cruze lt,diesel,dealer,manual,second owner,349000
2017,13599,volkswagen,volkswagen polo gti,petrol,dealer,automatic,first owner,825000
2014,100000,mahindra,mahindra scorpio sle bsiv,diesel,individual,manual,second owner,550000
2006,110000,maruti,maruti swift 1.3 vxi abs,petrol,individual,manual,third owner,95000
2014,90000,toyota,toyota innova 2.5 g (diesel) 7 seater,diesel,individual,manual,second owner,725000
2019,17000,tata,tata tigor 1.2 revotron xz option,petrol,individual,manual,first owner,670000
2008,140000,maruti,maruti alto lx,petrol,individual,manual,first owner,65000
2015,50000,mahindra,mahindra xylo d4,diesel,individual,manual,second owner,500000
2017,53000,mahindra,mahindra kuv 100 mfalcon g80 k8 5str,petrol,individual,manual,first owner,600000
2017,70000,maruti,maruti wagon r vxi optional,petrol,individual,manual,second owner,350000
2012,70000,chevrolet,chevrolet beat diesel lt,diesel,individual,manual,second owner,200000
2012,80000,hyundai,hyundai eon sportz,petrol,individual,manual,first owner,150000
2003,110000,maruti,maruti zen d ps,diesel,individual,manual,second owner,75000
2013,90000,honda,honda amaze ex i-dtech,diesel,individual,manual,second owner,350000
2018,15000,toyota,toyota innova crysta 2.4 vx mt 8s bsiv,diesel,individual,manual,first owner,1700000
2011,86000,bmw,bmw x1 sdrive20d,diesel,individual,automatic,second owner,890000
2014,120000,mahindra,mahindra scorpio m2di,diesel,individual,manual,first owner,500000
2019,5200,hyundai,hyundai elite i20 sportz plus dual tone bsiv,petrol,individual,manual,first owner,600000
2010,60000,chevrolet,chevrolet beat ls,petrol,individual,manual,second owner,99000
2011,46000,hyundai,hyundai i10 era 1.1 itech se,petrol,individual,manual,first owner,235000
2006,40000,tata,tata indigo glx,petrol,individual,manual,second owner,75000
2014,90000,honda,honda city i dtec vx,diesel,individual,manual,second owner,600000
2019,25000,hyundai,hyundai verna crdi 1.6 sx,diesel,individual,manual,second owner,1000000
2012,90000,hyundai,hyundai verna 1.6 sx,diesel,individual,manual,first owner,390000
2015,70000,volkswagen,volkswagen polo 1.5 tdi highline,diesel,individual,manual,first owner,600000
2017,70000,hyundai,hyundai i20 1.2 spotz,petrol,individual,manual,second owner,600000
2019,35000,hyundai,hyundai elite i20 magna plus diesel,diesel,individual,manual,second owner,730000
2017,12700,hyundai,hyundai grand i10 1.2 kappa magna at,petrol,individual,automatic,first owner,450000
2011,80000,maruti,maruti ritz ldi,diesel,individual,manual,first owner,250000
2018,20000,mahindra,mahindra xuv500 w10 2wd,diesel,individual,manual,first owner,1400000
2018,20000,renault,renault kwid 1.0 rxt optional,petrol,individual,manual,first owner,300000
2017,19000,ford,ford ecosport 1.5 petrol titanium bsiv,petrol,individual,manual,first owner,800000
2009,95000,fiat,fiat grande punto active (diesel),diesel,individual,manual,second owner,125000
2012,90000,volkswagen,volkswagen polo diesel trendline 1.2l,diesel,individual,manual,first owner,295000
2013,45839,ford,ford ecosport 1.0 ecoboost platinum edition bsiv,petrol,dealer,manual,first owner,650000
2010,74510,chevrolet,chevrolet aveo 1.4 ls,petrol,dealer,manual,first owner,200000
2009,87293,chevrolet,chevrolet aveo u-va 1.2 ls,petrol,dealer,manual,first owner,130000
2012,156040,ford,ford figo diesel exi,diesel,dealer,manual,first owner,250000
2004,93415,ford,ford endeavour 2.5l 4x2 mt,diesel,dealer,manual,first owner,400000
2017,101159,ford,ford aspire titanium bsiv,petrol,dealer,manual,first owner,430000
2015,80000,hyundai,hyundai eon 1.0 kappa magna plus,petrol,individual,manual,second owner,170000
2019,12000,tata,tata tiago 2019-2020 xz,petrol,individual,manual,first owner,450000
2013,90000,maruti,maruti swift zxi,petrol,individual,manual,first owner,350000
2011,68519,chevrolet,chevrolet spark 1.0 lt,petrol,dealer,manual,first owner,130000
2012,55130,chevrolet,chevrolet beat diesel ls,diesel,dealer,manual,first owner,180000
2014,65239,ford,ford ecosport 1.0 ecoboost titanium optional,petrol,dealer,manual,first owner,475000
2015,58182,volkswagen,volkswagen polo 1.2 mpi comfortline,petrol,dealer,manual,first owner,470000
2012,91245,ford,ford fiesta diesel trend,diesel,dealer,manual,first owner,200000
2013,102989,mahindra,mahindra xuv500 w8 2wd,diesel,dealer,manual,first owner,650000
2010,50000,honda,honda city 1.5 e mt,petrol,individual,manual,first owner,400000
2000,120000,maruti,maruti zen vxi,petrol,individual,manual,first owner,100000
2014,90000,maruti,maruti swift dzire vdi,diesel,individual,manual,first owner,409999
2018,25000,maruti,maruti swift vdi bsiv,diesel,individual,manual,first owner,640000
2007,80000,maruti,maruti wagon r lxi minor,petrol,individual,manual,second owner,160000
2018,70000,maruti,maruti baleno zeta 1.3,diesel,individual,manual,first owner,750000
2002,50000,mahindra,mahindra jeep mm 550 xdb,diesel,individual,manual,third owner,150000
2008,100000,maruti,maruti alto std,petrol,individual,manual,second owner,80000
2016,90000,maruti,maruti celerio vdi,diesel,individual,manual,third owner,240000
2005,60000,maruti,maruti esteem lxi,petrol,individual,manual,third owner,60000
2007,120000,maruti,maruti alto lx,petrol,individual,manual,third owner,70000
2008,90000,volkswagen,volkswagen jetta 1.9 highline tdi,diesel,individual,automatic,second owner,285000
2015,60000,maruti,maruti swift vdi bsiv,diesel,individual,manual,second owner,350000
2015,30000,hyundai,hyundai i20 active 1.4 sx with avn,diesel,individual,manual,second owner,699000
2011,108000,ford,ford figo diesel zxi,diesel,individual,manual,second owner,275000
2012,160000,hyundai,hyundai i20 1.4 crdi magna,diesel,individual,manual,second owner,350000
2006,90000,maruti,maruti alto lxi bsiii,petrol,individual,manual,third owner,135000
2010,120000,mahindra,mahindra xylo e4 8s,diesel,individual,manual,third owner,325000
2012,102000,mahindra,mahindra xuv500 w8 2wd,diesel,individual,manual,second owner,650000
2009,178000,mahindra,mahindra bolero sle,diesel,individual,manual,second owner,300000
2014,200000,toyota,toyota innova 2.5 vx (diesel) 8 seater,diesel,individual,manual,second owner,1200000
2012,60000,ford,ford fiesta petrol trend,petrol,dealer,manual,first owner,450000
2019,3000,tata,tata tiago 1.2 revotron xe,petrol,individual,manual,first owner,425000
2006,75118,maruti,maruti alto lxi,petrol,individual,manual,second owner,150000
2013,140000,maruti,maruti ritz ldi,diesel,individual,manual,second owner,290000
2014,60000,hyundai,hyundai xcent 1.2 kappa base,petrol,individual,manual,second owner,335000
2006,79000,chevrolet,chevrolet optra 1.6,petrol,dealer,manual,fourth & above owner,120000
2005,25000,ford,ford ikon 1.6 zxi nxt,petrol,individual,manual,second owner,20000
2012,70000,tata,tata indigo ls,diesel,individual,manual,second owner,220000
2005,4637,ford,ford ikon 1.3 flair,petrol,individual,manual,second owner,61000
2016,70000,maruti,maruti swift vdi bsiv,diesel,individual,manual,first owner,620000
2014,100000,maruti,maruti swift dzire ldix limited edition,diesel,individual,manual,second owner,425000
2009,120000,tata,tata indica vista aqua 1.3 quadrajet,diesel,individual,manual,second owner,85000
2015,40000,maruti,maruti swift 1.3 dlx,diesel,individual,manual,second owner,270000
2009,220000,maruti,maruti swift vdi bsiii,diesel,individual,manual,first owner,180000
2017,30000,mahindra,mahindra kuv 100 mfalcon g80 k2,petrol,individual,manual,first owner,450000
2012,42655,tata,tata new safari dicor 2.2 vx 4x4,diesel,individual,manual,first owner,450000
2017,43000,renault,renault kwid 1.0 rxl,petrol,individual,manual,second owner,250000
2012,70000,toyota,toyota innova 2.5 vx 8 str bsiv,diesel,individual,manual,first owner,725000
2010,55000,hyundai,hyundai i20 magna,petrol,individual,manual,first owner,250000
2010,80000,fiat,fiat punto 1.3 active,diesel,individual,manual,second owner,99000
2017,55000,renault,renault kwid 1.0,petrol,individual,manual,first owner,350000
2018,70000,hyundai,hyundai xcent 1.2 vtvt e plus,petrol,individual,manual,first owner,511000
2012,80000,maruti,maruti ritz vdi,diesel,individual,manual,first owner,300000
2010,110000,audi,audi q5 2.0 tfsi quattro,petrol,individual,automatic,first owner,1100000
2010,60000,hyundai,hyundai i10 sportz 1.2,petrol,individual,manual,third owner,125000
2018,30000,tata,tata tiago 1.2 revotron xz,petrol,individual,manual,first owner,500000
2013,80000,renault,renault duster 85ps diesel rxl,diesel,individual,manual,second owner,385000
2012,90000,skoda,skoda rapid 1.6 mpi elegance,petrol,individual,manual,first owner,350000
2003,50000,maruti,maruti 800 std bsiii,petrol,individual,manual,first owner,60000
2012,50000,hyundai,hyundai santro xing gls,petrol,individual,manual,first owner,300000
2012,70000,hyundai,hyundai i20 1.4 crdi asta,diesel,individual,manual,first owner,400000
2014,110000,ford,ford ecosport 1.5 dv5 mt titanium,diesel,individual,manual,first owner,550000
2012,80000,nissan,nissan sunny xl,petrol,individual,manual,second owner,300000
2012,156000,maruti,maruti swift vdi,diesel,individual,manual,first owner,250000
2012,180000,toyota,toyota innova 2.5 gx 7 str,diesel,individual,manual,first owner,800000
2018,25000,maruti,maruti eeco 5 seater ac bsiv,petrol,individual,manual,first owner,300000
2004,120000,maruti,maruti alto lx,petrol,individual,manual,first owner,80000
2020,11000,mahindra,mahindra scorpio s5 bsiv,diesel,individual,manual,first owner,1200000
2017,40000,renault,renault kwid amt,petrol,individual,automatic,first owner,355000
2015,50000,maruti,maruti swift dzire vdi,diesel,individual,manual,first owner,520000
2012,26000,hyundai,hyundai verna 1.6 crdi,diesel,individual,manual,first owner,500000
2008,30000,maruti,maruti alto lxi,petrol,individual,manual,first owner,114999
2014,50000,toyota,toyota fortuner 4x2 manual,diesel,individual,manual,first owner,1800000
2018,20000,mahindra,mahindra tuv 300 t6 plus,diesel,individual,manual,first owner,800000
2008,30000,maruti,maruti alto lxi bsiii,petrol,individual,manual,second owner,105000
2011,78000,maruti,maruti alto lxi,petrol,individual,manual,first owner,135000
2011,40000,maruti,maruti wagon r vxi bs iv,petrol,individual,manual,second owner,170000
2014,100000,hyundai,hyundai verna 1.6 sx vtvt,petrol,individual,manual,first owner,550000
2009,70000,honda,honda city 1.5 v mt,petrol,individual,manual,third owner,250000
2014,30000,hyundai,hyundai elantra crdi sx,diesel,individual,manual,second owner,650000
2008,77000,honda,honda city 1.5 v at exclusive,petrol,individual,automatic,third owner,210000
2011,150000,volkswagen,volkswagen vento diesel highline,diesel,individual,manual,first owner,260000
2016,69000,maruti,maruti swift dzire zdi,diesel,individual,manual,first owner,750000
2016,120000,toyota,toyota innova crysta 2.8 gx at bsiv,diesel,individual,automatic,first owner,1350000
2012,120000,maruti,maruti ritz vdi,diesel,individual,manual,second owner,220000
2008,110000,hyundai,hyundai getz 1.3 gls,petrol,individual,manual,second owner,110000
2017,70000,mahindra,mahindra xuv500 at w8 fwd,diesel,individual,automatic,first owner,1230000
2013,110000,mahindra,mahindra quanto c6,diesel,individual,manual,first owner,220000
2009,50000,tata,tata indigo lx dicor,diesel,individual,manual,first owner,130000
2012,44000,hyundai,hyundai i20 1.2 magna,petrol,individual,manual,first owner,330000
2010,90000,honda,honda city 1.5 s mt,petrol,individual,manual,second owner,254999
2014,50000,hyundai,hyundai verna 1.6 sx vtvt (o),petrol,individual,manual,second owner,600000
2012,50000,hyundai,hyundai i10 magna,petrol,individual,manual,first owner,210000
2014,146000,chevrolet,chevrolet enjoy tcdi lt 7 seater,diesel,individual,manual,first owner,300000
2018,15000,tata,tata tiago 1.2 revotron xta,petrol,individual,automatic,first owner,426000
2015,60000,maruti,maruti alto k10 vxi,petrol,individual,manual,first owner,265000
2016,35000,hyundai,hyundai xcent 1.2 kappa sx,petrol,individual,manual,second owner,450000
2012,80000,hyundai,hyundai verna 1.6 sx,diesel,individual,manual,first owner,480000
2010,90000,tata,tata nano lx,petrol,individual,manual,first owner,40000
2011,70000,honda,honda city 1.5 s mt,petrol,individual,manual,second owner,395000
2013,62000,maruti,maruti wagon r vxi bs iv,petrol,individual,manual,second owner,229999
2018,10000,ford,ford ecosport 1.5 petrol titanium plus at,petrol,individual,automatic,first owner,875000
2010,80000,maruti,maruti eeco 5 str with ac plus htr cng,cng,individual,manual,fourth & above owner,170000
2015,35000,hyundai,hyundai i20 sportz 1.2,petrol,individual,manual,second owner,500000
2019,40000,maruti,maruti ignis 1.2 sigma bsiv,petrol,individual,manual,first owner,450000
2012,120000,maruti,maruti ertiga vdi,diesel,individual,manual,third owner,550000
2013,60000,tata,tata manza aura safire bs iv,petrol,individual,manual,first owner,200000
2008,90000,tata,tata indica gls bs iv,petrol,individual,manual,second owner,80000
2010,250000,tata,tata new safari dicor 2.2 ex 4x2,diesel,individual,manual,second owner,300000
2019,15000,ford,ford aspire titanium plus diesel bsiv,diesel,individual,manual,first owner,675000
2017,30000,maruti,maruti eeco 7 seater standard bsiv,petrol,individual,manual,first owner,260000
2001,117000,maruti,maruti wagon r lxi,petrol,individual,manual,second owner,70000
2004,70000,maruti,maruti alto lx,petrol,individual,manual,first owner,100000
2012,110000,toyota,toyota innova 2.5 vx (diesel) 7 seater,diesel,individual,manual,second owner,730000
2016,100000,nissan,nissan terrano xl 85 ps,diesel,individual,manual,second owner,525000
2016,105000,nissan,nissan terrano xl 85 ps,diesel,individual,manual,second owner,525000
2009,182000,toyota,toyota innova 2.5 v diesel 7-seater,diesel,individual,manual,third owner,550000
2012,95000,toyota,toyota corolla altis diesel d4dj,diesel,individual,manual,second owner,420000
2015,70000,honda,honda amaze sx i-vtec,petrol,individual,manual,first owner,500000
2009,76000,maruti,maruti wagon r lxi minor,petrol,individual,manual,second owner,165000
2014,70000,hyundai,hyundai verna 1.6 sx,diesel,individual,manual,second owner,650000
2013,46000,chevrolet,chevrolet beat diesel lt,diesel,individual,manual,first owner,195000
1999,70000,maruti,maruti zen lx,petrol,individual,manual,first owner,75000
2006,90000,maruti,maruti esteem lxi - bsiii,petrol,individual,manual,first owner,90000
2016,50000,hyundai,hyundai xcent 1.1 crdi base,diesel,individual,manual,first owner,515000
2017,24585,honda,honda jazz 1.5 vx i dtec,diesel,dealer,manual,test drive car,700000
2001,70000,maruti,maruti zen lx,petrol,individual,manual,first owner,62000
2011,110000,toyota,toyota etios gd sp,diesel,individual,manual,third owner,220000
2019,10000,hyundai,hyundai santro magna cng bsiv,cng,individual,manual,first owner,520000
2010,100000,fiat,fiat linea emotion,petrol,individual,manual,first owner,170000
2011,110000,ford,ford figo diesel titanium,diesel,individual,manual,second owner,190000
2011,100000,ford,ford figo diesel titanium,diesel,individual,manual,second owner,150000
2009,65000,maruti,maruti zen estilo lxi bs iv,petrol,individual,manual,first owner,125000
2015,40000,honda,honda amaze ex i-dtech,diesel,individual,manual,third owner,290000
2019,13900,maruti,maruti celerio x zxi bsiv,petrol,individual,manual,first owner,490000
2017,17563,tata,tata tigor 1.2 revotron xz option,petrol,individual,manual,first owner,434999
2016,15000,tata,tata zest revotron 1.2t xe,petrol,individual,manual,first owner,380000
2012,82000,volkswagen,volkswagen polo diesel trendline 1.2l,diesel,individual,manual,second owner,200000
2016,40000,ford,ford figo 1.5d trend mt,diesel,individual,manual,first owner,495000
2014,173000,toyota,toyota innova 2.5 z diesel 7 seater bs iv,diesel,individual,manual,third owner,894999
2014,151000,mahindra,mahindra xuv500 w6 2wd,diesel,individual,manual,second owner,600000
2015,50000,honda,honda brio s mt,petrol,individual,manual,first owner,300000
2017,15000,honda,honda amaze e i-vtec,petrol,individual,manual,first owner,430000
2017,80000,honda,honda amaze e i-dtec,diesel,individual,manual,first owner,370000
2019,11000,maruti,maruti baleno zeta 1.2,petrol,individual,manual,first owner,750000
2016,50000,maruti,maruti alto k10 lxi cng optional,cng,individual,manual,first owner,300000
2012,120000,bmw,bmw x1 sdrive20d,diesel,individual,automatic,second owner,700000
2007,70000,maruti,maruti wagon r lxi duo bsiii,lpg,individual,manual,third owner,100000
2015,90000,hyundai,hyundai grand i10 sportz,petrol,individual,manual,first owner,300000
2012,185000,tata,tata indica vista quadrajet vx,diesel,individual,manual,second owner,130000
2016,40000,hyundai,hyundai i20 asta option 1.4 crdi,diesel,individual,manual,first owner,650000
2017,25000,maruti,maruti swift vdi bsiv,diesel,individual,manual,first owner,509999
2013,117780,toyota,toyota innova 2.5 vx (diesel) 7 seater,diesel,individual,manual,second owner,1000000
2010,120000,hyundai,hyundai verna crdi sx,diesel,individual,manual,second owner,280000
2017,120000,maruti,maruti swift ddis vdi,diesel,individual,manual,first owner,600000
2013,120000,skoda,skoda rapid 1.6 tdi ambition,diesel,individual,manual,third owner,210000
2014,110000,audi,audi q3 2.0 tdi quattro premium plus,diesel,individual,automatic,second owner,1150000
2018,30000,hyundai,hyundai eon magna plus,petrol,individual,manual,first owner,245000
2016,25000,hyundai,hyundai grand i10 sportz,petrol,individual,manual,first owner,375000
2015,55000,mahindra,mahindra scorpio 1.99 s10,diesel,individual,manual,second owner,150000
2018,20000,mahindra,mahindra xuv500 w10 2wd,diesel,individual,manual,first owner,1450000
2014,100000,maruti,maruti ertiga vdi,diesel,individual,manual,second owner,500000
2007,40000,maruti,maruti alto lxi,petrol,individual,manual,second owner,75000
2006,80000,hyundai,hyundai sonata at leather,petrol,individual,automatic,third owner,225000
2006,80000,hyundai,hyundai sonata 2.4l at,petrol,individual,automatic,fourth & above owner,275000
2018,35000,mahindra,mahindra bolero power plus slx,diesel,individual,manual,first owner,620000
2010,110000,nissan,nissan x-trail slx mt,diesel,individual,manual,second owner,600000
2011,160000,mahindra,mahindra xylo e8 abs airbag bsiv,diesel,individual,manual,first owner,275000
2013,125000,tata,tata indigo tdi,diesel,individual,manual,first owner,125000
2011,62000,tata,tata indigo gls,petrol,individual,manual,second owner,80000
2011,120000,nissan,nissan micra diesel xv,diesel,individual,manual,second owner,199000
2016,33000,nissan,nissan micra xl,petrol,individual,manual,second owner,440000
2013,80000,maruti,maruti swift dzire ldi,diesel,individual,manual,fourth & above owner,250000
2017,35000,hyundai,hyundai i20 1.4 sportz,diesel,individual,manual,first owner,700000
2015,50000,hyundai,hyundai grand i10 crdi asta option,diesel,individual,manual,first owner,450000
2019,5000,maruti,maruti alto 800 std optional,petrol,individual,manual,first owner,240000
2016,81595,ford,ford ecosport 1.5 tdci titanium bsiv,diesel,dealer,manual,first owner,650000
2005,22000,hyundai,hyundai getz gls abs,petrol,individual,manual,first owner,71000
2015,40000,maruti,maruti swift vxi optional,petrol,individual,manual,first owner,400000
2008,40000,maruti,maruti alto lxi bsiii,petrol,individual,manual,second owner,130000
2013,70000,mahindra,mahindra scorpio 2.6 crde sle,diesel,individual,manual,second owner,300000
2019,4000,nissan,nissan kicks xl d bsiv,diesel,individual,manual,first owner,1100000
2015,24000,bmw,bmw 3 series 320d luxury line,diesel,individual,automatic,first owner,2200000
2018,13500,honda,honda amaze vx i-vtec,petrol,dealer,manual,first owner,800000
2013,40000,maruti,maruti ritz vdi (abs) bs iv,diesel,individual,manual,first owner,490000
2018,9700,honda,honda jazz 1.2 vx i vtec,petrol,dealer,manual,first owner,836000
2012,62000,volkswagen,volkswagen polo petrol comfortline 1.2l,petrol,individual,manual,second owner,375000
2016,24000,honda,honda br-v i-dtec vx mt,diesel,dealer,manual,first owner,1249000
2019,13000,honda,honda wr-v i-dtec vx,diesel,dealer,manual,first owner,1240000
2009,50000,tata,tata nano std bsii,petrol,individual,manual,third owner,35000
2017,36000,honda,honda br-v i-vtec vx mt,petrol,dealer,manual,first owner,1068000
2017,40000,honda,honda br-v i-dtec vx mt,diesel,dealer,manual,first owner,1189000
2018,27000,hyundai,hyundai elite i20 petrol asta option,petrol,individual,manual,first owner,700000
2016,40000,maruti,maruti alto k10 vxi,petrol,individual,manual,first owner,350000
2009,80000,hyundai,hyundai i10 magna 1.2,petrol,individual,manual,second owner,254999
2005,221000,mahindra,mahindra scorpio 2.6 crde,diesel,individual,manual,third owner,229999
2016,80000,hyundai,hyundai i20 asta option 1.4 crdi,diesel,individual,manual,first owner,750000
2012,119000,maruti,maruti ritz vdi,diesel,individual,manual,second owner,325000
2009,190000,toyota,toyota innova 2.5 g4 diesel 7-seater,diesel,individual,manual,second owner,760000
2017,25000,maruti,maruti celerio zxi at,petrol,individual,automatic,first owner,509999
2013,28740,nissan,nissan micra xl,petrol,individual,manual,first owner,363000
2010,48500,maruti,maruti alto k10 lxi,petrol,individual,manual,first owner,229999
2012,110000,nissan,nissan sunny xl,petrol,individual,manual,second owner,290000
2018,30000,maruti,maruti swift vxi,petrol,individual,manual,first owner,550000
2011,120000,tata,tata indica vista tdi lx,diesel,individual,manual,second owner,125000
2014,130000,volvo,volvo xc60 d5 inscription,diesel,individual,automatic,first owner,2000000
2008,140000,toyota,toyota innova 2.5 g4 diesel 7-seater,diesel,individual,manual,second owner,350000
2011,90000,hyundai,hyundai verna 1.6 sx crdi (o),diesel,individual,manual,first owner,390000
2015,45000,maruti,maruti celerio vxi,petrol,individual,manual,first owner,220000
2005,80000,hyundai,hyundai santro xing xg,petrol,individual,manual,third owner,140000
2018,15000,maruti,maruti wagon r amt vxi option,petrol,individual,automatic,first owner,370000
2019,20000,maruti,maruti swift dzire vdi,diesel,individual,manual,first owner,650000
2017,37000,maruti,maruti alto 800 lx,petrol,individual,manual,first owner,280000
2016,80000,maruti,maruti swift dzire vdi,diesel,individual,manual,first owner,540000
2002,120000,ambassador,ambassador classic 2000 dsz,diesel,individual,manual,fourth & above owner,50000
2018,20000,maruti,maruti ciaz sigma bsiv,petrol,individual,manual,first owner,800000
2016,25000,ford,ford figo 1.5d titanium mt,diesel,individual,manual,first owner,515000
2010,96000,hyundai,hyundai i20 1.2 magna,petrol,individual,manual,third owner,220000
2013,53000,chevrolet,chevrolet spark 1.0 lt option pack w/ airbag,petrol,dealer,manual,first owner,165000
2010,65000,fiat,fiat linea 1.3 emotion,diesel,dealer,manual,first owner,221000
2015,43000,chevrolet,chevrolet beat lt,petrol,dealer,manual,first owner,245000
2012,42000,ford,ford figo 1.2p titanium plus mt,petrol,dealer,manual,first owner,260000
2011,73000,skoda,skoda superb elegance 2.0 tdi cr at,diesel,dealer,automatic,first owner,550000
2015,29000,hyundai,hyundai grand i10 1.2 kappa era,petrol,dealer,manual,first owner,434999
2013,95000,tata,tata safari storme ex,diesel,dealer,manual,first owner,450000
2014,25000,chevrolet,chevrolet sail 1.2 base,petrol,individual,manual,first owner,290000
2011,53000,volkswagen,volkswagen vento 1.0 tsi highline plus,petrol,dealer,manual,second owner,305000
2011,20000,ford,ford classic 1.6 duratec lxi,petrol,dealer,manual,first owner,265000
2014,57000,honda,honda brio 1.2 s mt,petrol,dealer,manual,first owner,325000
2014,52000,chevrolet,chevrolet cruze ltz,diesel,dealer,manual,first owner,550000
2008,40000,maruti,maruti zen estilo lxi bsiii,petrol,individual,manual,first owner,105000
2012,47000,honda,honda brio 1.2 s mt,petrol,dealer,manual,first owner,275000
2012,47000,honda,honda city 1.5 v mt,petrol,dealer,manual,second owner,434999
2016,73000,hyundai,hyundai verna 1.6 crdi sx,diesel,dealer,manual,first owner,690000
2012,42000,honda,honda brio v mt,petrol,dealer,manual,second owner,249000
2012,60000,hyundai,hyundai eon d lite plus,petrol,dealer,manual,third owner,204999
2015,120000,maruti,maruti wagon r vxi optional,petrol,individual,manual,first owner,190000
2012,50000,maruti,maruti alto lxi,petrol,individual,manual,first owner,150000
1999,70000,maruti,maruti zen lx,petrol,individual,manual,fourth & above owner,70000
2018,25000,mahindra,mahindra bolero power plus slx,diesel,individual,manual,first owner,900000
2019,11000,maruti,maruti ertiga zxi at petrol,petrol,individual,automatic,first owner,950000
2013,80000,maruti,maruti swift dzire vxi,petrol,individual,manual,first owner,475000
1998,80000,maruti,maruti 800 std,petrol,individual,manual,fourth & above owner,55000
2013,75000,ford,ford fiesta titanium 1.5 tdci,diesel,individual,manual,second owner,450000
2009,45000,bmw,bmw 5 series 525d sedan,diesel,individual,automatic,third owner,1200000
2007,100000,mahindra,mahindra bolero slx,diesel,individual,manual,second owner,300000
2014,60000,honda,honda city i dtec e,diesel,individual,manual,second owner,350000
2011,160000,tata,tata indica vista quadrajet ls,diesel,individual,manual,second owner,229999
2015,50000,hyundai,hyundai creta 1.6 gamma sx plus,petrol,individual,manual,first owner,821000
2014,80000,maruti,maruti alto k10 vxi,petrol,individual,manual,second owner,200000
2017,60000,mahindra,mahindra scorpio 1.99 s10,diesel,individual,manual,second owner,1000000
2016,60000,maruti,maruti alto 800 vxi,petrol,individual,manual,second owner,220000
2015,148620,ford,ford figo aspire 1.5 tdci trend,diesel,dealer,manual,first owner,459999
2012,70000,maruti,maruti sx4 zdi,diesel,individual,manual,second owner,310000
2018,42000,hyundai,hyundai elite i20 diesel asta option,diesel,individual,manual,first owner,815000
2017,40000,hyundai,hyundai verna 1.6 crdi sx option,diesel,individual,manual,first owner,1200000
2011,150000,chevrolet,chevrolet optra magnum 2.0 lt,diesel,individual,manual,second owner,170000
2017,30000,maruti,maruti s-cross alpha ddis 200 sh,diesel,individual,manual,first owner,1000000
2010,90000,hyundai,hyundai santro xing gls,petrol,individual,manual,fourth & above owner,155000
2017,120000,mahindra,mahindra tuv 300 t6 plus,diesel,individual,manual,first owner,400000
2016,80000,mahindra,mahindra quanto c4,diesel,individual,manual,second owner,400000
2010,80000,tata,tata indica vista aura 1.3 quadrajet bsiv,diesel,individual,manual,second owner,250000
2008,50000,tata,tata indigo glx,petrol,individual,manual,third owner,150000
2002,70000,hyundai,hyundai santro lp zipplus,petrol,individual,manual,second owner,80000
2014,70000,volkswagen,volkswagen vento 1.5 tdi comfortline at,diesel,individual,automatic,first owner,325000
2019,8000,hyundai,hyundai elite i20 sportz plus cvt bsiv,petrol,individual,automatic,first owner,738000
2016,30000,maruti,maruti alto k10 vxi,petrol,individual,manual,first owner,300000
2012,110000,tata,tata indica vista quadrajet lx,diesel,individual,manual,first owner,150000
2007,223000,toyota,toyota innova 2.5 g4 diesel 7-seater,diesel,individual,manual,fourth & above owner,440000
2011,110000,volkswagen,volkswagen vento ipl ii diesel trendline,diesel,individual,manual,first owner,280000
2006,120000,hyundai,hyundai santro gs,petrol,individual,manual,second owner,100000
2008,100000,maruti,maruti swift vxi bsiv,petrol,individual,manual,second owner,150000
2014,100000,maruti,maruti swift dzire vdi,diesel,individual,manual,second owner,380000
2006,60000,maruti,maruti alto lx,petrol,individual,manual,second owner,90000
2008,270000,mahindra,mahindra scorpio vls 2.2 mhawk,diesel,individual,manual,third owner,300000
2011,60000,skoda,skoda fabia 1.2 tdi active,diesel,individual,manual,second owner,275000
2009,41090,maruti,maruti zen estilo sports,petrol,individual,manual,first owner,180000
2012,296823,maruti,maruti swift vdi,diesel,individual,manual,first owner,225000
2014,40000,maruti,maruti alto 800 lxi,petrol,individual,manual,first owner,200000
2011,40000,toyota,toyota corolla altis g,petrol,individual,manual,second owner,500000
2010,70000,ford,ford fiesta 1.6 duratec s,petrol,individual,manual,second owner,300000
2015,80000,hyundai,hyundai verna 1.6 crdi sx,diesel,individual,manual,second owner,765000
2017,90000,maruti,maruti swift dzire vdi,diesel,individual,manual,first owner,650000
2017,19000,maruti,maruti wagon r vxi plus optional,petrol,individual,manual,first owner,380000
2014,110000,maruti,maruti swift dzire vdi,diesel,individual,manual,second owner,480000
1996,60000,mahindra,mahindra jeep mm 540,diesel,individual,manual,first owner,200000
2010,68000,maruti,maruti zen estilo lxi green (cng),cng,individual,manual,second owner,145000
2011,120000,maruti,maruti ritz vdi,diesel,individual,manual,second owner,280000
2014,30000,maruti,maruti swift dzire vdi,diesel,individual,manual,first owner,254999
2016,90000,tata,tata bolt revotron xe,petrol,individual,manual,second owner,300000
2015,140000,maruti,maruti swift vdi bsiv,diesel,individual,manual,third owner,480000
2017,44500,skoda,skoda rapid monte carlo 1.6 mpi at bsiv,petrol,individual,automatic,first owner,850000
2014,52000,hyundai,hyundai i20 asta 1.4 crdi,diesel,individual,manual,second owner,350000
2016,26000,hyundai,hyundai i20 active 1.2 sx,petrol,individual,manual,first owner,650000
2007,80000,tata,tata new safari 4x2,petrol,individual,manual,second owner,550000
2015,35000,maruti,maruti celerio vxi,petrol,individual,manual,first owner,300000
2008,60000,maruti,maruti swift 1.3 vxi,petrol,individual,manual,second owner,150000
2014,120000,hyundai,hyundai grand i10 sportz,petrol,individual,manual,first owner,300000
2004,58000,hyundai,hyundai santro xing xg,petrol,individual,manual,first owner,80000
2011,80000,tata,tata manza elan quadrajet bs iv,diesel,individual,manual,third owner,180000
2009,100000,ford,ford fiesta 1.4 zxi tdci abs,diesel,individual,manual,fourth & above owner,110000
2015,12000,hyundai,hyundai grand i10 sportz,petrol,individual,manual,first owner,425000
2016,35000,honda,honda amaze vx i-dtec,diesel,individual,manual,first owner,700000
2010,50000,maruti,maruti zen estilo vxi bsiv,petrol,individual,manual,second owner,130000
2017,67000,maruti,maruti swift dzire zdi,diesel,individual,manual,first owner,650000
2013,100000,renault,renault duster petrol rxl,petrol,individual,manual,second owner,400000
2017,60000,mahindra,mahindra tuv 300 mhawk100 t8,diesel,individual,manual,first owner,800000
2017,70000,mahindra,mahindra bolero power plus slx,diesel,individual,manual,first owner,675000
2017,50000,maruti,maruti omni e mpi std bs iv,petrol,individual,manual,fourth & above owner,210000
2009,120000,tata,tata new safari dicor 2.2 ex 4x2,diesel,individual,manual,third owner,150000
2007,100000,maruti,maruti omni cng,cng,individual,manual,fourth & above owner,45000
2015,90000,hyundai,hyundai i20 sportz 1.2,petrol,individual,manual,first owner,516000
2014,80000,hyundai,hyundai i20 sportz 1.2,petrol,individual,manual,first owner,450000
2012,90000,chevrolet,chevrolet spark 1.0 ls,petrol,individual,manual,second owner,134000
2014,157000,toyota,toyota etios vd,diesel,individual,manual,second owner,509999
2016,20000,volkswagen,volkswagen polo 1.2 mpi comfortline,petrol,individual,manual,first owner,500000
2008,80000,maruti,maruti zen estilo 1.1 lxi bsiii,petrol,individual,manual,fourth & above owner,130000
2015,60000,maruti,maruti swift zdi bsiv,diesel,individual,manual,first owner,575000
2015,49000,hyundai,hyundai elite i20 sportz plus bsiv,petrol,individual,manual,first owner,550000
2009,89255,tata,tata indica vista terra tdi bsiii,diesel,individual,manual,first owner,145000
2020,5000,maruti,maruti alto 800 lxi,petrol,individual,manual,first owner,347000
2013,110000,tata,tata indica vista quadrajet vx,diesel,individual,manual,first owner,275000
2010,200000,toyota,toyota innova 2.5 v diesel 8-seater,diesel,individual,manual,third owner,630000
2012,90000,chevrolet,chevrolet beat diesel,diesel,individual,manual,second owner,160000
2010,63000,fiat,fiat grande punto 1.3 dynamic (diesel),diesel,individual,manual,third owner,150000
2015,23000,honda,honda mobilio s i vtec,petrol,individual,manual,first owner,550000
2013,100000,mahindra,mahindra quanto c6,diesel,individual,manual,first owner,349000
2004,168000,mahindra,mahindra bolero di dx 8 seater,diesel,individual,manual,fourth & above owner,229999
2008,90000,tata,tata indica vista aqua 1.4 tdi,diesel,individual,manual,third owner,110000
2008,70000,maruti,maruti wagon r lxi minor,petrol,individual,manual,third owner,110000
2018,5550,renault,renault kwid rxe,petrol,individual,manual,second owner,245000
2014,100000,maruti,maruti alto k10 vxi,petrol,individual,manual,second owner,180000
2014,80000,maruti,maruti wagon r vxi bs iv,petrol,individual,manual,second owner,290000
2010,40000,hyundai,hyundai i20 magna,petrol,individual,manual,first owner,250000
2010,100000,tata,tata indigo tdi,diesel,individual,manual,first owner,150000
2004,35000,maruti,maruti 800 ac bsii,petrol,individual,manual,third owner,55000
2006,75000,skoda,skoda laura l n k 1.9 pd,diesel,individual,manual,second owner,500000
2013,150000,mahindra,mahindra quanto c4,diesel,individual,manual,fourth & above owner,290000
2009,70000,maruti,maruti alto std,petrol,individual,manual,first owner,72000
2014,115000,maruti,maruti ritz vdi,diesel,individual,manual,first owner,250000
2019,25000,maruti,maruti swift amt vxi,petrol,individual,automatic,first owner,575000
2019,10000,kia,kia seltos htk plus at d,diesel,individual,automatic,first owner,1300000
2019,15000,hyundai,hyundai santro magna bsiv,petrol,individual,manual,first owner,425000
2019,10000,maruti,maruti eeco cng 5 seater ac bsiv,cng,individual,manual,first owner,470000
2012,80000,toyota,toyota etios vx,petrol,individual,manual,third owner,220000
2020,1700,maruti,maruti alto 800 lxi,petrol,individual,manual,first owner,310000
2016,45217,ford,ford figo 1.5d trend mt,diesel,dealer,manual,first owner,400000
2018,20000,hyundai,hyundai eon magna plus,petrol,individual,manual,first owner,310000
2017,50000,maruti,maruti ciaz zdi plus shvs,diesel,individual,manual,first owner,750000
2009,120000,tata,tata new safari dicor 2.2 ex 4x2,diesel,individual,manual,second owner,204999
2010,50000,maruti,maruti swift 1.3 vxi,petrol,individual,manual,first owner,260000
2012,40000,maruti,maruti alto lxi,petrol,individual,manual,second owner,180000
2007,110000,mahindra,mahindra renault logan 1.5 dle diesel,diesel,individual,manual,second owner,125000
2014,155000,maruti,maruti swift vdi bsiv,diesel,individual,manual,first owner,420000
2011,70000,maruti,maruti alto k10 lxi,petrol,individual,manual,second owner,220000
2010,70000,maruti,maruti alto k10 2010-2014 vxi,petrol,individual,manual,third owner,200000
2009,100000,ford,ford ikon 1.4 tdci duratorq,diesel,individual,manual,third owner,130000
2016,41000,tata,tata tiago xt,petrol,dealer,manual,first owner,335000
2017,60000,ford,ford endeavour titanium plus 4x4,diesel,dealer,automatic,first owner,2650000
2018,56000,ford,ford endeavour 3.2 titanium at 4x4,diesel,dealer,automatic,first owner,2675000
2017,60000,ford,ford endeavour titanium plus 4x4,diesel,dealer,automatic,first owner,2675000
2011,97000,honda,honda city v at,petrol,dealer,automatic,second owner,434999
2014,60000,honda,honda city i vtec s,petrol,individual,manual,first owner,500000
2017,60000,maruti,maruti alto k10 vxi airbag,petrol,individual,manual,first owner,290000
2014,48000,ford,ford ecosport 1.5 ti vct at titanium,petrol,dealer,automatic,second owner,475000
2009,190000,maruti,maruti swift dzire vdi,diesel,individual,manual,third owner,270000
2019,80000,hyundai,hyundai xcent 1.2 vtvt s,petrol,individual,manual,first owner,600000
2013,70000,hyundai,hyundai i20 asta 1.4 crdi,diesel,individual,manual,second owner,300000
2012,80000,volkswagen,volkswagen jetta 2.0l tdi comfortline,diesel,individual,manual,second owner,415000
2018,30000,maruti,maruti vitara brezza zdi plus amt,diesel,individual,automatic,second owner,800000
2016,44440,hyundai,hyundai grand i10 sportz,petrol,individual,manual,second owner,420000
2018,30000,hyundai,hyundai creta 1.6 crdi sx plus,diesel,individual,manual,first owner,1250000
2011,120000,maruti,maruti swift vdi bsiv,diesel,individual,manual,first owner,270000
2015,80000,hyundai,hyundai grand i10 crdi sportz,diesel,individual,manual,second owner,390000
2012,110000,skoda,skoda laura ambiente 2.0 tdi cr mt,diesel,individual,manual,first owner,400000
2007,170000,ford,ford fiesta 1.4 zxi leather,petrol,individual,manual,first owner,100000
2010,46000,audi,audi a6 2.7 tdi,diesel,individual,automatic,first owner,850000
2012,120000,chevrolet,chevrolet cruze ltz at,diesel,individual,automatic,third owner,359000
2015,91365,maruti,maruti swift dzire zdi,diesel,dealer,manual,first owner,470000
2013,90010,maruti,maruti swift dzire vdi,diesel,dealer,manual,second owner,360000
2013,80000,maruti,maruti ertiga vdi,diesel,individual,manual,first owner,250999
2012,35000,tata,tata nano lx bsiv,petrol,individual,manual,second owner,45000
2006,80000,maruti,maruti wagon r vxi bsii,petrol,individual,manual,second owner,75000
2013,31800,maruti,maruti swift dzire vdi,diesel,dealer,manual,first owner,495000
2013,59100,maruti,maruti wagon r cng lxi,cng,dealer,manual,first owner,310000
2016,31200,honda,honda jazz 1.2 v i vtec,petrol,dealer,manual,first owner,540000
2016,51000,maruti,maruti ciaz vdi plus shvs,diesel,dealer,manual,first owner,665000
2013,22700,hyundai,hyundai i20 magna 1.4 crdi (diesel),diesel,dealer,manual,second owner,425000
2011,58000,audi,audi a4 2.0 tdi,diesel,dealer,automatic,first owner,1295000
2016,50900,maruti,maruti ciaz vdi shvs,diesel,dealer,manual,first owner,675000
2018,10000,maruti,maruti vitara brezza zdi plus dual tone,diesel,individual,manual,first owner,980000
2014,60000,chevrolet,chevrolet beat diesel ls,diesel,individual,manual,first owner,320000
2011,80000,maruti,maruti ritz vxi,petrol,individual,manual,second owner,250000
2016,72000,maruti,maruti baleno zeta 1.3,diesel,individual,manual,first owner,600000
2016,96000,hyundai,hyundai xcent 1.2 kappa s,petrol,individual,manual,first owner,300000
2014,66000,chevrolet,chevrolet beat diesel ls,diesel,individual,manual,first owner,305000
2009,70000,maruti,maruti wagon r lxi minor,petrol,individual,manual,first owner,106000
2006,75000,hyundai,hyundai accent gls 1.6 abs,petrol,individual,manual,third owner,90000
2019,2417,tata,tata tiago 1.2 revotron xz,petrol,individual,manual,first owner,539000
2016,30000,hyundai,hyundai eon era plus option,petrol,individual,manual,second owner,250000
2018,60000,mahindra,mahindra scorpio bsiv,diesel,individual,manual,first owner,707000
2007,120000,hyundai,hyundai getz gls,petrol,individual,manual,fourth & above owner,95000
2020,7000,maruti,maruti eeco cng 5 seater ac bsiv,cng,individual,manual,first owner,495000
2012,35000,tata,tata indigo tdi,diesel,individual,manual,first owner,200000
2009,110000,maruti,maruti a-star vxi,petrol,individual,manual,fourth & above owner,110000
2008,130000,maruti,maruti alto lxi,petrol,individual,manual,fourth & above owner,100000
2016,25000,maruti,maruti alto 800 lx,petrol,individual,manual,second owner,150000
2005,80000,ford,ford ikon 1.3 flair,petrol,individual,manual,third owner,50000
2007,70000,chevrolet,chevrolet aveo 1.4,petrol,individual,manual,second owner,85000
2018,23000,hyundai,hyundai grand i10 1.2 kappa magna bsiv,petrol,individual,manual,first owner,475000
2014,40000,volkswagen,volkswagen polo 1.2 mpi highline,petrol,individual,manual,first owner,425000
2006,110000,bmw,bmw 5 series 530i,petrol,individual,automatic,second owner,480000
2019,10000,maruti,maruti s-cross delta ddis 200 sh,diesel,individual,manual,first owner,950000
2015,80000,maruti,maruti swift dzire vdi,diesel,individual,manual,first owner,535000
2009,25000,hyundai,hyundai verna crdi sx abs,diesel,individual,manual,third owner,325000
2013,74000,maruti,maruti wagon r stingray vxi,petrol,individual,manual,third owner,270000
2015,60000,maruti,maruti celerio vxi,petrol,individual,manual,third owner,300000
2011,70000,volkswagen,volkswagen vento diesel trendline,diesel,individual,manual,first owner,325000
2010,100000,tata,tata new safari dicor 2.2 ex 4x2,diesel,individual,manual,first owner,350000
2008,146000,hyundai,hyundai verna crdi sx,diesel,individual,manual,third owner,229999
2012,120000,maruti,maruti swift dzire ldi,diesel,individual,manual,second owner,325000
2005,70000,maruti,maruti wagon r lxi,petrol,individual,manual,second owner,70000
2008,120000,skoda,skoda laura ambiente,diesel,individual,manual,third owner,190000
2011,65500,chevrolet,chevrolet cruze ltz,diesel,individual,manual,first owner,345000
2016,70000,mahindra,mahindra scorpio 1.99 s10,diesel,individual,manual,first owner,1025000
2012,50000,maruti,maruti alto 800 lxi,petrol,individual,manual,first owner,120000
2009,90000,maruti,maruti alto lxi bsiii,petrol,individual,manual,second owner,114999
2009,120000,honda,honda city 1.5 s mt,petrol,individual,manual,second owner,300000
2016,56000,maruti,maruti celerio vxi,petrol,dealer,manual,first owner,340000
2005,70000,maruti,maruti wagon r lxi,petrol,individual,manual,second owner,90000
2006,140300,maruti,maruti alto lx,petrol,individual,manual,first owner,150000
2010,70000,maruti,maruti alto k10 2010-2014 vxi,petrol,individual,manual,first owner,115999
2016,23000,maruti,maruti wagon r vxi,petrol,dealer,manual,second owner,375000
2007,10211,maruti,maruti zen estilo lxi bsiii,petrol,individual,manual,first owner,275000
2005,120000,mahindra,mahindra scorpio 2.6 slx turbo 7 seater,diesel,individual,manual,third owner,120000
2015,120000,maruti,maruti celerio zdi,diesel,individual,manual,first owner,350000
2017,35000,maruti,maruti celerio zxi,petrol,individual,manual,first owner,409999
2012,130000,hyundai,hyundai verna 1.6 sx,diesel,individual,manual,first owner,500000
2013,90000,nissan,nissan sunny diesel xl,diesel,individual,manual,second owner,220000
2008,80000,ford,ford fiesta 1.6 duratec exi ltd,petrol,individual,manual,second owner,120000
2007,55000,hyundai,hyundai santro xing xk,petrol,individual,manual,second owner,70000
2017,15000,maruti,maruti swift dzire zxi plus,petrol,individual,manual,first owner,800000
2014,260000,maruti,maruti swift dzire vdi,diesel,individual,manual,second owner,450000
2012,145000,mahindra,mahindra scorpio sle bsiv,diesel,individual,manual,first owner,525000
2016,35000,datsun,datsun go plus remix limited edition,petrol,individual,manual,first owner,300000
2008,56000,hyundai,hyundai i10 magna,petrol,individual,manual,second owner,195000
2007,98000,ford,ford fiesta classic 1.4 sxi duratorq,diesel,individual,manual,second owner,130000
2011,135000,toyota,toyota etios vd,diesel,individual,manual,second owner,300000
2002,60000,maruti,maruti alto vxi,petrol,individual,manual,third owner,120000
2010,120000,toyota,toyota innova 2.5 g3,diesel,individual,manual,third owner,450000
2010,102000,tata,tata indigo ls,diesel,individual,manual,second owner,160000
2018,35000,mahindra,mahindra bolero power plus plus ac bsiv ps,diesel,individual,manual,first owner,800000
2013,80000,maruti,maruti 800 ac,petrol,individual,manual,first owner,100000
2015,32933,maruti,maruti alto 800 lxi,petrol,dealer,manual,first owner,265000
2008,54551,maruti,maruti wagon r lxi,petrol,dealer,manual,first owner,175000
2014,57112,maruti,maruti omni 8 seater bsiv,petrol,dealer,manual,first owner,250999
2015,41025,hyundai,hyundai xcent 1.2 vtvt s at,petrol,dealer,automatic,first owner,471000
2019,5000,maruti,maruti swift dzire ldi,diesel,individual,manual,first owner,650000
2012,53122,hyundai,hyundai eon magna,petrol,dealer,manual,second owner,225000
2013,64111,maruti,maruti alto 800 lxi cng,cng,dealer,manual,first owner,245000
2011,78892,maruti,maruti ritz lxi,petrol,dealer,manual,first owner,221000
2011,74113,hyundai,hyundai i20 1.2 asta,petrol,dealer,manual,first owner,271000
2012,80000,maruti,maruti wagon r vxi,petrol,dealer,manual,first owner,290000
2017,39000,maruti,maruti swift vxi bsiv,petrol,dealer,manual,first owner,525000
2012,84775,volkswagen,volkswagen vento 1.6 highline,petrol,dealer,manual,first owner,377000
2012,20778,tata,tata nano lx se,petrol,dealer,manual,first owner,95000
2015,64441,maruti,maruti ertiga vdi,diesel,dealer,manual,first owner,763000
2015,43192,honda,honda amaze s i-vtech,petrol,dealer,manual,first owner,450000
2014,44416,tata,tata nano twist xe,petrol,dealer,manual,first owner,140000
2016,79991,maruti,maruti ciaz vdi plus shvs,diesel,dealer,manual,first owner,701000
2011,62601,nissan,nissan micra diesel xv,diesel,dealer,manual,second owner,277000
2018,50000,maruti,maruti baleno delta automatic,petrol,individual,automatic,first owner,520000
2017,100000,ford,ford figo aspire 1.5 tdci ambiente abs,diesel,individual,manual,first owner,550000
2011,97000,volkswagen,volkswagen vento diesel highline,diesel,individual,manual,third owner,260000
2015,100000,renault,renault pulse rxz,diesel,individual,manual,first owner,420000
2002,100000,opelcorsa,opelcorsa 1.4 gl,petrol,individual,manual,third owner,35000
2018,20000,mahindra,mahindra xuv500 w7 bsiv,diesel,individual,manual,first owner,1150000
2017,46000,maruti,maruti ciaz 1.4 zeta,petrol,individual,manual,first owner,680000
2012,40000,maruti,maruti swift vdi,diesel,individual,manual,first owner,425000
2014,70000,maruti,maruti swift dzire ldi,diesel,individual,manual,second owner,450000
2008,89600,toyota,toyota innova 2.5 gx (diesel) 8 seater bs iv,diesel,individual,manual,third owner,590000
2017,60800,volkswagen,volkswagen jetta 1.4 tsi comfortline,petrol,individual,manual,first owner,936999
2015,104000,honda,honda mobilio s i dtec,diesel,individual,manual,second owner,420000
2014,80000,volkswagen,volkswagen polo 1.5 tdi highline,diesel,individual,manual,second owner,450000
2004,69111,maruti,maruti 800 ac,petrol,individual,manual,third owner,40000
2014,70000,toyota,toyota innova 2.5 g (diesel) 8 seater,diesel,individual,manual,second owner,520000
2007,120000,maruti,maruti 800 ac,petrol,individual,manual,first owner,80000
2014,40000,tata,tata nano cx,petrol,individual,manual,first owner,55000
2001,100000,mahindra,mahindra bolero di dx 7 seater,diesel,individual,manual,third owner,80000
2019,20000,maruti,maruti alto 800 lxi,petrol,individual,manual,first owner,210000
2017,50000,tata,tata tiago 1.05 revotorq xm,diesel,individual,manual,first owner,260000
2016,70000,tata,tata zest quadrajet 1.3,diesel,individual,manual,first owner,250000
2008,90000,tata,tata indica vista aqua tdi bsiii,diesel,individual,manual,first owner,80000
2010,150000,toyota,toyota innova 2.5 gx (diesel) 7 seater bs iv,diesel,individual,manual,second owner,450000
2005,120000,toyota,toyota innova 2.5 g (diesel) 8 seater bs iv,diesel,individual,manual,second owner,310000
2014,90000,ford,ford figo petrol exi,petrol,individual,manual,second owner,350000
2011,100000,maruti,maruti sx4 vdi,diesel,individual,manual,first owner,320000
2016,90000,honda,honda amaze s i-dtec,diesel,individual,manual,first owner,475000
2011,140000,tata,tata manza aura (abs) quadrajet bs iv,diesel,individual,manual,second owner,220000
2008,60000,tata,tata indica gls bs iv,petrol,individual,manual,first owner,70000
2015,40000,chevrolet,chevrolet sail hatchback 1.3 tcdi,diesel,individual,manual,first owner,281000
2013,80000,tata,tata indigo grand dicor,diesel,individual,manual,first owner,211000
2018,11000,hyundai,hyundai elite i20 petrol magna exective,petrol,individual,manual,first owner,550000
2014,110000,chevrolet,chevrolet enjoy tcdi lt 8 seater,diesel,individual,manual,first owner,350000
2017,19890,maruti,maruti wagon r vxi amt,petrol,dealer,automatic,first owner,420000
2015,20969,renault,renault kwid rxt,petrol,dealer,manual,first owner,270000
2016,20194,maruti,maruti celerio vxi,petrol,dealer,manual,first owner,399000
2016,34982,ford,ford figo trend,petrol,dealer,manual,first owner,440000
2012,44588,hyundai,hyundai eon magna,petrol,dealer,manual,first owner,250000
2016,57904,ford,ford ecosport 1.5 diesel titanium,diesel,dealer,manual,first owner,650000
2015,59258,maruti,maruti alto k10 vxi,petrol,dealer,manual,first owner,270000
2016,60826,ford,ford figo trend,petrol,dealer,manual,first owner,390000
2018,50000,mahindra,mahindra xuv500 w10 2wd,diesel,individual,manual,first owner,1500000
2014,35000,maruti,maruti 800 ac,petrol,individual,manual,first owner,225000
2015,110000,mahindra,mahindra xuv500 w8 2wd,diesel,individual,manual,second owner,900000
2018,40000,hyundai,hyundai tucson 2.0 e-vgt 2wd at gl,diesel,individual,automatic,first owner,1600000
2019,10000,tata,tata nexon 1.2 revotron xz plus dual tone,petrol,individual,manual,first owner,800000
2013,50000,honda,honda amaze e i-dtech,diesel,individual,manual,first owner,320000
2016,25000,maruti,maruti alto 800 lxi,petrol,individual,manual,first owner,300000
2018,25000,hyundai,hyundai i20 1.2 asta dual tone,petrol,individual,manual,first owner,740000
2019,1300,datsun,datsun redigo sv 1.0,petrol,individual,manual,first owner,350000
2014,40000,datsun,datsun go t bsiv,petrol,individual,manual,first owner,280000
2018,50000,maruti,maruti swift dzire amt vdi,diesel,individual,automatic,first owner,675000
2011,20000,hyundai,hyundai i10 era 1.1 itech se,petrol,individual,manual,first owner,300000
2011,76000,chevrolet,chevrolet captiva 2.0l vcdi,diesel,individual,manual,third owner,400000
2010,100000,mahindra,mahindra scorpio vlx 2wd bsiv,diesel,individual,manual,third owner,420000
2008,120000,tata,tata new safari 3l dicor lx 4x2,diesel,individual,manual,first owner,300000
2010,70000,maruti,maruti wagon r vxi minor,petrol,individual,manual,first owner,170000
2014,70000,hyundai,hyundai eon era plus,petrol,individual,manual,third owner,210000
2015,60000,maruti,maruti ertiga vdi,diesel,individual,manual,second owner,600000
2014,38000,maruti,maruti wagon r vxi bs iv,petrol,individual,manual,second owner,260000
2015,19000,tata,tata nano twist xt,petrol,individual,manual,first owner,82000
2016,75000,mahindra,mahindra tuv 300 t8,diesel,individual,manual,first owner,690000
2015,70000,hyundai,hyundai grand i10 crdi asta,diesel,individual,manual,first owner,300000
2017,30000,honda,honda brv i-dtec v mt,diesel,individual,manual,first owner,1250000
2017,31707,hyundai,hyundai verna crdi 1.6 ex,diesel,individual,manual,first owner,799000
2010,180000,toyota,toyota fortuner 3.0 diesel,diesel,individual,manual,first owner,1000000
2014,90000,maruti,maruti alto 800 lxi,petrol,individual,manual,second owner,190000
2014,30000,mahindra,mahindra verito 1.5 d2 bsiii,diesel,individual,manual,first owner,250000
2009,60000,hyundai,hyundai verna 1.6 i abs,petrol,individual,manual,first owner,200000
2005,90000,mahindra,mahindra bolero di,diesel,individual,manual,second owner,300000
2015,120000,tata,tata zest revotron 1.2t xms,petrol,individual,manual,second owner,250000
2008,70000,maruti,maruti 800 ac,petrol,individual,manual,third owner,90000
2016,160000,renault,renault duster 85ps diesel rxl,diesel,individual,manual,first owner,700000
2012,115992,volvo,volvo xc60 d3 kinetic,diesel,dealer,automatic,third owner,1750000
2017,110000,maruti,maruti wagon r vxi optional,petrol,individual,manual,second owner,290000
2014,97000,toyota,toyota innova 2.5 z diesel 7 seater bs iv,diesel,individual,manual,second owner,1050000
2008,100000,tata,tata indigo lx dicor,diesel,individual,manual,third owner,70000
2016,41000,maruti,maruti swift zdi bsiv,diesel,individual,manual,first owner,520000
2012,90000,tata,tata indigo ls,diesel,individual,manual,first owner,150000
2008,90000,hyundai,hyundai i10 magna 1.1,petrol,individual,manual,first owner,120000
2016,25000,hyundai,hyundai i20 asta option 1.2,petrol,individual,manual,first owner,600000
2010,70000,tata,tata xenon xt ex 4x4,diesel,individual,manual,second owner,150000
2011,60000,volkswagen,volkswagen vento petrol highline,petrol,individual,manual,first owner,400000
2015,30000,maruti,maruti alto 800 lxi,petrol,individual,manual,second owner,310000
2015,30000,maruti,maruti baleno alpha 1.2,petrol,individual,manual,first owner,550000
2016,60000,hyundai,hyundai i20 asta option 1.4 crdi,diesel,individual,manual,first owner,550000
2013,73000,hyundai,hyundai grand i10 crdi magna,diesel,individual,manual,first owner,320000
1992,100000,maruti,maruti 800 ac bsii,petrol,individual,manual,fourth & above owner,50000
2017,50000,maruti,maruti vitara brezza vdi option,diesel,individual,manual,second owner,700000
2012,110000,maruti,maruti ertiga vdi,diesel,individual,manual,second owner,700000
2017,84000,hyundai,hyundai i20 1.4 sportz,diesel,dealer,manual,first owner,655000
2011,110000,chevrolet,chevrolet beat lt lpg,lpg,individual,manual,first owner,200000
2012,150000,renault,renault duster 85ps diesel rxl optional,diesel,individual,manual,first owner,375000
2012,109052,hyundai,hyundai verna 1.6 sx,diesel,dealer,manual,first owner,470000
2015,90658,maruti,maruti ciaz vdi,diesel,dealer,manual,first owner,550000
2014,110000,honda,honda amaze vx i-dtec,diesel,individual,manual,second owner,500000
2015,25000,datsun,datsun go t option bsiv,petrol,individual,manual,first owner,210000
2013,81000,mercedes-benz,mercedes-benz e-class e250 edition e,diesel,dealer,automatic,first owner,1451000
2009,75000,hyundai,hyundai verna sx at diesel,diesel,dealer,automatic,first owner,245000
2017,25552,honda,honda wr-v i-vtec vx,petrol,dealer,manual,second owner,700000
2018,20000,hyundai,hyundai eon magna plus,petrol,individual,manual,first owner,300000
2017,80000,hyundai,hyundai xcent 1.2 crdi e,diesel,individual,manual,first owner,350000
2017,25000,hyundai,hyundai elite i20 asta option cvt bsiv,petrol,dealer,automatic,first owner,635000
2012,40700,honda,honda city s,petrol,individual,manual,first owner,325000
2017,65500,mahindra,mahindra xuv500 at w10 1.99 mhawk,diesel,dealer,automatic,first owner,1150000
2008,42000,tata,tata indigo gle bsiii,petrol,dealer,manual,first owner,110000
2018,8000,honda,honda city 1.5 v mt,petrol,dealer,manual,first owner,890000
2007,80000,maruti,maruti swift 1.3 lxi,petrol,individual,manual,second owner,73000
2016,6000,maruti,maruti ciaz zxi plus,petrol,dealer,manual,first owner,750000
2018,11174,maruti,maruti baleno alpha 1.2,petrol,dealer,manual,first owner,690000
2008,120000,tata,tata indigo gls,petrol,individual,manual,first owner,130000
2007,85000,hyundai,hyundai santro xing gls,petrol,individual,manual,second owner,85000
2018,10000,hyundai,hyundai elantra 2.0 sx at,petrol,individual,automatic,first owner,1575000
2013,105000,nissan,nissan sunny diesel xv,diesel,individual,manual,first owner,325000
1998,120000,honda,honda city 1.3 exi,petrol,individual,manual,second owner,85000
2018,30000,hyundai,hyundai verna 1.6 crdi sx option,diesel,dealer,manual,second owner,860000
2017,41000,maruti,maruti s-cross sigma ddis 200 sh,diesel,individual,manual,first owner,690000
2013,54000,hyundai,hyundai elantra crdi s,diesel,dealer,manual,first owner,650000
2014,40000,chevrolet,chevrolet sail ls abs,diesel,individual,manual,first owner,375000
2013,71000,hyundai,hyundai verna 1.6 sx crdi (o),diesel,dealer,manual,first owner,525000
2016,72500,maruti,maruti eeco smiles 5 seater ac,petrol,dealer,manual,first owner,330000
2013,76600,maruti,maruti eeco smiles 5 seater ac,petrol,dealer,manual,first owner,280000
2014,40000,maruti,maruti swift zxi,petrol,individual,manual,first owner,470000
2011,110000,volkswagen,volkswagen polo diesel trendline 1.2l,diesel,individual,manual,first owner,350000
2012,63000,honda,honda city 1.5 v elegance,petrol,dealer,manual,first owner,480000
2016,60000,hyundai,hyundai verna 1.6 crdi sx,diesel,individual,manual,first owner,620000
2014,58000,datsun,datsun go t bsiv,petrol,individual,manual,first owner,250000
2010,80000,chevrolet,chevrolet spark 1.0,petrol,individual,manual,second owner,78692
2012,80000,hyundai,hyundai i20 magna optional 1.4 crdi,diesel,individual,manual,first owner,350000
2013,70000,maruti,maruti wagon r lx minor,petrol,individual,manual,second owner,250000
2011,97700,hyundai,hyundai i20 1.2 sportz,petrol,individual,manual,fourth & above owner,260000
2016,36000,honda,honda mobilio s i dtec,diesel,individual,manual,second owner,640000
2008,90000,tata,tata new safari dicor 2.2 ex 4x2,diesel,individual,manual,second owner,220000
2015,130000,volkswagen,volkswagen vento 1.5 tdi highline,diesel,individual,manual,first owner,465000
2010,120000,maruti,maruti swift vdi bsiii,diesel,individual,manual,second owner,229999
2018,15000,maruti,maruti wagon r vxi bs iv,petrol,individual,manual,first owner,425000
2008,120000,tata,tata indica gls bs iv,petrol,individual,manual,third owner,95000
2012,170000,hyundai,hyundai eon lpg magna plus,lpg,individual,manual,third owner,170000
2016,37500,datsun,datsun redigo t option,petrol,individual,manual,second owner,229999
1999,50000,maruti,maruti 800 std,petrol,individual,manual,third owner,45000
2007,145000,maruti,maruti grand vitara mt,petrol,individual,manual,third owner,479000
2016,30000,hyundai,hyundai eon sportz,petrol,individual,manual,first owner,340000
2016,35000,maruti,maruti swift dzire zxi,petrol,individual,manual,first owner,620000
2012,60000,tata,tata manza club class quadrajet90 ex,diesel,individual,manual,first owner,270000
2018,35000,tata,tata tiago 1.05 revotorq xz plus,diesel,individual,manual,first owner,400000
2015,40000,maruti,maruti wagon r vxi optional,petrol,individual,manual,first owner,260000
2003,50000,hyundai,hyundai santro le zipplus,petrol,individual,manual,fourth & above owner,48000
2015,23800,tata,tata nano twist xe,petrol,individual,manual,second owner,100000
2015,70000,nissan,nissan terrano xl plus 85 ps,diesel,individual,manual,first owner,490000
2010,90000,maruti,maruti wagon r duo lxi,lpg,individual,manual,second owner,120000
2008,102000,hyundai,hyundai i10 era,petrol,individual,manual,second owner,125000
2019,5000,maruti,maruti alto 800 lxi,petrol,individual,manual,first owner,190000
2011,20000,fiat,fiat linea t jet plus,petrol,individual,manual,first owner,500000
2014,99000,toyota,toyota fortuner 4x2 at,diesel,individual,automatic,first owner,1800000
2008,90000,honda,honda civic 1.8 v mt,petrol,individual,manual,first owner,320000
2007,47000,honda,honda civic 1.8 s at,petrol,dealer,automatic,first owner,250000
2010,90000,ford,ford figo diesel titanium,diesel,individual,manual,third owner,105000
2018,20000,hyundai,hyundai i20 active 1.2 sx,petrol,individual,manual,first owner,550000
2019,1100,hyundai,hyundai grand i10 1.2 kappa sportz at,petrol,individual,automatic,first owner,600000
2020,40000,maruti,maruti alto 800 vxi,petrol,individual,manual,first owner,210000
2012,15000,maruti,maruti alto 800 lxi airbag,petrol,individual,manual,first owner,210000
2009,40000,maruti,maruti alto lxi,petrol,individual,manual,first owner,150000
2008,60000,hyundai,hyundai i10 era 1.1,petrol,individual,manual,first owner,125000
2016,20000,maruti,maruti celerio vxi,petrol,individual,manual,first owner,380000
2019,5000,maruti,maruti baleno delta 1.2,petrol,individual,manual,first owner,600000
2016,27000,maruti,maruti swift vxi deca,petrol,individual,manual,first owner,490000
2018,38000,maruti,maruti swift dzire ldi,diesel,individual,manual,second owner,545000
2015,25000,maruti,maruti wagon r vxi bs iv,petrol,individual,manual,first owner,250000
2020,1100,hyundai,hyundai venue sx opt turbo bsiv,petrol,individual,manual,first owner,1050000
2007,100000,maruti,maruti wagon r lx minor,petrol,individual,manual,first owner,100000
2014,100000,ford,ford figo diesel zxi,diesel,individual,manual,second owner,250000
2007,110000,maruti,maruti wagon r lx bsiii,petrol,individual,manual,first owner,100000
2016,60000,ford,ford figo 1.5d ambiente abs mt,diesel,individual,manual,second owner,350000
2012,70000,renault,renault duster 110ps diesel rxz plus,diesel,individual,manual,second owner,370000
2004,110000,maruti,maruti zen vxi - bs iii,petrol,individual,manual,second owner,121000
2017,44077,ford,ford figo aspire 1.5 ti-vct titanium,petrol,dealer,automatic,first owner,570000
2017,24000,maruti,maruti ertiga shvs vdi,diesel,individual,manual,first owner,785000
2018,30000,maruti,maruti ciaz s 1.3,diesel,individual,manual,first owner,850000
2016,30000,maruti,maruti wagon r vxi bs iv,petrol,individual,manual,second owner,375000
2017,40000,maruti,maruti baleno alpha 1.2,petrol,individual,manual,first owner,619000
2011,90000,chevrolet,chevrolet cruze ltz,diesel,individual,manual,second owner,335000
2006,50000,toyota,toyota innova 2.5 g (diesel) 8 seater bs iv,diesel,individual,manual,first owner,500000
2003,100000,maruti,maruti wagon r lx,petrol,individual,manual,second owner,60000
2015,210000,mahindra,mahindra ingenio crde,diesel,individual,manual,first owner,210000
2019,20000,toyota,toyota innova crysta 2.4 vx mt 8s bsiv,diesel,individual,manual,first owner,1900000
2013,70000,tata,tata indigo tdi,diesel,individual,manual,second owner,270000
2010,100000,maruti,maruti wagon r lxi minor,petrol,individual,manual,second owner,225000
2011,160000,maruti,maruti sx4 zxi mt bsiv,petrol,individual,manual,second owner,150000
2013,70000,chevrolet,chevrolet beat diesel lt,diesel,individual,manual,first owner,173000
2018,9422,bmw,bmw 5 series 520d luxury line,diesel,individual,automatic,first owner,4800000
2017,110000,volkswagen,volkswagen vento 1.5 highline plus at 16 alloy,diesel,individual,automatic,first owner,710000
2019,20000,toyota,toyota corolla altis 1.8 gl,petrol,individual,manual,first owner,1500000
2017,20000,maruti,maruti baleno zeta 1.2,petrol,individual,manual,first owner,550000
2008,70000,maruti,maruti 800 ac bsiii,petrol,individual,manual,second owner,58000
2012,60000,audi,audi a4 1.8 tfsi,petrol,individual,automatic,third owner,1200000
2013,150000,mahindra,mahindra scorpio m2di,diesel,individual,manual,first owner,500000
2009,83000,maruti,maruti swift lxi bsiv,petrol,individual,manual,second owner,120000
2012,250000,toyota,toyota innova 2.5 ev diesel ps 7 seater bsiii,diesel,individual,manual,first owner,300000
2018,30000,hyundai,hyundai eon era plus,petrol,individual,manual,first owner,300000
2015,21000,datsun,datsun go plus t option bsiv,petrol,individual,manual,first owner,295000
2018,80000,maruti,maruti ertiga vxi cng,cng,individual,manual,first owner,587000
2012,50000,ambassador,ambassador grand 1800 isz mpfi pw cl,petrol,individual,manual,second owner,430000
2007,50000,hyundai,hyundai verna i (petrol),petrol,individual,manual,second owner,123000
2012,48500,skoda,skoda laura ambiente 2.0 tdi cr at,diesel,individual,automatic,second owner,450000
2007,60000,maruti,maruti wagon r lxi minor,petrol,individual,manual,third owner,130000
2010,90000,tata,tata indica vista aqua 1.4 tdi,diesel,individual,manual,second owner,110000
2010,240000,mahindra,mahindra xylo celebration edition bsiv,diesel,individual,manual,third owner,200000
2015,70000,hyundai,hyundai grand i10 magna,petrol,individual,manual,second owner,320000
2014,50000,maruti,maruti wagon r lxi bs iv,petrol,individual,manual,first owner,300000
2016,110000,volkswagen,volkswagen crosspolo 1.2 mpi,petrol,individual,manual,first owner,350000
2018,50000,maruti,maruti ertiga vxi petrol,petrol,individual,manual,first owner,800000
2016,175000,hyundai,hyundai xcent 1.1 crdi s,diesel,individual,manual,first owner,270000
2017,60000,hyundai,hyundai i20 1.2 magna executive,petrol,individual,manual,first owner,540000
2011,60000,maruti,maruti wagon r lxi cng,cng,individual,manual,second owner,160000
2013,100000,maruti,maruti sx4 vdi,diesel,individual,manual,second owner,340000
2017,40000,maruti,maruti eeco 5 seater ac bsiv,petrol,individual,manual,second owner,350000
2011,100000,volkswagen,volkswagen vento diesel style limited edition,diesel,individual,manual,first owner,300000
2013,63000,maruti,maruti ritz vdi,diesel,individual,manual,first owner,330000
2016,80000,maruti,maruti wagon r lxi cng,cng,individual,manual,second owner,325000
2013,55000,maruti,maruti swift dzire vdi,diesel,individual,manual,first owner,250000
2013,55000,maruti,maruti swift star vdi,diesel,individual,manual,first owner,250000
2015,60000,chevrolet,chevrolet beat lt option,petrol,individual,manual,first owner,240000
2020,5000,hyundai,hyundai grand i10 1.2 kappa magna bsiv,petrol,individual,manual,first owner,545000
2015,48000,hyundai,hyundai i10 magna 1.1 itech se,petrol,dealer,manual,first owner,300000
2017,50000,renault,renault kwid rxt,petrol,individual,manual,first owner,240000
2018,15000,renault,renault kwid 1.0 rxt optional,petrol,individual,manual,first owner,360000
2012,70000,hyundai,hyundai i20 1.4 crdi magna,diesel,individual,manual,first owner,250000
2019,105000,skoda,skoda laura elegance 2.0 tdi cr at,diesel,dealer,automatic,first owner,475000
2016,50000,hyundai,hyundai i20 asta option 1.4 crdi,diesel,individual,manual,second owner,600000
2010,80000,tata,tata indigo cr4,diesel,individual,manual,second owner,150000
2017,50000,ford,ford ecosport 1.5 diesel trend bsiv,diesel,individual,manual,first owner,700000
2016,5000,mahindra,mahindra xuv500 w6 2wd,diesel,individual,manual,first owner,1290000
2018,10000,maruti,maruti celerio zxi amt bsiv,petrol,individual,automatic,first owner,500000
2012,45000,hyundai,hyundai santro xing gls,petrol,individual,manual,second owner,193000
2015,10000,honda,honda city i vtec v,petrol,individual,manual,first owner,800000
2008,50000,maruti,maruti wagon r lxi minor,petrol,individual,manual,first owner,150000
2002,40000,maruti,maruti 800 ac,petrol,individual,manual,fourth & above owner,80000
2010,100000,ford,ford figo diesel exi,diesel,individual,manual,third owner,130000
2012,80000,ford,ford figo diesel exi,diesel,individual,manual,second owner,280000
2011,110000,mahindra,mahindra xylo d2 bs iv,diesel,individual,manual,second owner,229999
2008,120000,maruti,maruti zen estilo vxi bsiii,petrol,individual,manual,first owner,80000
2010,10000,tata,tata nano cx bsiii,petrol,individual,manual,first owner,70000
2013,60000,maruti,maruti ritz vdi,diesel,individual,manual,second owner,240000
2010,72000,mahindra,mahindra xylo e8,diesel,individual,manual,second owner,380000
2006,110000,hyundai,hyundai santro xing xo,petrol,individual,manual,first owner,80000
2013,50000,hyundai,hyundai i10 era,petrol,individual,manual,first owner,265000
2018,25000,hyundai,hyundai eon magna plus option,petrol,individual,manual,first owner,320000
2014,120000,nissan,nissan terrano xl 110 ps,diesel,individual,manual,third owner,500000
2016,55000,hyundai,hyundai creta 1.6 crdi sx option,diesel,individual,manual,first owner,1300000
2018,35000,mahindra,mahindra scorpio s11 bsiv,diesel,individual,manual,first owner,1500000
2016,110000,toyota,toyota innova crysta 2.8 zx at bsiv,diesel,individual,automatic,first owner,1800000
2014,80000,mahindra,mahindra xuv500 w6 2wd,diesel,individual,manual,second owner,600000
2018,80000,tata,tata tiago 1.2 revotron xt,petrol,individual,manual,first owner,420000
2009,120000,maruti,maruti zen estilo lxi bs iv,petrol,individual,manual,first owner,140000
2010,100000,skoda,skoda laura ambiente 2.0 tdi cr mt,diesel,individual,manual,second owner,300000
2006,60000,hyundai,hyundai santro xing xl erlx euro iii,petrol,dealer,manual,second owner,100000
2017,25000,maruti,maruti alto k10 vxi,petrol,dealer,manual,first owner,350000
2018,19000,ford,ford ecosport 1.5 ti vct mt titanium be bsiv,petrol,dealer,manual,first owner,850000
2008,54000,maruti,maruti alto lx,petrol,dealer,manual,first owner,140000
2015,17100,ford,ford aspire titanium plus bsiv,petrol,dealer,manual,second owner,550000
2017,19000,hyundai,hyundai grand i10 asta option at,petrol,dealer,automatic,first owner,525000
2015,146000,ford,ford ecosport 1.5 dv5 mt titanium,diesel,dealer,manual,first owner,470000
2013,98000,ford,ford endeavour 3.0l 4x4 at,diesel,dealer,automatic,first owner,900000
2011,224642,ford,ford endeavour 2.5l 4x2,diesel,dealer,manual,second owner,500000
1998,120000,maruti,maruti zen lxi,petrol,individual,manual,second owner,80000
2011,175000,mahindra,mahindra verito 1.5 d2 bsiii,diesel,individual,manual,first owner,175000
2017,15000,mahindra,mahindra xuv500 at w10 awd,diesel,individual,automatic,second owner,1350000
2017,50000,renault,renault duster 110ps diesel rxz,diesel,individual,manual,first owner,800000
2017,15000,datsun,datsun redigo 1.0 s,petrol,individual,manual,first owner,250000
2018,25000,maruti,maruti ignis 1.2 amt alpha bsiv,petrol,individual,automatic,first owner,700000
2019,25000,tata,tata nexon 1.5 revotorq xm,diesel,individual,manual,first owner,800000
2013,69000,mahindra,mahindra xuv500 w6 2wd,diesel,individual,manual,first owner,660000
2015,60000,maruti,maruti swift vdi bsiv,diesel,individual,manual,third owner,465000
2006,222435,mahindra,mahindra scorpio 2.6 crde,diesel,individual,manual,second owner,180000
2017,66000,maruti,maruti swift dzire vdi,diesel,individual,manual,third owner,600000
2010,110000,ford,ford fiesta 1.4 zxi duratec,petrol,individual,manual,first owner,150000
2014,78000,hyundai,hyundai verna 1.6 sx,diesel,individual,manual,second owner,450000
2019,10000,hyundai,hyundai elite i20 sportz plus bsiv,petrol,individual,manual,first owner,721000
2018,35000,maruti,maruti swift 1.2 dlx,petrol,individual,manual,first owner,300000
2019,10000,mahindra,mahindra scorpio bsiv,diesel,individual,manual,first owner,1000000
2016,40000,renault,renault kwid rxt,petrol,individual,manual,first owner,300000
2013,120000,mahindra,mahindra scorpio lx,diesel,individual,manual,first owner,450000
1997,70000,maruti,maruti esteem ax,petrol,individual,automatic,first owner,79000
2017,40000,ford,ford figo 1.5d trend mt,diesel,individual,manual,first owner,545000
2018,20000,honda,honda amaze v diesel bsiv,diesel,individual,manual,first owner,844999
2016,93000,skoda,skoda rapid 1.5 tdi ambition,diesel,individual,manual,first owner,700000
2016,159000,toyota,toyota etios vd,diesel,individual,manual,first owner,650000
2014,75000,ford,ford ecosport 1.5 dv5 mt titanium,diesel,individual,manual,second owner,525000
2006,101100,ford,ford fiesta classic 1.4 sxi duratorq,diesel,individual,manual,third owner,110000
2011,66000,tata,tata indica vista aqua 1.3 quadrajet bsiv,diesel,individual,manual,first owner,180000
2012,30000,hyundai,hyundai i10 era,petrol,individual,manual,second owner,280000
2019,10000,renault,renault kwid 1.0 rxt optional,petrol,individual,manual,first owner,400000
2012,126000,mahindra,mahindra xuv500 w8 4wd,diesel,individual,manual,second owner,625000
2015,70000,volkswagen,volkswagen vento 1.5 tdi highline,diesel,individual,manual,first owner,535000
2017,50000,maruti,maruti swift vdi optional,diesel,individual,manual,first owner,459999
2010,100000,mahindra,mahindra bolero di,diesel,individual,manual,first owner,300000
2007,60000,honda,honda civic 1.8 v at,petrol,individual,automatic,first owner,280000
2014,70000,honda,honda mobilio v i vtec,petrol,individual,manual,first owner,500000
2019,1200,hyundai,hyundai creta 1.6 sx,petrol,individual,manual,first owner,1200000
2011,134444,hyundai,hyundai i10 sportz at,petrol,individual,automatic,second owner,180000
2009,120000,maruti,maruti alto lxi,petrol,individual,manual,second owner,78000
2011,120000,nissan,nissan micra diesel xv premium,diesel,individual,manual,first owner,160000
2014,238000,mahindra,mahindra scorpio vlx 2wd airbag bsiv,diesel,individual,manual,first owner,600000
2008,100000,maruti,maruti wagon r lxi minor,petrol,individual,manual,second owner,110000
2011,110000,mahindra,mahindra bolero slx 4wd bsiii,diesel,individual,manual,second owner,450000
2019,35000,mahindra,mahindra scorpio s9 bsiv,diesel,individual,manual,first owner,1350000
2003,165000,honda,honda city 1.3 dx,petrol,individual,manual,second owner,120000
2018,42000,honda,honda br-v i-dtec vx mt,diesel,individual,manual,first owner,1040000
2014,70000,hyundai,hyundai grand i10 crdi sportz,diesel,individual,manual,second owner,390000
2011,60000,tata,tata nano lx bsiii,petrol,individual,manual,second owner,65000
2013,115000,volkswagen,volkswagen polo diesel highline 1.2l,diesel,individual,manual,third owner,320000
2017,70000,volkswagen,volkswagen ameo 1.5 tdi highline,diesel,individual,manual,first owner,720000
2007,80000,maruti,maruti swift zxi abs,petrol,individual,manual,second owner,220000
2011,65000,maruti,maruti wagon r lxi bs iv,petrol,dealer,manual,first owner,225000
2010,150000,tata,tata manza aura (abs) quadrajet bs iv,diesel,individual,manual,second owner,200000
2015,75000,toyota,toyota etios gd,diesel,dealer,manual,second owner,434999
2012,63700,ford,ford figo diesel titanium,diesel,individual,manual,first owner,300000
2018,74800,honda,honda amaze vx i-dtec,diesel,individual,manual,first owner,700000
2009,105000,ford,ford endeavour 2.5l 4x2 mt,diesel,individual,manual,second owner,500000
2016,40000,renault,renault duster 85ps diesel rxe,diesel,individual,manual,first owner,500000
2016,90000,maruti,maruti ritz ldi,diesel,individual,manual,second owner,400000
2015,75000,toyota,toyota corolla altis d-4d j,diesel,dealer,manual,second owner,825000
2018,15000,maruti,maruti swift dzire vdi,diesel,individual,manual,first owner,720000
2009,30000,maruti,maruti 800 ac uniq,petrol,individual,manual,second owner,110000
2014,100000,mahindra,mahindra scorpio vlx 2wd airbag bsiv,diesel,individual,manual,second owner,600000
2009,155000,mahindra,mahindra scorpio vlx 2wd at bsiv,diesel,individual,automatic,third owner,275000
2012,149000,land,land rover range rover evoque 2.2l dynamic,diesel,individual,automatic,second owner,2349000
2017,60000,hyundai,hyundai i20 1.4 sportz,diesel,individual,manual,first owner,740000
2017,90000,maruti,maruti baleno alpha 1.3,diesel,individual,manual,first owner,800000
2019,100000,hyundai,hyundai verna crdi 1.6 sx option,diesel,individual,manual,first owner,1100000
2012,100000,bmw,bmw x1 sdrive20d,diesel,individual,automatic,second owner,750000
2012,90000,maruti,maruti alto k10 2010-2014 vxi,petrol,individual,manual,second owner,200000
2009,75000,tata,tata spacio sa 6 seater,diesel,individual,manual,first owner,210000
2009,120000,maruti,maruti swift vdi bsiv,diesel,individual,manual,second owner,270000
2016,90000,toyota,toyota etios 1.4 vxd,diesel,individual,manual,second owner,630000
2015,55000,hyundai,hyundai xcent 1.2 kappa s,petrol,individual,manual,first owner,375000
2010,70000,mahindra,mahindra xylo d2,diesel,individual,manual,first owner,300000
2016,95000,mahindra,mahindra bolero power plus slx,diesel,individual,manual,second owner,580000
2014,50000,hyundai,hyundai verna 1.4 crdi,diesel,individual,manual,first owner,550000
2016,50000,maruti,maruti ciaz zdi plus shvs,diesel,individual,manual,first owner,750000
2014,60516,maruti,maruti omni e mpi std bs iv,petrol,individual,manual,first owner,250000
2012,235000,hyundai,hyundai verna 1.6 sx,diesel,individual,manual,second owner,434999
2007,76731,mercedes-benz,mercedes-benz e-class 280 cdi,diesel,dealer,automatic,first owner,900000
2016,64000,maruti,maruti swift zdi,diesel,dealer,manual,first owner,685000
2014,65000,maruti,maruti swift vdi bsiv,diesel,dealer,manual,first owner,540000
2018,13000,honda,honda city i-vtec cvt zx,petrol,dealer,automatic,test drive car,1165000
2014,77000,ford,ford ecosport 1.5 dv5 mt titanium optional,diesel,dealer,manual,first owner,610000
2011,24000,hyundai,hyundai eon era,petrol,dealer,manual,first owner,254999
2014,63840,nissan,nissan micra active xv,petrol,dealer,manual,first owner,280000
2017,25000,tata,tata tiago 1.2 revotron xt,petrol,individual,manual,first owner,370000
2011,76400,tata,tata new safari dicor 2.2 ex 4x2,diesel,individual,manual,second owner,459999
1998,70000,maruti,maruti zen lx,petrol,individual,manual,third owner,42000
2011,80000,fiat,fiat linea active (diesel),diesel,individual,manual,third owner,190000
2010,100000,fiat,fiat punto 1.4 emotion,petrol,individual,manual,fourth & above owner,165000
2017,40000,ford,ford ecosport 1.5 diesel trend plus bsiv,diesel,individual,manual,first owner,710000
2018,15000,hyundai,hyundai creta 1.6 sx option,petrol,individual,manual,first owner,1200000
2011,70000,maruti,maruti zen estilo lxi bs iv,petrol,individual,manual,first owner,229999
2018,15000,renault,renault kwid rxt,petrol,individual,manual,first owner,310000
2015,40000,maruti,maruti wagon r vxi bs iv,petrol,individual,manual,first owner,320000
2006,54000,maruti,maruti 800 ac,petrol,individual,manual,first owner,100000
2009,90000,hyundai,hyundai verna crdi,diesel,individual,manual,first owner,160000
2007,52000,maruti,maruti 800 ac bsiii,petrol,individual,manual,first owner,60000
2012,200000,tata,tata indigo ls,diesel,individual,manual,third owner,100000
2016,35000,chevrolet,chevrolet beat diesel lt,diesel,individual,manual,second owner,350000
2017,60000,renault,renault duster 110ps diesel rxz awd,diesel,individual,manual,first owner,700000
2017,31489,maruti,maruti alto k10 vxi,petrol,individual,manual,first owner,300000
2018,40000,hyundai,hyundai i20 1.4 asta option,diesel,individual,manual,first owner,830000
2010,70000,hyundai,hyundai verna transform vtvt,petrol,individual,manual,first owner,229999
2013,100000,hyundai,hyundai i20 magna optional 1.4 crdi,diesel,individual,manual,first owner,400000
2005,70000,maruti,maruti gypsy king hard top ambulance bsiv,petrol,individual,manual,second owner,300000
2013,50000,ford,ford figo diesel celebration edition,diesel,individual,manual,first owner,300000
2009,180000,ford,ford fiesta 1.4 sxi tdci,diesel,individual,manual,second owner,80000
2008,50000,maruti,maruti 800 ac,petrol,individual,manual,second owner,80000
2007,90000,maruti,maruti esteem vxi,petrol,individual,manual,second owner,100000
2012,110000,tata,tata indica vista quadrajet ls,diesel,individual,manual,first owner,300000
2018,26000,maruti,maruti baleno zeta automatic,petrol,individual,automatic,first owner,700000
2016,65000,maruti,maruti vitara brezza zdi plus,diesel,individual,manual,first owner,975000
2009,130000,chevrolet,chevrolet captiva lt,diesel,individual,manual,first owner,500000
2013,75000,renault,renault duster 85ps diesel rxl optional,diesel,individual,manual,second owner,550000
2014,110000,nissan,nissan terrano xv premium 110 ps,diesel,individual,manual,second owner,550000
2014,50000,maruti,maruti alto k10 2010-2014 vxi,petrol,individual,manual,first owner,240000
1997,80000,maruti,maruti 800 std,petrol,individual,manual,second owner,50000
2009,80000,tata,tata indica vista aura 1.2 safire,petrol,individual,manual,second owner,120000
2013,60000,maruti,maruti alto 800 lxi,petrol,individual,manual,second owner,900000
2009,90000,honda,honda city 1.5 v mt,petrol,individual,manual,second owner,250000
2017,36000,renault,renault kwid 1.0 rxt optional,petrol,individual,manual,first owner,280000
2010,87000,tata,tata indica vista terra quadrajet 1.3l bs iv,diesel,individual,manual,first owner,85000
2011,80000,tata,tata indica vista terra 1.4 tdi,diesel,individual,manual,first owner,90000
2015,50000,chevrolet,chevrolet enjoy tcdi lt 8 seater,diesel,individual,manual,first owner,500000
2013,60000,maruti,maruti 800 std,petrol,individual,manual,first owner,200000
2015,50000,renault,renault kwid rxt,petrol,individual,manual,first owner,250000
2014,40000,maruti,maruti swift dzire vdi,diesel,individual,manual,third owner,185000
2008,60000,hyundai,hyundai i10 magna 1.1,petrol,individual,manual,second owner,100000
2015,55000,toyota,toyota etios vxd,diesel,individual,manual,first owner,610000
2012,80000,mahindra,mahindra quanto c8,diesel,individual,manual,first owner,290000
2012,295000,mahindra,mahindra xylo e9,diesel,individual,manual,first owner,300000
2015,80000,hyundai,hyundai eon era plus,petrol,individual,manual,first owner,225000
2017,50000,maruti,maruti alto k10 vxi,petrol,individual,manual,second owner,320000
2012,158000,tata,tata indigo cr4,diesel,individual,manual,third owner,135000
2006,400000,toyota,toyota innova 2.5 g (diesel) 7 seater bs iv,diesel,individual,manual,third owner,400000
2016,19495,nissan,nissan sunny xl,petrol,dealer,manual,first owner,600000
2013,62668,renault,renault duster 85ps diesel rxl plus,diesel,dealer,manual,first owner,570000
2013,85710,mahindra,mahindra xuv500 w6 2wd,diesel,dealer,manual,first owner,850000
2011,55130,ford,ford figo diesel exi,diesel,dealer,manual,second owner,250000
2014,63356,ford,ford ecosport 1.5 dv5 mt titanium,diesel,dealer,manual,second owner,580000
2012,129627,toyota,toyota fortuner 3.0 diesel,diesel,dealer,manual,first owner,1680000
2010,15000,chevrolet,chevrolet spark 1.0 lt,petrol,individual,manual,first owner,180000
2017,50000,tata,tata tiago 1.2 revotron xe,petrol,individual,manual,first owner,300000
2012,70000,toyota,toyota etios liva vx,petrol,individual,manual,second owner,269000
2018,20000,maruti,maruti alto k10 vxi,petrol,individual,manual,first owner,231999
2011,60000,chevrolet,chevrolet beat ls,petrol,individual,manual,third owner,150000
2017,5000,hyundai,hyundai grand i10 asta option,petrol,individual,manual,first owner,495000
2014,15000,maruti,maruti ciaz vxi,petrol,individual,manual,first owner,700000
2018,4400,datsun,datsun go plus t bsiv,petrol,individual,manual,second owner,400000
2019,15000,mahindra,mahindra xylo h4,diesel,individual,manual,third owner,599000
2013,45000,renault,renault duster 85ps diesel rxl optional,diesel,individual,manual,first owner,421000
2018,1000,ford,ford ecosport 1.5 diesel trend bsiv,diesel,individual,manual,first owner,841000
2014,38500,hyundai,hyundai i10 magna 1.1l,petrol,individual,manual,first owner,295000
2011,25000,hyundai,hyundai i10 sportz,petrol,individual,manual,first owner,220000
2013,35000,ford,ford classic 1.4 duratorq lxi,diesel,individual,manual,first owner,250000
2009,110000,toyota,toyota fortuner 3.0 diesel,diesel,individual,manual,second owner,1100000
2012,40000,hyundai,hyundai verna 1.6 vtvt,petrol,individual,manual,first owner,300000
2007,110000,chevrolet,chevrolet aveo u-va 1.2,petrol,individual,manual,second owner,80000
2013,20000,chevrolet,chevrolet beat diesel lt,diesel,individual,manual,third owner,215000
2012,14987,hyundai,hyundai eon magna plus,petrol,dealer,manual,first owner,245000
2016,25061,ford,ford ecosport 1.5 tdci titanium bsiv,diesel,dealer,manual,first owner,650000
2017,42494,ford,ford ecosport 1.5 diesel titanium,diesel,dealer,manual,first owner,760000
2014,44875,honda,honda amaze s i-dtech,diesel,dealer,manual,first owner,395000
2014,89741,ford,ford figo diesel exi,diesel,dealer,manual,second owner,280000
2016,65000,honda,honda jazz 1.5 s i dtec,diesel,dealer,manual,first owner,495000
2016,35000,honda,honda jazz 1.5 vx i dtec,diesel,dealer,manual,first owner,525000
2009,347089,toyota,toyota innova 2.5 gx 8 str bsiv,diesel,dealer,manual,first owner,420000
2010,34500,tata,tata new safari dicor 2.2 vx 4x2,diesel,individual,manual,first owner,210000
2018,30000,hyundai,hyundai i20 active 1.2 s,petrol,individual,manual,first owner,650000
2018,39000,bmw,bmw 3 series 320d luxury line,diesel,individual,automatic,first owner,2300000
2019,16000,ford,ford freestyle titanium plus diesel bsiv,diesel,individual,manual,first owner,525000
2010,80000,maruti,maruti wagon r lxi cng,cng,individual,manual,second owner,195000
2016,60000,maruti,maruti ertiga shvs vdi,diesel,individual,manual,first owner,650000
2015,110000,mahindra,mahindra tuv 300 t6 plus,diesel,individual,manual,first owner,540000
2014,61000,maruti,maruti alto 800 lxi,petrol,individual,manual,first owner,180000
2018,50000,maruti,maruti ertiga shvs zdi plus,diesel,individual,manual,first owner,980000
2014,90000,fiat,fiat grande punto evo 90hp 1.3 sport,diesel,individual,manual,first owner,250000
2018,35000,hyundai,hyundai grand i10 1.2 kappa sportz at,petrol,individual,automatic,first owner,550000
2015,43000,volkswagen,volkswagen vento 1.6 highline,petrol,individual,manual,second owner,509999
2017,50000,maruti,maruti alto k10 lxi,petrol,individual,manual,first owner,320000
2016,25000,hyundai,hyundai eon d lite,petrol,individual,manual,first owner,275000
2013,222252,mahindra,mahindra xuv500 w8 2wd,diesel,individual,manual,first owner,550000
2009,50000,maruti,maruti wagon r vxi minor,petrol,individual,manual,second owner,145000
2013,80000,fiat,fiat grande punto emotion 90hp,diesel,individual,manual,first owner,250000
2012,35000,hyundai,hyundai verna 1.6 sx,diesel,individual,manual,first owner,520000
2007,85000,maruti,maruti alto lxi,petrol,individual,manual,second owner,95000
2011,110000,toyota,toyota innova 2.5 v diesel 7-seater,diesel,individual,manual,third owner,725000
2006,70000,maruti,maruti 800 ac,petrol,individual,manual,second owner,55000
2014,100000,honda,honda city i dtec vx,diesel,individual,manual,first owner,600000
2013,120000,volkswagen,volkswagen vento new diesel highline,diesel,individual,manual,second owner,330000
2015,89000,maruti,maruti swift dzire vdi,diesel,individual,manual,first owner,470000
2013,120000,maruti,maruti swift zdi,diesel,individual,manual,first owner,365000
2013,40000,hyundai,hyundai eon magna plus,petrol,individual,manual,second owner,250000
2017,17000,maruti,maruti wagon r vxi bs iv,petrol,individual,manual,first owner,430000
2013,125000,maruti,maruti swift vdi,diesel,individual,manual,second owner,400000
2015,110000,maruti,maruti swift dzire zxi,petrol,individual,manual,second owner,615000
2011,120000,ford,ford figo diesel titanium,diesel,individual,manual,second owner,150000
2014,90000,ford,ford figo diesel zxi,diesel,individual,manual,first owner,240000
2014,90000,mahindra,mahindra scorpio s10 7 seater,diesel,individual,manual,first owner,800000
2015,110000,hyundai,hyundai eon lpg magna plus,lpg,individual,manual,first owner,240000
2014,87000,ford,ford ecosport 1.5 dv5 mt titanium,diesel,individual,manual,second owner,600000
2014,15000,mahindra,mahindra scorpio lx,diesel,individual,manual,first owner,800000
2012,38000,ford,ford fiesta classic 1.6 duratec clxi,petrol,individual,manual,first owner,350000
2011,64000,honda,honda city 1.5 v mt,petrol,individual,manual,second owner,300000
2015,55250,tata,tata sumo gold ex bsiii,diesel,individual,manual,first owner,399000
2011,110000,mahindra,mahindra bolero di,diesel,individual,manual,first owner,300000
2012,70000,maruti,maruti a-star at vxi,petrol,individual,automatic,first owner,150000
2010,60000,chevrolet,chevrolet cruze ltz,diesel,individual,manual,third owner,320000
2018,17000,tata,tata hexa xm,diesel,individual,manual,first owner,1280000
2017,13000,renault,renault kwid 1.0 rxt optional,petrol,individual,manual,second owner,300000
2016,60000,nissan,nissan terrano xl plus icc wt20 se,diesel,individual,manual,first owner,1000000
2012,120000,mitsubishi,mitsubishi pajero sport 4x4,diesel,individual,manual,second owner,1090000
2012,97000,tata,tata new safari dicor 2.2 gx 4x2 bs iv,diesel,individual,manual,second owner,450000
2007,130000,tata,tata indica gls bs iv,petrol,individual,manual,second owner,60000
2013,50000,maruti,maruti swift dzire zxi,petrol,individual,manual,first owner,500000
2012,120000,tata,tata indigo cr4,diesel,individual,manual,second owner,200000
2006,100000,maruti,maruti alto lxi,petrol,individual,manual,second owner,60000
2012,67000,hyundai,hyundai accent executive cng,cng,dealer,manual,second owner,185000
2015,60000,maruti,maruti alto k10 vxi,petrol,individual,manual,first owner,155000
2019,5000,maruti,maruti swift vxi,petrol,individual,manual,first owner,600000
2016,20000,renault,renault kwid rxe,petrol,individual,manual,first owner,300000
2018,12500,hyundai,hyundai creta 1.6 e plus,petrol,individual,manual,first owner,850000
2019,4000,maruti,maruti eeco cng 5 seater ac bsiv,cng,individual,manual,first owner,470000
2019,25000,ford,ford figo 1.2p titanium mt,petrol,individual,manual,first owner,600000
2013,70000,toyota,toyota innova 2.5 g (diesel) 7 seater,diesel,individual,manual,second owner,700000
2007,162000,maruti,maruti wagon r lxi duo bsiii,lpg,individual,manual,first owner,70000
2010,205000,toyota,toyota fortuner 3.0 diesel,diesel,individual,manual,second owner,1250000
2008,70000,audi,audi a6 2.8 fsi,petrol,individual,automatic,third owner,650000
2018,70000,hyundai,hyundai xcent 1.2 crdi s,diesel,individual,manual,second owner,450000
2014,100000,mahindra,mahindra xuv500 w8 2wd,diesel,individual,manual,second owner,750000
2013,70000,toyota,toyota innova 2.5 g (diesel) 7 seater,diesel,individual,manual,second owner,775000
2011,220000,hyundai,hyundai santa fe 4x4,diesel,individual,manual,first owner,800000
2015,80000,honda,honda amaze e i-vtech,petrol,individual,manual,second owner,360000
2010,120000,toyota,toyota corolla altis diesel d4dg,diesel,individual,manual,first owner,250000
2017,22038,jeep,jeep compass 2.0 longitude option bsiv,diesel,individual,manual,first owner,1490000
2013,80000,nissan,nissan terrano xl 110 ps,diesel,individual,manual,first owner,600000
2010,90000,maruti,maruti alto lx,petrol,individual,manual,first owner,120000
2012,140000,tata,tata new safari dicor 2.2 ex 4x2,diesel,individual,manual,second owner,320000
2011,120000,mahindra,mahindra thar 4x2,diesel,individual,manual,second owner,400000
2015,60000,maruti,maruti swift dzire zdi,diesel,individual,manual,first owner,302000
2014,60000,maruti,maruti swift dzire lxi option,petrol,individual,manual,second owner,150000
2012,90000,tata,tata indica vista aura plus 1.3 quadrajet,diesel,individual,manual,second owner,200000
2008,175000,maruti,maruti swift vdi bsiii,diesel,individual,manual,second owner,120000
2019,10000,mahindra,mahindra xuv500 w7 bsiv,diesel,individual,manual,first owner,1400000
2017,65000,hyundai,hyundai i20 1.2 asta option,petrol,individual,manual,first owner,620000
2012,90000,toyota,toyota innova 2.5 gx 8 str bsiv,diesel,individual,manual,first owner,449000
2007,70000,maruti,maruti alto lxi,petrol,individual,manual,first owner,100000
2018,2500,hyundai,hyundai grand i10 1.2 kappa sportz bsiv,petrol,individual,manual,first owner,600000
2012,40000,chevrolet,chevrolet beat diesel lt,diesel,individual,manual,first owner,250000
2018,63000,maruti,maruti baleno rs 1.0 petrol,petrol,individual,manual,first owner,550000
2014,70000,skoda,skoda rapid 1.5 tdi ambition,diesel,individual,manual,first owner,360000
2012,60000,skoda,skoda superb lk 1.8 tsi at,petrol,dealer,automatic,first owner,650000
2012,92000,ford,ford fiesta 1.5 tdci titanium,diesel,dealer,manual,third owner,199000
2014,89126,mahindra,mahindra quanto c6,diesel,individual,manual,first owner,285000
2009,134000,volkswagen,volkswagen jetta 1.9 tdi comfortline dsg,diesel,individual,automatic,first owner,260000
2019,15000,maruti,maruti ciaz 1.4 at zeta,petrol,dealer,automatic,first owner,869999
2016,42500,hyundai,hyundai grand i10 1.2 crdi magna,diesel,dealer,manual,first owner,425000
2012,42000,chevrolet,chevrolet cruze ltz at,diesel,dealer,automatic,first owner,490000
2015,70000,mahindra,mahindra xuv500 at w8 fwd,diesel,individual,automatic,second owner,750000
2004,110000,honda,honda city 1.5 exi,petrol,individual,manual,third owner,125000
2014,131365,fiat,fiat linea 1.3 emotion,diesel,individual,manual,first owner,221000
2016,48980,volkswagen,volkswagen vento 1.5 tdi highline at,diesel,dealer,automatic,first owner,724000
2014,46000,honda,honda amaze vx at i-vtech,petrol,dealer,automatic,first owner,440000
2009,60000,chevrolet,chevrolet spark 1.0 ls,petrol,individual,manual,third owner,70000
2015,58000,maruti,maruti baleno delta diesel,diesel,dealer,manual,first owner,511000
2016,22000,maruti,maruti s-cross alpha ddis 200 sh,diesel,dealer,manual,first owner,790000
2017,37000,hyundai,hyundai i20 1.2 asta option,petrol,individual,manual,first owner,640000
2009,70000,hyundai,hyundai santro xing gls,petrol,individual,manual,fourth & above owner,120000
2012,98900,chevrolet,chevrolet beat diesel lt,diesel,individual,manual,third owner,126000
2012,125000,chevrolet,chevrolet beat diesel lt,diesel,individual,manual,first owner,120000
2017,60000,mahindra,mahindra tuv 300 t4 plus,diesel,individual,manual,first owner,650000
2014,80000,hyundai,hyundai grand i10 asta,petrol,individual,manual,second owner,450000
2010,80000,maruti,maruti zen estilo lxi green (cng),cng,individual,manual,fourth & above owner,110000
2017,40000,mahindra,mahindra bolero power plus plus ac bsiv ps,diesel,individual,manual,first owner,600000
2012,80000,mahindra,mahindra xuv500 w8 4wd,diesel,individual,manual,second owner,620000
2014,30000,ford,ford ecosport 1.5 dv5 mt titanium,diesel,individual,manual,first owner,600000
2018,35000,mahindra,mahindra bolero power plus zlx,diesel,individual,manual,first owner,795000
2011,180000,tata,tata winger deluxe - hi roof (ac),diesel,individual,manual,third owner,300000
2015,60000,renault,renault lodgy 85ps rxl,diesel,individual,manual,first owner,495000
2018,34000,tata,tata hexa xta,diesel,individual,automatic,first owner,1350000
2014,145000,mahindra,mahindra xylo d4,diesel,individual,manual,first owner,350000
2018,25000,datsun,datsun redigo amt 1.0 s,petrol,individual,automatic,first owner,300000
2018,70000,nissan,nissan sunny xl d,diesel,individual,manual,first owner,500000
2017,36000,audi,audi q3 35 tdi quattro technology,diesel,dealer,automatic,first owner,2575000
2014,58000,honda,honda brio vx,petrol,dealer,manual,first owner,345000
2013,100000,tata,tata indigo cr4,diesel,individual,manual,first owner,220000
1999,100000,maruti,maruti 800 ac,petrol,individual,manual,second owner,50000
2017,14000,honda,honda jazz select edition,petrol,dealer,manual,first owner,585000
2018,13800,maruti,maruti swift dzire amt vxi,petrol,individual,automatic,first owner,625000
2017,23000,hyundai,hyundai creta 1.6 sx automatic,petrol,dealer,automatic,first owner,1035000
2017,99700,mahindra,mahindra xylo d4,diesel,individual,manual,first owner,600000
2019,5000,toyota,toyota fortuner 2.8 4wd at bsiv,diesel,individual,automatic,first owner,3100000
2014,49654,honda,honda city i-dtec sv,diesel,dealer,manual,first owner,650000
2016,45457,hyundai,hyundai grand i10 asta,petrol,dealer,manual,first owner,550000
2017,39221,hyundai,hyundai creta 1.6 crdi sx,diesel,dealer,manual,first owner,1260000
2016,48220,hyundai,hyundai i20 sportz 1.2,petrol,dealer,manual,first owner,660000
2017,11114,hyundai,hyundai i20 sportz 1.2,petrol,dealer,manual,first owner,700000
2008,60208,hyundai,hyundai getz 1.5 crdi gvs,diesel,dealer,manual,first owner,235000
2013,80000,volkswagen,volkswagen vento 1.5 tdi highline,diesel,dealer,manual,first owner,475000
2008,98600,mercedes-benz,mercedes-benz e-class 280 cdi elegance,diesel,dealer,automatic,first owner,795000
2016,13000,audi,audi rs7 2015-2019 sportback performance,petrol,dealer,automatic,first owner,8900000
2015,30000,audi,audi q5 3.0 tdi quattro technology,diesel,dealer,automatic,first owner,3200000
2019,18000,mg,mg hector smart at,petrol,dealer,automatic,first owner,1860000
2010,100000,land,land rover range rover 4.4 diesel lwb vogue se,diesel,dealer,automatic,first owner,4200000
2015,58000,honda,honda city vx cvt,petrol,dealer,automatic,first owner,850000
2017,85441,mahindra,mahindra xylo d4,diesel,dealer,manual,first owner,585000
2015,64541,mahindra,mahindra verito 1.5 d4 bsiv,diesel,dealer,manual,first owner,380000
2019,35000,maruti,maruti swift dzire vdi,diesel,individual,manual,first owner,650000
2017,16267,nissan,nissan micra active xv,petrol,dealer,manual,first owner,434999
2013,71500,volkswagen,volkswagen vento 1.5 tdi highline,diesel,dealer,manual,first owner,525000
2019,12999,bmw,bmw 5 series 520d luxury line,diesel,dealer,automatic,first owner,4800000
2008,80000,chevrolet,chevrolet aveo u-va 1.2 ls,petrol,individual,manual,first owner,160000
2007,90000,maruti,maruti zen estilo 1.1 lxi bsiii,petrol,individual,manual,second owner,160000
2017,14700,hyundai,hyundai creta 1.6 vtvt s,petrol,individual,manual,first owner,900000
2000,90000,maruti,maruti alto lx,petrol,individual,manual,second owner,61000
2017,50000,maruti,maruti wagon r lxi bs iv,petrol,individual,manual,first owner,400000
2009,100000,hyundai,hyundai santro xing xs,petrol,individual,manual,second owner,150000
2019,24000,volkswagen,volkswagen polo gt 1.0 tsi,petrol,individual,automatic,first owner,950000
2007,90000,hyundai,hyundai getz glx,petrol,individual,manual,first owner,110000
2015,30000,tata,tata bolt revotron xm,petrol,individual,manual,first owner,375000
2017,80000,datsun,datsun go plus t option,petrol,individual,manual,first owner,350000
2012,92686,hyundai,hyundai i20 magna 1.4 crdi (diesel),diesel,dealer,manual,second owner,310000
2010,300000,tata,tata indica gls bs iv,petrol,individual,manual,third owner,90000
2011,90000,volkswagen,volkswagen vento petrol highline,petrol,individual,manual,second owner,350000
2003,60000,hyundai,hyundai santro ls zipplus,petrol,individual,manual,first owner,100000
2017,40000,mahindra,mahindra xuv500 at w6 2wd,diesel,individual,automatic,first owner,1300000
2014,55000,hyundai,hyundai eon era plus sports edition,petrol,individual,manual,first owner,280000
2018,6000,hyundai,hyundai eon magna plus,petrol,individual,manual,first owner,360000
2011,40000,maruti,maruti alto lxi,petrol,individual,manual,second owner,150000
2017,15000,skoda,skoda rapid 1.6 mpi at ambition bsiv,petrol,individual,automatic,first owner,900000
2005,50000,ambassador,ambassador classic 1500 dsl ac,diesel,individual,manual,second owner,120000
2010,90000,fiat,fiat linea t jet emotion,petrol,individual,manual,second owner,215000
2013,38500,renault,renault scala diesel rxl,diesel,individual,manual,first owner,550000
2018,35000,tata,tata nexon 1.2 revotron xz plus dual tone,petrol,individual,manual,first owner,775000
2001,49359,maruti,maruti gypsy king ht bsiv,petrol,individual,manual,third owner,409999
2005,70000,maruti,maruti 800 ac uniq,petrol,individual,manual,second owner,65000
2008,90000,maruti,maruti wagon r lxi minor,petrol,individual,manual,second owner,200000
2010,50000,maruti,maruti wagon r vxi bs iv,petrol,individual,manual,second owner,240000
2012,108731,toyota,toyota innova 2.5 vx 8 str,diesel,individual,manual,first owner,800000
2010,120000,toyota,toyota innova 2.5 ev diesel ms 7 str bsiii,diesel,individual,manual,first owner,400000
2016,60000,tata,tata sumo gold ex bsiii,diesel,individual,manual,first owner,500000
2007,90000,mahindra,mahindra renault logan 1.5 dlx diesel,diesel,individual,manual,third owner,150000
2014,140000,toyota,toyota etios gd,diesel,individual,manual,second owner,500000
2014,80000,hyundai,hyundai eon magna plus,petrol,individual,manual,first owner,320000
2013,90000,nissan,nissan micra diesel xv,diesel,individual,manual,first owner,300000
2018,14000,maruti,maruti alto 800 lxi,petrol,individual,manual,first owner,285000
2012,70000,tata,tata aria pleasure 4x2,diesel,individual,manual,second owner,360000
2009,55000,honda,honda accord 2.4 mt,petrol,individual,manual,second owner,450000
2011,60000,maruti,maruti alto lxi,petrol,individual,manual,third owner,175000
2011,74000,chevrolet,chevrolet cruze lt,diesel,individual,manual,second owner,350000
2020,45000,ford,ford figo aspire 1.5 tdci titanium,diesel,dealer,manual,first owner,530000
2017,38000,honda,honda city i-dtec zx,diesel,dealer,manual,first owner,1025000
2017,24000,honda,honda br-v i-dtec vx mt,diesel,dealer,manual,first owner,950000
2017,29976,honda,honda wr-v i-vtec vx,petrol,dealer,manual,first owner,725000
2017,41000,honda,honda city i vtec vx,petrol,dealer,manual,first owner,919999
2018,15000,honda,honda jazz 1.5 v i dtec,diesel,dealer,manual,first owner,700000
2017,36000,honda,honda jazz 1.5 vx i dtec,diesel,dealer,manual,first owner,725000
2017,30646,honda,honda br-v i-vtec vx mt,petrol,dealer,manual,first owner,840000
2015,23600,maruti,maruti wagon r vxi bs iv,petrol,dealer,manual,first owner,365000
2014,71318,honda,honda city i dtec sv,diesel,dealer,manual,first owner,665000
2003,78098,maruti,maruti 800 std,petrol,individual,manual,first owner,50000
2014,30000,hyundai,hyundai eon era plus,petrol,individual,manual,first owner,225000
2012,45000,hyundai,hyundai i10 era,petrol,individual,manual,second owner,229999
2008,67000,hyundai,hyundai santro xing gl,petrol,individual,manual,first owner,145000
2017,18054,ford,ford ecosport 1.5 ti vct mt titanium bsiv,petrol,dealer,manual,first owner,750000
2015,40000,honda,honda city i dtec vx,diesel,individual,manual,first owner,785000
2011,30000,hyundai,hyundai i10 sportz,petrol,individual,manual,first owner,225000
2017,80000,hyundai,hyundai xcent 1.1 crdi base,diesel,individual,manual,first owner,300000
2016,20000,hyundai,hyundai i20 asta 1.4 crdi,diesel,individual,manual,first owner,680000
2016,40000,mahindra,mahindra tuv 300 t8,diesel,individual,manual,first owner,700000
2011,120000,tata,tata indigo cs els bs iv,diesel,individual,manual,first owner,180000
2008,120000,ford,ford fiesta 1.4 sxi tdci abs,diesel,individual,manual,second owner,270000
2010,97000,maruti,maruti swift dzire vxi,petrol,individual,manual,second owner,370000
2018,70000,mahindra,mahindra xylo h8 abs with airbags,diesel,individual,manual,first owner,1100000
2004,120000,hyundai,hyundai accent crdi,diesel,individual,manual,second owner,120000
2013,88000,skoda,skoda rapid 1.6 tdi prestige,diesel,individual,manual,second owner,430000
2014,38406,maruti,maruti swift zdi,diesel,dealer,manual,first owner,550000
2014,54350,hyundai,hyundai santro xing gls,petrol,dealer,manual,first owner,320000
2015,32260,maruti,maruti wagon r vxi bs iv,petrol,dealer,manual,first owner,390000
2014,58231,renault,renault duster 85ps diesel rxe,diesel,dealer,manual,first owner,550000
2012,59858,maruti,maruti swift vxi,petrol,dealer,manual,first owner,370000
2010,73350,maruti,maruti alto lxi bsiii,petrol,dealer,manual,first owner,190000
2013,88473,renault,renault duster 110ps diesel rxz,diesel,dealer,manual,first owner,509999
2013,96987,honda,honda city s,petrol,dealer,manual,first owner,450000
2016,77350,mercedes-benz,mercedes-benz gls 2016-2020 350d 4matic,diesel,dealer,automatic,first owner,5500000
2015,61187,maruti,maruti swift dzire vdi,diesel,dealer,manual,first owner,550000
2009,68350,mahindra,mahindra xylo e6,diesel,dealer,manual,first owner,400000
2015,81150,ford,ford ecosport 1.5 tdci titanium bsiv,diesel,dealer,manual,first owner,585000
2019,30000,hyundai,hyundai grand i10 1.2 kappa asta,petrol,individual,manual,first owner,500000
2015,30000,maruti,maruti ciaz zxi,petrol,individual,manual,first owner,800000
2009,120000,maruti,maruti swift vdi bsiii,diesel,individual,manual,second owner,265000
2012,180000,ford,ford figo diesel titanium,diesel,individual,manual,first owner,175000
2007,50000,fiat,fiat palio 1.2 sport,petrol,individual,manual,second owner,125000
2010,80000,tata,tata manza aqua quadrajet bs iv,diesel,individual,manual,first owner,165000
2011,280000,mahindra,mahindra verito 1.5 d2 bsiii,diesel,individual,manual,first owner,150000
2015,90000,hyundai,hyundai creta 1.6 crdi sx option,diesel,individual,manual,second owner,1025000
2014,250000,toyota,toyota innova 2.5 vx (diesel) 8 seater,diesel,individual,manual,second owner,1030000
2012,90000,chevrolet,chevrolet cruze lt,diesel,individual,manual,fourth & above owner,380000
2010,110000,maruti,maruti swift dzire ldi,diesel,individual,manual,third owner,250000
2000,80000,maruti,maruti zen lx,petrol,individual,manual,second owner,85000
2016,35000,fiat,fiat punto evo 1.3 dynamic,diesel,individual,manual,first owner,500000
2018,15000,hyundai,hyundai eon era plus,petrol,individual,manual,first owner,350000
2010,52000,maruti,maruti alto lxi bsiii,petrol,individual,manual,second owner,190000
2009,140000,volkswagen,volkswagen jetta 1.9 tdi trendline,diesel,individual,manual,first owner,940000
2013,60000,maruti,maruti swift vxi,petrol,individual,manual,second owner,475000
2018,17000,maruti,maruti alto 800 lxi,petrol,individual,manual,first owner,300000
2016,70000,chevrolet,chevrolet beat ls,petrol,individual,manual,third owner,250000
2001,97000,maruti,maruti zen lx,petrol,individual,manual,fourth & above owner,93000
2012,125000,ford,ford figo diesel zxi,diesel,individual,manual,second owner,290000
2010,300000,tata,tata indica gls bs iv,petrol,individual,manual,third owner,75000
2015,120000,mahindra,mahindra xuv500 w8 2wd,diesel,individual,manual,second owner,1000000
2015,87000,hyundai,hyundai i20 asta 1.4 crdi,diesel,individual,manual,first owner,550000
2010,75000,fiat,fiat punto 1.3 emotion,diesel,individual,manual,third owner,285000
2012,40000,maruti,maruti wagon r vxi bsiii,petrol,individual,manual,second owner,229999
2014,120000,ford,ford ecosport 1.5 dv5 mt titanium,diesel,individual,manual,first owner,580000
2005,100000,toyota,toyota corolla h2,petrol,individual,manual,fourth & above owner,175000
2012,110000,maruti,maruti ritz vdi,diesel,individual,manual,fourth & above owner,250000
2006,105700,maruti,maruti zen lx - bs iii,petrol,individual,manual,first owner,70000
2017,14000,maruti,maruti celerio vxi optional,petrol,dealer,manual,first owner,430999
2010,70000,chevrolet,chevrolet spark 1.0,petrol,individual,manual,first owner,80000
2019,28000,maruti,maruti alto 800 lxi optional,petrol,dealer,manual,first owner,335000
2017,51000,maruti,maruti eeco 7 seater standard bsiv,petrol,dealer,manual,first owner,350000
2018,56000,maruti,maruti alto 800 lxi opt bsiv,petrol,dealer,manual,first owner,315000
2019,35000,volkswagen,volkswagen vento 1.5 tdi highline plus at bsiv,diesel,individual,automatic,first owner,1100000
2005,24000,maruti,maruti esteem lxi - bsiii,petrol,individual,manual,first owner,80000
2014,64000,maruti,maruti alto k10 vxi optional,petrol,dealer,manual,second owner,285000
2009,120000,tata,tata indigo tdi,diesel,individual,manual,third owner,100000
2011,37091,maruti,maruti alto lxi,petrol,individual,manual,first owner,225000
2017,80000,volvo,volvo xc 90 d5 inscription bsiv,diesel,individual,automatic,first owner,4500000
2018,38900,maruti,maruti alto k10 vxi,petrol,individual,manual,third owner,320000
2016,60000,hyundai,hyundai creta 1.6 crdi sx plus,diesel,individual,manual,third owner,1249000
2008,110000,maruti,maruti wagon r lxi minor,petrol,individual,manual,third owner,120000
2011,100000,volkswagen,volkswagen vento diesel trendline,diesel,individual,manual,second owner,200000
2016,85000,hyundai,hyundai creta 1.6 crdi sx,diesel,individual,manual,first owner,1151000
2012,140000,tata,tata indica vista quadrajet ls,diesel,individual,manual,first owner,120000
2017,20000,renault,renault kwid rxt,petrol,individual,manual,first owner,220000
2018,40000,mahindra,mahindra tuv 300 t10 dual tone,diesel,individual,manual,first owner,784000
2017,50000,honda,honda jazz 1.2 s i vtec,petrol,individual,manual,first owner,500000
2018,20000,hyundai,hyundai eon era plus,petrol,individual,manual,first owner,350000
2018,50000,mahindra,mahindra xuv500 w7 at bsiv,diesel,individual,automatic,first owner,1400000
2014,100000,mahindra,mahindra thar crde ac,diesel,individual,manual,second owner,600000
2019,9400,hyundai,hyundai grand i10 1.2 kappa magna bsiv,petrol,individual,manual,first owner,525000
2017,12000,ford,ford ecosport 1.5 diesel titanium plus bsiv,diesel,individual,manual,first owner,930000
2017,14100,maruti,maruti eeco 5 str with ac plus htr cng,cng,dealer,manual,first owner,440000
2016,21000,maruti,maruti celerio zxi,petrol,dealer,manual,first owner,434999
2011,28000,hyundai,hyundai i10 magna,petrol,dealer,manual,first owner,250000
2017,35000,maruti,maruti ertiga shvs zdi plus,diesel,dealer,manual,first owner,940000
2017,31000,hyundai,hyundai verna 1.6 crdi at sx,diesel,dealer,automatic,first owner,1050000
2016,58000,maruti,maruti ertiga shvs zdi,diesel,dealer,manual,first owner,825000
2012,25000,maruti,maruti wagon r vxi minor,petrol,individual,manual,first owner,229999
2011,72000,hyundai,hyundai i20 1.2 asta,petrol,dealer,manual,first owner,375000
2013,89000,maruti,maruti ertiga zdi,diesel,dealer,manual,first owner,640000
2012,160000,toyota,toyota innova 2.5 v diesel 8-seater,diesel,dealer,manual,first owner,800000
2012,30000,ford,ford figo petrol zxi,petrol,individual,manual,third owner,130000
2014,37555,hyundai,hyundai i10 sportz 1.1l,petrol,dealer,manual,first owner,300000
2018,14000,maruti,maruti wagon r vxi bs iv,petrol,dealer,manual,first owner,440000
2014,56600,maruti,maruti ertiga vxi cng,cng,dealer,manual,first owner,595000
2013,110000,mahindra,mahindra scorpio ex,diesel,individual,manual,first owner,450000
2017,50000,maruti,maruti vitara brezza vdi option,diesel,individual,manual,first owner,690000
2019,5000,maruti,maruti alto 800 vxi,petrol,individual,manual,first owner,300000
2014,100000,chevrolet,chevrolet sail 1.2 base,petrol,individual,manual,second owner,170000
2012,120000,toyota,toyota etios liva gd sp,diesel,individual,manual,first owner,280000
2009,67580,maruti,maruti swift vxi bsiii,petrol,individual,manual,second owner,220000
2009,100000,hyundai,hyundai santro xing gls,petrol,individual,manual,third owner,140000
2004,60000,maruti,maruti esteem lxi,petrol,individual,manual,first owner,45000
2014,125000,ford,ford figo diesel titanium,diesel,individual,manual,second owner,200000
2008,120000,mahindra,mahindra scorpio 2.6 turbo 7 str,diesel,individual,manual,second owner,325000
2010,130000,hyundai,hyundai verna crdi sx,diesel,individual,manual,second owner,300000
2009,250000,maruti,maruti 800 ac,petrol,individual,manual,second owner,120000
2015,40000,mahindra,mahindra verito vibe 1.5 dci d6,diesel,individual,manual,first owner,280000
2013,78000,nissan,nissan sunny xl d,diesel,dealer,manual,first owner,225000
2015,48238,ford,ford ecosport 1.5 petrol titanium plus at bsiv,petrol,trustmark dealer,automatic,first owner,750000
2016,38365,hyundai,hyundai i20 1.2 magna executive,petrol,dealer,manual,first owner,535000
2016,23670,mahindra,mahindra xuv500 w10 1.99 mhawk,diesel,trustmark dealer,manual,first owner,1250000
2017,49834,maruti,maruti baleno zeta 1.2,petrol,trustmark dealer,manual,first owner,650000
2013,57353,honda,honda brio s mt,petrol,trustmark dealer,manual,first owner,295000
2015,68308,maruti,maruti swift ddis vdi,diesel,trustmark dealer,manual,first owner,480000
2015,63240,honda,honda city i dtec sv,diesel,trustmark dealer,manual,first owner,575000
2020,1000,tata,tata harrier xe,diesel,individual,manual,first owner,426000
2015,90000,mahindra,mahindra bolero power plus plus ac bsiv ps,diesel,individual,manual,third owner,295000
2011,100000,mahindra,mahindra xylo e4,diesel,individual,manual,second owner,330000
2009,80000,maruti,maruti ritz vxi,petrol,individual,manual,first owner,150000
2016,90000,hyundai,hyundai creta 1.6 crdi sx,diesel,individual,manual,first owner,927999
2003,60000,maruti,maruti zen lxi,petrol,individual,manual,fourth & above owner,70000
2015,55000,hyundai,hyundai xcent 1.2 crdi sx,diesel,dealer,manual,first owner,399000
2015,90000,maruti,maruti swift vdi optional,diesel,individual,manual,first owner,350000
2006,50000,mahindra,mahindra scorpio 2.6 crde,diesel,individual,manual,second owner,125000
2008,90000,hyundai,hyundai santro xing xs,petrol,individual,manual,second owner,150000
2015,25000,hyundai,hyundai eon era plus,petrol,individual,manual,first owner,250000
2014,61000,hyundai,hyundai verna 1.6 sx crdi (o),diesel,dealer,manual,first owner,675000
2018,30000,maruti,maruti s-cross alpha ddis 200 sh,diesel,individual,manual,first owner,950000
2018,45000,maruti,maruti eeco 5 str with ac plus htr cng,cng,individual,manual,first owner,409999
2011,60000,fiat,fiat linea emotion (diesel),diesel,individual,manual,first owner,225000
2008,75000,honda,honda civic 1.8 v mt,petrol,individual,manual,second owner,350000
2005,140000,tata,tata indica lsi,petrol,individual,manual,third owner,51111
2013,56000,chevrolet,chevrolet sail 1.3 ls,diesel,dealer,manual,first owner,290000
2006,62000,toyota,toyota camry hybrid,electric,dealer,automatic,second owner,310000
2007,58000,hyundai,hyundai verna crdi sx,diesel,dealer,manual,second owner,212000
2013,49000,skoda,skoda octavia elegance 2.0 tdi at,diesel,dealer,automatic,second owner,900000
2011,56000,chevrolet,chevrolet beat diesel lt,diesel,dealer,manual,second owner,221000
2013,73000,toyota,toyota innova 2.5 g (diesel) 7 seater,diesel,dealer,manual,first owner,675000
2014,69000,honda,honda amaze s i-dtech,diesel,dealer,manual,first owner,421000
2008,10000,maruti,maruti sx4 zxi bsiii,petrol,individual,manual,first owner,350000
2010,110000,hyundai,hyundai accent executive cng,cng,individual,manual,first owner,140000
2002,116000,skoda,skoda octavia ambiente 1.9 tdi mt,diesel,individual,manual,second owner,90000
2018,40000,honda,honda city edge edition diesel sv,diesel,individual,manual,first owner,830000
2009,30000,maruti,maruti wagon r lxi minor,petrol,individual,manual,first owner,180000
2009,109000,maruti,maruti swift vdi bsiii,diesel,individual,manual,second owner,210000
2017,90000,maruti,maruti sx4 s cross ddis 320 zeta,diesel,individual,manual,first owner,700000
2012,120000,tata,tata indigo lx,diesel,individual,manual,first owner,125000
2017,64916,hyundai,hyundai verna 1.6 vtvt s,petrol,individual,manual,first owner,530000
2018,37161,ford,ford ecosport 1.5 dv5 mt trend,diesel,dealer,manual,first owner,800000
2016,15000,maruti,maruti baleno zeta 1.2,petrol,individual,manual,first owner,580000
2012,118000,audi,audi q3 2.0 tdi quattro premium plus,diesel,individual,automatic,second owner,1400000
2018,50852,renault,renault kwid 1.0 rxl,petrol,individual,manual,first owner,300000
2016,30000,renault,renault kwid rxt optional,petrol,individual,manual,first owner,300000
2015,77000,maruti,maruti ciaz zdi shvs,diesel,individual,manual,first owner,700000
2012,70000,nissan,nissan sunny xl,petrol,individual,manual,third owner,250000
2016,120000,chevrolet,chevrolet tavera neo 3 9 str bsiii,diesel,individual,manual,first owner,500000
2009,40000,honda,honda accord 2.4 at,petrol,individual,automatic,third owner,428000
2019,33000,tata,tata harrier xz bsiv,diesel,individual,manual,first owner,1400000
2013,53500,hyundai,hyundai eon era plus,petrol,individual,manual,third owner,219000
2017,40000,maruti,maruti ertiga shvs ldi,diesel,individual,manual,first owner,500000
2010,60000,honda,honda city 1.5 s mt,petrol,individual,manual,first owner,409999
2018,5000,tata,tata tigor 1.2 revotron xz option,petrol,individual,manual,first owner,570000
2007,80000,maruti,maruti sx4 zxi bsiii,petrol,individual,manual,third owner,160000
2017,51500,maruti,maruti ciaz zdi plus shvs,diesel,individual,manual,second owner,749000
2010,120000,maruti,maruti swift dzire vdi,diesel,individual,manual,third owner,300000
2014,79800,ford,ford ecosport 1.5 diesel titanium plus bsiv,diesel,dealer,manual,first owner,550000
2015,97000,ford,ford ecosport 1.5 diesel titanium plus bsiv,diesel,dealer,manual,second owner,550000
2019,6590,ford,ford ecosport 1.5 diesel titanium plus,diesel,dealer,manual,first owner,1250000
2017,49957,ford,ford figo aspire 1.5 tdci titanium,diesel,dealer,manual,first owner,700000
2017,43235,ford,ford figo 1.5 sports edition mt,diesel,dealer,manual,first owner,600000
2018,50699,ford,ford ecosport 1.5 tdci titanium plus be bsiv,diesel,dealer,manual,first owner,925000
2016,126000,ford,ford endeavour 3.2 titanium at 4x4,diesel,dealer,automatic,first owner,1800000
2015,140730,ford,ford figo aspire 1.5 tdci titanium plus,diesel,dealer,manual,second owner,459999
2015,46000,hyundai,hyundai i20 active 1.2 sx,petrol,individual,manual,first owner,565000
2013,80000,hyundai,hyundai eon era plus,petrol,individual,manual,third owner,170000
2001,256000,toyota,toyota qualis fs b3,diesel,dealer,manual,first owner,150000
2008,120000,mahindra,mahindra scorpio vlx 2wd bsiii,diesel,individual,manual,first owner,295000
2018,40000,hyundai,hyundai i20 active 1.4 sx,diesel,individual,manual,first owner,819999
2019,40000,hyundai,hyundai elite i20 diesel asta option,diesel,individual,manual,first owner,819999
2015,40000,maruti,maruti ritz vxi,petrol,individual,manual,first owner,320000
2015,135000,ford,ford ecosport 1.5 dv5 mt titanium,diesel,individual,manual,second owner,550000
2015,50000,mahindra,mahindra bolero 2011-2019 slx,diesel,individual,manual,first owner,550000
2017,98000,volkswagen,volkswagen ameo 1.5 tdi comfortline,diesel,individual,manual,first owner,590000
2017,50000,honda,honda city i dtec v,diesel,individual,manual,first owner,950000
2017,30000,honda,honda city i-dtec vx,diesel,individual,manual,first owner,1000000
2013,120000,nissan,nissan terrano xe 85 ps,diesel,individual,manual,first owner,500000
2017,70000,fiat,fiat punto evo 1.3 emotion,diesel,individual,manual,first owner,450000
2017,35000,maruti,maruti swift dzire vdi optional,diesel,individual,manual,first owner,720000
2015,70000,maruti,maruti celerio vdi,diesel,individual,manual,second owner,390000
2014,35000,mahindra,mahindra thar 4x2,diesel,individual,manual,first owner,500000
2016,70000,toyota,toyota fortuner 2.7 2wd at,petrol,individual,automatic,second owner,2500000
2017,50000,hyundai,hyundai i20 1.4 asta option,diesel,individual,manual,first owner,780000
2015,90000,maruti,maruti swift dzire zdi,diesel,individual,manual,second owner,484999
2012,90000,volkswagen,volkswagen vento diesel highline,diesel,individual,manual,second owner,420000
2015,70000,mahindra,mahindra xuv500 w10 awd,diesel,individual,manual,first owner,1225000
2015,50000,tata,tata indica vista tdi lx,diesel,individual,manual,second owner,350000
2015,120000,mahindra,mahindra verito 1.5 d4 bsiv,diesel,individual,manual,third owner,350000
2011,230000,toyota,toyota innova 2.5 g (diesel) 8 seater bs iv,diesel,individual,manual,first owner,800000
2004,70000,hyundai,hyundai santro xing xg at,petrol,individual,automatic,second owner,125000
2010,100000,tata,tata indica v2 dls bsii,diesel,individual,manual,third owner,75000
2018,15000,mahindra,mahindra kuv 100 g80 k4 plus,petrol,individual,manual,first owner,509999
2014,80000,tata,tata indigo classic dicor,diesel,individual,manual,third owner,215000
2014,101000,maruti,maruti swift dzire vdi,diesel,dealer,manual,first owner,480000
2016,55000,maruti,maruti swift vdi,diesel,dealer,manual,first owner,630000
2007,115000,honda,honda city 1.5 gxi,petrol,dealer,manual,second owner,190000
2015,100000,maruti,maruti swift vdi,diesel,dealer,manual,first owner,500000
2014,52000,volkswagen,volkswagen jetta 2.0l tdi comfortline,diesel,dealer,manual,second owner,850000
2011,105000,maruti,maruti sx4 zdi,diesel,dealer,manual,first owner,350000
2013,170000,renault,renault duster 85ps diesel rxe,diesel,dealer,manual,first owner,425000
2015,105000,maruti,maruti swift vdi bsiv,diesel,dealer,manual,first owner,495000
2017,60000,maruti,maruti ertiga shvs vdi,diesel,individual,manual,second owner,890000
2018,25000,hyundai,hyundai verna crdi 1.6 at ex,diesel,individual,automatic,second owner,1100000
2014,218000,mahindra,mahindra xuv500 w8 2wd,diesel,individual,manual,second owner,650000
2009,58000,ford,ford fiesta 1.6 zxi duratec,petrol,individual,manual,third owner,233000
2015,110000,tata,tata indigo cs ls (tdi) bs-iii,diesel,individual,manual,second owner,300000
2020,1000,honda,honda amaze s petrol bsiv,petrol,individual,manual,first owner,614000
2010,100000,hyundai,hyundai i10 sportz 1.2,petrol,individual,manual,second owner,250000
2010,110000,hyundai,hyundai i10 sportz 1.2,petrol,individual,manual,second owner,250000
2011,40000,maruti,maruti alto lxi,petrol,individual,manual,first owner,200000
2013,52000,maruti,maruti wagon r lx minor,petrol,individual,manual,first owner,290000
2013,80000,maruti,maruti wagon r lxi bs iv,petrol,individual,manual,second owner,320000
2006,52000,hyundai,hyundai santro xing xs erlx euro iii,petrol,individual,manual,second owner,145000
2005,124000,maruti,maruti alto lxi,petrol,individual,manual,second owner,100000
2010,210000,fiat,fiat punto 1.3 emotion,diesel,individual,manual,second owner,130000
2006,66000,hyundai,hyundai santro at,petrol,individual,automatic,second owner,145000
2008,120000,maruti,maruti alto lx bsiii,petrol,individual,manual,third owner,110000
2019,40000,maruti,maruti swift dzire vdi,diesel,individual,manual,first owner,680000
2004,90000,maruti,maruti 800 std,petrol,individual,manual,second owner,37500
2011,120000,maruti,maruti ritz vdi,diesel,individual,manual,second owner,200000
2019,15000,maruti,maruti ertiga 1.5 vdi,diesel,individual,manual,first owner,1000000
2019,10000,ford,ford endeavour 2.2 titanium at 4x2,diesel,individual,automatic,first owner,2800000
2015,170000,maruti,maruti swift dzire vdi,diesel,individual,manual,first owner,470000
2017,20000,maruti,maruti celerio zxi,petrol,individual,manual,first owner,415000
2014,82000,nissan,nissan terrano xl 85 ps,diesel,individual,manual,first owner,500000
2013,60000,chevrolet,chevrolet spark 1.0 lt bs3,petrol,individual,manual,second owner,150000
2005,50000,maruti,maruti alto std,petrol,individual,manual,second owner,95000
2012,70000,maruti,maruti swift ldi,diesel,individual,manual,first owner,400000
2008,66782,maruti,maruti alto lx,petrol,individual,manual,second owner,114999
2006,130000,maruti,maruti alto lx,petrol,individual,manual,first owner,75000
2013,120000,hyundai,hyundai verna 1.6 sx crdi (o),diesel,individual,manual,first owner,500000
2014,75000,maruti,maruti 800 ac,petrol,individual,manual,second owner,195000
2015,40000,maruti,maruti alto 800 base,petrol,individual,manual,first owner,155000
2000,90000,maruti,maruti alto lxi,petrol,individual,manual,second owner,65000
2005,150000,honda,honda city 1.5 gxi,petrol,individual,manual,third owner,65000
2015,60000,tata,tata nano xm,petrol,individual,manual,second owner,190000
2012,112198,mahindra,mahindra verito 1.5 d6 bsiii,diesel,individual,manual,second owner,200000
2010,60000,tata,tata manza aura safire bs iv,petrol,individual,manual,second owner,160000
2010,130000,tata,tata indica vista aqua 1.4 tdi,diesel,individual,manual,second owner,150000
2015,175000,ford,ford ecosport 1.5 tdci titanium bsiv,diesel,individual,manual,third owner,530000
2015,120000,mahindra,mahindra scorpio s2 7 seater,diesel,individual,manual,first owner,750000
2012,90000,maruti,maruti ritz vdi,diesel,individual,manual,second owner,225000
2012,170000,toyota,toyota innova 2.5 vx (diesel) 8 seater bs iv,diesel,individual,manual,first owner,600000
2014,80000,hyundai,hyundai i20 magna 1.4 crdi (diesel),diesel,individual,manual,second owner,409999
2014,80000,hyundai,hyundai i20 magna 1.4 crdi,diesel,individual,manual,second owner,409999
2009,83000,maruti,maruti 800 ac bsiii,petrol,individual,manual,second owner,110000
2016,90000,hyundai,hyundai creta 1.6 crdi sx option,diesel,individual,manual,first owner,865000
2016,40000,renault,renault kwid rxt,petrol,individual,manual,first owner,225000
