year,km_driven,engine,max_power,seats,length,width,height,fuel_tank_capacity,brand,vehicle_name,fuel,seller_type,transmission,owner,location,color,drivetrain,selling_price
2017,87150,1198.0,87.0,5.0,3990.0,1680.0,1505.0,35.0,honda,amaze 1.2 vx i-vtec,petrol,corporate,manual,first,pune,grey,fwd,505000
2014,75000,1248.0,74.0,5.0,3995.0,1695.0,1555.0,42.0,maruti suzuki,swift dzire vdi,diesel,individual,manual,second,ludhiana,white,fwd,450000
2011,67000,1197.0,79.0,5.0,3585.0,1595.0,1550.0,35.0,hyundai,i10 magna 1.2 kappa2,petrol,individual,manual,first,lucknow,maroon,fwd,220000
2019,37500,1197.0,82.0,5.0,3995.0,1745.0,1510.0,37.0,toyota,glanza g,petrol,individual,manual,first,mangalore,red,fwd,799000
2018,69000,2393.0,148.0,7.0,4735.0,1830.0,1795.0,55.0,toyota,innova 2.4 vx 7 str [2016-2020],diesel,individual,manual,first,mumbai,grey,rwd,1950000
2017,73315,1373.0,91.0,5.0,4490.0,1730.0,1485.0,43.0,maruti suzuki,ciaz zxi,petrol,individual,manual,first,pune,grey,fwd,675000
2015,47000,1991.0,181.0,5.0,4630.0,1777.0,1432.0,,mercedes-benz,cla 200 petrol sport,petrol,individual,automatic,second,mumbai,white,fwd,1898999
2017,75000,1995.0,188.0,5.0,4439.0,1821.0,1612.0,51.0,bmw,x1 xdrive20d m sport,diesel,individual,automatic,second,coimbatore,white,awd,2650000
2017,56000,1798.0,177.0,5.0,4670.0,1814.0,1476.0,50.0,skoda,octavia 1.8 tsi style plus at [2017],petrol,individual,automatic,first,mumbai,white,fwd,1390000
2015,85000,1461.0,84.0,5.0,4331.0,1822.0,1671.0,50.0,nissan,terrano xl (d),diesel,individual,manual,first,mumbai,white,fwd,575000
2017,20281,1197.0,82.0,5.0,3985.0,1734.0,1505.0,45.0,hyundai,elite i20 sportz 1.2,petrol,individual,manual,first,mumbai,red,fwd,591000
2018,22541,999.0,67.0,5.0,3679.0,1579.0,1478.0,28.0,renault,kwid 1.0 rxt [2016-2019],petrol,individual,manual,first,bangalore,grey,fwd,459999
2019,30672,1462.0,103.0,5.0,4490.0,1730.0,1485.0,43.0,maruti suzuki,ciaz alpha hybrid 1.5 at [2018-2020],petrol,individual,automatic,first,bangalore,blue,fwd,1075000
2019,20856,1956.0,138.0,5.0,4598.0,1894.0,1706.0,50.0,tata,harrier xz [2019-2020],diesel,individual,manual,first,bangalore,orange,fwd,1695000
2017,41417,1197.0,103.0,5.0,3971.0,1682.0,1469.0,45.0,volkswagen,polo gt tsi,petrol,individual,automatic,first,bangalore,grey,fwd,944999
2016,11471,998.0,67.0,5.0,3695.0,1600.0,1560.0,35.0,maruti suzuki,celerio zxi amt [2019-2020],petrol,individual,automatic,first,bangalore,red,fwd,569000
2019,3583,796.0,47.0,5.0,3445.0,1515.0,1475.0,35.0,maruti suzuki,alto 800 lxi (o),petrol,individual,manual,first,bangalore,grey,fwd,449000
2018,21365,1197.0,82.0,5.0,3995.0,1745.0,1510.0,37.0,maruti suzuki,baleno alpha automatic,petrol,individual,automatic,first,bangalore,grey,fwd,894999
2020,30777,1197.0,82.0,5.0,3655.0,1620.0,1675.0,32.0,maruti suzuki,wagon r zxi 1.2 amt,petrol,individual,automatic,first,bangalore,white,fwd,699000
2016,60125,1591.0,122.0,5.0,4270.0,1780.0,1630.0,60.0,hyundai,creta 1.6 e petrol,petrol,individual,manual,first,delhi,silver,fwd,740000
2020,2169,998.0,67.0,5.0,3565.0,1520.0,1564.0,27.0,maruti suzuki,s-presso vxi amt,petrol,individual,automatic,first,mumbai,grey,fwd,470000
2015,60240,1197.0,103.0,5.0,4384.0,1699.0,1466.0,55.0,volkswagen,vento comfortline petrol at,petrol,individual,automatic,first,bangalore,brown,fwd,765000
2018,13772,1086.0,68.0,5.0,3610.0,1645.0,1560.0,35.0,hyundai,santro sportz amt [2018-2020],petrol,individual,automatic,first,bangalore,white,fwd,589000
2019,27464,998.0,118.0,5.0,3995.0,1770.0,1605.0,45.0,hyundai,venue sx 1.0 (o) petrol [2019-2020],petrol,individual,manual,first,bangalore,blue,fwd,999000
2019,47377,998.0,58.0,4.0,3545.0,1490.0,1475.0,60.0,maruti suzuki,alto lxi cng,cng,individual,manual,first,delhi,grey,fwd,370000
2013,23086,1197.0,85.0,5.0,3775.0,1680.0,1620.0,43.0,maruti suzuki,ritz zxi bs-iv,petrol,individual,manual,first,mumbai,grey,fwd,325000
2019,36313,1591.0,122.0,5.0,4270.0,1780.0,1630.0,60.0,hyundai,creta 1.6 sx plus petrol,petrol,individual,manual,first,mumbai,grey,fwd,1175000
2014,39276,1198.0,87.0,5.0,3610.0,1680.0,1500.0,35.0,honda,brio v mt,petrol,individual,manual,first,mumbai,red,fwd,351000
2015,47752,1197.0,82.0,5.0,3985.0,1734.0,1505.0,45.0,hyundai,elite i20 asta 1.2,petrol,individual,manual,first,mumbai,white,fwd,551000
2018,27963,1199.0,89.0,5.0,3999.0,1734.0,1601.0,40.0,honda,wr-v vx mt petrol,petrol,individual,manual,first,delhi,white,fwd,819999
2020,24013,998.0,118.0,5.0,3995.0,1770.0,1605.0,45.0,hyundai,venue sx 1.0 turbo imt,petrol,individual,manual,first,mumbai,blue,fwd,990000
2016,66000,1582.0,126.0,5.0,4270.0,1780.0,1630.0,60.0,hyundai,creta 1.6 sx plus at,diesel,individual,automatic,first,raipur,black,fwd,925000
2015,28000,999.0,124.0,5.0,3999.0,1765.0,1708.0,52.0,ford,ecosport titanium+ 1.0l ecoboost,petrol,individual,manual,first,mumbai,silver,fwd,535000
2013,67000,,,,,,,,honda,cr-v 2.4 at,petrol,individual,automatic,first,mumbai,brown,,860000
2009,72000,1086.0,62.0,5.0,3565.0,1525.0,1590.0,35.0,hyundai,santro gl (cng),cng,individual,manual,second,kanpur,silver,fwd,145000
2018,27069,1199.0,84.0,5.0,3746.0,1647.0,1535.0,35.0,tata,tiago revotron xe [2016-2019],petrol,individual,manual,first,mumbai,white,fwd,409000
2018,43000,1047.0,69.0,5.0,3992.0,1677.0,1537.0,35.0,tata,tigor revotorq xt,diesel,individual,manual,first,patna,white,fwd,490000
2019,71000,2393.0,148.0,8.0,4735.0,1830.0,1795.0,55.0,toyota,innova 2.4 g 8 str [2016-2017],diesel,individual,manual,first,mumbai,bronze,rwd,1900000
2017,45600,2143.0,168.0,5.0,4656.0,1890.0,1639.0,66.0,mercedes-benz,glc 220 d progressive,diesel,individual,automatic,second,mumbai,black,awd,3850000
2018,60000,1582.0,126.0,5.0,4270.0,1780.0,1665.0,55.0,hyundai,creta sx 1.6 crdi (o),diesel,individual,manual,first,patna,white,fwd,1125000
2014,105101,2143.0,203.0,5.0,4804.0,2141.0,1796.0,70.0,mercedes-benz,m-class ml 250 cdi,diesel,individual,automatic,first,vadodara,white,awd,2300000
2016,45000,1798.0,138.0,5.0,4620.0,1775.0,1475.0,55.0,toyota,corolla altis vl at petrol,petrol,individual,automatic,first,mumbai,black,fwd,1095000
2013,66000,1968.0,177.0,5.0,4701.0,1826.0,1427.0,63.0,audi,a4 2.0 tdi (177bhp) premium plus,diesel,individual,automatic,first,hyderabad,white,fwd,1575000
2010,34105,1796.0,165.0,2.0,4082.0,1777.0,1297.0,70.0,mercedes-benz,slk-class slk 200 k,petrol,individual,automatic,first,mumbai,grey,rwd,2400000
2015,68397,1197.0,82.0,5.0,3985.0,1734.0,1505.0,45.0,hyundai,elite i20 asta 1.2,petrol,individual,manual,first,patna,gold,fwd,525000
2015,65000,2498.0,105.0,6.0,3920.0,1726.0,1930.0,60.0,mahindra,thar crde 4x4 ac,diesel,individual,manual,second,yamunanagar,white,awd,625000
2019,27469,1197.0,83.0,5.0,3995.0,1745.0,1500.0,37.0,maruti suzuki,baleno delta 1.2,petrol,individual,manual,first,delhi,silver,fwd,605000
2016,41058,998.0,67.0,5.0,3600.0,1600.0,1560.0,35.0,maruti suzuki,celerio vxi amt,petrol,individual,automatic,first,delhi,silver,fwd,412000
2016,51330,1248.0,89.0,5.0,4490.0,1730.0,1485.0,43.0,maruti suzuki,ciaz vdi shvs,diesel,individual,manual,first,mumbai,brown,fwd,625000
2015,45969,1373.0,91.0,5.0,4490.0,1730.0,1485.0,43.0,maruti suzuki,ciaz vxi,petrol,individual,manual,first,mumbai,silver,fwd,511000
2017,66602,1582.0,126.0,5.0,4270.0,1780.0,1630.0,60.0,hyundai,creta sx plus 1.6 at crdi,diesel,individual,automatic,first,mumbai,grey,fwd,1150000
2016,57983,1591.0,122.0,5.0,4270.0,1780.0,1630.0,60.0,hyundai,creta sx plus 1.6  petrol,petrol,individual,manual,first,mumbai,white,fwd,885000
2019,11183,999.0,67.0,5.0,3679.0,1579.0,1478.0,28.0,renault,kwid 1.0 rxt amt opt,petrol,individual,automatic,first,mumbai,silver,fwd,470000
2019,46301,1956.0,169.0,5.0,4655.0,1835.0,1760.0,60.0,mg,hector sharp 2.0 diesel [2019-2020],diesel,individual,manual,first,mumbai,white,fwd,1611000
2017,34867,1199.0,84.0,5.0,3746.0,1647.0,1535.0,35.0,tata,tiago revotron xza [2017-2019],petrol,individual,automatic,second,mumbai,silver,fwd,475000
2015,43634,2494.0,101.0,7.0,4585.0,1765.0,1760.0,55.0,toyota,innova 2.5 gx bs iv 7 str,diesel,individual,manual,first,delhi,silver,rwd,865000
2018,9512,1995.0,190.0,5.0,4657.0,1881.0,1678.0,67.0,bmw,x3 xdrive 20d luxury line [2018-2020],diesel,corporate,automatic,first,mumbai,blue,awd,3800000
2020,11293,1956.0,171.0,5.0,4395.0,1818.0,1640.0,60.0,jeep,compass limited plus 2.0 diesel 4x4 at,diesel,individual,automatic,first,mumbai,white,awd,2475000
2014,78000,2179.0,120.0,8.0,4430.0,1817.0,1975.0,60.0,mahindra,scorpio sle bs-iv,diesel,individual,manual,second,gurgaon,white,rwd,400000
2016,50374,1198.0,87.0,5.0,3610.0,1680.0,1500.0,35.0,honda,brio s mt,petrol,individual,manual,first,vadodara,white,fwd,440000
2017,15900,1998.0,181.0,5.0,4633.0,1811.0,1429.0,57.0,bmw,3-series 320i luxury line,petrol,individual,automatic,first,delhi,white,rwd,2800000
2017,64000,1497.0,117.0,5.0,4440.0,1695.0,1495.0,40.0,honda,city v petrol [2017-2019],petrol,individual,manual,first,mumbai,white,fwd,645000
2013,78000,1199.0,74.0,5.0,3970.0,1682.0,1453.0,45.0,volkswagen,polo highline1.2l (d),diesel,individual,manual,first,jaipur,silver,fwd,365000
2021,24000,1462.0,103.0,5.0,3995.0,1790.0,1640.0,48.0,maruti suzuki,vitara brezza zxi plus,petrol,individual,manual,first,mumbai,silver,fwd,1044999
2019,40310,1196.0,73.0,7.0,3675.0,1475.0,1800.0,40.0,maruti suzuki,eeco 7 str [2019-2020],petrol,individual,manual,second,pune,grey,rwd,515000
2015,69700,1197.0,79.0,5.0,3765.0,1660.0,1520.0,43.0,hyundai,grand i10 asta at 1.2 kappa vtvt [2013-2016],petrol,individual,automatic,first,mumbai,blue,fwd,455000
2012,74073,1995.0,184.0,5.0,4648.0,1881.0,1661.0,67.0,bmw,x3 xdrive20d,diesel,individual,automatic,first,hyderabad,black,awd,1800000
2019,73000,2755.0,174.0,7.0,4795.0,1855.0,1835.0,80.0,toyota,fortuner 2.8 4x2 at [2016-2020],diesel,individual,automatic,first,mumbai,white,rwd,3499000
2006,130000,1799.0,130.0,5.0,4545.0,1750.0,1450.0,50.0,honda,civic 1.8s mt,petrol,individual,manual,third,deoghar,maroon,fwd,190000
2012,50000,,,,,,,,audi,a4 2.0 tdi (143 bhp),diesel,individual,automatic,first,mumbai,white,,1250000
2021,24000,1197.0,89.0,5.0,3845.0,1735.0,1530.0,37.0,maruti suzuki,swift zxi plus amt,petrol,individual,automatic,first,agra,grey,fwd,775000
2021,43000,1493.0,99.0,5.0,3995.0,1775.0,1505.0,37.0,hyundai,elite i20 sportz 1.5 mt diesel,diesel,individual,manual,first,agra,white,fwd,825000
2016,40500,1968.0,141.0,5.0,4456.0,1796.0,1416.0,50.0,audi,a3 35 tdi technology + sunroof,diesel,individual,automatic,first,goa,white,fwd,2250000
2017,49013,1497.0,117.0,5.0,4440.0,1695.0,1495.0,40.0,honda,city v cvt petrol [2017-2019],petrol,individual,automatic,first,mumbai,grey,fwd,865000
2013,64983,1399.0,68.0,5.0,3795.0,1680.0,1427.0,45.0,ford,figo duratorq diesel titanium 1.4,diesel,individual,manual,first,mumbai,red,fwd,299000
2017,92270,1199.0,89.0,5.0,3955.0,1694.0,1544.0,40.0,honda,jazz vx petrol,petrol,individual,manual,first,mumbai,brown,fwd,570000
2013,65000,1198.0,74.0,5.0,3970.0,1682.0,1453.0,45.0,volkswagen,polo highline1.2l (p),petrol,individual,manual,first,mumbai,white,fwd,385000
2014,110000,1498.0,99.0,5.0,3990.0,1680.0,1505.0,35.0,honda,amaze 1.5 sx i-dtec,diesel,individual,manual,first,warangal,black,fwd,350000
2017,47000,2494.0,179.0,5.0,4825.0,1825.0,1480.0,70.0,toyota,camry 2.5l at,petrol,individual,automatic,first,delhi,brown,fwd,2345000
2022,10000,1997.0,150.0,4.0,3985.0,1820.0,1844.0,57.0,mahindra,thar lx 4-str hard top petrol at,petrol,individual,automatic,first,jalandhar,black,awd,1650000
2011,51500,2143.0,207.0,5.0,4596.0,1770.0,1447.0,66.0,mercedes-benz,c-class 250 cdi elegance,diesel,individual,automatic,second,hyderabad,black,rwd,1100000
2018,35000,1968.0,184.0,5.0,4385.0,1831.0,1608.0,64.0,audi,q3 35 tdi quattro premium plus,diesel,individual,automatic,first,pune,white,awd,2900000
2017,61518,1197.0,83.0,5.0,3995.0,1745.0,1500.0,37.0,maruti suzuki,baleno sigma 1.2,petrol,individual,manual,first,noida,red,fwd,545000
2018,34000,1995.0,184.0,5.0,4454.0,2044.0,1545.0,63.0,bmw,x1 sdrive20d xline,diesel,corporate,automatic,first,delhi,white,rwd,2990000
2017,36058,1197.0,83.0,5.0,3995.0,1745.0,1500.0,37.0,maruti suzuki,baleno zeta 1.2,petrol,individual,manual,first,mumbai,silver,fwd,615000
2016,88000,1582.0,126.0,5.0,4270.0,1780.0,1630.0,60.0,hyundai,creta 1.6 sx plus at,diesel,individual,automatic,first,ahmedabad,silver,fwd,890000
2015,98112,1598.0,103.0,5.0,4384.0,1699.0,1466.0,55.0,volkswagen,vento comfortline petrol,petrol,individual,manual,first,mumbai,brown,fwd,430000
2013,58000,2143.0,170.0,5.0,4596.0,1770.0,1447.0,66.0,mercedes-benz,c-class 220 blueefficiency,diesel,individual,automatic,first,bangalore,silver,rwd,1650000
2015,92355,2494.0,202.0,5.0,4825.0,1825.0,1480.0,65.0,toyota,camry hybrid,petrol,individual,automatic,first,mumbai,silver,fwd,1599000
2019,16652,1197.0,89.0,5.0,3995.0,1735.0,1515.0,37.0,maruti suzuki,dzire vxi,petrol,individual,manual,first,ahmedabad,white,fwd,691000
2016,76584,1461.0,108.0,5.0,4331.0,1822.0,1671.0,50.0,nissan,terrano xv d thp 110 ps,diesel,individual,manual,first,mumbai,white,fwd,650000
2015,42500,998.0,58.0,5.0,3599.0,1495.0,1700.0,35.0,maruti suzuki,wagon r lxi cng,cng,individual,manual,first,mumbai,brown,fwd,415000
2016,70000,1248.0,89.0,5.0,3995.0,1790.0,1640.0,48.0,maruti suzuki,vitara brezza ldi (o) [2016-2018],diesel,individual,manual,first,mohali,grey,fwd,669000
2015,84700,2993.0,258.0,5.0,4886.0,1938.0,1762.0,,bmw,x5 xdrive30d pure experience (5 seater),diesel,individual,automatic,second,navi mumbai,black,awd,2950000
2018,83400,,,,,,,,mercedes-benz,glc 220 d sport,diesel,individual,automatic,second,hyderabad,white,,3900000
2022,2766,2995.0,335.0,4.0,4931.0,1983.0,1676.0,75.0,porsche,cayenne coupe platinum edition,petrol,individual,automatic,first,mumbai,blue,awd,16200000
2017,56000,1991.0,241.0,4.0,4686.0,1810.0,1409.0,59.0,mercedes-benz,c-class cabriolet c 300,petrol,individual,automatic,second,ghaziabad,white,rwd,5100000
2015,68766,1197.0,82.0,5.0,3985.0,1734.0,1505.0,45.0,hyundai,elite i20 magna 1.2,petrol,individual,manual,first,mumbai,silver,fwd,525000
2018,16339,1591.0,121.0,5.0,4375.0,1700.0,1475.0,43.0,hyundai,verna 1.6 vtvt sx,petrol,individual,manual,first,kolkata,black,fwd,750000
2016,63882,1198.0,87.0,5.0,3990.0,1680.0,1505.0,35.0,honda,amaze 1.2 sx i-vtec,petrol,individual,manual,first,mumbai,bronze,fwd,445000
2012,28732,1798.0,138.0,5.0,4540.0,1760.0,1480.0,55.0,toyota,corolla altis 1.8 g,petrol,individual,manual,first,zirakpur,silver,fwd,493000
2017,51349,1197.0,82.0,5.0,3985.0,1734.0,1505.0,45.0,hyundai,elite i20 sportz 1.2 (o),petrol,individual,manual,first,nagpur,red,fwd,611000
2014,61866,1197.0,79.0,5.0,3765.0,1660.0,1520.0,43.0,hyundai,grand i10 asta at 1.2 kappa vtvt [2013-2016],petrol,individual,automatic,first,thane,white,fwd,475000
2017,29401,1591.0,122.0,5.0,4270.0,1780.0,1630.0,60.0,hyundai,creta sx plus 1.6  petrol,petrol,individual,manual,first,mumbai,grey,fwd,925000
2012,98580,1968.0,177.0,5.0,4915.0,1874.0,1455.0,65.0,audi,a6 2.0 tdi premium,diesel,individual,automatic,first,goa,white,fwd,1325000
2021,8000,1995.0,184.0,5.0,4454.0,2044.0,1545.0,63.0,bmw,x1 sdrive20d xline,diesel,individual,automatic,first,delhi,black,rwd,3900000
2020,31348,1497.0,115.0,5.0,3995.0,1821.0,1627.0,42.0,mahindra,xuv300 w8 (o) 1.5 diesel,diesel,individual,manual,first,bangalore,white,fwd,1299000
2018,28851,1248.0,74.0,5.0,3840.0,1735.0,1530.0,37.0,maruti suzuki,swift zdi plus,diesel,corporate,manual,first,kolkata,blue,fwd,580000
2013,38175,,,,,,,,honda,brio s mt,petrol,individual,manual,first,kolkata,blue,,229000
2021,8519,1997.0,150.0,4.0,3985.0,1820.0,1844.0,57.0,mahindra,thar lx 4-str hard top petrol mt,petrol,individual,manual,first,mumbai,blue,awd,1575000
2011,78000,1497.0,118.0,5.0,4420.0,1695.0,1480.0,42.0,honda,city 1.5 s mt,petrol,individual,manual,first,pune,bronze,fwd,375000
2015,48000,2143.0,204.0,5.0,4879.0,1854.0,1474.0,80.0,mercedes-benz,e-class e 250 cdi avantgarde,diesel,individual,automatic,first,mumbai,white,rwd,2250000
2014,143000,2982.0,169.0,7.0,4705.0,1840.0,1850.0,80.0,toyota,fortuner 3.0 4x2 at,diesel,individual,automatic,second,faridabad,white,rwd,1400000
2017,39000,1248.0,74.0,5.0,3995.0,1706.0,1570.0,44.0,tata,zest xm 75 ps diesel,diesel,commercial registration,manual,first,ranchi,silver,fwd,425000
2014,24000,1598.0,104.0,5.0,4386.0,1699.0,1466.0,55.0,skoda,rapid ambition 1.6 mpi at plus,petrol,individual,automatic,second,mumbai,beige,fwd,425000
2015,62000,796.0,47.0,5.0,3395.0,1490.0,1475.0,35.0,maruti suzuki,alto 800 lxi,petrol,individual,manual,second,kanpur,maroon,fwd,250000
2012,78000,1248.0,89.0,7.0,4265.0,1695.0,1685.0,45.0,maruti suzuki,ertiga vdi,diesel,individual,manual,second,jalandhar,white,fwd,425000
2009,48500,1086.0,63.0,5.0,3565.0,1525.0,1590.0,35.0,hyundai,santro gl lpg,lpg,individual,manual,fourth,lucknow,grey,,120000
2014,82000,1399.0,68.0,5.0,3795.0,1680.0,1427.0,45.0,ford,figo duratorq diesel zxi 1.4,diesel,individual,manual,second,ludhiana,white,fwd,235000
2020,40910,1968.0,141.0,5.0,4456.0,1796.0,1416.0,50.0,audi,a3 35 tdi technology + sunroof,diesel,individual,automatic,first,bangalore,white,fwd,3050000
2020,10290,1956.0,168.0,5.0,4598.0,1894.0,1706.0,50.0,tata,harrier xz plus,diesel,individual,manual,first,bangalore,red,fwd,2145000
2021,10530,998.0,118.0,5.0,3995.0,1775.0,1505.0,37.0,hyundai,elite i20 asta (o) 1.0 turbo dct,petrol,individual,automatic,first,bangalore,red,fwd,1245000
2015,61900,1197.0,82.0,5.0,3985.0,1734.0,1505.0,45.0,hyundai,elite i20 asta 1.2,petrol,individual,manual,first,gurgaon,silver,fwd,549000
2013,78000,1199.0,74.0,5.0,3970.0,1682.0,1453.0,45.0,volkswagen,polo highline1.2l (d),diesel,individual,manual,second,bangalore,white,fwd,484999
2014,57402,1197.0,85.0,5.0,3995.0,1695.0,1555.0,42.0,maruti suzuki,swift dzire vxi,petrol,individual,manual,first,delhi,grey,fwd,415000
2013,57000,1086.0,62.0,5.0,3565.0,1525.0,1590.0,35.0,hyundai,santro gl (cng),cng,individual,manual,first,kanpur,white,fwd,200000
2015,87500,1197.0,81.0,5.0,3765.0,1660.0,1520.0,43.0,hyundai,grand i10 sportz 1.2 kappa vtvt [2013-2016],petrol,individual,manual,first,gurgaon,grey,fwd,375000
2021,16000,,,5.0,3993.0,1811.0,1606.0,,tata,nexon ev xz plus,electric,individual,automatic,first,mumbai,white,fwd,1375000
2022,18000,1353.0,138.0,5.0,4300.0,1790.0,1635.0,50.0,hyundai,creta sx (o) 1.4 turbo 7 dct dual tone [2022-2022],petrol,individual,automatic,first,delhi,black,fwd,1875000
2020,10700,1984.0,188.0,5.0,4318.0,1805.0,1548.0,55.0,audi,q2 premium plus i 40 tfsi quattro,petrol,individual,automatic,first,ahmedabad,white,awd,2950000
2018,78000,2967.0,245.0,7.0,5052.0,1968.0,1740.0,75.0,audi,q7 45 tdi premium plus,diesel,individual,automatic,first,chandigarh,black,awd,4900000
2020,16282,998.0,118.0,5.0,3995.0,1775.0,1505.0,37.0,hyundai,elite i20 asta (o) 1.0 turbo dct,petrol,individual,automatic,first,pune,white,fwd,1050000
2013,66000,1582.0,126.0,5.0,4370.0,1700.0,1475.0,43.0,hyundai,verna fluidic 1.6 crdi sx,diesel,individual,manual,third,amritsar,grey,fwd,470000
2017,72019,998.0,67.0,5.0,3599.0,1495.0,1700.0,35.0,maruti suzuki,wagon r vxi,petrol,individual,manual,second,ranchi,silver,fwd,345000
2013,195000,1995.0,184.0,5.0,4899.0,2094.0,1464.0,,bmw,5-series 520d sedan,diesel,individual,automatic,first,hyderabad,white,rwd,1490000
2007,92170,2609.0,116.0,7.0,4495.0,1817.0,1975.0,60.0,mahindra,scorpio 2.6 turbo 7 str,diesel,individual,manual,second,ranchi,white,rwd,550000
2018,55221,1197.0,81.0,5.0,3765.0,1660.0,1520.0,43.0,hyundai,grand i10 magna 1.2 kappa vtvt [2013-2016],petrol,individual,manual,first,mumbai,white,fwd,484999
2018,25000,2755.0,174.0,7.0,4795.0,1855.0,1835.0,80.0,toyota,fortuner 2.8 4x2 at [2016-2020],diesel,individual,automatic,first,noida,white,rwd,3350000
2011,58888,,,,,,,,maruti suzuki,ritz vxi bs-iv,petrol,individual,manual,second,delhi,maroon,,210000
2022,1,1984.0,248.0,5.0,4663.0,1898.0,1659.0,70.0,audi,q5 45 tfsi premium plus,petrol,individual,automatic,unregistered car,delhi,blue,awd,5651000
2020,23500,1498.0,105.0,5.0,4360.0,1822.0,1695.0,50.0,renault,duster rxs 1.5 petrol mt,petrol,individual,manual,first,chennai,white,fwd,890000
2012,68000,1197.0,85.0,5.0,3995.0,1695.0,1555.0,42.0,maruti suzuki,swift dzire vxi,petrol,individual,manual,second,kanpur,white,fwd,325000
2019,29096,1591.0,122.0,5.0,4270.0,1780.0,1665.0,55.0,hyundai,creta sx 1.6 at petrol,petrol,individual,automatic,first,mumbai,white,fwd,1390000
2016,61223,1197.0,81.0,5.0,3765.0,1660.0,1520.0,43.0,hyundai,grand i10 magna 1.2 kappa vtvt [2013-2016],petrol,individual,manual,first,kanpur,white,fwd,459999
2017,86000,1956.0,171.0,5.0,4395.0,1818.0,1640.0,60.0,jeep,compass limited (o) 2.0 diesel [2017-2020],diesel,individual,manual,first,ludhiana,white,fwd,1075000
2013,87000,1582.0,126.0,5.0,4440.0,1729.0,1475.0,45.0,hyundai,verna ex 1.6 crdi [2017-2018],diesel,individual,manual,first,ludhiana,white,fwd,484999
2013,79287,1197.0,83.0,5.0,3995.0,1710.0,1505.0,45.0,hyundai,i20 magna 1.2,petrol,individual,manual,first,kanpur,white,fwd,385000
2018,47009,,,,,,,,mercedes-benz,glc 220 d sport,diesel,individual,automatic,second,pune,blue,,4400000
2018,48945,1968.0,190.0,5.0,4933.0,1874.0,1455.0,75.0,audi,a6 35 tdi matrix,diesel,corporate,automatic,first,goa,black,fwd,3900000
2019,17000,1497.0,121.0,8.0,4585.0,1866.0,1774.0,45.0,mahindra,marazzo m2 8 str,diesel,individual,manual,first,lucknow,green,fwd,1050000
2019,55000,1493.0,113.0,5.0,4315.0,1800.0,1645.0,50.0,kia,seltos htx plus 1.5 diesel [2020-2021],diesel,individual,manual,first,lucknow,silver,fwd,1575000
2016,38779,1197.0,83.0,5.0,3995.0,1745.0,1500.0,37.0,maruti suzuki,baleno alpha 1.2,petrol,individual,manual,first,mumbai,blue,fwd,655000
2019,72000,1950.0,192.0,5.0,5063.0,1860.0,1494.0,80.0,mercedes-benz,e-class e 220d expression [2019-2019],diesel,individual,automatic,first,pune,white,rwd,4500000
2016,67000,1248.0,89.0,7.0,4296.0,1695.0,1685.0,45.0,maruti suzuki,ertiga zdi + shvs,diesel,individual,manual,first,navi mumbai,white,fwd,865000
2017,67000,1591.0,121.0,5.0,4370.0,1700.0,1475.0,43.0,hyundai,verna fluidic 1.6 vtvt sx,petrol,individual,manual,first,navi mumbai,white,fwd,699000
2012,70000,1582.0,126.0,5.0,4370.0,1700.0,1475.0,43.0,hyundai,verna fluidic 1.6 crdi sx,diesel,individual,manual,second,jalandhar,white,fwd,425000
2020,6000,1999.0,177.0,7.0,4600.0,2069.0,1724.0,70.0,land rover,discovery sport s,diesel,individual,automatic,first,hyderabad,white,awd,6500000
2017,46000,2755.0,174.0,7.0,4795.0,1855.0,1835.0,80.0,toyota,fortuner 2.8 4x2 at [2016-2020],diesel,individual,automatic,first,delhi,white,rwd,2900000
2017,34000,2143.0,201.0,5.0,4819.0,2141.0,1796.0,93.0,mercedes-benz,gle 250 d,diesel,individual,automatic,first,navi mumbai,silver,awd,4550000
2015,23103,1197.0,81.0,5.0,3995.0,1660.0,1520.0,43.0,hyundai,xcent s 1.2 (o),petrol,individual,manual,first,udupi,white,fwd,490000
2016,27000,4663.0,453.0,4.0,5453.0,1899.0,1498.0,70.0,mercedes-benz,s-class maybach s 500,petrol,individual,automatic,first,delhi,blue,rwd,11500000
2019,9576,1591.0,122.0,5.0,4270.0,1780.0,1665.0,55.0,hyundai,creta sx 1.6 at petrol,petrol,individual,automatic,first,bangalore,white,fwd,1475000
2020,27000,1451.0,141.0,5.0,4655.0,1835.0,1760.0,60.0,mg,hector sharp 1.5 dct petrol [2019-2020],petrol,individual,automatic,first,panvel,silver,,1729000
2021,1942,1498.0,108.0,5.0,4323.0,1809.0,1650.0,48.0,mg,astor sharp 1.5 cvt,petrol,individual,automatic,first,bangalore,red,fwd,1764999
2006,119300,2354.0,152.0,5.0,4630.0,1780.0,1710.0,58.0,honda,cr-v 2.4 at,petrol,individual,automatic,third,pune,black,awd,250000
2016,55000,796.0,47.0,5.0,3395.0,1490.0,1475.0,35.0,maruti suzuki,alto 800 lxi,petrol,individual,manual,first,faridabad,white,fwd,245000
2015,98000,1461.0,84.0,5.0,4315.0,1822.0,1695.0,50.0,renault,duster 85 ps rxl,diesel,individual,manual,second,jamshedpur,white,fwd,490000
2017,61400,1197.0,81.0,5.0,3765.0,1660.0,1520.0,43.0,hyundai,grand i10 sportz (o) 1.2 kappa vtvt [2017-2018],petrol,individual,manual,first,aurangabad,grey,fwd,550000
2016,87693,1497.0,117.0,5.0,4440.0,1695.0,1495.0,40.0,honda,city v,petrol,individual,manual,first,pune,red,fwd,675000
2015,31000,1991.0,181.0,5.0,4686.0,1810.0,1442.0,66.0,mercedes-benz,c-class c 200 avantgarde,petrol,individual,automatic,first,mumbai,blue,rwd,2225000
2016,75210,1396.0,89.0,5.0,3985.0,1734.0,1505.0,40.0,hyundai,elite i20 asta 1.4 (o) crdi,diesel,individual,manual,first,ahmedabad,white,fwd,560000
2012,69000,1598.0,105.0,5.0,4000.0,1642.0,1522.0,45.0,skoda,fabia elegance 1.6 mpi,petrol,individual,manual,first,mumbai,silver,fwd,225000
2014,88000,1498.0,103.0,5.0,4386.0,1699.0,1466.0,55.0,skoda,rapid 1.5 tdi cr ambition plus at,diesel,individual,automatic,second,pune,black,fwd,499000
2020,15000,998.0,118.0,5.0,3995.0,1790.0,1647.0,45.0,kia,sonet gtx plus 1.0 dct [2020-2021],petrol,individual,automatic,first,kolkata,gold,fwd,1055000
2020,45350,2179.0,153.0,7.0,4585.0,1890.0,1785.0,70.0,mahindra,xuv500 w11 at,diesel,individual,automatic,first,bangalore,white,fwd,2048999
2018,68189,1995.0,188.0,5.0,4633.0,1811.0,1429.0,57.0,bmw,3-series 320d luxury line,diesel,individual,automatic,first,jaipur,brown,rwd,2775000
2015,75000,2143.0,134.0,5.0,4417.0,1804.0,1494.0,50.0,mercedes-benz,gla 200 cdi sport,diesel,individual,automatic,first,faridabad,white,fwd,1650000
2013,45000,998.0,68.0,5.0,3539.0,1495.0,1700.0,35.0,maruti suzuki,wagon r vxi,petrol,individual,manual,first,pune,white,,350000
2014,33000,1968.0,177.0,5.0,4915.0,1874.0,1455.0,65.0,audi,a6 35 tdi premium,diesel,individual,automatic,second,faridabad,red,fwd,1450000
2014,83000,2179.0,120.0,8.0,4430.0,1817.0,1975.0,60.0,mahindra,scorpio vlx 2wd bs-iv,diesel,individual,manual,second,rudrapur,white,rwd,600000
2012,78000,1995.0,184.0,5.0,4899.0,2094.0,1464.0,,bmw,5-series 520d sedan,diesel,individual,automatic,first,mohali,black,rwd,1250000
2014,211000,2982.0,169.0,7.0,4705.0,1840.0,1850.0,80.0,toyota,fortuner 3.0 4x4 mt,diesel,individual,manual,first,jaipur,white,awd,1675000
2015,67000,1197.0,82.0,5.0,3985.0,1734.0,1505.0,45.0,hyundai,elite i20 magna 1.2,petrol,individual,manual,first,hyderabad,white,fwd,575000
2017,75000,1498.0,99.0,5.0,3999.0,1765.0,1708.0,52.0,ford,ecosport titanium+ 1.5l tdci,diesel,individual,manual,first,mumbai,grey,fwd,699000
2014,48600,2967.0,241.0,6.0,5089.0,1983.0,1737.0,100.0,audi,q7 3.0 tdi quattro premium plus,diesel,individual,automatic,second,nashik,blue,awd,2450000
2016,48000,2143.0,204.0,5.0,4686.0,1810.0,1442.0,66.0,mercedes-benz,c-class c 250 d,diesel,individual,automatic,first,delhi,black,rwd,2775000
2020,5790,998.0,67.0,5.0,3565.0,1520.0,1564.0,27.0,maruti suzuki,s-presso vxi,petrol,individual,manual,first,hyderabad,silver,fwd,430000
2018,32000,2179.0,120.0,7.0,4456.0,1820.0,1995.0,60.0,mahindra,scorpio s5 2wd 7 str,diesel,individual,manual,first,patna,white,rwd,1165000
2020,65433,1956.0,169.0,5.0,4655.0,1835.0,1760.0,60.0,mg,hector sharp 2.0 diesel turbo mt,diesel,individual,manual,first,lucknow,black,fwd,1780000
2011,87230,1248.0,75.0,5.0,3760.0,1690.0,1530.0,43.0,maruti suzuki,swift vdi bs-iv,diesel,individual,manual,first,hyderabad,silver,fwd,295000
2017,38258,1248.0,74.0,5.0,3840.0,1735.0,1530.0,37.0,maruti suzuki,swift zdi,diesel,individual,manual,second,varanasi,white,fwd,495000
2019,56881,1497.0,117.0,5.0,4440.0,1695.0,1495.0,40.0,honda,city vx (o) mt,petrol,individual,manual,first,lucknow,silver,fwd,975000
2013,76000,2494.0,102.0,7.0,4555.0,1770.0,1755.0,55.0,toyota,innova 2.5 g4 7 str,diesel,individual,manual,second,kanpur,grey,,645000
2014,72000,1461.0,108.0,5.0,4315.0,1822.0,1695.0,50.0,renault,duster 110 ps rxl diesel,diesel,individual,manual,second,ludhiana,white,fwd,425000
2012,72000,1968.0,174.0,5.0,4385.0,1831.0,1608.0,64.0,audi,q3 2.0 tdi quattro premium,diesel,individual,automatic,unregistered car,hyderabad,white,awd,1350000
2014,60514,2987.0,234.0,5.0,4781.0,1911.0,1774.0,95.0,mercedes-benz,m-class 350 cdi,diesel,individual,automatic,first,pune,silver,awd,3200000
2013,71141,1984.0,150.0,5.0,4370.0,1783.0,1458.0,60.0,volvo,v40 cross country d3,diesel,individual,automatic,first,navi mumbai,silver,fwd,1250000
2018,40937,2993.0,258.0,5.0,4899.0,2094.0,1464.0,65.0,bmw,5-series 530d m sport [2013-2017],diesel,individual,automatic,first,chennai,white,rwd,5600000
2013,37000,1248.0,74.0,5.0,3995.0,1695.0,1555.0,42.0,maruti suzuki,swift dzire vdi,diesel,individual,manual,first,salem,gold,fwd,560000
2019,46000,2179.0,120.0,7.0,4456.0,1820.0,1995.0,60.0,mahindra,scorpio s5 2wd 7 str,diesel,individual,manual,first,patna,white,rwd,1221000
2015,86999,2993.0,258.0,5.0,4886.0,1938.0,1762.0,,bmw,x5 xdrive 30d m sport,diesel,individual,automatic,first,mohali,yellow,awd,2975000
2009,70200,1497.0,118.0,5.0,4420.0,1695.0,1480.0,42.0,honda,city 1.5 s at,petrol,individual,automatic,second,mumbai,grey,fwd,295000
2012,64800,1796.0,186.0,5.0,4596.0,1770.0,1447.0,66.0,mercedes-benz,c-class 200 cgi,petrol,individual,automatic,first,delhi,silver,rwd,1300000
2016,73000,1582.0,126.0,5.0,4270.0,1780.0,1630.0,60.0,hyundai,creta 1.6 sx plus at,diesel,individual,automatic,first,dehradun,silver,fwd,950000
2012,72000,2987.0,231.0,5.0,4868.0,1854.0,1471.0,80.0,mercedes-benz,e-class e350 cdi avantgarde,diesel,individual,automatic,second,vadodara,white,rwd,1350000
2015,76345,2997.0,254.0,5.0,4804.0,2141.0,1796.0,70.0,mercedes-benz,m-class ml 350 cdi,diesel,individual,automatic,first,gurgaon,white,awd,2682000
2017,40564,796.0,47.0,5.0,3395.0,1490.0,1475.0,35.0,maruti suzuki,alto 800 lxi,petrol,individual,manual,first,jamshedpur,silver,fwd,286000
2013,98500,1336.0,89.0,5.0,3995.0,1710.0,1505.0,45.0,hyundai,i20 magna 1.4 crdi,diesel,individual,manual,first,chandigarh,silver,fwd,340000
2020,46807,999.0,109.0,5.0,4413.0,1699.0,1466.0,55.0,skoda,rapid style at,petrol,individual,automatic,first,bangalore,red,fwd,1125000
2018,81000,1198.0,108.0,5.0,3994.0,1811.0,1607.0,44.0,tata,nexon xma petrol,petrol,individual,automatic,first,valsad,red,fwd,580000
2015,13716,1197.0,85.0,5.0,3995.0,1695.0,1555.0,42.0,maruti suzuki,swift dzire vxi,petrol,individual,manual,first,pune,silver,fwd,495000
2014,89000,1248.0,74.0,5.0,3995.0,1695.0,1555.0,42.0,maruti suzuki,swift dzire zdi,diesel,individual,manual,first,chennai,white,fwd,550000
2021,13000,1493.0,113.0,5.0,3995.0,1790.0,1647.0,45.0,kia,sonet gtx plus 1.5 at [2020-2021],diesel,individual,automatic,first,mumbai,red,fwd,1485000
2018,38000,1598.0,104.0,5.0,4413.0,1699.0,1466.0,55.0,skoda,rapid monte carlo 1.6 mpi mt,petrol,individual,manual,first,bangalore,red,fwd,885000
2012,25500,4163.0,444.0,5.0,4649.0,1860.0,1366.0,64.0,audi,rs5 4.2 coupe,petrol,corporate,automatic,second,mumbai,blue,awd,3650000
2020,17000,1197.0,82.0,5.0,3805.0,1680.0,1520.0,37.0,hyundai,grand i10 nios magna amt 1.2 kappa vtvt,petrol,individual,automatic,first,bangalore,silver,fwd,715000
2012,44724,3496.0,272.0,7.0,5157.0,2183.0,1659.0,80.0,mercedes-benz,r-class r350 4matic,petrol,individual,automatic,first,bangalore,white,awd,2485000
2020,24549,2393.0,148.0,7.0,4735.0,1830.0,1795.0,55.0,toyota,innova 2.4 g 7 str [2016-2017],diesel,individual,manual,second,jaipur,grey,rwd,2250000
2017,97000,1582.0,126.0,5.0,4270.0,1780.0,1630.0,60.0,hyundai,creta sx plus 1.6 at crdi,diesel,corporate,automatic,first,zirakpur,silver,fwd,1050000
2018,7800,2755.0,174.0,7.0,4795.0,1855.0,1835.0,80.0,toyota,fortuner 2.8 4x2 at [2016-2020],diesel,individual,automatic,first,mumbai,white,rwd,3600000
2010,78000,1497.0,118.0,5.0,4420.0,1695.0,1480.0,42.0,honda,city 1.5 s mt,petrol,corporate,manual,first,zirakpur,white,fwd,295000
2019,55000,799.0,53.0,5.0,3679.0,1579.0,1478.0,28.0,renault,kwid rxt opt,petrol,individual,manual,first,varanasi,silver,fwd,375000
2021,20000,1984.0,180.0,5.0,4915.0,1874.0,1455.0,75.0,audi,a6 2.0 tfsi technology pack,petrol,individual,automatic,unregistered car,bangalore,white,fwd,7200000
2021,13594,1956.0,168.0,6.0,4661.0,1894.0,1786.0,50.0,tata,safari xza plus 6s adventure new,diesel,individual,automatic,first,bangalore,blue,fwd,2395000
2014,75000,1968.0,177.0,5.0,4915.0,1874.0,1455.0,65.0,audi,a6 2.0 tdi premium,diesel,individual,automatic,first,ahmedabad,white,fwd,1775000
2011,65000,1248.0,75.0,5.0,3715.0,1680.0,1620.0,43.0,maruti suzuki,ritz vdi bs-iv,diesel,individual,manual,first,mumbai,silver,,275000
2014,43037,1198.0,87.0,5.0,3610.0,1680.0,1500.0,35.0,honda,brio ex mt,petrol,individual,manual,first,haldwani,silver,fwd,325000
2013,26000,1248.0,74.0,5.0,3850.0,1695.0,1530.0,42.0,maruti suzuki,swift zdi,diesel,individual,manual,first,delhi,white,fwd,425000
2020,78000,2179.0,140.0,7.0,4456.0,1820.0,1995.0,60.0,mahindra,scorpio s9 2wd 7 str,diesel,individual,manual,first,yamunanagar,white,rwd,1475000
2018,115000,2755.0,172.0,7.0,4735.0,1830.0,1795.0,55.0,toyota,innova 2.8 gx at 7 str [2016-2020],diesel,individual,automatic,first,delhi,beige,rwd,1580000
2021,8700,1199.0,89.0,5.0,3995.0,1695.0,1501.0,35.0,honda,amaze vx cvt 1.2 petrol,petrol,individual,automatic,first,mangalore,brown,fwd,869000
2019,31000,2143.0,201.0,5.0,4819.0,2141.0,1796.0,93.0,mercedes-benz,gle 250 d,diesel,corporate,automatic,first,mumbai,grey,awd,5850000
2020,41736,1956.0,171.0,5.0,4395.0,1818.0,1640.0,60.0,jeep,compass longitude plus 2.0 diesel 4x4 at,diesel,individual,automatic,first,ahmedabad,grey,awd,1900000
2017,40000,2979.0,275.0,5.0,5005.0,1981.0,1693.0,80.0,maserati,levante diesel,diesel,individual,automatic,second,chennai,white,awd,9000000
2020,55000,2755.0,174.0,7.0,4795.0,1855.0,1835.0,80.0,toyota,fortuner 2.8 4x2 at [2016-2020],diesel,corporate,automatic,first,delhi,black,rwd,3550000
2014,160000,4806.0,500.0,5.0,4846.0,1939.0,1702.0,100.0,porsche,cayenne turbo,petrol,individual,automatic,first,mumbai,blue,awd,3500000
2022,11000,2393.0,148.0,7.0,4735.0,1830.0,1795.0,55.0,toyota,innova gx 2.4 at 7 str,diesel,individual,automatic,first,agra,black,rwd,2425000
2018,24690,2993.0,258.0,7.0,4886.0,1938.0,1762.0,,bmw,x5 xdrive 30d,diesel,individual,automatic,first,mumbai,blue,awd,5811000
2011,117000,2982.0,171.0,7.0,4695.0,1840.0,1850.0,80.0,toyota,fortuner 3.0 mt,diesel,individual,manual,second,agra,white,awd,750000
2014,95000,2967.0,241.0,7.0,5089.0,1983.0,1737.0,100.0,audi,q7 35 tdi premium + sunroof,diesel,individual,automatic,first,lucknow,white,awd,2200000
2019,76000,998.0,58.0,5.0,3655.0,1620.0,1675.0,60.0,maruti suzuki,wagon r lxi 1.0 cng [2019-2020],cng,individual,manual,first,kanpur,white,fwd,520000
2018,18000,998.0,67.0,5.0,3545.0,1490.0,1475.0,35.0,maruti suzuki,alto vxi (o),petrol,individual,manual,first,lucknow,silver,fwd,390000
2015,38000,1373.0,91.0,5.0,4490.0,1730.0,1485.0,43.0,maruti suzuki,ciaz vxi (o),petrol,individual,manual,first,mumbai,gold,fwd,540000
2018,43000,1248.0,74.0,5.0,3840.0,1735.0,1530.0,37.0,maruti suzuki,swift vdi amt [2018-2019],diesel,individual,automatic,first,mumbai,red,fwd,699000
2013,107000,1582.0,126.0,5.0,4370.0,1700.0,1475.0,43.0,hyundai,verna fluidic 1.6 crdi sx,diesel,individual,manual,first,chandigarh,white,fwd,484999
2021,13000,2996.0,362.0,4.0,4702.0,1810.0,1434.0,66.0,mercedes-benz,c-class c 43 amg,petrol,individual,automatic,first,delhi,red,rwd,7500000
2011,85000,2143.0,203.0,5.0,4868.0,1854.0,1471.0,90.0,mercedes-benz,e-class e250 cdi blueefficiency,diesel,individual,automatic,second,mohali,white,rwd,850000
2018,8922,1198.0,108.0,5.0,3994.0,1811.0,1607.0,44.0,tata,nexon xza plus petrol,petrol,individual,automatic,first,bangalore,red,fwd,1085000
2013,47800,796.0,47.0,5.0,3395.0,1490.0,1475.0,35.0,maruti suzuki,alto 800 vxi,petrol,individual,manual,first,dharwad,red,fwd,319000
2012,143000,2179.0,140.0,7.0,4585.0,1890.0,1785.0,70.0,mahindra,xuv500 w8,diesel,individual,manual,first,mohali,silver,fwd,549000
2019,68758,1956.0,138.0,5.0,4598.0,1894.0,1706.0,50.0,tata,harrier xz [2019-2020],diesel,individual,manual,first,hyderabad,white,fwd,1725000
2015,72000,1498.0,99.0,7.0,4386.0,1683.0,1603.0,42.0,honda,mobilio s diesel,diesel,individual,manual,second,agra,white,fwd,475000
2022,7500,1199.0,84.0,5.0,3827.0,1742.0,1615.0,37.0,tata,punch creative ira pack mt,petrol,individual,manual,first,mumbai,white,fwd,890000
2012,37000,998.0,68.0,5.0,3539.0,1495.0,1700.0,35.0,maruti suzuki,wagon r vxi,petrol,individual,manual,second,mumbai,brown,,235000
2016,22402,1197.0,81.0,5.0,3765.0,1660.0,1520.0,43.0,hyundai,grand i10 magna 1.2 kappa vtvt [2017-2020],petrol,individual,manual,first,mumbai,grey,fwd,445000
2019,12382,1497.0,117.0,5.0,4440.0,1695.0,1495.0,40.0,honda,city v,petrol,corporate,manual,first,pune,maroon,fwd,1060000
2017,61000,1248.0,74.0,5.0,3995.0,1745.0,1500.0,37.0,maruti suzuki,baleno alpha 1.3,diesel,individual,manual,first,surat,orange,fwd,690000
2018,90868,1999.0,177.0,5.0,4731.0,2071.0,1651.0,82.0,jaguar,f-pace prestige,diesel,individual,automatic,first,chennai,blue,awd,4200000
2015,84700,2993.0,258.0,5.0,4886.0,1938.0,1762.0,,bmw,x5 xdrive30d pure experience (5 seater),diesel,individual,automatic,second,pune,black,awd,2950000
2022,22010,1997.0,296.0,5.0,4879.0,2073.0,1803.0,104.0,land rover,range rover sport se 2.0 petrol,petrol,individual,automatic,first,mohali,white,awd,12500000
2015,72000,2982.0,169.0,7.0,4705.0,1840.0,1850.0,80.0,toyota,fortuner 3.0 4x4 at,diesel,individual,automatic,second,jaipur,black,awd,1750000
2018,75500,999.0,67.0,5.0,3679.0,1579.0,1478.0,28.0,renault,kwid 1.0 rxt edition,petrol,individual,manual,first,raipur,blue,fwd,395000
2018,25000,1995.0,188.0,5.0,4439.0,1821.0,1612.0,51.0,bmw,x1 sdrive20d expedition,diesel,individual,automatic,first,chennai,white,fwd,2790000
2018,38000,1968.0,184.0,5.0,4385.0,1831.0,1608.0,64.0,audi,q3 35 tdi quattro premium plus,diesel,individual,automatic,first,delhi,red,awd,2475000
2009,39586,1061.0,67.0,5.0,3520.0,1475.0,1690.0,35.0,maruti suzuki,wagon r lxi minor,petrol,individual,manual,first,ranchi,red,fwd,145000
2018,33647,1197.0,82.0,5.0,3985.0,1734.0,1505.0,40.0,hyundai,elite i20 asta 1.2 at,petrol,individual,automatic,first,mumbai,red,fwd,750000
2012,75576,,,,,,,,bmw,3-series 320d,diesel,individual,automatic,second,mumbai,white,,800000
2016,86000,2179.0,138.0,7.0,4585.0,1890.0,1785.0,70.0,mahindra,xuv500 w10,diesel,individual,manual,first,lucknow,white,fwd,950000
2018,57847,1197.0,81.0,5.0,3765.0,1660.0,1520.0,43.0,hyundai,grand i10 magna 1.2 kappa vtvt [2013-2016],petrol,individual,manual,first,bangalore,grey,fwd,569000
2016,74000,1197.0,83.0,5.0,3995.0,1695.0,1555.0,42.0,maruti suzuki,swift dzire vxi,petrol,individual,manual,first,ranchi,white,fwd,470000
2015,58000,2967.0,245.0,5.0,4846.0,2155.0,1705.0,85.0,porsche,cayenne diesel,diesel,individual,automatic,first,chandigarh,white,awd,5350000
2014,85000,1461.0,84.0,5.0,4331.0,1822.0,1671.0,50.0,nissan,terrano xl d plus,diesel,individual,manual,second,hyderabad,silver,fwd,450000
2016,26000,999.0,67.0,5.0,3679.0,1579.0,1478.0,28.0,renault,kwid 1.0 rxt [2016-2019],petrol,individual,manual,first,mumbai,brown,fwd,299000
2020,18000,1353.0,138.0,5.0,4300.0,1790.0,1635.0,50.0,hyundai,creta sx (o) 1.4 turbo 7 dct dual tone [2022-2022],petrol,individual,automatic,first,mumbai,black,fwd,1875000
2022,11000,2184.0,130.0,4.0,3985.0,1820.0,1844.0,57.0,mahindra,thar lx 4-str hard top diesel at,diesel,individual,automatic,first,mumbai,black,awd,1825000
2018,57300,2179.0,148.0,7.0,4600.0,2069.0,1724.0,65.0,land rover,discovery sport hse 7-seater,diesel,individual,automatic,first,indore,white,awd,4459000
2010,74000,2497.0,177.0,5.0,4841.0,1846.0,1468.0,70.0,bmw,5-series 525d sedan,diesel,individual,automatic,second,mumbai,silver,,1195000
2019,25000,1197.0,82.0,5.0,3995.0,1745.0,1510.0,37.0,toyota,glanza g cvt,petrol,individual,automatic,first,delhi,red,fwd,790000
2017,39000,1591.0,122.0,5.0,4270.0,1780.0,1630.0,60.0,hyundai,creta 1.6 sx plus at petrol,petrol,individual,automatic,second,hyderabad,red,fwd,1095000
2020,45000,2393.0,148.0,7.0,4735.0,1830.0,1795.0,55.0,toyota,innova 2.4 g 7 str [2016-2017],diesel,individual,manual,first,ludhiana,grey,rwd,1950000
2015,80852,1198.0,103.0,5.0,3970.0,1682.0,1453.0,45.0,volkswagen,polo gt tsi,petrol,individual,automatic,second,faridabad,grey,fwd,525000
2018,75592,2999.0,174.0,7.0,4825.0,1860.0,1840.0,65.0,isuzu,mu-x 4x2,diesel,individual,automatic,first,hyderabad,white,rwd,2100000
2014,54420,998.0,67.0,5.0,3620.0,1475.0,1460.0,35.0,maruti suzuki,alto vxi,petrol,individual,manual,first,jamshedpur,silver,fwd,270000
2015,39780,1798.0,138.0,5.0,4620.0,1775.0,1475.0,55.0,toyota,corolla altis g at petrol,petrol,individual,automatic,first,mumbai,white,fwd,894999
2013,78301,1197.0,79.0,5.0,3585.0,1595.0,1550.0,35.0,hyundai,i10 sportz 1.2 at kappa2,petrol,individual,automatic,second,pune,grey,fwd,335000
2018,38000,2179.0,148.0,7.0,4788.0,1903.0,1791.0,60.0,tata,hexa xe 4x2 7 str,diesel,individual,manual,first,mumbai,white,rwd,1000000
2009,126535,1197.0,80.0,5.0,3565.0,1595.0,1550.0,35.0,hyundai,i10 sportz 1.2,petrol,individual,manual,first,hyderabad,gold,fwd,220000
2016,37079,1591.0,122.0,5.0,4270.0,1780.0,1630.0,60.0,hyundai,creta 1.6 sx plus at petrol,petrol,individual,automatic,first,thane,red,fwd,960000
2018,87200,2987.0,255.0,7.0,5130.0,1934.0,1850.0,100.0,mercedes-benz,gls 350 d,diesel,individual,automatic,first,bangalore,white,awd,7200000
2014,51000,1968.0,174.0,5.0,4385.0,1831.0,1608.0,64.0,audi,q3 2.0 tdi quattro premium plus,diesel,individual,automatic,second,raipur,gold,awd,1300000
2013,39000,1198.0,74.0,5.0,3970.0,1682.0,1453.0,45.0,volkswagen,polo comfortline 1.2l (p),petrol,individual,manual,first,delhi,red,fwd,375000
2011,90000,,,,,,,,maruti suzuki,ritz vxi bs-iv,petrol,individual,manual,second,pune,white,,300000
2017,29999,1999.0,177.0,5.0,4795.0,1967.0,1416.0,56.0,jaguar,xe prestige diesel,diesel,individual,automatic,first,bangalore,blue,rwd,3299000
2014,100472,1948.0,90.0,7.0,4810.0,1918.0,1925.0,65.0,tata,safari 4x2 ex tcic,diesel,individual,manual,first,ranchi,white,,565000
2016,84700,1968.0,174.0,5.0,4385.0,1831.0,1608.0,64.0,audi,q3 35 tdi premium + sunroof,diesel,individual,automatic,first,karnal,white,awd,1798999
2008,19759,796.0,47.0,5.0,3495.0,1475.0,1460.0,35.0,maruti suzuki,alto lxi bs-iii,petrol,individual,manual,first,chennai,blue,,189000
2014,66000,,,,,,,,jaguar,xf 3.0 v6 premium luxury,diesel,individual,automatic,first,mumbai,green,,1875000
2014,56000,1591.0,121.0,5.0,4370.0,1700.0,1475.0,43.0,hyundai,verna fluidic 1.6 vtvt sx opt,petrol,individual,manual,first,noida,red,fwd,545000
2022,3383,998.0,118.0,5.0,3995.0,1770.0,1605.0,45.0,hyundai,venue sx 1.0 turbo imt,petrol,individual,manual,first,mumbai,blue,fwd,1085000
2018,42000,1248.0,89.0,5.0,3995.0,1790.0,1640.0,48.0,maruti suzuki,vitara brezza vdi,diesel,individual,manual,first,lucknow,white,fwd,725000
2012,65000,1995.0,184.0,5.0,4648.0,1881.0,1661.0,67.0,bmw,x3 xdrive20d,diesel,individual,automatic,second,delhi,silver,awd,1090000
2019,17000,1199.0,89.0,5.0,3999.0,1734.0,1601.0,40.0,honda,wr-v vx mt petrol,petrol,individual,manual,first,ahmedabad,white,fwd,900000
2016,38000,1995.0,188.0,5.0,4936.0,1868.0,1479.0,65.0,bmw,5-series 520d luxury line [2017-2019],diesel,individual,automatic,second,coimbatore,white,rwd,3400000
2014,62500,1498.0,99.0,5.0,3990.0,1680.0,1505.0,35.0,honda,amaze 1.5 s i-dtec,diesel,individual,manual,first,varanasi,bronze,fwd,295000
2021,30229,1956.0,168.0,5.0,4598.0,1894.0,1706.0,50.0,tata,harrier xza plus dual tone,diesel,individual,automatic,first,mumbai,white,fwd,2251000
2019,9000,3436.0,325.0,4.0,4491.0,1852.0,1304.0,68.0,porsche,911 carrera 4,petrol,corporate,automatic,first,pune,blue,awd,9300000
2016,26600,998.0,58.0,5.0,3599.0,1495.0,1700.0,35.0,maruti suzuki,wagon r lxi cng (o),cng,individual,manual,first,pune,brown,fwd,430000
2017,86000,1248.0,89.0,5.0,4490.0,1730.0,1485.0,43.0,maruti suzuki,ciaz delta 1.3 hybrid,diesel,individual,manual,second,yamunanagar,brown,fwd,600000
2017,86000,1999.0,153.0,5.0,4475.0,1850.0,1660.0,62.0,hyundai,tucson gl 2wd at petrol,petrol,individual,automatic,first,bangalore,blue,fwd,1595000
2014,125000,,,,,,,,volkswagen,polo 1.2 tdi,diesel,individual,manual,first,jamshedpur,silver,,290000
2013,29135,1197.0,83.0,5.0,3995.0,1710.0,1505.0,45.0,hyundai,i20 sportz 1.2,petrol,individual,manual,first,panchkula,white,fwd,375000
2015,50965,1984.0,150.0,5.0,4370.0,1783.0,1458.0,60.0,volvo,v40 d3 kinetic,diesel,corporate,automatic,first,kolkata,white,fwd,1200000
2014,72000,2982.0,169.0,7.0,4705.0,1840.0,1850.0,80.0,toyota,fortuner 3.0 4x2 at,diesel,individual,automatic,first,delhi,white,rwd,1525000
2016,28000,1991.0,181.0,5.0,4686.0,1810.0,1442.0,66.0,mercedes-benz,c-class c 200 avantgarde,petrol,individual,automatic,first,gurgaon,silver,rwd,2675000
2015,42000,1199.0,89.0,5.0,3955.0,1694.0,1544.0,40.0,honda,jazz v at petrol,petrol,individual,automatic,first,delhi,white,fwd,545000
2017,11850,2925.0,282.0,5.0,5246.0,1899.0,1494.0,70.0,mercedes-benz,s-class s 350d [2018-2020],diesel,individual,automatic,first,vadodara,white,rwd,7900000
2010,32000,1198.0,89.0,5.0,3900.0,1695.0,1535.0,42.0,honda,jazz s,petrol,individual,manual,first,gurgaon,silver,fwd,195000
2021,24000,1995.0,188.0,5.0,4709.0,1827.0,1435.0,59.0,bmw,3-series 320d luxury edition,diesel,individual,automatic,first,delhi,white,rwd,4550000
2015,50623,2179.0,188.0,5.0,4465.0,1900.0,1635.0,57.0,land rover,evoque hse dynamic,diesel,individual,automatic,second,kolkata,gold,awd,2499000
2012,85000,2489.0,95.0,7.0,4520.0,1850.0,1895.0,55.0,mahindra,xylo d2 bs-iv,diesel,individual,manual,fourth,kanpur,white,,210000
2022,1700,1493.0,99.0,5.0,3995.0,1770.0,1605.0,45.0,hyundai,venue sx 1.5 crdi,diesel,individual,manual,first,mumbai,white,fwd,1097000
2020,43260,1197.0,103.0,5.0,3971.0,1682.0,1469.0,45.0,volkswagen,polo gt tsi,petrol,individual,automatic,first,bangalore,red,fwd,1095000
2015,67738,998.0,58.0,5.0,3599.0,1495.0,1700.0,35.0,maruti suzuki,wagon r lxi cng,cng,individual,manual,second,delhi,white,fwd,325000
2019,69000,2179.0,140.0,7.0,4456.0,1820.0,1995.0,60.0,mahindra,scorpio s11 4wd 7 str,diesel,individual,manual,first,lucknow,black,awd,1375000
2012,93417,,,,,,,,audi,a4 2.0 tdi (143 bhp),diesel,individual,automatic,first,lucknow,white,,975000
2021,14722,1197.0,89.0,5.0,3845.0,1735.0,1530.0,37.0,maruti suzuki,swift vxi,petrol,individual,manual,first,bangalore,white,fwd,745000
2017,29000,2393.0,148.0,7.0,4735.0,1830.0,1795.0,55.0,toyota,innova 2.4 vx 7 str [2016-2020],diesel,individual,manual,first,mysore,bronze,rwd,2175000
2017,60200,1368.0,160.0,5.0,4395.0,1818.0,1640.0,60.0,jeep,compass limited (o) 1.4 petrol at [2017-2020],petrol,corporate,automatic,first,thane,white,fwd,1250000
2017,140000,1248.0,74.0,5.0,3850.0,1695.0,1530.0,42.0,maruti suzuki,swift vdi,diesel,individual,manual,first,warangal,grey,fwd,500000
2017,23798,1199.0,89.0,5.0,3999.0,1734.0,1601.0,40.0,honda,wr-v s mt petrol,petrol,individual,manual,first,ahmedabad,brown,fwd,625000
2011,55000,1497.0,118.0,5.0,4420.0,1695.0,1480.0,42.0,honda,city 1.5 s mt,petrol,individual,manual,first,kolkata,silver,fwd,250000
2017,51000,1197.0,103.0,5.0,4384.0,1699.0,1466.0,55.0,volkswagen,vento tsi,petrol,individual,automatic,first,rohtak,white,fwd,650000
2014,49000,1198.0,87.0,5.0,3610.0,1680.0,1500.0,35.0,honda,brio s mt,petrol,individual,manual,second,delhi,brown,fwd,310000
2017,48000,1498.0,105.0,5.0,4315.0,1822.0,1695.0,50.0,renault,duster rxl petrol,petrol,individual,manual,first,mumbai,black,fwd,600000
2013,121000,1995.0,184.0,5.0,4899.0,2094.0,1464.0,,bmw,5-series 520d sedan,diesel,individual,automatic,first,kanpur,blue,rwd,1400000
2013,74000,1498.0,89.0,5.0,4291.0,1722.0,1496.0,43.0,ford,fiesta style diesel [2011-2014],diesel,individual,manual,first,hyderabad,maroon,fwd,295000
2012,102000,2179.0,140.0,7.0,4585.0,1890.0,1785.0,70.0,mahindra,xuv500 w8,diesel,individual,manual,second,mumbai,grey,fwd,484999
2018,32000,1998.0,248.0,5.0,4936.0,1868.0,1479.0,57.0,bmw,5-series 530i sport line,petrol,individual,automatic,first,mumbai,blue,rwd,4250000
2020,48400,,,5.0,3993.0,1811.0,1606.0,,tata,nexon ev xz plus,electric,individual,automatic,first,bangalore,white,fwd,1550000
2013,97000,2179.0,138.0,7.0,4655.0,1965.0,1922.0,55.0,tata,safari 2.2 ex 4x2,diesel,individual,manual,first,ambala cantt,black,rwd,375000
2021,16000,1353.0,138.0,5.0,4315.0,1800.0,1645.0,50.0,kia,seltos gtx plus at 1.4 [2019-2020],petrol,individual,automatic,first,kolkata,red,fwd,1625000
2016,55700,2967.0,241.0,5.0,4855.0,1939.0,1705.0,85.0,porsche,cayenne platinum edition diesel,diesel,corporate,automatic,first,navi mumbai,silver,awd,5350000
2017,80000,2993.0,262.0,5.0,4922.0,2004.0,1745.0,80.0,bmw,x5 xdrive30d xline,diesel,individual,automatic,first,thane,white,awd,4250000
2014,115000,1498.0,89.0,5.0,3999.0,1765.0,1708.0,52.0,ford,ecosport trend 1.5 tdci,diesel,individual,manual,first,pune,white,fwd,480000
2020,74000,1197.0,82.0,5.0,3805.0,1680.0,1520.0,37.0,hyundai,grand i10 nios magna 1.2 kappa vtvt,petrol,individual,manual,first,ahmedabad,white,fwd,590000
2015,61000,1396.0,89.0,5.0,3985.0,1734.0,1505.0,45.0,hyundai,elite i20 sportz 1.4,diesel,individual,manual,first,ahmedabad,silver,fwd,561000
2014,104814,1798.0,138.0,5.0,4540.0,1760.0,1480.0,55.0,toyota,corolla altis 1.8 g,petrol,individual,manual,first,mumbai,grey,fwd,725000
2013,17000,1797.0,147.0,5.0,4530.0,1775.0,1470.0,56.0,hyundai,elantra 1.8 sx mt,petrol,individual,manual,first,pune,white,fwd,645000
2015,60000,1968.0,174.0,5.0,4385.0,1831.0,1608.0,64.0,audi,q3 35 tdi premium + sunroof,diesel,individual,automatic,second,delhi,white,awd,1695000
2016,45000,1197.0,83.0,5.0,3850.0,1695.0,1530.0,42.0,maruti suzuki,swift lxi (o) [2014-2017],petrol,individual,manual,first,delhi,white,fwd,450000
2016,75811,2179.0,138.0,7.0,4585.0,1890.0,1785.0,70.0,mahindra,xuv500 w10,diesel,individual,manual,first,bangalore,black,fwd,1375000
2021,3813,1997.0,150.0,4.0,3985.0,1820.0,1855.0,57.0,mahindra,thar ax 4-str convertible petrol mt,petrol,individual,manual,first,chennai,red,awd,1700000
2016,64928,1197.0,83.0,5.0,3850.0,1695.0,1530.0,42.0,maruti suzuki,swift vxi [2014-2017],petrol,individual,manual,first,mumbai,red,fwd,525000
2018,68500,1248.0,74.0,5.0,3995.0,1735.0,1515.0,37.0,maruti suzuki,dzire vdi,diesel,individual,manual,first,varanasi,grey,fwd,590000
2014,85000,2982.0,169.0,7.0,4705.0,1840.0,1850.0,80.0,toyota,fortuner 3.0 4x2 at,diesel,individual,automatic,first,delhi,white,rwd,1495000
2017,41296,1995.0,190.0,5.0,4899.0,2094.0,1464.0,65.0,bmw,5-series 520d m sport,diesel,individual,automatic,first,mumbai,blue,rwd,3300000
2013,72567,1498.0,99.0,5.0,3990.0,1680.0,1505.0,35.0,honda,amaze 1.5 sx i-dtec,diesel,individual,manual,first,samastipur,white,fwd,385000
2020,4295,998.0,67.0,5.0,3636.0,1475.0,1670.0,35.0,maruti suzuki,wagon r vxi+,petrol,individual,manual,first,samastipur,silver,fwd,535000
2018,82000,1248.0,89.0,5.0,3995.0,1790.0,1640.0,48.0,maruti suzuki,vitara brezza zdi plus,diesel,individual,manual,first,ahmedabad,white,fwd,875000
2010,33000,1298.0,87.0,5.0,4160.0,1690.0,1530.0,43.0,maruti suzuki,swift dzire lxi,petrol,individual,manual,first,mumbai,grey,fwd,295000
2011,54000,1368.0,90.0,5.0,4560.0,1730.0,1487.0,45.0,fiat,linea emotion 1.4,petrol,individual,manual,first,nashik,black,,235000
2018,68000,1582.0,126.0,5.0,4270.0,1780.0,1665.0,55.0,hyundai,creta sx 1.6 crdi (o),diesel,individual,manual,first,kanpur,black,fwd,969999
2022,8530,1498.0,119.0,5.0,4549.0,1748.0,1489.0,40.0,honda,city zx cvt petrol,petrol,individual,automatic,unregistered car,pune,white,fwd,1700000
2018,46000,1999.0,153.0,5.0,4475.0,1850.0,1660.0,62.0,hyundai,tucson gls 2wd at petrol,petrol,individual,automatic,first,delhi,black,fwd,1789999
2020,26000,2694.0,164.0,7.0,4735.0,1830.0,1795.0,65.0,toyota,innova 2.7 vx 7 str [2016-2020],petrol,individual,manual,first,delhi,silver,rwd,1964999
2014,39394,1984.0,208.0,2.0,4198.0,1842.0,1353.0,60.0,audi,tt 2.0 tfsi quattro,petrol,individual,automatic,second,jaipur,white,awd,4000000
2018,35000,1199.0,84.0,5.0,3746.0,1647.0,1535.0,35.0,tata,tiago revotron xta [2017-2019],petrol,individual,automatic,first,patna,blue,fwd,484999
2019,17881,1197.0,83.0,5.0,3850.0,1695.0,1530.0,42.0,maruti suzuki,swift vxi [2014-2017],petrol,individual,manual,first,ranchi,grey,fwd,580000
2014,48409,1497.0,117.0,5.0,4440.0,1695.0,1495.0,40.0,honda,city e [2013-2016],petrol,individual,manual,second,ranchi,white,fwd,450000
2020,40000,796.0,47.0,5.0,3395.0,1490.0,1475.0,35.0,maruti suzuki,alto 800 vxi (airbag),petrol,individual,manual,first,deoghar,white,fwd,355000
2017,61643,1968.0,174.0,5.0,4385.0,1831.0,1608.0,64.0,audi,q3 35 tdi premium + sunroof,diesel,individual,automatic,first,dehradun,blue,awd,2375000
2020,21000,1991.0,241.0,4.0,4686.0,1810.0,1409.0,59.0,mercedes-benz,c-class cabriolet c 300,petrol,individual,automatic,second,gurgaon,white,rwd,6500000
2022,1500,1199.0,118.0,5.0,3993.0,1811.0,1606.0,44.0,tata,nexon xz plus dark edition,petrol,individual,manual,first,kolkata,black,fwd,1050000
2014,38985,1498.0,99.0,5.0,3998.0,1765.0,1647.0,52.0,ford,ecosport ambiente 1.5l tdci,diesel,individual,manual,first,noida,silver,fwd,445000
2015,52000,1199.0,89.0,5.0,3955.0,1694.0,1544.0,40.0,honda,jazz sv petrol,petrol,individual,manual,first,noida,brown,fwd,495000
2011,42000,1197.0,79.0,5.0,3585.0,1595.0,1550.0,35.0,hyundai,i10 sportz 1.2 kappa2,petrol,individual,manual,first,pune,grey,fwd,275000
2014,29442,1198.0,87.0,5.0,3990.0,1680.0,1505.0,35.0,honda,amaze 1.2 vx at i-vtec,petrol,individual,automatic,first,mumbai,silver,fwd,465000
2017,71800,1956.0,171.0,5.0,4395.0,1818.0,1640.0,60.0,jeep,compass limited (o) 2.0 diesel [2017-2020],diesel,individual,manual,first,lucknow,black,fwd,1050000
2022,5000,1497.0,181.0,5.0,4686.0,1810.0,1442.0,66.0,mercedes-benz,c-class c 200 progressive [2018-2020],petrol,individual,automatic,first,delhi,white,rwd,4900000
2020,18000,1197.0,68.0,5.0,3805.0,1680.0,1520.0,60.0,hyundai,grand i10 nios sportz 1.2 kappa vtvt cng,cng,individual,manual,first,ghaziabad,green,fwd,695000
2018,37000,2755.0,174.0,7.0,4795.0,1855.0,1835.0,80.0,toyota,fortuner 2.8 4x2 at [2016-2020],diesel,individual,automatic,first,delhi,white,rwd,3210000
2009,85000,1497.0,118.0,5.0,4420.0,1695.0,1480.0,42.0,honda,city 1.5 s mt,petrol,individual,manual,second,mohali,white,fwd,269000
2018,65555,1186.0,74.0,5.0,3995.0,1660.0,1520.0,43.0,hyundai,xcent e plus crdi,diesel,individual,manual,second,varanasi,white,fwd,445000
2021,35000,1999.0,177.0,5.0,4371.0,1996.0,1649.0,66.5,land rover,evoque se r-dynamic,diesel,individual,automatic,first,delhi,beige,awd,5950000
2018,87000,1995.0,190.0,5.0,4657.0,1881.0,1678.0,67.0,bmw,x3 xdrive 20d luxury line [2018-2020],diesel,individual,automatic,first,raipur,blue,awd,3800000
2018,42000,1591.0,122.0,5.0,4270.0,1780.0,1630.0,60.0,hyundai,creta 1.6 sx plus at petrol,petrol,individual,automatic,first,kolkata,white,fwd,1000000
2018,68000,2179.0,140.0,7.0,4456.0,1820.0,1995.0,60.0,mahindra,scorpio s11 4wd 7 str,diesel,individual,manual,second,ludhiana,white,awd,1490000
2022,600,1498.0,108.0,5.0,4323.0,1809.0,1650.0,48.0,mg,astor sharp ex 1.5 mt,petrol,individual,manual,first,kolkata,orange,fwd,1550000
2011,192326,2179.0,120.0,7.0,4421.0,1780.0,1940.0,65.0,tata,grande gx,diesel,individual,manual,third,ranchi,white,,199000
2013,82000,1998.0,136.0,8.0,4555.0,1770.0,1755.0,55.0,toyota,innova 2.0 v,petrol,individual,manual,unregistered car,varanasi,gold,,575000
2017,86006,1364.0,67.0,5.0,3884.0,1695.0,1510.0,45.0,toyota,etios liva vd dual tone,diesel,individual,manual,first,gurgaon,white,fwd,484999
2014,75000,1498.0,99.0,5.0,4440.0,1695.0,1495.0,40.0,honda,city sv diesel,diesel,individual,manual,first,kanpur,white,fwd,425000
2014,99000,2179.0,120.0,8.0,4456.0,1820.0,1995.0,60.0,mahindra,scorpio s10,diesel,individual,manual,first,ludhiana,silver,rwd,1150000
2021,21651,1798.0,177.0,5.0,4861.0,1864.0,1483.0,66.0,skoda,superb l&k tsi at,petrol,individual,automatic,first,mumbai,blue,fwd,3195000
2016,84000,1396.0,89.0,5.0,3995.0,1760.0,1555.0,45.0,hyundai,i20 active 1.4 sx,diesel,individual,manual,first,aurangabad,white,fwd,725000
2014,65000,2997.0,254.0,5.0,4804.0,2141.0,1796.0,70.0,mercedes-benz,m-class ml 350 cdi,diesel,individual,automatic,second,chandigarh,white,awd,2450000
2017,31000,1373.0,91.0,5.0,4490.0,1730.0,1485.0,43.0,maruti suzuki,ciaz zeta 1.4 at,petrol,individual,automatic,first,mumbai,blue,fwd,741000
2022,17000,1950.0,192.0,5.0,5063.0,1860.0,1494.0,80.0,mercedes-benz,e-class e 220d exclusive [2019-2019],diesel,individual,automatic,first,surat,grey,rwd,7350000
2020,28000,2184.0,130.0,6.0,3985.0,1820.0,1920.0,57.0,mahindra,thar ax 6-str soft top diesel mt,diesel,individual,manual,first,delhi,black,awd,1550000
2015,64000,1498.0,99.0,5.0,4440.0,1695.0,1495.0,40.0,honda,city s diesel,diesel,individual,manual,first,raipur,white,fwd,645000
2014,85000,1498.0,99.0,5.0,4440.0,1695.0,1495.0,40.0,honda,city sv diesel,diesel,individual,manual,first,jaipur,silver,fwd,550000
2017,35000,1197.0,83.0,5.0,3995.0,1745.0,1500.0,37.0,maruti suzuki,baleno alpha 1.2 at,petrol,individual,automatic,third,mumbai,blue,fwd,595000
2015,44000,1984.0,150.0,5.0,4370.0,1783.0,1458.0,60.0,volvo,v40 cross country d3,diesel,individual,automatic,first,mumbai,blue,fwd,1595000
2017,32000,998.0,67.0,5.0,3715.0,1635.0,1565.0,35.0,maruti suzuki,celerio x zxi amt [2017-2019],petrol,individual,automatic,second,chennai,orange,fwd,500000
2016,49857,998.0,67.0,5.0,3599.0,1495.0,1700.0,35.0,maruti suzuki,wagon r lxi abs,petrol,individual,manual,first,faridabad,white,fwd,345000
2013,46000,998.0,67.0,5.0,3636.0,1475.0,1670.0,35.0,maruti suzuki,wagon r vxi+,petrol,individual,manual,first,varanasi,white,fwd,299000
2008,50000,1061.0,67.0,5.0,3520.0,1475.0,1690.0,35.0,maruti suzuki,wagon r lxi minor,petrol,individual,manual,second,varanasi,silver,fwd,160000
2017,36000,1197.0,83.0,5.0,3995.0,1745.0,1500.0,37.0,maruti suzuki,baleno delta 1.2 at,petrol,individual,automatic,first,zirakpur,white,fwd,570000
2021,13000,999.0,99.0,5.0,3991.0,1750.0,1605.0,40.0,renault,kiger rxt turbo cvt,petrol,individual,automatic,first,dehradun,white,fwd,800000
2018,40000,,,5.0,3655.0,1620.0,1675.0,32.0,maruti suzuki,wagon r vxi 1.0 [2019-2019],petrol,individual,manual,first,kanpur,white,,440000
2007,39000,,,,,,,,mercedes-benz,e-class 200 k classic,petrol,individual,automatic,third,ludhiana,silver,,509999
2013,45000,998.0,68.0,5.0,3515.0,1500.0,1510.0,32.0,hyundai,eon 1.0 kappa magna + [2014-2016],petrol,individual,manual,first,chennai,grey,fwd,315000
2011,87513,796.0,47.0,5.0,3495.0,1475.0,1460.0,35.0,maruti suzuki,alto lxi bs-iii,petrol,individual,manual,second,salem,blue,,227000
2011,26000,3498.0,272.0,5.0,5226.0,2120.0,1479.0,90.0,mercedes-benz,s-class 350 l,petrol,individual,automatic,first,delhi,black,rwd,1850000
2022,3800,998.0,58.0,4.0,3565.0,1520.0,1564.0,55.0,maruti suzuki,s-presso vxi cng,cng,individual,manual,first,delhi,white,fwd,610000
2018,35123,2393.0,148.0,8.0,4735.0,1830.0,1795.0,55.0,toyota,innova 2.4 vx 8 str [2016-2020],diesel,individual,manual,first,patna,white,rwd,1995000
2021,21000,1493.0,114.0,5.0,4315.0,1800.0,1645.0,50.0,kia,seltos gtx plus at 1.5 diesel [2019-2020],diesel,individual,automatic,first,delhi,grey,fwd,1875000
2022,2670,1497.0,113.0,5.0,4300.0,1790.0,1635.0,50.0,hyundai,creta sx (o) 1.5 petrol cvt [2020-2022],petrol,individual,automatic,first,kolkata,white,fwd,1748999
2016,124000,1598.0,105.0,5.0,4386.0,1699.0,1466.0,55.0,skoda,rapid ambition 1.6 tdi cr mt,diesel,individual,manual,first,coimbatore,grey,fwd,640000
2016,9889,1197.0,82.0,5.0,3985.0,1734.0,1505.0,45.0,hyundai,elite i20 asta 1.2 (o) [2016],petrol,individual,manual,first,bangalore,blue,fwd,779000
2021,13000,1497.0,118.0,5.0,4440.0,1695.0,1495.0,40.0,honda,city zx cvt petrol,petrol,individual,automatic,first,delhi,brown,fwd,1450000
2018,35000,1198.0,108.0,5.0,3994.0,1811.0,1607.0,44.0,tata,nexon xza plus petrol,petrol,individual,automatic,first,chennai,orange,fwd,890000
2017,51145,1197.0,83.0,5.0,3995.0,1745.0,1500.0,37.0,maruti suzuki,baleno zeta 1.2,petrol,individual,manual,first,nagpur,red,fwd,625000
2019,13000,2987.0,255.0,7.0,5130.0,1934.0,1850.0,100.0,mercedes-benz,gls 350 d,diesel,individual,automatic,first,mumbai,white,awd,8500000
2011,56000,4163.0,444.0,5.0,4649.0,1860.0,1366.0,64.0,audi,rs5 4.2 coupe,petrol,individual,automatic,third,pune,red,awd,2900000
2010,120000,,,,,,,,toyota,innova 2.5 g 8 str bs-iii,diesel,individual,manual,first,ranchi,silver,,434999
2018,45000,2143.0,168.0,5.0,4656.0,1890.0,1639.0,66.0,mercedes-benz,glc 220 d progressive,diesel,individual,automatic,first,mumbai,grey,awd,4550000
2017,82900,1968.0,174.0,5.0,4861.0,1864.0,1483.0,66.0,skoda,superb l&k tdi at,diesel,individual,automatic,first,coimbatore,brown,fwd,2500000
2014,56843,796.0,47.0,5.0,3395.0,1490.0,1475.0,35.0,maruti suzuki,alto 800 lxi cng,cng + cng,individual,manual,second,navi mumbai,white,fwd,249000
2015,64000,1196.0,70.0,5.0,3795.0,1680.0,1427.0,45.0,ford,figo duratec petrol titanium 1.2,petrol,individual,manual,first,pune,grey,fwd,270000
2019,9644,1197.0,82.0,5.0,3995.0,1735.0,1515.0,37.0,maruti suzuki,dzire vxi amt,petrol,individual,automatic,first,pune,blue,fwd,825000
2017,41624,998.0,67.0,5.0,3695.0,1600.0,1560.0,35.0,maruti suzuki,celerio zxi (o) amt [2019-2020],petrol,individual,automatic,second,pune,white,fwd,425000
2016,82844,1186.0,74.0,5.0,3765.0,1660.0,1520.0,43.0,hyundai,grand i10 sportz u2 1.2 crdi,diesel,individual,manual,first,hyderabad,grey,fwd,459999
2011,78000,2497.0,204.0,5.0,4868.0,1854.0,1471.0,80.0,mercedes-benz,e-class e250 elegance,petrol,individual,automatic,second,ludhiana,white,rwd,980000
2017,60444,1498.0,105.0,5.0,4315.0,1822.0,1695.0,50.0,renault,duster rxl petrol,petrol,individual,manual,first,bangalore,red,fwd,789000
2022,6000,1998.0,248.0,5.0,4633.0,1811.0,1429.0,57.0,bmw,3-series 330i m sport edition,petrol,individual,automatic,first,raipur,white,rwd,5100000
2014,125000,2179.0,120.0,8.0,4456.0,1820.0,1995.0,60.0,mahindra,scorpio s10,diesel,individual,manual,first,lucknow,white,rwd,775000
2019,13000,1591.0,122.0,5.0,4270.0,1780.0,1630.0,60.0,hyundai,creta 1.6 sx plus at petrol,petrol,individual,automatic,first,mumbai,white,fwd,1400000
2015,112000,1248.0,89.0,7.0,4265.0,1695.0,1685.0,45.0,maruti suzuki,ertiga vdi,diesel,individual,manual,first,chennai,gold,fwd,770000
2012,54948,1248.0,75.0,5.0,3715.0,1680.0,1620.0,43.0,maruti suzuki,ritz vdi bs-iv,diesel,individual,manual,first,mangalore,silver,,445000
2016,53300,1197.0,81.0,5.0,3765.0,1660.0,1520.0,43.0,hyundai,grand i10 magna 1.2 kappa vtvt [2017-2020],petrol,individual,manual,first,pune,maroon,fwd,450000
2019,34000,1497.0,117.0,5.0,4440.0,1695.0,1495.0,40.0,honda,city sv,petrol,individual,manual,first,delhi,white,fwd,840000
2021,21000,3982.0,463.0,4.0,5462.0,1899.0,1498.0,70.0,mercedes-benz,s-class maybach s 560,petrol,individual,automatic,first,gurgaon,black,rwd,18500000
2017,25500,1999.0,177.0,5.0,4360.0,2120.0,1635.0,57.0,land rover,evoque hse dynamic,diesel,individual,automatic,second,pune,white,awd,4000000
2015,157662,1997.0,138.0,7.0,4585.0,1890.0,1785.0,70.0,mahindra,xuv500 w8 1.99 [2016-2017],diesel,individual,manual,second,jaipur,silver,fwd,690000
2018,20000,2143.0,136.0,5.0,4630.0,1777.0,1432.0,56.0,mercedes-benz,cla 200 d urban sport,diesel,individual,automatic,first,mumbai,red,fwd,2800000
2018,78900,1120.0,71.0,5.0,3995.0,1660.0,1520.0,43.0,hyundai,xcent sx 1.1 crdi,diesel,individual,manual,first,vadodara,silver,fwd,525000
2011,52000,998.0,59.0,5.0,3539.0,1475.0,1700.0,35.0,maruti suzuki,wagon r lxi cng,cng,individual,manual,first,mumbai,brown,,285000
2022,11000,1950.0,192.0,5.0,5063.0,1860.0,1494.0,80.0,mercedes-benz,e-class e 220d exclusive [2019-2019],diesel,individual,automatic,first,delhi,black,rwd,7780000
2018,103000,,,7.0,4697.0,1882.0,1665.0,63.0,skoda,kodiaq style 2.0 tdi 4x4 at,diesel,individual,automatic,first,delhi,white,,1989999
2017,95785,2179.0,154.0,7.0,4788.0,1903.0,1791.0,60.0,tata,hexa xta 4x2 7 str,diesel,individual,automatic,first,hyderabad,blue,rwd,1200000
2017,92000,1498.0,99.0,5.0,3998.0,1765.0,1647.0,52.0,ford,ecosport titanium 1.5l tdci,diesel,individual,manual,first,agra,brown,fwd,620000
2019,43000,1999.0,177.0,5.0,4731.0,2071.0,1651.0,82.0,jaguar,f-pace prestige,diesel,individual,automatic,first,delhi,black,awd,5200000
2017,39328,2143.0,134.0,5.0,4630.0,1777.0,1432.0,56.0,mercedes-benz,cla 200 cdi sport,diesel,individual,automatic,first,kolkata,silver,fwd,1998999
2020,18625,2393.0,148.0,7.0,4735.0,1830.0,1795.0,55.0,toyota,innova 2.4 zx at 7 str,diesel,individual,automatic,first,mumbai,bronze,rwd,2725000
2019,26000,1197.0,83.0,5.0,3850.0,1695.0,1530.0,42.0,maruti suzuki,swift vxi [2014-2017],petrol,individual,manual,first,lucknow,blue,fwd,590000
2014,81000,1995.0,112.0,5.0,4097.0,1789.0,1561.0,47.0,mini,countryman cooper d,diesel,individual,automatic,second,panvel,purple,fwd,1489000
2018,92000,1248.0,74.0,5.0,3995.0,1735.0,1515.0,37.0,maruti suzuki,dzire zdi plus amt,diesel,individual,automatic,first,ludhiana,white,fwd,685000
2019,38000,2523.0,75.0,7.0,4456.0,1820.0,1930.0,60.0,mahindra,scorpio s3 2wd 7 str,diesel,individual,manual,first,patna,white,rwd,1121000
2012,93000,1368.0,90.0,5.0,4413.0,1703.0,1550.0,44.0,tata,manza aqua safire bs-iv,petrol,individual,manual,second,unnao,silver,,114999
2019,10340,998.0,67.0,5.0,3599.0,1495.0,1700.0,35.0,maruti suzuki,wagon r vxi,petrol,individual,manual,first,delhi,white,fwd,545000
2015,47706,1968.0,174.0,5.0,4385.0,1831.0,1608.0,64.0,audi,q3 2.0 tdi quattro premium,diesel,individual,automatic,first,ranchi,black,awd,1350000
2021,13400,1462.0,103.0,6.0,4445.0,1775.0,1700.0,45.0,maruti suzuki,xl6 alpha mt petrol,petrol,individual,manual,first,mysore,white,fwd,1299000
2016,44613,1498.0,99.0,5.0,3995.0,1695.0,1525.0,40.0,ford,aspire titanium1.5 tdci,diesel,individual,manual,first,ranchi,silver,fwd,450000
2017,7000,1988.0,295.0,2.0,4379.0,1801.0,1295.0,54.0,porsche,718 cayman [2017-2020],petrol,individual,automatic,first,faridabad,red,rwd,9000000
2019,29000,1197.0,83.0,5.0,3850.0,1695.0,1530.0,42.0,maruti suzuki,swift vxi [2014-2017],petrol,individual,manual,first,kolkata,grey,fwd,550000
2020,23000,1995.0,188.0,5.0,4633.0,1811.0,1429.0,57.0,bmw,3-series 320d luxury line,diesel,corporate,automatic,first,mumbai,white,rwd,4390000
2015,67580,998.0,58.0,5.0,3599.0,1495.0,1700.0,35.0,maruti suzuki,wagon r lxi cng (o),cng,individual,manual,first,pune,white,fwd,445000
2015,42000,1591.0,121.0,5.0,4375.0,1700.0,1475.0,43.0,hyundai,verna 1.6 vtvt s,petrol,individual,manual,first,kolkata,red,fwd,495000
2015,16205,998.0,68.0,5.0,3515.0,1550.0,1510.0,32.0,hyundai,eon 1.0 kappa magna airbag,petrol,individual,manual,first,pune,white,fwd,360000
2007,92000,1995.0,120.0,5.0,4470.0,1810.0,1695.0,66.0,maruti suzuki,grand vitara 2015 2.0 at,petrol,individual,automatic,third,mohali,black,awd,345000
2016,29000,1197.0,79.0,5.0,3765.0,1660.0,1520.0,43.0,hyundai,grand i10 asta at 1.2 kappa vtvt [2013-2016],petrol,individual,automatic,first,mumbai,silver,fwd,565000
2022,14000,1950.0,241.0,5.0,4924.0,2157.0,1772.0,93.0,mercedes-benz,gle 300d 4matic lwb,diesel,individual,automatic,first,delhi,white,awd,9390000
2017,69000,1493.0,100.0,7.0,3995.0,1835.0,1839.0,60.0,mahindra,tuv300 t8 amt mhawk100,diesel,individual,automatic,first,delhi,black,rwd,615000
2015,114635,1498.0,99.0,5.0,4440.0,1695.0,1495.0,40.0,honda,city v diesel,diesel,individual,manual,first,kolkata,grey,fwd,525000
2018,50000,1995.0,184.0,5.0,4454.0,2044.0,1545.0,63.0,bmw,x1 sdrive20d xline,diesel,individual,automatic,second,delhi,blue,rwd,2650000
2019,29221,1995.0,184.0,5.0,4454.0,2044.0,1545.0,63.0,bmw,x1 sdrive20d xline,diesel,individual,automatic,first,bangalore,blue,rwd,3785000
2012,158000,,,,,,,,mercedes-benz,s-class 300,petrol,individual,automatic,first,chennai,brown,,1500000
2012,77000,1968.0,177.0,5.0,4915.0,1874.0,1455.0,65.0,audi,a6 2.0 tdi premium,diesel,individual,automatic,second,mumbai,blue,fwd,1175000
2022,5500,1950.0,192.0,5.0,4658.0,1890.0,1644.0,66.0,mercedes-benz,glc 220d 4matic progressive,diesel,individual,automatic,unregistered car,hyderabad,white,awd,6400000
2013,70000,1995.0,184.0,5.0,4624.0,2031.0,1429.0,60.0,bmw,3-series 320d sport line,diesel,individual,automatic,second,mumbai,blue,rwd,1450000
2017,65341,2993.0,258.0,5.0,4886.0,1938.0,1762.0,,bmw,x5 xdrive 30d m sport,diesel,individual,automatic,second,pune,white,awd,4900000
2022,32000,1498.0,119.0,5.0,4549.0,1748.0,1489.0,40.0,honda,city vx cvt petrol,petrol,individual,automatic,first,delhi,brown,fwd,1390000
2018,9500,3902.0,660.0,2.0,4568.0,1952.0,1213.0,78.0,ferrari,488 gtb,petrol,individual,automatic,first,delhi,black,rwd,35000000
2020,17904,1968.0,141.0,5.0,4486.0,1839.0,1672.0,71.0,volkswagen,tiguan highline tdi,diesel,individual,automatic,first,mumbai,white,awd,2990000
2012,95000,2179.0,190.0,5.0,4355.0,2120.0,1635.0,57.0,land rover,evoque pure sd4,diesel,individual,automatic,first,coimbatore,white,awd,2150000
2013,72000,998.0,59.0,5.0,3539.0,1475.0,1700.0,35.0,maruti suzuki,wagon r lxi cng,cng,individual,manual,first,mumbai,brown,,315000
2004,65082,,,,,,,,maruti suzuki,zen lxi bs-ii,petrol,individual,manual,first,kolkata,yellow,,71001
2012,66240,,,,,,,,honda,brio s mt,petrol,individual,manual,third,jaipur,grey,,295000
2018,25275,2996.0,362.0,5.0,4891.0,2003.0,1719.0,93.0,mercedes-benz,gle 43 4matic [2017-2019],petrol,individual,automatic,first,hyderabad,black,awd,8500000
2016,67850,998.0,58.0,5.0,3599.0,1495.0,1700.0,35.0,maruti suzuki,wagon r lxi cng,cng,individual,manual,first,mumbai,red,fwd,400000
2010,60000,624.0,35.0,4.0,3099.0,1495.0,1652.0,15.0,tata,nano base,petrol,individual,manual,first,gurgaon,white,rwd,49000
2012,88500,,,,,,,,mahindra,bolero slx 2wd,diesel,individual,manual,second,panchkula,white,,379000
2017,105000,1248.0,74.0,5.0,3850.0,1695.0,1530.0,42.0,maruti suzuki,swift vdi,diesel,corporate,manual,first,pune,silver,fwd,610000
2019,45000,1591.0,122.0,5.0,4270.0,1780.0,1665.0,55.0,hyundai,creta sx 1.6 at petrol,petrol,individual,automatic,first,raipur,white,fwd,1075000
2021,8000,1950.0,192.0,5.0,5063.0,1860.0,1494.0,80.0,mercedes-benz,e-class e 220 d avantgarde,diesel,individual,automatic,first,bangalore,white,rwd,7500000
2018,38000,1798.0,138.0,5.0,4620.0,1775.0,1475.0,55.0,toyota,corolla altis g at petrol,petrol,corporate,automatic,first,mumbai,gold,fwd,1321000
2020,55055,1248.0,89.0,5.0,4300.0,1785.0,1595.0,48.0,maruti suzuki,s-cross zeta 1.3,diesel,individual,manual,first,ludhiana,white,fwd,950000
2021,22000,1197.0,83.0,5.0,3995.0,1745.0,1500.0,37.0,maruti suzuki,baleno zeta 1.2,petrol,individual,manual,first,raipur,blue,fwd,825000
2013,95000,2477.0,176.0,7.0,4695.0,1815.0,1840.0,70.0,mitsubishi,pajero 2.5 mt,diesel,individual,manual,second,bangalore,blue,awd,1300000
2014,25704,1197.0,85.0,5.0,3850.0,1695.0,1530.0,42.0,maruti suzuki,swift zxi,petrol,individual,manual,first,mumbai,red,fwd,465000
2016,55353,1248.0,74.0,5.0,3995.0,1695.0,1555.0,42.0,maruti suzuki,swift dzire vdi,diesel,individual,manual,second,kanpur,grey,fwd,475000
2015,80000,1968.0,174.0,5.0,4385.0,1831.0,1608.0,64.0,audi,q3 35 tdi premium,diesel,individual,automatic,first,chennai,silver,awd,1775000
2018,62000,1197.0,103.0,5.0,4390.0,1699.0,1467.0,55.0,volkswagen,vento highline plus 1.2 (p) at 16 alloy,petrol,corporate,automatic,first,faridabad,brown,fwd,825000
2019,41526,3198.0,197.0,7.0,4892.0,1860.0,1837.0,80.0,ford,endeavour titanium 3.2 4x4 at,diesel,individual,automatic,first,coimbatore,silver,awd,3450000
2018,29434,1047.0,69.0,5.0,3746.0,1647.0,1535.0,35.0,tata,tiago revotron xt [2016-2019],petrol,individual,manual,second,kolkata,silver,fwd,379000
2017,42000,1198.0,67.0,5.0,3785.0,1635.0,1485.0,35.0,datsun,go d,petrol,individual,manual,first,lucknow,white,fwd,240000
2021,14000,1497.0,114.0,5.0,4315.0,1800.0,1645.0,50.0,kia,seltos htk plus 1.5 [2019-2020],petrol,individual,manual,first,delhi,black,fwd,1525000
2014,35000,1995.0,184.0,5.0,4624.0,2031.0,1429.0,60.0,bmw,3-series 320d sport line,diesel,individual,automatic,first,kolkata,brown,rwd,1400000
2012,75000,,,,,,,,mercedes-benz,c-class c 250 cdi blueefficiency,diesel,individual,automatic,second,mumbai,white,,1044999
2016,6000,5204.0,602.0,2.0,4459.0,1924.0,1165.0,,lamborghini,huracan lp 610-4,petrol,individual,automatic,first,delhi,blue,awd,24000000
2018,61000,2143.0,134.0,5.0,4424.0,1804.0,1494.0,50.0,mercedes-benz,gla 200 d sport,diesel,individual,automatic,second,mumbai,gold,fwd,2450000
2015,45000,2143.0,134.0,5.0,4417.0,1804.0,1494.0,50.0,mercedes-benz,gla 200 cdi sport,diesel,individual,automatic,first,lucknow,white,fwd,1789999
2019,31000,1950.0,192.0,5.0,4686.0,1810.0,1442.0,66.0,mercedes-benz,c-class c 220d progressive [2018-2019],diesel,individual,automatic,first,delhi,blue,rwd,4275000
2020,39000,1197.0,82.0,5.0,3995.0,1775.0,1505.0,37.0,hyundai,elite i20 sportz 1.2 mt,petrol,individual,manual,first,mumbai,white,fwd,775000
2012,52000,998.0,67.0,5.0,3600.0,1495.0,1595.0,35.0,maruti suzuki,estilo vxi bs-iv,petrol,individual,manual,first,pune,white,fwd,229999
2011,54000,998.0,59.0,5.0,3539.0,1475.0,1700.0,35.0,maruti suzuki,wagon r lxi cng,cng,individual,manual,first,mumbai,silver,,280000
2018,51000,814.0,55.0,5.0,3495.0,1550.0,1500.0,32.0,hyundai,eon era +,petrol,individual,manual,first,kanpur,white,fwd,300000
2011,72000,998.0,67.0,5.0,3545.0,1490.0,1475.0,35.0,maruti suzuki,alto vxi (o) [2014-2019],petrol,individual,manual,first,kanpur,silver,fwd,160000
2011,65000,796.0,47.0,5.0,3495.0,1475.0,1460.0,35.0,maruti suzuki,alto lxi bs-iii,petrol,individual,manual,first,lucknow,white,,150000
2020,50000,1950.0,241.0,5.0,4924.0,2157.0,1772.0,93.0,mercedes-benz,gle 300d 4matic lwb,diesel,individual,automatic,first,navi mumbai,white,awd,8300000
2016,80251,1968.0,174.0,5.0,4385.0,1831.0,1608.0,64.0,audi,q3 35 tdi premium + sunroof,diesel,individual,automatic,second,delhi,blue,awd,1685000
2010,86000,1197.0,80.0,5.0,3565.0,1595.0,1550.0,35.0,hyundai,i10 sportz 1.2,petrol,individual,manual,second,chennai,grey,fwd,270000
2014,42505,796.0,47.0,5.0,3395.0,1490.0,1475.0,35.0,maruti suzuki,alto 800 lxi,petrol,individual,manual,first,purnea,red,fwd,210000
2017,42000,1197.0,82.0,5.0,3985.0,1734.0,1505.0,45.0,hyundai,elite i20 asta 1.2,petrol,individual,manual,first,patna,silver,fwd,625000
2017,42200,2993.0,262.0,4.0,5219.0,1902.0,1481.0,78.0,bmw,7-series 730ld m sport,diesel,individual,automatic,first,mumbai,black,rwd,6900000
2019,57600,1353.0,138.0,5.0,4315.0,1800.0,1645.0,50.0,kia,seltos gtx plus at 1.4 [2019-2020],petrol,individual,automatic,first,chennai,white,fwd,1490000
2018,57000,2179.0,153.0,7.0,4585.0,1890.0,1785.0,70.0,mahindra,xuv500 w7 [2018-2020],diesel,individual,manual,first,lucknow,black,fwd,1095000
2014,85000,2953.0,154.0,7.0,5060.0,1788.0,1826.0,71.0,ford,endeavour 3.0l 4x4 at,diesel,individual,automatic,first,zirakpur,black,awd,850000
2016,128000,1995.0,182.0,5.0,4475.0,1850.0,1660.0,62.0,hyundai,tucson 2wd at gls diesel,diesel,corporate,automatic,second,pune,white,fwd,1600000
2011,66000,1496.0,80.0,5.0,4265.0,1695.0,1510.0,45.0,toyota,etios v,petrol,individual,manual,first,delhi,black,fwd,265000
2013,58000,1598.0,103.0,5.0,4384.0,1699.0,1466.0,55.0,volkswagen,vento comfortline petrol,petrol,individual,manual,first,chandigarh,bronze,fwd,360000
2012,89445,1248.0,75.0,5.0,3715.0,1680.0,1620.0,43.0,maruti suzuki,ritz vdi bs-iv,diesel,individual,manual,first,hyderabad,grey,,350000
2015,64120,2982.0,169.0,7.0,4705.0,1840.0,1850.0,80.0,toyota,fortuner 3.0 4x2 mt,diesel,individual,manual,second,delhi,white,rwd,1485000
2017,82300,1373.0,91.0,5.0,4490.0,1730.0,1485.0,43.0,maruti suzuki,ciaz alpha 1.4 mt,petrol,individual,manual,first,pune,white,fwd,800000
2017,73000,1248.0,89.0,5.0,3995.0,1790.0,1640.0,48.0,maruti suzuki,vitara brezza vdi,diesel,individual,manual,first,lucknow,white,fwd,710000
2018,72000,1598.0,118.0,5.0,4300.0,1765.0,1590.0,48.0,maruti suzuki,s-cross alpha 1.6,diesel,individual,manual,first,lucknow,blue,fwd,710000
2018,50197,999.0,75.0,5.0,3971.0,1682.0,1469.0,45.0,volkswagen,polo highline1.0l (p),petrol,individual,manual,first,pune,grey,fwd,720000
2014,44527,1198.0,87.0,5.0,3990.0,1680.0,1505.0,35.0,honda,amaze 1.2 s i-vtec,petrol,individual,manual,first,mumbai,brown,fwd,395000
2017,72400,1968.0,188.0,5.0,4726.0,1842.0,1427.0,54.0,audi,a4 35 tdi technology,diesel,individual,automatic,first,bangalore,white,fwd,2799000
2014,50000,1499.0,109.0,5.0,3999.0,1765.0,1708.0,52.0,ford,ecosport trend 1.5 ti-vct,petrol,individual,manual,second,delhi,white,fwd,455000
2014,37000,1497.0,117.0,5.0,4440.0,1695.0,1495.0,40.0,honda,city vx (o) mt,petrol,individual,manual,first,delhi,white,fwd,690000
2021,20000,2925.0,326.0,7.0,5207.0,2157.0,1823.0,90.0,mercedes-benz,gls 400d 4matic,diesel,individual,automatic,first,delhi,blue,awd,13000000
2020,8000,1956.0,168.0,5.0,4598.0,1894.0,1706.0,50.0,tata,harrier xza plus dark edition,diesel,individual,automatic,first,bhubaneswar,black,fwd,1995000
2014,69000,1995.0,190.0,5.0,4899.0,2094.0,1464.0,65.0,bmw,5-series 520d luxury line,diesel,individual,automatic,second,jalandhar,white,rwd,1750000
2019,25000,1995.0,184.0,5.0,4454.0,2044.0,1545.0,63.0,bmw,x1 sdrive20d xline,diesel,individual,automatic,first,delhi,white,rwd,2900000
2022,17000,1995.0,184.0,5.0,4454.0,2044.0,1545.0,63.0,bmw,x1 sdrive20d xline,diesel,individual,automatic,first,mumbai,white,rwd,4500000
2013,61000,1497.0,116.0,5.0,4440.0,1695.0,1485.0,42.0,honda,city 1.5 s mt,petrol,individual,manual,first,delhi,maroon,fwd,450000
2015,69000,1995.0,188.0,5.0,4936.0,1868.0,1479.0,65.0,bmw,5-series 520d luxury line [2017-2019],diesel,individual,automatic,first,delhi,silver,rwd,2149000
2015,77000,2987.0,258.0,7.0,5120.0,1934.0,1850.0,100.0,mercedes-benz,gl-class 350 cdi,diesel,individual,automatic,second,chennai,black,awd,4200000
2018,82200,1497.0,108.0,5.0,3994.0,1811.0,1607.0,44.0,tata,nexon xt diesel [2017-2019],diesel,individual,manual,first,pune,grey,fwd,860000
2018,28000,1497.0,117.0,5.0,4440.0,1695.0,1495.0,40.0,honda,city v,petrol,individual,manual,first,delhi,silver,fwd,875000
2011,117000,2179.0,122.0,7.0,4430.0,1817.0,1975.0,60.0,mahindra,scorpio vlx 4wd bs-iii,diesel,individual,manual,second,salem,white,awd,580000
2021,7900,1996.0,215.0,6.0,4985.0,1926.0,1867.0,75.0,mg,gloster savvy 6 str 2.0 twin turbo 4wd,diesel,individual,automatic,first,hyderabad,black,awd,3500000
2010,72000,1298.0,87.0,5.0,4160.0,1690.0,1530.0,43.0,maruti suzuki,swift dzire vxi,petrol,individual,manual,first,kanpur,silver,fwd,229999
2015,79000,1968.0,174.0,5.0,4385.0,1831.0,1608.0,64.0,audi,q3 2.0 tdi quattro premium plus,diesel,individual,automatic,second,ahmedabad,blue,awd,1513000
2013,72600,998.0,67.0,5.0,3620.0,1475.0,1460.0,35.0,maruti suzuki,alto vxi,petrol,individual,manual,first,panchkula,white,fwd,234000
2018,42313,999.0,67.0,5.0,3429.0,1560.0,1541.0,28.0,datsun,redigo s 1.0 amt [2018-2019],petrol,individual,automatic,second,bangalore,grey,fwd,320000
2021,18000,1995.0,190.0,5.0,4657.0,1881.0,1678.0,67.0,bmw,x3 xdrive 20d luxury line [2018-2020],diesel,individual,automatic,first,delhi,white,awd,5975000
2019,90000,1248.0,89.0,5.0,3995.0,1790.0,1640.0,48.0,maruti suzuki,vitara brezza zdi plus,diesel,individual,manual,first,hyderabad,white,fwd,1025000
2010,18500,796.0,47.0,5.0,3495.0,1475.0,1460.0,35.0,maruti suzuki,alto lxi bs-iii,petrol,individual,manual,first,lucknow,gold,,169000
2017,36000,1248.0,74.0,5.0,3995.0,1735.0,1515.0,37.0,maruti suzuki,dzire vdi,diesel,individual,manual,first,patna,blue,fwd,630000
2020,26200,998.0,118.0,5.0,3995.0,1770.0,1605.0,45.0,hyundai,venue sx plus 1.0 turbo dct,petrol,individual,automatic,first,delhi,white,fwd,1090000
2019,11000,1197.0,82.0,5.0,3840.0,1735.0,1530.0,37.0,maruti suzuki,swift lxi special edition,petrol,individual,manual,second,chennai,silver,fwd,700000
2021,14366,1197.0,89.0,5.0,3845.0,1735.0,1530.0,37.0,maruti suzuki,swift vxi,petrol,individual,manual,first,ahmedabad,others,fwd,661000
2011,98000,2179.0,120.0,7.0,4421.0,1780.0,1940.0,65.0,tata,grande gx,diesel,individual,manual,first,mumbai,silver,,250999
2017,65000,1493.0,84.0,7.0,3995.0,1835.0,1839.0,60.0,mahindra,tuv300 t8,diesel,individual,manual,second,delhi,red,rwd,565000
2014,126000,2494.0,100.0,7.0,4585.0,1760.0,1760.0,55.0,toyota,innova 2.5 g 7 str bs-iv,diesel,individual,manual,first,delhi,silver,rwd,750000
2015,71700,1968.0,174.0,5.0,4385.0,1831.0,1608.0,64.0,audi,q3 35 tdi premium + sunroof,diesel,individual,automatic,second,navi mumbai,white,awd,1850000
2016,114000,2179.0,138.0,7.0,4585.0,1890.0,1785.0,70.0,mahindra,xuv500 w6,diesel,individual,manual,first,lucknow,white,fwd,850000
2016,58339,1396.0,89.0,5.0,3985.0,1734.0,1505.0,45.0,hyundai,elite i20 asta 1.4 crdi [2016-2017],diesel,individual,manual,first,panchkula,grey,fwd,535000
2011,50667,,,,,,,,volkswagen,vento highline petrol at,petrol,individual,automatic,second,mumbai,white,,345000
2019,72040,1248.0,74.0,5.0,3995.0,1735.0,1515.0,37.0,maruti suzuki,dzire vdi amt,diesel,individual,automatic,first,pune,silver,fwd,770000
2019,6000,1998.0,248.0,5.0,4633.0,1811.0,1429.0,57.0,bmw,3-series 330i m sport edition,petrol,individual,automatic,first,delhi,white,rwd,3650000
2022,6200,998.0,118.0,5.0,3995.0,1790.0,1647.0,45.0,kia,sonet gtx plus 1.0 imt [2020-2021],petrol,individual,manual,first,kolkata,red,fwd,1195000
2012,44000,5461.0,368.0,5.0,5226.0,2120.0,1479.0,90.0,mercedes-benz,s-class 500l,petrol,individual,automatic,third,mumbai,silver,rwd,1650000
2021,6900,1798.0,177.0,5.0,4861.0,1864.0,1483.0,66.0,skoda,superb l&k tsi at,petrol,individual,automatic,first,kolkata,brown,fwd,3199000
2022,2500,1991.0,194.0,5.0,5063.0,1860.0,1494.0,80.0,mercedes-benz,e-class e 200 exclusive [2019-2019],petrol,individual,automatic,first,noida,grey,rwd,7100000
2016,68000,1197.0,103.0,5.0,3971.0,1682.0,1469.0,45.0,volkswagen,polo gt tsi,petrol,individual,automatic,first,delhi,white,fwd,625000
2018,36000,1248.0,89.0,5.0,3995.0,1790.0,1640.0,48.0,maruti suzuki,vitara brezza vdi,diesel,individual,manual,first,patna,white,fwd,745000
2021,19000,1086.0,68.0,5.0,3610.0,1645.0,1560.0,35.0,hyundai,santro sportz,petrol,individual,manual,first,ahmedabad,white,fwd,551000
2019,10000,1950.0,192.0,5.0,5063.0,1860.0,1494.0,80.0,mercedes-benz,e-class e 220 d avantgarde,diesel,individual,automatic,first,chennai,white,rwd,5950000
2019,35000,2993.0,244.0,5.0,4999.0,2220.0,1835.0,105.0,land rover,range rover 3.0 v6 diesel vogue,diesel,individual,automatic,first,pune,blue,awd,22000000
2019,6400,1496.0,114.0,5.0,3821.0,1727.0,1414.0,44.0,mini,cooper d 3 door,diesel,individual,automatic,first,delhi,red,fwd,3300000
2019,34000,3198.0,197.0,7.0,4903.0,1869.0,1837.0,80.0,ford,endeavour titanium plus 3.2 4x4 at,diesel,individual,automatic,first,chennai,white,awd,3250000
2016,35000,1461.0,108.0,5.0,4315.0,1822.0,1695.0,50.0,renault,duster 110 ps rxz 4x2 amt diesel,diesel,individual,automatic,second,delhi,grey,fwd,690000
2019,46000,1248.0,89.0,5.0,3995.0,1790.0,1640.0,48.0,maruti suzuki,vitara brezza vdi ags,diesel,individual,automatic,first,mumbai,white,fwd,894999
2016,83000,1598.0,105.0,5.0,4386.0,1699.0,1466.0,55.0,skoda,rapid ambition 1.6 tdi cr mt,diesel,individual,manual,first,chandigarh,white,fwd,550000
2013,54000,1498.0,89.0,5.0,3999.0,1765.0,1708.0,52.0,ford,ecosport trend 1.5 tdci,diesel,individual,manual,third,mumbai,orange,fwd,399000
2020,42000,1497.0,113.0,5.0,4315.0,1800.0,1645.0,50.0,kia,seltos htx 1.5 [2020-2021],petrol,individual,manual,first,ahmedabad,black,fwd,1275000
2020,41441,1196.0,73.0,5.0,3675.0,1475.0,1800.0,40.0,maruti suzuki,eeco 5 str with a/c+htr [2019-2020],petrol,individual,manual,first,bangalore,silver,rwd,535000
2018,48174,1248.0,89.0,5.0,3995.0,1790.0,1640.0,48.0,maruti suzuki,vitara brezza vdi,diesel,individual,manual,first,thane,white,fwd,825000
2016,62591,1498.0,99.0,5.0,3998.0,1765.0,1647.0,52.0,ford,ecosport ambiente 1.5l tdci,diesel,individual,manual,first,mumbai,silver,fwd,585000
2017,48650,1199.0,89.0,5.0,3955.0,1694.0,1544.0,40.0,honda,jazz v at petrol,petrol,individual,automatic,first,mumbai,brown,fwd,675000
2017,52245,1248.0,89.0,5.0,4300.0,1785.0,1595.0,48.0,maruti suzuki,s-cross alpha 1.3,diesel,individual,manual,first,pune,brown,fwd,795000
2021,7500,1991.0,194.0,5.0,5063.0,1860.0,1494.0,80.0,mercedes-benz,e-class e 200 exclusive [2019-2019],petrol,individual,automatic,first,delhi,black,rwd,6500000
2017,65000,1396.0,89.0,5.0,3985.0,1734.0,1505.0,45.0,hyundai,elite i20 sportz 1.4 crdi,diesel,individual,manual,first,kheda,white,fwd,611000
2015,43297,998.0,67.0,5.0,3599.0,1495.0,1700.0,35.0,maruti suzuki,wagon r vxi,petrol,individual,manual,first,kollam,red,fwd,390000
2019,44710,1197.0,83.0,5.0,3850.0,1695.0,1530.0,42.0,maruti suzuki,swift vxi [2014-2017],petrol,individual,manual,first,pune,white,fwd,650000
2013,62000,1461.0,108.0,5.0,4618.0,1813.0,1488.0,67.0,renault,fluence 1.5 e4,diesel,individual,manual,first,lucknow,silver,fwd,390000
2017,59267,1968.0,188.0,5.0,4726.0,1842.0,1427.0,54.0,audi,a4 35 tdi technology,diesel,individual,automatic,first,kolkata,silver,fwd,2400000
2011,69000,1197.0,85.0,5.0,3850.0,1695.0,1530.0,42.0,maruti suzuki,swift vxi,petrol,individual,manual,first,hyderabad,silver,fwd,385000
2017,75000,1197.0,83.0,5.0,3995.0,1695.0,1555.0,42.0,maruti suzuki,swift dzire vxi,petrol,commercial registration,manual,first,kanpur,white,fwd,450000
2020,52236,1197.0,81.0,5.0,3765.0,1660.0,1520.0,43.0,hyundai,grand i10 sports edition 1.2l kappa vtvt,petrol,individual,manual,first,udupi,silver,fwd,649000
2020,47000,,,7.0,4697.0,1882.0,1665.0,63.0,skoda,kodiaq l&k 2.0 tdi 4x4 at,diesel,individual,automatic,first,mumbai,white,,3499000
2019,15530,1968.0,141.0,5.0,4456.0,1796.0,1416.0,50.0,audi,a3 35 tdi premium + sunroof,diesel,individual,automatic,first,goa,white,fwd,2900000
2014,64000,1248.0,74.0,5.0,3995.0,1695.0,1555.0,42.0,maruti suzuki,swift dzire vdi,diesel,individual,manual,first,agra,white,fwd,400000
2020,35000,1197.0,82.0,5.0,3805.0,1680.0,1520.0,37.0,hyundai,grand i10 nios sportz amt 1.2 kappa vtvt,petrol,individual,automatic,first,kolkata,silver,fwd,599000
2019,92000,2755.0,174.0,7.0,4795.0,1855.0,1835.0,80.0,toyota,fortuner 2.8 4x2 mt [2016-2020],diesel,individual,manual,first,lucknow,black,rwd,2980000
2018,18000,1395.0,148.0,5.0,4726.0,1842.0,1427.0,54.0,audi,a4 30 tfsi technology pack,petrol,individual,automatic,first,mumbai,white,fwd,3500000
2016,50000,1199.0,89.0,5.0,3955.0,1694.0,1544.0,40.0,honda,jazz v petrol,petrol,individual,manual,first,kolkata,red,fwd,400000
2022,2000,1991.0,194.0,5.0,4658.0,1890.0,1644.0,66.0,mercedes-benz,glc 200 progressive,petrol,individual,automatic,first,karnal,white,rwd,6975000
2013,72000,,,,,,,,audi,a4 2.0 tdi sline,diesel,individual,automatic,first,gurgaon,black,,745000
2016,16000,2143.0,201.0,5.0,4819.0,2141.0,1796.0,93.0,mercedes-benz,gle 250 d,diesel,individual,automatic,first,karnal,white,awd,5400000
2015,103890,2987.0,258.0,7.0,5120.0,1934.0,1850.0,100.0,mercedes-benz,gl-class 350 cdi,diesel,individual,automatic,second,lucknow,black,awd,3700000
2018,71000,998.0,67.0,5.0,3600.0,1600.0,1560.0,35.0,maruti suzuki,celerio zxi [2017-2019],petrol,individual,manual,first,ludhiana,white,fwd,445000
2021,12000,2184.0,130.0,4.0,3985.0,1820.0,1844.0,57.0,mahindra,thar lx 4-str hard top diesel mt,diesel,individual,manual,first,ludhiana,red,awd,1475000
2016,93000,2755.0,174.0,7.0,4795.0,1855.0,1835.0,80.0,toyota,fortuner 2.8 4x2 at [2016-2020],diesel,individual,automatic,first,mohali,white,rwd,2800000
2013,63000,814.0,56.0,5.0,3495.0,1550.0,1500.0,32.0,hyundai,eon magna [2011-2012],petrol,individual,manual,second,ludhiana,white,,190000
2020,10000,1197.0,83.0,5.0,3850.0,1695.0,1530.0,42.0,maruti suzuki,swift vxi [2014-2017],petrol,individual,manual,first,meerut,white,fwd,600000
2020,33828,1493.0,114.0,5.0,4315.0,1800.0,1645.0,50.0,kia,seltos gtx plus at 1.5 diesel [2019-2020],diesel,individual,automatic,first,mumbai,white,fwd,1835000
2019,48000,998.0,58.0,5.0,3655.0,1620.0,1675.0,60.0,maruti suzuki,wagon r lxi 1.0 cng [2019-2020],cng,individual,manual,first,mumbai,silver,fwd,550000
2017,71000,1248.0,89.0,5.0,3995.0,1790.0,1640.0,48.0,maruti suzuki,vitara brezza zdi+ dual tone [2017-2018],diesel,individual,manual,first,delhi,red,fwd,715000
2022,18000,2184.0,182.0,7.0,4695.0,1890.0,1755.0,60.0,mahindra,xuv700 ax 7 diesel at 7 str,diesel,individual,automatic,first,delhi,white,fwd,2540000
2019,50000,998.0,58.0,5.0,3655.0,1620.0,1675.0,60.0,maruti suzuki,wagon r lxi (o) 1.0 cng [2019-2020],cng,individual,manual,first,delhi,grey,fwd,525000
2015,48000,1197.0,81.0,5.0,3765.0,1660.0,1520.0,43.0,hyundai,grand i10 sportz (o) 1.2 kappa vtvt [2017-2018],petrol,individual,manual,first,delhi,silver,fwd,425000
2022,4000,1197.0,87.0,5.0,3995.0,1775.0,1505.0,37.0,hyundai,elite i20 sportz 1.2 ivt,petrol,individual,automatic,first,kanpur,white,fwd,795000
2010,73000,1497.0,118.0,5.0,4420.0,1695.0,1480.0,42.0,honda,city 1.5 v mt,petrol,individual,manual,second,delhi,silver,fwd,269000
2013,170669,2982.0,171.0,7.0,4705.0,1840.0,1850.0,80.0,toyota,fortuner 4x2 at,diesel,individual,automatic,first,mumbai,white,,1450000
2014,68000,1582.0,128.0,5.0,4370.0,1700.0,1475.0,43.0,hyundai,verna fluidic 1.6 crdi,diesel,individual,manual,first,lucknow,white,fwd,565000
2015,70000,1995.0,190.0,5.0,4899.0,2094.0,1464.0,65.0,bmw,5-series 520d luxury line,diesel,individual,automatic,second,coimbatore,blue,rwd,2550000
2015,57654,1197.0,82.0,5.0,3995.0,1760.0,1555.0,45.0,hyundai,i20 active 1.2 s,petrol,individual,manual,first,zirakpur,white,fwd,529000
2019,22000,998.0,67.0,5.0,3545.0,1490.0,1475.0,35.0,maruti suzuki,alto vxi (o),petrol,individual,manual,first,ludhiana,white,fwd,400000
2012,80000,,,,,,,,volkswagen,vento trendline diesel,diesel,individual,manual,second,chandigarh,white,,360000
2019,41792,1462.0,103.0,6.0,4445.0,1775.0,1700.0,45.0,maruti suzuki,xl6 zeta mt petrol,petrol,individual,manual,first,pune,blue,fwd,975000
2017,41000,1995.0,188.0,5.0,4439.0,1821.0,1612.0,51.0,bmw,x1 sdrive20d expedition,diesel,individual,automatic,first,hyderabad,blue,fwd,2600000
2013,107021,2987.0,258.0,7.0,5120.0,1934.0,1850.0,100.0,mercedes-benz,gl-class 350 cdi,diesel,individual,automatic,second,delhi,white,awd,2390000
2019,17000,1353.0,138.0,5.0,4315.0,1800.0,1645.0,50.0,kia,seltos gtx plus 1.4 [2020-2021],petrol,individual,manual,first,bangalore,white,fwd,1550000
2019,57993,998.0,67.0,5.0,3545.0,1490.0,1475.0,35.0,maruti suzuki,alto vxi amt,petrol,individual,automatic,first,hyderabad,white,fwd,430000
2021,18000,,,5.0,3993.0,1677.0,1532.0,,tata,tigor ev xz plus,electric,individual,automatic,first,hyderabad,grey,fwd,1275000
2018,32000,1197.0,83.0,5.0,3995.0,1745.0,1500.0,37.0,maruti suzuki,baleno delta 1.2,petrol,individual,manual,first,mohali,silver,fwd,600000
2018,25914,1798.0,138.0,5.0,4620.0,1775.0,1475.0,55.0,toyota,corolla altis vl at petrol,petrol,corporate,automatic,first,pune,brown,fwd,1650000
2014,49235,,,,,,,,jaguar,xf 3.0 v6 premium luxury,diesel,individual,automatic,first,bangalore,purple,,3350000
2022,4500,2995.0,335.0,7.0,5064.0,1970.0,1703.0,85.0,audi,q7 technology 55 tfsi,petrol,individual,automatic,first,delhi,black,awd,9400000
2014,114000,998.0,67.0,5.0,3620.0,1475.0,1460.0,35.0,maruti suzuki,alto vxi,petrol,individual,manual,second,aurangabad,white,fwd,250000
2016,105000,2179.0,138.0,7.0,4585.0,1890.0,1785.0,70.0,mahindra,xuv500 w10 at,diesel,individual,automatic,second,mumbai,grey,fwd,994999
2016,45000,1248.0,89.0,5.0,3995.0,1790.0,1640.0,48.0,maruti suzuki,vitara brezza ldi (o) [2016-2018],diesel,individual,manual,first,jalandhar,red,fwd,675000
2014,30183,1197.0,85.0,5.0,3995.0,1695.0,1555.0,42.0,maruti suzuki,swift dzire vxi,petrol,individual,manual,first,mumbai,grey,fwd,455000
2012,78000,,,,,,,,volkswagen,polo comfortline 1.2l (d),diesel,individual,manual,third,raipur,grey,,375000
2016,73190,998.0,67.0,5.0,3599.0,1495.0,1700.0,35.0,maruti suzuki,wagon r vxi,petrol,individual,manual,second,nagpur,grey,fwd,345000
2022,13120,1998.0,189.0,5.0,4447.0,1821.0,1598.0,51.0,bmw,x1 sdrive20i xline,petrol,individual,automatic,first,pune,white,fwd,4700000
2014,64000,1797.0,147.0,5.0,4530.0,1775.0,1470.0,56.0,hyundai,elantra 1.8 sx mt,petrol,individual,manual,first,dehradun,white,fwd,700000
2014,140000,1498.0,99.0,5.0,4440.0,1695.0,1495.0,40.0,honda,city e diesel,diesel,individual,manual,first,hyderabad,white,fwd,499000
2015,39000,1373.0,91.0,5.0,4490.0,1730.0,1485.0,43.0,maruti suzuki,ciaz vxi,petrol,individual,manual,first,delhi,white,fwd,590000
2014,56918,1198.0,76.0,5.0,3825.0,1665.0,1530.0,41.0,nissan,micra xv cvt [2016-2017],petrol,individual,automatic,second,coimbatore,blue,fwd,490000
2018,55000,1248.0,74.0,5.0,3995.0,1735.0,1515.0,37.0,maruti suzuki,dzire vdi amt,diesel,individual,automatic,first,delhi,grey,fwd,695000
2019,42000,1396.0,89.0,5.0,3995.0,1770.0,1605.0,45.0,hyundai,venue sx 1.4 crdi,diesel,individual,manual,first,mumbai,silver,fwd,1025000
2021,25000,1984.0,188.0,7.0,4701.0,1839.0,1674.0,60.0,volkswagen,tiguan allspace 2.0 tsi,petrol,individual,automatic,first,mumbai,silver,awd,3375000
2019,28000,2393.0,148.0,8.0,4735.0,1830.0,1795.0,55.0,toyota,innova 2.4 vx 8 str [2016-2020],diesel,individual,manual,first,pune,maroon,rwd,2250000
2018,43000,2143.0,134.0,5.0,4424.0,1804.0,1494.0,50.0,mercedes-benz,gla 200 d sport,diesel,individual,automatic,second,mumbai,grey,fwd,2650000
2021,16000,1197.0,83.0,5.0,3995.0,1745.0,1500.0,37.0,maruti suzuki,baleno delta 1.2,petrol,individual,manual,first,delhi,grey,fwd,715000
2019,27657,1582.0,126.0,5.0,4270.0,1780.0,1665.0,55.0,hyundai,creta sx 1.6 at crdi,diesel,individual,automatic,second,kolkata,grey,fwd,1200000
2012,30000,998.0,68.0,5.0,3515.0,1500.0,1510.0,32.0,hyundai,eon 1.0 kappa magna + [2014-2016],petrol,individual,manual,first,indore,white,fwd,275000
2012,111000,1497.0,116.0,5.0,4440.0,1695.0,1485.0,42.0,honda,city 1.5 v mt,petrol,individual,manual,first,ernakulam,red,fwd,445000
2016,37600,2143.0,134.0,4.0,4299.0,1780.0,1433.0,50.0,mercedes-benz,a-class a 200d,diesel,individual,automatic,first,pune,red,fwd,1850000
2017,48000,1248.0,74.0,5.0,3995.0,1745.0,1500.0,37.0,maruti suzuki,baleno alpha 1.3,diesel,individual,manual,first,delhi,blue,fwd,665000
2019,37000,1396.0,89.0,5.0,4270.0,1780.0,1665.0,55.0,hyundai,creta ex 1.4 crdi,diesel,individual,manual,first,hyderabad,blue,fwd,1090000
2015,54000,2987.0,255.0,5.0,5246.0,1899.0,1494.0,70.0,mercedes-benz,s-class s 350 cdi,diesel,individual,automatic,first,faridabad,white,rwd,5500000
2017,81802,1968.0,190.0,5.0,4933.0,1874.0,1455.0,75.0,audi,a6 35 tdi matrix,diesel,individual,automatic,second,nashik,blue,fwd,2400000
2018,45915,1582.0,126.0,5.0,4440.0,1729.0,1475.0,45.0,hyundai,verna sx plus 1.6 crdi at,diesel,individual,automatic,first,mumbai,black,fwd,1085000
2021,24000,1999.0,157.0,6.0,4500.0,1790.0,1675.0,50.0,hyundai,alcazar signature (o) 6 str 2.0 petrol at,petrol,individual,automatic,first,mumbai,grey,fwd,2140000
2019,22224,1199.0,89.0,5.0,3995.0,1695.0,1501.0,35.0,honda,amaze 1.2 v cvt petrol [2018-2020],petrol,individual,automatic,first,pune,grey,fwd,795000
2021,38000,1373.0,94.0,7.0,4296.0,1695.0,1685.0,45.0,maruti suzuki,ertiga vxi cng,cng,individual,manual,first,delhi,white,fwd,1080000
2018,53848,1199.0,89.0,5.0,3995.0,1695.0,1501.0,35.0,honda,amaze 1.2 s mt petrol [2018-2020],petrol,individual,manual,first,delhi,maroon,fwd,628000
2013,104264,1995.0,188.0,5.0,4633.0,1811.0,1429.0,57.0,bmw,3-series 320d luxury line,diesel,individual,automatic,second,hyderabad,red,rwd,1550000
2016,61159,1991.0,184.0,5.0,4879.0,1854.0,1474.0,80.0,mercedes-benz,e-class e 200,petrol,individual,automatic,second,mumbai,black,rwd,2400000
2015,72000,1497.0,117.0,5.0,4440.0,1695.0,1495.0,40.0,honda,city vx (o) mt,petrol,individual,manual,first,meerut,brown,fwd,595000
2016,29000,2179.0,188.0,5.0,4465.0,1900.0,1635.0,57.0,land rover,evoque se,diesel,individual,automatic,first,delhi,blue,awd,3450000
2018,42000,1199.0,89.0,5.0,3999.0,1734.0,1601.0,40.0,honda,wr-v vx mt petrol,petrol,individual,manual,first,chennai,maroon,fwd,819999
2012,40000,1968.0,174.0,5.0,4629.0,1898.0,1653.0,75.0,audi,q5 2.0 tdi quattro premium plus,diesel,individual,automatic,first,raipur,black,awd,1490000
2020,57400,1497.0,115.0,5.0,3995.0,1821.0,1627.0,42.0,mahindra,xuv300 1.5 w6 [2019-2020],diesel,individual,manual,first,agra,white,fwd,950000
2019,13500,1999.0,177.0,5.0,5067.0,2091.0,1457.0,66.0,jaguar,xf prestige diesel cbu,diesel,individual,automatic,second,delhi,silver,rwd,3750000
2021,12400,1991.0,201.0,5.0,4686.0,1810.0,1442.0,66.0,mercedes-benz,c-class c200 progressive,petrol,individual,automatic,first,pune,blue,rwd,4950000
2021,38000,1956.0,168.0,5.0,4405.0,1818.0,1640.0,60.0,jeep,compass model s (o) diesel 4x4 at,diesel,individual,automatic,first,pune,white,awd,2950000
2019,7000,1451.0,141.0,5.0,4655.0,1835.0,1760.0,60.0,mg,hector sharp 1.5 dct petrol [2019-2020],petrol,individual,automatic,first,pune,red,,1625000
2012,121000,2982.0,169.0,7.0,4705.0,1840.0,1850.0,80.0,toyota,fortuner 3.0 4x4 mt,diesel,individual,manual,second,ludhiana,gold,awd,1290000
2015,76000,1364.0,67.0,5.0,3775.0,1695.0,1510.0,45.0,toyota,etios liva gd,diesel,individual,manual,first,pune,white,fwd,625000
2018,50000,2179.0,138.0,7.0,4585.0,1890.0,1785.0,70.0,mahindra,xuv500 w10,diesel,individual,manual,first,chennai,maroon,fwd,1490000
2013,46721,1197.0,80.0,5.0,3565.0,1595.0,1550.0,35.0,hyundai,i10 asta 1.2 at with sunroof,petrol,individual,automatic,second,thane,silver,fwd,325000
2017,41470,2179.0,138.0,7.0,4585.0,1890.0,1785.0,70.0,mahindra,xuv500 w10 at,diesel,individual,automatic,first,delhi,black,fwd,1190000
2013,170000,2179.0,120.0,8.0,4430.0,1817.0,1975.0,60.0,mahindra,scorpio vlx 2wd airbag bs-iv,diesel,individual,manual,third,salem,white,rwd,625000
2014,80000,2993.0,289.0,5.0,4879.0,2073.0,1780.0,77.0,land rover,range rover sport sdv6 hse,diesel,individual,automatic,second,delhi,white,awd,5375000
2018,6000,1497.0,117.0,5.0,4440.0,1695.0,1495.0,40.0,honda,city zx cvt petrol [2017-2019],petrol,corporate,automatic,first,mumbai,silver,fwd,1138000
2021,17000,1798.0,170.0,5.0,4701.0,1826.0,1427.0,63.0,audi,a4 1.8 tfsi multitronic premium plus,petrol,individual,automatic,first,mumbai,white,fwd,4250000
2014,31000,1198.0,87.0,5.0,3610.0,1680.0,1500.0,35.0,honda,brio s mt,petrol,individual,manual,first,kharar,white,fwd,365000
2014,73265,1998.0,164.0,5.0,4597.0,1788.0,1477.0,60.0,chevrolet,cruze ltz at,diesel,individual,automatic,second,delhi,white,fwd,475000
2019,47000,1582.0,126.0,5.0,4270.0,1780.0,1665.0,55.0,hyundai,creta sx 1.6 crdi,diesel,individual,manual,first,jalandhar,white,fwd,1225000
2017,42000,1248.0,89.0,7.0,4296.0,1695.0,1685.0,45.0,maruti suzuki,ertiga vdi shvs,diesel,individual,manual,first,delhi,white,fwd,725000
2017,25000,2143.0,134.0,5.0,4417.0,1804.0,1494.0,50.0,mercedes-benz,gla 200 cdi sport,diesel,individual,automatic,second,mumbai,white,fwd,2450000
2009,140000,1991.0,142.0,5.0,4800.0,1832.0,1485.0,70.0,hyundai,sonata 2.0 crdi,diesel,individual,manual,third,yamunanagar,silver,fwd,225000
2018,68818,1197.0,82.0,5.0,3995.0,1735.0,1515.0,37.0,maruti suzuki,dzire vxi amt,petrol,individual,automatic,first,mumbai,silver,fwd,695000
2018,57000,2755.0,172.0,7.0,4735.0,1830.0,1795.0,55.0,toyota,innova 2.8 zx at 7 str [2016-2020],diesel,individual,automatic,first,pune,grey,rwd,2200000
2020,39000,1498.0,79.0,5.0,3995.0,1695.0,1501.0,35.0,honda,amaze 1.5 vx cvt diesel,diesel,individual,automatic,first,ludhiana,white,fwd,950000
2022,12050,2694.0,164.0,7.0,4735.0,1830.0,1795.0,65.0,toyota,innova zx 2.7 at 7 str,petrol,individual,automatic,first,delhi,black,rwd,2598000
2017,24100,1199.0,89.0,5.0,3955.0,1694.0,1544.0,40.0,honda,jazz vx petrol,petrol,individual,manual,first,mumbai,silver,fwd,585000
2017,23000,1196.0,87.0,5.0,3995.0,1695.0,1525.0,42.0,ford,aspire titanium 1.2 ti-vct,petrol,individual,manual,first,delhi,white,fwd,434999
2009,185000,1248.0,75.0,5.0,3760.0,1690.0,1530.0,43.0,maruti suzuki,swift vdi,diesel,individual,manual,first,coimbatore,grey,fwd,295000
2019,76000,1498.0,94.0,5.0,4490.0,1730.0,1485.0,43.0,maruti suzuki,ciaz delta 1.5 diesel,diesel,individual,manual,first,hyderabad,white,fwd,910000
2020,47000,998.0,67.0,5.0,3695.0,1600.0,1560.0,35.0,maruti suzuki,celerio vxi,petrol,individual,manual,first,hyderabad,white,fwd,565000
2021,1910,1462.0,103.0,5.0,3995.0,1790.0,1640.0,48.0,toyota,urban cruiser premium grade at,petrol,individual,automatic,first,varanasi,white,fwd,1050000
2019,23000,1396.0,89.0,5.0,4270.0,1780.0,1630.0,60.0,hyundai,creta e plus 1.4 crdi,diesel,individual,manual,first,ahmedabad,orange,fwd,990000
2020,36978,1968.0,141.0,5.0,4456.0,1796.0,1416.0,50.0,audi,a3 35 tdi premium plus,diesel,individual,automatic,second,chandigarh,blue,fwd,2590000
2016,33000,2179.0,138.0,7.0,4585.0,1890.0,1785.0,70.0,mahindra,xuv500 w8 awd [2015-2017],diesel,individual,manual,first,rudrapur,white,awd,1000000
2012,18954,1086.0,68.0,5.0,3585.0,1595.0,1550.0,35.0,hyundai,i10 1.1l irde era special edition,petrol,individual,manual,first,patna,white,fwd,254999
2015,58200,1591.0,121.0,5.0,4370.0,1700.0,1475.0,43.0,hyundai,verna fluidic 1.6 vtvt sx at,petrol,individual,automatic,first,navi mumbai,silver,fwd,598000
2018,83000,1493.0,70.0,7.0,3995.0,1745.0,1880.0,,mahindra,bolero power plus zlx [2016-2019],diesel,individual,manual,first,jalandhar,white,rwd,850000
2016,80000,1396.0,89.0,5.0,3985.0,1734.0,1505.0,40.0,hyundai,elite i20 asta 1.4 (o) crdi,diesel,individual,manual,second,ambala cantt,white,fwd,560000
2011,75000,1968.0,177.0,5.0,4701.0,1826.0,1427.0,63.0,audi,a4 2.0 tdi (177bhp) premium,diesel,individual,automatic,first,lucknow,silver,fwd,975000
2017,64000,1968.0,141.0,5.0,4456.0,1796.0,1416.0,50.0,audi,a3 35 tdi premium,diesel,individual,automatic,first,chennai,blue,fwd,2600000
2016,117048,1598.0,105.0,5.0,4386.0,1699.0,1466.0,55.0,skoda,rapid ambition 1.6 tdi cr mt,diesel,individual,manual,first,hyderabad,silver,fwd,745000
2017,47000,1197.0,81.0,5.0,3765.0,1660.0,1520.0,43.0,hyundai,grand i10 asta 1.2 kappa vtvt,petrol,individual,manual,first,delhi,silver,fwd,495000
2018,43290,1798.0,178.0,5.0,4456.0,1796.0,1416.0,50.0,audi,a3 40 tfsi premium plus + sunroof,petrol,individual,automatic,first,pune,blue,fwd,2450000
2013,70000,,,,,,,,honda,brio e mt,petrol,individual,manual,first,dehradun,grey,,250000
2016,7000,2143.0,168.0,5.0,4686.0,1810.0,1442.0,66.0,mercedes-benz,c-class c 220 cdi avantgarde,diesel,individual,automatic,first,delhi,white,rwd,2850000
2016,150000,2179.0,120.0,8.0,4456.0,1820.0,1995.0,60.0,mahindra,scorpio s10,diesel,individual,manual,first,lucknow,white,rwd,925000
2013,125000,2982.0,169.0,7.0,4705.0,1840.0,1850.0,80.0,toyota,fortuner 3.0 4x2 at,diesel,individual,automatic,first,delhi,white,rwd,1075000
2019,42079,2987.0,255.0,5.0,5063.0,1860.0,1494.0,80.0,mercedes-benz,e-class e 350 d exclusive [2017-2019],diesel,individual,automatic,first,pune,silver,rwd,6225000
2015,62645,,,,,,,,jaguar,xf 3.0 v6 premium luxury,diesel,individual,automatic,first,hyderabad,bronze,,2650000
2014,69000,1968.0,177.0,5.0,4915.0,1874.0,1455.0,65.0,audi,a6 2.0 tdi premium,diesel,individual,automatic,first,mohali,blue,fwd,1500000
2011,70662,,,,,,,,jaguar,xf r 5.0 v8 supercharged,petrol,individual,automatic,second,pune,grey,,2800000
2011,40000,2835.0,118.0,5.0,4755.0,1775.0,1900.0,92.0,mitsubishi,pajero sfx 2.8,diesel,individual,manual,second,mirzapur,white,awd,625000
2011,101347,1496.0,90.0,5.0,4265.0,1695.0,1510.0,45.0,toyota,etios g,petrol,individual,manual,third,pune,red,fwd,325000
2021,36700,1497.0,121.0,8.0,4585.0,1866.0,1774.0,45.0,mahindra,marazzo m6 plus 8 str,diesel,individual,manual,first,chennai,white,fwd,1485000
2012,240000,2967.0,245.0,5.0,4915.0,1874.0,1455.0,75.0,audi,a6 3.0 tdi quattro premium,diesel,individual,automatic,first,lucknow,white,awd,1650000
2014,76529,1968.0,141.0,5.0,4456.0,1796.0,1416.0,50.0,audi,a3 35 tdi premium,diesel,individual,automatic,first,pune,blue,fwd,1800000
2014,85000,2494.0,100.0,7.0,4585.0,1760.0,1760.0,55.0,toyota,innova 2.5 vx 7 str bs-iii,diesel,individual,manual,second,bangalore,silver,rwd,1290000
2016,99000,1461.0,84.0,5.0,4331.0,1822.0,1671.0,50.0,nissan,terrano xl d plus,diesel,individual,manual,first,chennai,white,fwd,600000
2014,37959,1197.0,79.0,5.0,3765.0,1660.0,1520.0,43.0,hyundai,grand i10 asta at 1.2 kappa vtvt [2013-2016],petrol,individual,automatic,second,delhi,white,fwd,436000
2021,60000,2755.0,174.0,7.0,4795.0,1855.0,1835.0,80.0,toyota,fortuner 2.8 4x4 at [2016-2020],diesel,individual,automatic,first,chandigarh,white,awd,4300000
2017,27000,1198.0,67.0,5.0,3785.0,1635.0,1485.0,35.0,datsun,go t (o),petrol,individual,manual,first,lucknow,silver,fwd,270000
2011,75000,1991.0,150.0,5.0,4597.0,1788.0,1477.0,60.0,chevrolet,cruze ltz,diesel,individual,manual,second,kanpur,purple,,320000
2022,1300,1353.0,138.0,5.0,4300.0,1790.0,1635.0,50.0,hyundai,creta sx 1.4 turbo 7 dct,petrol,individual,automatic,first,delhi,black,fwd,1911000
2020,21696,2993.0,262.0,5.0,4922.0,2004.0,1745.0,80.0,bmw,x5 xdrive30d xline,diesel,individual,automatic,first,mumbai,blue,awd,8600000
2019,33000,1950.0,192.0,5.0,4686.0,1810.0,1442.0,66.0,mercedes-benz,c-class c 220d progressive [2018-2019],diesel,individual,automatic,first,delhi,beige,rwd,3900000
2016,6000,1984.0,150.0,5.0,4370.0,1783.0,1458.0,60.0,volvo,v40 d3 r-design,diesel,individual,automatic,first,mumbai,red,fwd,2000000
2019,19000,1086.0,68.0,5.0,3610.0,1645.0,1560.0,35.0,hyundai,santro sportz amt [2018-2020],petrol,individual,automatic,first,kolkata,gold,fwd,465000
2019,58618,1497.0,117.0,5.0,4440.0,1695.0,1495.0,40.0,honda,city v,petrol,individual,manual,first,pune,grey,fwd,875000
2017,10500,1998.0,189.0,4.0,3850.0,1727.0,1414.0,44.0,mini,cooper s,petrol,individual,automatic,first,mumbai,black,,3200000
2019,85641,1493.0,100.0,7.0,3995.0,1835.0,1839.0,60.0,mahindra,tuv300 t6 plus,diesel,commercial registration,manual,first,bhopal,white,rwd,850000
2020,41669,999.0,67.0,5.0,3679.0,1579.0,1478.0,28.0,renault,kwid 1.0 rxt amt opt,petrol,individual,automatic,first,zirakpur,others,fwd,426999
2022,10000,1950.0,241.0,5.0,4924.0,2157.0,1772.0,93.0,mercedes-benz,gle 300d 4matic lwb,diesel,individual,automatic,first,delhi,blue,awd,9200000
2018,36000,1582.0,126.0,5.0,4270.0,1780.0,1630.0,60.0,hyundai,creta 1.6 sx,diesel,individual,manual,first,patna,grey,fwd,1035000
2018,31000,1197.0,89.0,5.0,3995.0,1735.0,1515.0,37.0,maruti suzuki,dzire zxi,petrol,individual,manual,first,mumbai,grey,fwd,695000
2020,37180,1995.0,184.0,5.0,4454.0,2044.0,1545.0,63.0,bmw,x1 sdrive20d xline,diesel,individual,automatic,first,bangalore,white,rwd,3675000
2021,14000,2184.0,130.0,4.0,3985.0,1820.0,1844.0,57.0,mahindra,thar lx 4-str hard top diesel at,diesel,individual,automatic,first,yamunanagar,black,awd,1700000
2018,53512,1199.0,84.0,5.0,3746.0,1647.0,1535.0,35.0,tata,tiago revotron xz,petrol,individual,manual,second,hyderabad,orange,fwd,449000
2022,4600,2148.0,170.0,5.0,4596.0,1770.0,1447.0,66.0,mercedes-benz,c-class 220 cdi at,diesel,individual,automatic,unregistered car,bangalore,white,rwd,5400000
2021,40000,1996.0,215.0,6.0,4985.0,1926.0,1867.0,75.0,mg,gloster sharp 6 str 2.0 twin turbo 4wd,diesel,individual,automatic,first,delhi,silver,awd,3950000
2015,65000,1396.0,89.0,5.0,3985.0,1734.0,1505.0,45.0,hyundai,elite i20 sportz 1.4,diesel,individual,manual,second,ludhiana,white,fwd,565000
2019,32963,1995.0,184.0,5.0,4454.0,2044.0,1545.0,63.0,bmw,x1 sdrive20d xline,diesel,individual,automatic,first,bangalore,black,rwd,3775000
2012,101000,2143.0,231.0,5.0,4868.0,1854.0,1470.0,80.0,mercedes-benz,e-class e220 cdi blue efficiency,diesel,individual,automatic,second,surat,brown,rwd,1275000
2018,14000,999.0,67.0,5.0,3679.0,1579.0,1478.0,28.0,renault,kwid 1.0 rxt edition,petrol,individual,manual,first,mumbai,green,fwd,375000
2018,50500,1248.0,89.0,5.0,3995.0,1790.0,1640.0,48.0,maruti suzuki,vitara brezza zdi,diesel,individual,manual,first,dharwad,blue,fwd,949000
2019,80849,1248.0,74.0,5.0,3840.0,1735.0,1530.0,37.0,maruti suzuki,swift zdi plus,diesel,individual,manual,first,hyderabad,white,fwd,775000
2014,19868,1968.0,177.0,5.0,4915.0,1874.0,1455.0,65.0,audi,a6 2.0 tdi premium plus,diesel,individual,automatic,first,delhi,white,fwd,1800000
2016,45000,1497.0,117.0,5.0,4440.0,1695.0,1495.0,40.0,honda,city vx cvt,petrol,individual,automatic,first,mumbai,white,fwd,825000
2019,30858,1086.0,68.0,5.0,3610.0,1645.0,1560.0,35.0,hyundai,santro magna [2018-2020],petrol,individual,manual,first,hyderabad,silver,fwd,509999
2018,56500,2179.0,140.0,7.0,4456.0,1820.0,1995.0,60.0,mahindra,scorpio s11 2wd 7 str,diesel,individual,manual,first,lucknow,black,rwd,1350000
2020,37003,1197.0,81.0,5.0,3765.0,1660.0,1520.0,43.0,hyundai,grand i10 sportz 1.2 kappa vtvt [2016-2017],petrol,individual,manual,first,bangalore,grey,fwd,650000
2021,11000,1498.0,99.0,5.0,4440.0,1695.0,1495.0,40.0,honda,city zx diesel,diesel,individual,manual,first,lucknow,white,fwd,1490000
2016,53000,1197.0,83.0,5.0,3995.0,1745.0,1500.0,37.0,maruti suzuki,baleno sigma 1.2,petrol,individual,manual,first,jalandhar,white,fwd,545000
2018,75000,1995.0,188.0,5.0,4633.0,1811.0,1429.0,57.0,bmw,3-series 320d luxury line,diesel,individual,automatic,first,coimbatore,white,rwd,2950000
2010,120000,2987.0,231.0,5.0,4868.0,1854.0,1471.0,80.0,mercedes-benz,e-class e350 cdi avantgarde,diesel,individual,automatic,first,pune,silver,rwd,1150000
2013,44087,1968.0,174.0,5.0,4385.0,1831.0,1608.0,64.0,audi,q3 2.0 tdi quattro premium,diesel,individual,automatic,first,mumbai,white,awd,1850000
2016,39000,2993.0,258.0,7.0,4886.0,1938.0,1762.0,,bmw,x5 xdrive 30d,diesel,individual,automatic,first,mumbai,white,awd,3995000
2014,59000,2143.0,204.0,5.0,4879.0,1854.0,1474.0,80.0,mercedes-benz,e-class e250 cdi avantgarde,diesel,individual,automatic,first,delhi,brown,rwd,1750000
2017,45000,2967.0,245.0,7.0,5052.0,1968.0,1740.0,75.0,audi,q7 45 tdi premium plus,diesel,individual,automatic,first,mumbai,white,awd,5500000
2013,92000,1461.0,85.0,5.0,4425.0,1695.0,1505.0,41.0,nissan,sunny xv diesel,diesel,individual,manual,second,lucknow,grey,fwd,360000
2019,48422,1497.0,121.0,5.0,3998.0,1765.0,1647.0,52.0,ford,ecosport titanium 1.5l ti-vct,petrol,individual,manual,first,kolkata,blue,fwd,625000
2019,29000,1995.0,188.0,5.0,4633.0,1811.0,1429.0,57.0,bmw,3-series 320d luxury line,diesel,individual,automatic,first,delhi,blue,rwd,4150000
2021,37500,2184.0,130.0,4.0,3985.0,1820.0,1844.0,57.0,mahindra,thar lx 4-str hard top diesel mt,diesel,individual,manual,first,dehradun,brown,awd,1698999
2018,62000,1197.0,83.0,5.0,3995.0,1745.0,1500.0,37.0,maruti suzuki,baleno delta 1.2,petrol,individual,manual,second,faridabad,silver,fwd,484999
2020,17000,1395.0,148.0,5.0,4726.0,1842.0,1427.0,54.0,audi,a4 30 tfsi premium plus,petrol,individual,automatic,first,pune,white,fwd,4250000
2017,76642,1373.0,94.0,7.0,4296.0,1695.0,1685.0,45.0,maruti suzuki,ertiga vxi cng,cng,individual,manual,first,mumbai,silver,fwd,800000
2019,44000,1591.0,122.0,5.0,4270.0,1780.0,1665.0,55.0,hyundai,creta sx 1.6 (o) petrol,petrol,individual,manual,first,delhi,grey,fwd,1275000
2018,20000,1988.0,295.0,2.0,4379.0,1801.0,1281.0,54.0,porsche,718 boxster,petrol,individual,automatic,first,delhi,yellow,rwd,9500000
2013,102000,1995.0,188.0,5.0,4633.0,1811.0,1429.0,57.0,bmw,3-series 320d luxury line,diesel,individual,automatic,second,bangalore,white,rwd,1375000
2022,9000,1493.0,113.0,5.0,4300.0,1790.0,1635.0,50.0,hyundai,creta sx 1.5 diesel [2020-2022],diesel,individual,manual,first,raipur,black,fwd,1700000
2013,135000,2179.0,140.0,7.0,4585.0,1890.0,1785.0,70.0,mahindra,xuv500 w6 2013,diesel,individual,manual,first,varanasi,black,fwd,500000
2020,14500,1950.0,192.0,5.0,4658.0,1890.0,1644.0,66.0,mercedes-benz,glc 220d 4matic progressive [2019-2021],diesel,individual,automatic,first,pune,silver,awd,6800000
2019,31552,1197.0,82.0,5.0,3995.0,1735.0,1515.0,37.0,maruti suzuki,dzire vxi amt,petrol,individual,automatic,first,mumbai,brown,fwd,715000
2016,70000,998.0,67.0,5.0,3636.0,1475.0,1670.0,35.0,maruti suzuki,wagon r vxi+ amt,petrol,individual,automatic,first,ahmedabad,grey,fwd,380000
2016,35134,1198.0,87.0,5.0,3610.0,1680.0,1500.0,35.0,honda,brio e mt,petrol,individual,manual,first,delhi,silver,fwd,375000
2016,45000,2993.0,289.0,5.0,4879.0,2073.0,1780.0,77.0,land rover,range rover sport sdv6 se,diesel,individual,automatic,third,bangalore,white,awd,7200000
2020,18000,1950.0,241.0,5.0,4924.0,2157.0,1772.0,93.0,mercedes-benz,gle 300d 4matic lwb,diesel,individual,automatic,first,delhi,bronze,awd,8190000
2018,8000,1197.0,82.0,5.0,3840.0,1735.0,1530.0,37.0,maruti suzuki,swift zxi amt [2018-2019],petrol,individual,automatic,first,mumbai,blue,fwd,695000
2016,62125,1582.0,126.0,5.0,4270.0,1780.0,1630.0,60.0,hyundai,creta 1.6 sx (o),diesel,individual,manual,first,patna,white,fwd,875000
2016,78000,1999.0,177.0,7.0,4600.0,2069.0,1690.0,65.0,land rover,discovery sport hse luxury,diesel,individual,automatic,first,pune,red,awd,3500000
2018,64300,1197.0,82.0,5.0,3995.0,1760.0,1555.0,40.0,hyundai,i20 active 1.2 sx,petrol,individual,manual,first,pune,brown,fwd,685000
2021,28000,1956.0,168.0,7.0,4661.0,1894.0,1786.0,50.0,tata,safari xz plus,diesel,individual,manual,first,gorakhpur,white,fwd,1875000
2017,28600,1798.0,177.0,5.0,4659.0,1814.0,1476.0,50.0,skoda,octavia 1.8 tsi ambition plus at,petrol,individual,automatic,first,mumbai,grey,fwd,1685000
2015,69500,1968.0,190.0,5.0,4933.0,1874.0,1455.0,75.0,audi,a6 35 tdi matrix,diesel,individual,automatic,second,chandigarh,white,fwd,2550000
2017,70000,1582.0,126.0,5.0,4270.0,1780.0,1630.0,60.0,hyundai,creta sx 1.6 crdi,diesel,individual,manual,first,kanpur,white,fwd,869999
2018,24000,2498.0,105.0,6.0,3920.0,1726.0,1930.0,60.0,mahindra,thar crde 4x4 ac,diesel,individual,manual,first,mumbai,white,awd,875000
2012,69500,1968.0,174.0,5.0,4385.0,1831.0,1608.0,64.0,audi,q3 2.0 tdi quattro premium,diesel,individual,automatic,first,ahmedabad,blue,awd,1390000
2019,25500,1248.0,89.0,5.0,3995.0,1790.0,1640.0,48.0,maruti suzuki,vitara brezza vdi (o) [2016-2018],diesel,individual,manual,first,lucknow,silver,fwd,825000
2017,20000,1373.0,91.0,5.0,4490.0,1730.0,1485.0,43.0,maruti suzuki,ciaz zeta 1.4 at,petrol,individual,automatic,first,mumbai,blue,fwd,785000
2016,55000,2143.0,134.0,5.0,4417.0,1804.0,1494.0,50.0,mercedes-benz,gla 200 cdi sport,diesel,individual,automatic,second,mumbai,white,fwd,2145000
2021,8640,1196.0,73.0,5.0,3675.0,1475.0,1800.0,40.0,maruti suzuki,eeco 5 str with htr cng [2018-2019],cng,individual,manual,first,bhopal,white,rwd,590000
2013,80500,,,,,,,,hyundai,i20 sportz 1.2 (o),petrol,individual,manual,first,ambala cantt,white,,335000
2013,65000,2995.0,335.0,5.0,5247.0,2110.0,1448.0,83.0,jaguar,xj 3.0 petrol,petrol,individual,automatic,second,mumbai,white,rwd,2550000
2019,5750,1950.0,192.0,5.0,5063.0,1860.0,1494.0,80.0,mercedes-benz,e-class e 220 d avantgarde,diesel,individual,automatic,first,bangalore,white,rwd,6500000
2015,50000,1198.0,74.0,5.0,3971.0,1682.0,1469.0,45.0,volkswagen,polo highline1.2l (p),petrol,individual,manual,first,delhi,white,fwd,490000
2017,28000,2993.0,262.0,4.0,5219.0,1902.0,1481.0,78.0,bmw,7-series 730ld dpe,diesel,individual,automatic,first,delhi,white,rwd,5950000
2011,75431,,,,,,,,hyundai,i20 magna 1.2,petrol,individual,manual,first,mumbai,grey,,250000
2017,43000,999.0,67.0,5.0,3679.0,1579.0,1478.0,28.0,renault,kwid 1.0 rxt [2016-2019],petrol,individual,manual,unregistered car,hyderabad,grey,fwd,420000
2019,44876,1995.0,182.0,5.0,4475.0,1850.0,1660.0,62.0,hyundai,tucson gl 2wd at diesel,diesel,individual,automatic,first,bangalore,white,fwd,2395000
2013,95610,1336.0,89.0,5.0,3995.0,1710.0,1505.0,45.0,hyundai,i20 sportz 1.4 crdi,diesel,individual,manual,second,rudrapur,white,fwd,360000
2013,51000,1461.0,85.0,5.0,4425.0,1695.0,1505.0,41.0,nissan,sunny xv diesel,diesel,individual,manual,first,zirakpur,grey,fwd,325000
2013,110000,2179.0,190.0,5.0,4355.0,2120.0,1635.0,57.0,land rover,evoque dynamic sd4,diesel,individual,automatic,second,chennai,red,awd,2300000
2014,53693,1373.0,82.0,7.0,4265.0,1695.0,1685.0,60.0,maruti suzuki,ertiga vxi cng,cng,individual,manual,first,mumbai,others,fwd,642000
2018,70000,814.0,55.0,5.0,3495.0,1550.0,1500.0,32.0,hyundai,eon era +,petrol,individual,manual,first,kheda,white,fwd,290000
2014,57000,1197.0,81.0,5.0,3765.0,1660.0,1520.0,43.0,hyundai,grand i10 asta 1.2 kappa vtvt [2013-2016],petrol,individual,manual,first,delhi,grey,fwd,390000
2014,63000,1798.0,138.0,5.0,4540.0,1760.0,1480.0,55.0,toyota,corolla altis 1.8 g at,petrol,individual,automatic,first,delhi,grey,fwd,890000
2002,65494,,,,,,,,honda,city 1.5 exi,petrol,individual,manual,first,ranchi,beige,,100000
2016,53807,1197.0,83.0,5.0,3850.0,1695.0,1530.0,42.0,maruti suzuki,swift lxi,petrol,individual,manual,first,gurgaon,white,fwd,440000
2018,46000,1373.0,91.0,5.0,4490.0,1730.0,1485.0,43.0,maruti suzuki,ciaz delta 1.4 mt,petrol,individual,manual,first,noida,white,fwd,721000
2018,67546,1798.0,177.0,5.0,4670.0,1814.0,1476.0,50.0,skoda,octavia 1.8 tsi l&k,petrol,individual,automatic,second,ludhiana,others,fwd,1515000
2021,14500,1997.0,245.0,7.0,4600.0,2069.0,1724.0,70.0,land rover,discovery sport se r-dynamic petrol,petrol,individual,automatic,first,delhi,white,awd,7000000
2018,37100,1497.0,117.0,5.0,4440.0,1695.0,1495.0,40.0,honda,city v,petrol,individual,manual,first,mysore,grey,fwd,949000
2019,30000,1950.0,192.0,5.0,5063.0,1860.0,1494.0,80.0,mercedes-benz,e-class e 220d exclusive [2019-2019],diesel,individual,automatic,first,gurgaon,white,rwd,5500000
2018,89059,799.0,53.0,5.0,3679.0,1579.0,1478.0,28.0,renault,kwid rxt [2015-2019],petrol,individual,manual,first,zirakpur,others,fwd,319000
2013,77000,1248.0,89.0,7.0,4265.0,1695.0,1685.0,45.0,maruti suzuki,ertiga vdi,diesel,individual,manual,second,ludhiana,white,fwd,459999
2018,42000,1984.0,150.0,5.0,4370.0,1783.0,1458.0,60.0,volvo,v40 d3 r-design,diesel,individual,automatic,first,raipur,red,fwd,2100000
2017,58146,1197.0,83.0,5.0,3995.0,1745.0,1500.0,37.0,maruti suzuki,baleno delta 1.2,petrol,individual,manual,first,bangalore,red,fwd,685000
2020,13000,1998.0,189.0,4.0,3850.0,1727.0,1414.0,44.0,mini,cooper s,petrol,individual,automatic,first,delhi,black,,3900000
2013,75000,1364.0,68.0,5.0,4265.0,1695.0,1510.0,45.0,toyota,etios gd,diesel,individual,manual,second,kanpur,silver,fwd,300000
2016,20500,,,,,,,,porsche,panamera 3.0 diesel,diesel,corporate,automatic,first,delhi,white,,6350000
2018,50500,2143.0,201.0,5.0,4819.0,2141.0,1796.0,93.0,mercedes-benz,gle 250 d,diesel,individual,automatic,third,dehradun,white,awd,5400000
2022,3826,1950.0,147.0,5.0,4549.0,1796.0,1446.0,43.0,mercedes-benz,a-class sedan 200d,diesel,individual,automatic,unregistered car,ahmedabad,white,fwd,4100000
2019,53000,2987.0,255.0,7.0,5130.0,1934.0,1850.0,100.0,mercedes-benz,gls 350 d,diesel,individual,automatic,first,dehradun,white,awd,6875000
2018,37000,1591.0,122.0,5.0,4270.0,1780.0,1665.0,55.0,hyundai,creta sx 1.6 (o) petrol,petrol,individual,manual,second,delhi,black,fwd,1115000
2017,38000,1497.0,117.0,5.0,4440.0,1695.0,1495.0,40.0,honda,city v cvt petrol [2017-2019],petrol,individual,automatic,second,ahmedabad,grey,fwd,761000
2021,8499,1197.0,83.0,5.0,3995.0,1745.0,1500.0,37.0,maruti suzuki,baleno zeta 1.2,petrol,individual,manual,first,thane,yellow,fwd,825000
2016,61181,1396.0,89.0,5.0,3985.0,1734.0,1505.0,45.0,hyundai,elite i20 magna 1.4 crdi [2016-2017],diesel,individual,manual,first,jaipur,white,fwd,650000
2017,45000,1199.0,89.0,5.0,3955.0,1694.0,1544.0,40.0,honda,jazz v petrol,petrol,individual,manual,first,delhi,grey,fwd,565000
2007,102000,3498.0,272.0,5.0,5076.0,1871.0,1473.0,90.0,mercedes-benz,s-class 350,petrol,individual,automatic,first,pune,silver,rwd,750000
2021,9232,1197.0,82.0,5.0,3805.0,1680.0,1520.0,37.0,hyundai,grand i10 nios sportz amt 1.2 kappa vtvt,petrol,individual,automatic,first,mumbai,blue,fwd,685000
2008,72542,1061.0,64.0,5.0,3495.0,1495.0,1595.0,35.0,maruti suzuki,estilo vxi,petrol,individual,manual,first,mirzapur,pink,,135000
2018,42601,1197.0,82.0,5.0,3985.0,1734.0,1505.0,45.0,hyundai,elite i20 magna executive 1.2,petrol,individual,manual,first,udupi,blue,fwd,609000
2009,90000,2179.0,120.0,8.0,4430.0,1817.0,1975.0,60.0,mahindra,scorpio lx bs-iii,diesel,individual,manual,second,lucknow,green,rwd,365000
2016,65000,2967.0,245.0,7.0,5052.0,1968.0,1740.0,75.0,audi,q7 45 tdi premium plus,diesel,individual,automatic,first,pune,blue,awd,5175000
2018,40000,2755.0,172.0,7.0,4735.0,1830.0,1795.0,55.0,toyota,innova 2.8 zx at 7 str [2016-2020],diesel,individual,automatic,first,ludhiana,bronze,rwd,2175000
2013,106223,2696.0,184.0,7.0,4755.0,1900.0,1785.0,78.0,ssangyong,rexton rx7,diesel,individual,automatic,second,ahmedabad,white,awd,675000
2009,115000,2993.0,218.0,5.0,4854.0,1933.0,1776.0,85.0,bmw,x5 3.0d,diesel,individual,automatic,second,coimbatore,green,awd,1400000
2016,50000,1198.0,87.0,5.0,3990.0,1680.0,1505.0,35.0,honda,amaze 1.2 s i-vtec opt,petrol,individual,manual,first,guwahati,white,fwd,480000
2020,30000,1995.0,188.0,5.0,4936.0,1868.0,1479.0,65.0,bmw,5-series 520d luxury line [2017-2019],diesel,individual,automatic,first,mumbai,black,rwd,5800000
2018,39850,2967.0,245.0,7.0,5052.0,1968.0,1740.0,75.0,audi,q7 45 tdi technology pack,diesel,individual,automatic,first,surat,blue,awd,6700000
2014,80000,1582.0,126.0,5.0,4530.0,1775.0,1470.0,56.0,hyundai,elantra 1.6 sx at,diesel,individual,automatic,first,delhi,white,fwd,625000
2017,96095,2999.0,174.0,7.0,4825.0,1860.0,1840.0,65.0,isuzu,mu-x 4x2,diesel,individual,automatic,first,thane,silver,rwd,1791000
2018,12768,1196.0,73.0,5.0,3675.0,1475.0,1800.0,40.0,maruti suzuki,eeco 5 str with a/c+htr [2019-2020],petrol,individual,manual,first,ahmedabad,white,rwd,422000
2021,12321,1984.0,188.0,5.0,4762.0,1847.0,1433.0,54.0,audi,a4 premium plus 40 tfsi,petrol,individual,automatic,unregistered car,delhi,black,fwd,4200000
2018,65100,1798.0,138.0,5.0,4620.0,1775.0,1475.0,55.0,toyota,corolla altis vl at petrol,petrol,corporate,automatic,first,thane,beige,fwd,1295000
2017,30000,1197.0,81.0,5.0,3765.0,1660.0,1520.0,43.0,hyundai,grand i10 asta 1.2 kappa vtvt (o) [2013-2017],petrol,individual,manual,first,delhi,orange,fwd,495000
2019,12000,1199.0,84.0,5.0,3746.0,1647.0,1535.0,35.0,tata,tiago revotron xta [2017-2019],petrol,individual,automatic,first,mumbai,silver,fwd,585000
2019,33000,1950.0,192.0,5.0,4686.0,1810.0,1442.0,66.0,mercedes-benz,c-class c 220d progressive [2018-2019],diesel,individual,automatic,first,mumbai,white,rwd,3950000
2021,13000,1950.0,192.0,5.0,5063.0,1860.0,1494.0,80.0,mercedes-benz,e-class e 220d exclusive [2019-2019],diesel,individual,automatic,first,delhi,black,rwd,7475000
2013,57000,1598.0,103.0,5.0,4386.0,1699.0,1466.0,55.0,skoda,rapid elegance 1.6 mpi at,petrol,individual,automatic,second,delhi,white,fwd,425000
2011,61000,1995.0,217.0,5.0,4899.0,2094.0,1464.0,,bmw,5-series 525d sedan,diesel,individual,automatic,third,mohali,silver,rwd,975000
2017,48000,1950.0,192.0,5.0,5063.0,1860.0,1494.0,80.0,mercedes-benz,e-class e 220d expression [2019-2019],diesel,individual,automatic,second,chennai,black,rwd,4150000
2012,118000,2967.0,241.0,7.0,5089.0,1983.0,1737.0,100.0,audi,q7 35 tdi premium plus + sunroof,diesel,individual,automatic,first,bangalore,black,awd,2475000
2017,44000,1995.0,188.0,5.0,4936.0,1868.0,1479.0,57.0,bmw,5-series 520d sport line,diesel,individual,automatic,second,mumbai,white,rwd,2990000
2015,59000,2993.0,258.0,7.0,4886.0,1938.0,1762.0,,bmw,x5 xdrive 30d,diesel,individual,automatic,first,chandigarh,bronze,awd,3550000
2013,99000,1461.0,84.0,5.0,4315.0,1822.0,1695.0,50.0,renault,duster 85 ps rxl diesel,diesel,individual,manual,second,faridabad,white,fwd,280000
2009,75000,3498.0,272.0,5.0,5076.0,1871.0,1473.0,90.0,mercedes-benz,s-class 350,petrol,individual,automatic,second,chennai,red,rwd,1500000
2019,79000,2993.0,265.0,5.0,5091.0,1902.0,1538.0,68.0,bmw,6-series gt 630d luxury line [2018-2019],diesel,individual,automatic,first,pune,blue,rwd,5100000
2010,114000,2982.0,171.0,7.0,4695.0,1840.0,1850.0,80.0,toyota,fortuner 3.0 mt,diesel,individual,manual,second,lucknow,black,awd,825000
2014,82000,998.0,58.0,5.0,3599.0,1495.0,1700.0,35.0,maruti suzuki,wagon r lxi cng (o),cng,individual,manual,first,lucknow,white,fwd,310000
2016,80000,1199.0,89.0,5.0,3955.0,1694.0,1544.0,40.0,honda,jazz v at petrol,petrol,individual,automatic,first,delhi,grey,fwd,595000
2014,65000,,,,,,,,toyota,commuter hiace 3.0 l,diesel,individual,automatic,first,ludhiana,white,,3100000
2017,57000,1956.0,171.0,5.0,4395.0,1818.0,1640.0,60.0,jeep,compass limited 2.0 diesel [2017-2020],diesel,individual,manual,first,mumbai,white,fwd,1240000
2018,26807,1196.0,73.0,5.0,3675.0,1475.0,1800.0,40.0,maruti suzuki,eeco 5 str with a/c+htr [2019-2020],petrol,individual,manual,second,mumbai,black,rwd,328000
2018,23000,1197.0,82.0,5.0,3985.0,1734.0,1505.0,40.0,hyundai,elite i20 sportz 1.2,petrol,individual,manual,first,delhi,red,fwd,625000
2015,112000,1248.0,74.0,5.0,3850.0,1695.0,1530.0,42.0,maruti suzuki,swift vdi,diesel,individual,manual,first,gurgaon,white,fwd,409999
2022,5000,,,,,,,,maruti suzuki,baleno alpha (o) 1.2,petrol,individual,manual,first,delhi,white,,975000
2015,70000,1197.0,85.0,5.0,3995.0,1695.0,1555.0,42.0,maruti suzuki,swift dzire zxi,petrol,individual,manual,first,mohali,silver,fwd,545000
2019,53929,999.0,75.0,5.0,3971.0,1682.0,1469.0,45.0,volkswagen,polo trendline 1.0l (p),petrol,individual,manual,first,bangalore,red,fwd,699000
2014,49580,998.0,67.0,5.0,3600.0,1600.0,1560.0,35.0,maruti suzuki,celerio lxi,petrol,individual,manual,first,coimbatore,white,fwd,390000
2014,85000,1364.0,87.0,5.0,4620.0,1775.0,1475.0,50.0,toyota,corolla altis gl,diesel,individual,manual,second,kanpur,white,fwd,680000
2015,61000,1248.0,89.0,5.0,4490.0,1730.0,1485.0,43.0,maruti suzuki,ciaz zdi shvs,diesel,individual,manual,first,allahabad,white,fwd,625000
2012,35000,998.0,46.0,5.0,3595.0,1475.0,1700.0,28.0,maruti suzuki,wagon r lxi lpg,lpg,individual,manual,second,varanasi,green,fwd,235000
2016,42000,2523.0,75.0,8.0,4456.0,1820.0,1930.0,60.0,mahindra,scorpio s2,diesel,individual,manual,first,patna,white,rwd,951000
2011,69000,1497.0,118.0,5.0,4420.0,1695.0,1480.0,42.0,honda,city 1.5 v at,petrol,individual,automatic,second,bangalore,black,fwd,550000
2017,70000,1368.0,160.0,5.0,4395.0,1818.0,1640.0,60.0,jeep,compass limited 1.4 petrol at [2017-2020],petrol,individual,automatic,first,chennai,blue,fwd,1350000
2013,15780,1197.0,79.0,5.0,3585.0,1595.0,1550.0,35.0,hyundai,i10 magna 1.2 kappa2,petrol,individual,manual,first,thane,red,fwd,325000
2012,40031,,,,,,,,audi,a4 2.0 tdi (143 bhp),diesel,individual,automatic,second,pune,blue,,1150000
2015,46000,2967.0,241.0,7.0,5089.0,1983.0,1737.0,100.0,audi,q7 35 tdi premium + sunroof,diesel,individual,automatic,first,delhi,black,awd,2600000
2016,50800,1373.0,91.0,5.0,4490.0,1730.0,1485.0,43.0,maruti suzuki,ciaz zxi+,petrol,individual,manual,first,lucknow,white,fwd,640000
2021,3000,,,5.0,3993.0,1677.0,1532.0,,tata,tigor ev xz plus,electric,individual,automatic,first,hyderabad,green,fwd,1250000
2011,95000,1794.0,132.0,5.0,4540.0,1760.0,1480.0,55.0,toyota,corolla altis 1.8 vl at,petrol,individual,automatic,first,mumbai,white,fwd,450000
2010,112000,1995.0,177.0,5.0,4841.0,1846.0,1468.0,70.0,bmw,5-series 520d sedan,diesel,individual,automatic,second,pune,blue,rwd,750000
2020,36000,1984.0,241.0,5.0,4939.0,1886.0,1457.0,73.0,audi,a6 technology 45 tfsi,petrol,individual,automatic,first,chennai,grey,fwd,5300000
2019,3500,1969.0,235.0,5.0,4688.0,1902.0,1658.0,71.0,volvo,xc60 inscription [2017-2020],diesel,individual,automatic,first,ludhiana,white,awd,5800000
2018,30000,1248.0,89.0,5.0,3995.0,1790.0,1640.0,48.0,maruti suzuki,vitara brezza zdi,diesel,individual,manual,first,patna,silver,fwd,801000
2009,107879,,,,,,,,volkswagen,jetta 1.9l tdi,diesel,individual,manual,second,pune,white,,310000
2017,19000,1997.0,120.0,8.0,4456.0,1820.0,1995.0,60.0,mahindra,scorpio s6 plus 1.99 [2016-2017],diesel,individual,manual,first,delhi,white,rwd,1090000
2014,31100,998.0,67.0,5.0,3620.0,1475.0,1460.0,35.0,maruti suzuki,alto vxi,petrol,individual,manual,second,jamshedpur,maroon,fwd,245000
2014,65000,1198.0,87.0,5.0,3990.0,1680.0,1505.0,35.0,honda,amaze 1.2 s i-vtec,petrol,individual,manual,second,coimbatore,silver,fwd,475000
2017,49000,2755.0,174.0,7.0,4795.0,1855.0,1835.0,80.0,toyota,fortuner 2.8 4x4 at [2016-2020],diesel,individual,automatic,second,delhi,white,awd,2800000
2022,5000,,,5.0,3993.0,1811.0,1606.0,,tata,nexon ev xz plus,electric,individual,automatic,first,mumbai,blue,fwd,1450000
2020,11000,1968.0,141.0,5.0,4456.0,1796.0,1416.0,50.0,audi,a3 35 tdi premium,diesel,individual,automatic,first,pune,white,fwd,2950000
2019,28000,1197.0,81.0,5.0,3765.0,1660.0,1520.0,43.0,hyundai,grand i10 magna 1.2 kappa vtvt [2013-2016],petrol,individual,manual,first,kharar,white,fwd,545000
2021,9400,1996.0,168.0,7.0,4903.0,1869.0,1837.0,80.0,ford,endeavour titanium 2.0 4x2 at,diesel,individual,automatic,first,delhi,black,rwd,3975000
2017,77000,2143.0,168.0,5.0,4656.0,1890.0,1639.0,66.0,mercedes-benz,glc 220 d progressive,diesel,individual,automatic,first,pune,white,awd,4200000
2017,27000,1186.0,74.0,5.0,3995.0,1660.0,1520.0,43.0,hyundai,xcent sx crdi,diesel,individual,manual,second,kolkata,white,fwd,434999
2017,15507,799.0,53.0,5.0,3679.0,1579.0,1478.0,28.0,renault,kwid rxt [2015-2019],petrol,individual,manual,first,pune,bronze,fwd,315000
2016,70000,2696.0,162.0,7.0,4755.0,1900.0,1785.0,78.0,ssangyong,rexton rx6,diesel,individual,manual,second,mirzapur,black,awd,900000
2015,44000,1497.0,117.0,5.0,4440.0,1695.0,1495.0,40.0,honda,city vx,petrol,individual,manual,first,kolkata,grey,fwd,550000
2018,70000,1995.0,190.0,5.0,4657.0,1881.0,1678.0,67.0,bmw,x3 xdrive-20d xline,diesel,individual,automatic,first,mumbai,white,awd,4400000
2015,145000,2982.0,169.0,7.0,4705.0,1840.0,1850.0,80.0,toyota,fortuner 3.0 4x2 at,diesel,individual,automatic,second,mohali,gold,rwd,1600000
2017,24000,999.0,67.0,5.0,3429.0,1560.0,1541.0,28.0,datsun,redigo t(o) 1.0 [2017-2019],petrol,individual,manual,first,faridabad,red,fwd,198000
2014,47721,1086.0,68.0,5.0,3585.0,1595.0,1550.0,35.0,hyundai,i10 magna 1.1 lpg,lpg,individual,manual,first,patna,red,fwd,225000
2011,26000,1396.0,100.0,5.0,3940.0,1710.0,1505.0,45.0,hyundai,i20 asta 1.4 at with avn,petrol,individual,automatic,first,mumbai,silver,,310000
2017,15507,799.0,53.0,5.0,3679.0,1579.0,1478.0,28.0,renault,kwid rxt [2015-2019],petrol,individual,manual,first,thane,bronze,fwd,315000
2018,39000,1497.0,117.0,5.0,4440.0,1695.0,1495.0,40.0,honda,city v,petrol,individual,manual,second,noida,maroon,fwd,775000
2017,58000,1197.0,82.0,5.0,3995.0,1735.0,1515.0,37.0,maruti suzuki,dzire vxi amt,petrol,individual,automatic,first,chennai,silver,fwd,625000
2015,82000,1582.0,126.0,5.0,4270.0,1780.0,1630.0,60.0,hyundai,creta sx plus 1.6 crdi dual tone,diesel,individual,manual,second,raipur,red,fwd,775000
2018,95315,2393.0,148.0,7.0,4735.0,1830.0,1795.0,55.0,toyota,innova 2.4 g 7 str [2016-2017],diesel,individual,manual,second,karnal,brown,rwd,1549000
2016,46000,1995.0,188.0,5.0,4633.0,1811.0,1429.0,57.0,bmw,3-series 320d prestige,diesel,individual,automatic,second,delhi,blue,rwd,1679000
2019,11874,1197.0,82.0,5.0,3840.0,1735.0,1530.0,37.0,maruti suzuki,swift zxi amt [2018-2019],petrol,individual,automatic,first,mumbai,white,fwd,725000
2014,86000,1582.0,126.0,5.0,4370.0,1700.0,1475.0,43.0,hyundai,verna fluidic 1.6 crdi sx,diesel,individual,manual,first,lucknow,silver,fwd,540000
2014,111000,1199.0,74.0,5.0,3970.0,1682.0,1453.0,45.0,volkswagen,polo highline1.2l (d),diesel,individual,manual,second,ambala cantt,blue,fwd,350000
2015,50000,1984.0,150.0,5.0,4370.0,1783.0,1458.0,60.0,volvo,v40 d3 r-design,diesel,individual,automatic,second,coimbatore,white,fwd,1689999
2021,28000,999.0,71.0,5.0,3994.0,1758.0,1572.0,40.0,nissan,magnite xl,petrol,corporate,manual,first,zirakpur,white,fwd,625000
2019,25000,998.0,67.0,5.0,3695.0,1600.0,1560.0,35.0,maruti suzuki,celerio zxi [2019-2020],petrol,individual,manual,first,muzaffurpur,grey,fwd,475000
2021,12000,1493.0,113.0,5.0,4315.0,1800.0,1637.0,50.0,kia,seltos htk plus 1.5 diesel,diesel,individual,manual,first,raipur,white,fwd,1650000
2019,32000,1086.0,68.0,5.0,3610.0,1645.0,1560.0,35.0,hyundai,santro era,petrol,individual,manual,first,zirakpur,silver,fwd,409999
2011,45000,,,,,,,,hyundai,i20 sportz 1.2 (o),petrol,individual,manual,first,delhi,white,,275000
2014,70000,2993.0,289.0,5.0,4879.0,2073.0,1780.0,77.0,land rover,range rover sport sdv6 s,diesel,corporate,automatic,first,mumbai,grey,awd,5900000
2017,112000,2393.0,148.0,7.0,4735.0,1830.0,1795.0,55.0,toyota,innova 2.4 vx 7 str [2016-2020],diesel,individual,manual,first,hyderabad,bronze,rwd,2100000
2017,51800,1995.0,188.0,5.0,4936.0,1868.0,1479.0,65.0,bmw,5-series 520d luxury line [2017-2019],diesel,individual,automatic,second,navi mumbai,black,rwd,2750000
2017,22000,1197.0,82.0,5.0,3700.0,1690.0,1595.0,32.0,maruti suzuki,ignis zeta 1.2 amt,petrol,individual,automatic,first,delhi,blue,fwd,545000
2015,155000,2179.0,138.0,7.0,4655.0,1965.0,1922.0,55.0,tata,safari 2.2 vx 4x2,diesel,individual,manual,first,hyderabad,black,rwd,740000
2016,60000,1991.0,184.0,5.0,4879.0,1854.0,1474.0,80.0,mercedes-benz,e-class e 200,petrol,individual,automatic,second,nashik,black,rwd,2400000
2018,23000,1995.0,188.0,5.0,4936.0,1868.0,1479.0,65.0,bmw,5-series 520d luxury line [2017-2019],diesel,individual,automatic,first,pune,grey,rwd,4500000
2014,75000,1197.0,85.0,5.0,3850.0,1695.0,1530.0,42.0,maruti suzuki,swift vxi,petrol,individual,manual,first,mohali,white,fwd,465000
2014,71000,1248.0,75.0,5.0,3987.0,1687.0,1495.0,45.0,fiat,punto active 1.3,diesel,individual,manual,first,hyderabad,maroon,fwd,375000
2017,64000,1968.0,150.0,5.0,4385.0,1831.0,1608.0,64.0,audi,q3 30 tdi premium fwd,diesel,individual,automatic,first,chennai,white,fwd,2900000
2018,45326,1199.0,89.0,5.0,3999.0,1734.0,1601.0,40.0,honda,wr-v vx mt petrol,petrol,individual,manual,first,mumbai,white,fwd,795000
2020,28079,1950.0,241.0,5.0,4686.0,1810.0,1442.0,66.0,mercedes-benz,c-class c 300d amg line,diesel,individual,automatic,first,mumbai,blue,rwd,5250000
2019,15529,1968.0,141.0,5.0,4456.0,1796.0,1416.0,50.0,audi,a3 35 tdi premium,diesel,individual,automatic,first,mumbai,white,fwd,2900000
2015,43200,1991.0,181.0,5.0,4424.0,1804.0,1494.0,50.0,mercedes-benz,gla 200 sport,petrol,corporate,automatic,first,pune,silver,fwd,2250000
2017,29386,1497.0,117.0,5.0,4440.0,1695.0,1495.0,40.0,honda,city vx cvt petrol [2017-2019],petrol,individual,automatic,second,bangalore,silver,fwd,1050000
2021,18105,1197.0,81.0,5.0,3765.0,1660.0,1520.0,43.0,hyundai,grand i10 asta 1.2 kappa vtvt [2013-2016],petrol,individual,manual,first,bangalore,silver,fwd,765000
2017,125372,1248.0,89.0,5.0,4300.0,1765.0,1590.0,48.0,maruti suzuki,s-cross sigma 1.3,diesel,individual,manual,first,coimbatore,brown,fwd,675000
2015,100000,1968.0,190.0,5.0,4933.0,1874.0,1455.0,75.0,audi,a6 35 tdi matrix,diesel,individual,automatic,first,jaipur,blue,fwd,2400000
2019,40000,1196.0,73.0,7.0,3675.0,1475.0,1800.0,40.0,maruti suzuki,eeco 7 str [2019-2020],petrol,individual,manual,first,thane,silver,rwd,509999
2022,31000,2184.0,182.0,7.0,4695.0,1890.0,1755.0,60.0,mahindra,xuv700 ax 7 diesel at awd luxury pack 7 str,diesel,individual,automatic,first,jaipur,black,awd,2750000
2012,42000,2967.0,241.0,5.0,4969.0,2139.0,1420.0,65.0,audi,a7 sportback 3.0 tdi quattro,diesel,individual,automatic,first,lucknow,white,awd,2600000
2012,65001,1497.0,116.0,5.0,4440.0,1695.0,1485.0,42.0,honda,city 1.5 v at,petrol,individual,automatic,first,pune,red,fwd,495000
2014,42533,2967.0,241.0,7.0,5089.0,1983.0,1737.0,100.0,audi,q7 35 tdi premium + sunroof,diesel,individual,automatic,first,mumbai,blue,awd,2400000
2018,45000,1197.0,81.0,5.0,3765.0,1660.0,1520.0,43.0,hyundai,grand i10 magna 1.2 kappa vtvt [2013-2016],petrol,individual,manual,first,mumbai,white,fwd,495000
2018,36000,2179.0,148.0,7.0,4600.0,2069.0,1724.0,65.0,land rover,discovery sport hse 7-seater,diesel,individual,automatic,second,raipur,white,awd,4200000
2017,44000,2755.0,174.0,7.0,4795.0,1855.0,1835.0,80.0,toyota,fortuner 2.8 4x2 at [2016-2020],diesel,individual,automatic,second,delhi,black,rwd,2550000
2016,85000,1248.0,74.0,5.0,3995.0,1695.0,1555.0,42.0,maruti suzuki,swift dzire ldi,diesel,individual,manual,first,lucknow,white,fwd,480000
2021,17000,1582.0,126.0,5.0,4270.0,1780.0,1630.0,60.0,hyundai,creta 1.6 sx (o),diesel,individual,manual,first,kanpur,black,fwd,1750000
2019,72000,1248.0,89.0,7.0,4296.0,1695.0,1685.0,45.0,maruti suzuki,ertiga zdi + shvs,diesel,individual,manual,first,lucknow,silver,fwd,850000
2019,34400,1086.0,68.0,5.0,3610.0,1645.0,1560.0,35.0,hyundai,santro sportz amt [2018-2020],petrol,individual,automatic,first,ranchi,silver,fwd,434999
2021,8800,998.0,118.0,5.0,3995.0,1770.0,1605.0,45.0,hyundai,venue sx (o) 1.0 turbo imt,petrol,individual,manual,first,delhi,white,fwd,1070000
2022,2000,1498.0,119.0,5.0,4549.0,1748.0,1489.0,40.0,honda,city zx cvt petrol,petrol,individual,automatic,first,delhi,grey,fwd,1530000
2020,19700,1493.0,113.0,5.0,4300.0,1790.0,1635.0,50.0,hyundai,creta sx 1.5 diesel [2020-2022],diesel,individual,manual,first,mumbai,maroon,fwd,1598000
2016,45000,1591.0,121.0,5.0,4375.0,1700.0,1475.0,43.0,hyundai,verna 1.6 vtvt sx,petrol,individual,manual,first,delhi,white,fwd,645000
2012,73000,,,,,,,,mercedes-benz,c-class 220 cdi sport,diesel,individual,automatic,first,kanpur,white,,1100000
2017,76000,1248.0,74.0,5.0,3995.0,1695.0,1555.0,42.0,maruti suzuki,swift dzire zdi amt,diesel,individual,automatic,first,navi mumbai,silver,fwd,650000
2013,110000,1598.0,103.0,5.0,4384.0,1699.0,1466.0,55.0,volkswagen,vento highline diesel,diesel,individual,manual,first,bangalore,silver,fwd,545000
2022,2700,1497.0,118.0,5.0,4440.0,1695.0,1495.0,40.0,honda,city v petrol,petrol,individual,manual,first,delhi,silver,fwd,1095000
2018,75000,2755.0,172.0,7.0,4735.0,1830.0,1795.0,55.0,toyota,innova 2.8 zx at 7 str [2016-2020],diesel,individual,automatic,first,ahmedabad,grey,rwd,1975000
2011,60000,6592.0,570.0,5.0,5399.0,1948.0,1550.0,82.5,rolls-royce,ghost 6.5,petrol,corporate,automatic,second,mumbai,maroon,rwd,18000000
2017,110000,1968.0,174.0,5.0,4385.0,1831.0,1608.0,64.0,audi,q3 35 tdi technology with navigation,diesel,individual,automatic,first,mumbai,blue,awd,1839000
2016,70000,1798.0,177.0,5.0,4861.0,1864.0,1483.0,66.0,skoda,superb l&k tsi at,petrol,individual,automatic,second,raipur,white,fwd,1500000
2017,42000,1968.0,184.0,5.0,4385.0,1831.0,1608.0,64.0,audi,q3 35 tdi quattro premium plus,diesel,individual,automatic,first,gurgaon,silver,awd,2100000
2015,70000,1498.0,89.0,5.0,3971.0,1682.0,1469.0,45.0,volkswagen,polo comfortline 1.5l (d),diesel,individual,manual,first,faridabad,red,fwd,345000
2018,52890,1497.0,117.0,5.0,4440.0,1695.0,1495.0,40.0,honda,city v,petrol,individual,manual,first,gurgaon,silver,fwd,850000
2018,72870,1582.0,126.0,5.0,4270.0,1780.0,1665.0,55.0,hyundai,creta sx 1.6 at crdi,diesel,corporate,automatic,first,mumbai,white,fwd,1425000
2017,48591,1197.0,82.0,5.0,3985.0,1734.0,1505.0,45.0,hyundai,elite i20 asta 1.2,petrol,individual,manual,first,hyderabad,white,fwd,675000
2019,60888,1497.0,115.0,5.0,3995.0,1821.0,1627.0,42.0,mahindra,xuv300 1.5 w6 [2019-2020],diesel,individual,manual,first,jalandhar,silver,fwd,925000
2014,48000,814.0,55.0,5.0,3495.0,1550.0,1500.0,32.0,hyundai,eon era +,petrol,individual,manual,first,lucknow,red,fwd,210000
2018,20251,1198.0,108.0,5.0,3994.0,1811.0,1607.0,44.0,tata,nexon xm,petrol,individual,manual,first,pune,grey,fwd,760000
2015,49000,1582.0,126.0,5.0,4375.0,1700.0,1475.0,43.0,hyundai,verna 1.6 crdi sx,diesel,individual,manual,first,mumbai,white,fwd,640000
2013,66000,1197.0,85.0,5.0,3850.0,1695.0,1530.0,42.0,maruti suzuki,swift vxi,petrol,individual,manual,first,meerut,white,fwd,340000
2020,54200,1999.0,177.0,7.0,4600.0,2069.0,1724.0,70.0,land rover,discovery sport se r-dynamic,diesel,individual,automatic,first,indore,white,awd,5995000
2013,33000,,,,,,,,nissan,teana 250xl,petrol,individual,automatic,first,pune,red,,550000
2017,51292,1497.0,117.0,5.0,4440.0,1695.0,1495.0,40.0,honda,city s petrol,petrol,individual,manual,first,thane,white,fwd,695000
2015,89000,1498.0,99.0,5.0,3886.0,1695.0,1525.0,40.0,ford,figo trend 1.5l tdci [2015-2016],diesel,individual,manual,second,jaipur,orange,fwd,465000
2019,55000,1197.0,82.0,5.0,3995.0,1745.0,1510.0,37.0,toyota,glanza v,petrol,individual,manual,first,jaipur,silver,fwd,735000
1988,71000,1991.0,181.0,5.0,5063.0,1860.0,1494.0,80.0,mercedes-benz,e-class e 200 avantgarde,petrol,individual,automatic,third,dehradun,red,rwd,1300000
2021,20000,1493.0,113.0,7.0,4500.0,1790.0,1675.0,50.0,hyundai,alcazar prestige 7 str 1.5 diesel,diesel,individual,manual,first,karnal,white,fwd,1848999
2016,68500,1497.0,117.0,5.0,4440.0,1695.0,1495.0,40.0,honda,city v,petrol,individual,manual,first,ahmedabad,bronze,fwd,685000
2014,99000,2199.0,194.0,7.0,4690.0,1880.0,1690.0,64.0,hyundai,santa fe 2wd at [2014-2017],diesel,corporate,automatic,first,delhi,white,awd,875000
2018,110000,2755.0,172.0,7.0,4735.0,1830.0,1795.0,55.0,toyota,innova 2.8 zx at 7 str [2016-2020],diesel,corporate,automatic,first,delhi,bronze,rwd,2039999
2019,19244,1197.0,82.0,5.0,3995.0,1745.0,1510.0,37.0,toyota,glanza g,petrol,individual,manual,first,zirakpur,red,fwd,700000
2020,19000,1197.0,82.0,5.0,3655.0,1620.0,1675.0,32.0,maruti suzuki,wagon r vxi 1.2,petrol,individual,manual,first,varanasi,blue,fwd,550000
2015,75000,2199.0,194.0,7.0,4690.0,1880.0,1690.0,64.0,hyundai,santa fe 2wd at [2014-2017],diesel,individual,automatic,second,delhi,silver,awd,825000
2021,29000,2393.0,148.0,7.0,4735.0,1830.0,1795.0,55.0,toyota,innova 2.4 zx 7 str [2016-2020],diesel,individual,manual,first,bangalore,white,rwd,3100000
2013,60000,1968.0,177.0,5.0,4915.0,1874.0,1455.0,65.0,audi,a6 2.0 tdi premium,diesel,individual,automatic,second,pune,grey,fwd,1400000
2015,80000,1197.0,85.0,5.0,3850.0,1695.0,1530.0,42.0,maruti suzuki,swift vxi,petrol,individual,manual,second,noida,white,fwd,425000
2018,54500,2494.0,194.0,5.0,4640.0,1845.0,1645.0,56.0,lexus,nx 300h luxury [2017-2020],petrol,individual,automatic,second,delhi,black,awd,4375000
2021,38000,2393.0,148.0,7.0,4735.0,1830.0,1795.0,55.0,toyota,innova zx 2.4 at 7 str,diesel,individual,automatic,first,mumbai,purple,rwd,3000000
2021,16785,1991.0,194.0,5.0,4658.0,1890.0,1644.0,66.0,mercedes-benz,glc 200 progressive,petrol,individual,automatic,first,bangalore,white,rwd,6600000
2016,52000,1248.0,89.0,5.0,3995.0,1790.0,1640.0,48.0,maruti suzuki,vitara brezza zdi+ dual tone [2017-2018],diesel,individual,manual,second,delhi,blue,fwd,640000
2013,76000,1086.0,62.0,5.0,3565.0,1525.0,1590.0,35.0,hyundai,santro gl (cng),cng,individual,manual,first,delhi,white,fwd,275000
2019,42678,1197.0,82.0,5.0,3985.0,1734.0,1505.0,45.0,hyundai,elite i20 sportz 1.2 [2016-2017],petrol,individual,manual,first,mumbai,blue,fwd,695000
2010,95000,1497.0,118.0,5.0,4420.0,1695.0,1480.0,42.0,honda,city 1.5 v at,petrol,individual,automatic,second,gurgaon,grey,fwd,245000
2016,65000,1461.0,108.0,5.0,4315.0,1822.0,1695.0,50.0,renault,duster 110 ps rxl,diesel,individual,manual,second,delhi,grey,fwd,690000
2021,31000,999.0,114.0,5.0,4221.0,1760.0,1612.0,50.0,volkswagen,taigun highline 1.0 tsi at,petrol,individual,automatic,first,hyderabad,silver,fwd,1500000
2014,82682,998.0,67.0,5.0,3620.0,1475.0,1460.0,35.0,maruti suzuki,alto vxi,petrol,individual,manual,first,pune,white,fwd,270000
2016,70500,1396.0,89.0,5.0,3995.0,1760.0,1555.0,45.0,hyundai,i20 active 1.4 s,diesel,individual,manual,first,jamshedpur,white,fwd,545000
2021,10000,1451.0,141.0,6.0,4720.0,1835.0,1760.0,60.0,mg,hector plus sharp 1.5 dct petrol,petrol,individual,automatic,first,faridabad,red,fwd,1875000
2016,57159,799.0,53.0,5.0,3679.0,1579.0,1478.0,28.0,renault,kwid rxt [2015-2019],petrol,individual,manual,first,varanasi,silver,fwd,254999
2014,82000,1995.0,184.0,5.0,4624.0,2031.0,1429.0,,bmw,3-series 320d sport line [2014-2016],diesel,individual,automatic,first,mohali,white,rwd,2000000
2016,120000,2993.0,245.0,7.0,4838.0,1915.0,1837.0,82.0,land rover,discovery hse,diesel,individual,automatic,first,delhi,blue,awd,2785000
2021,17000,2184.0,130.0,4.0,3985.0,1820.0,1844.0,57.0,mahindra,thar lx 4-str hard top diesel mt,diesel,individual,manual,first,pune,black,awd,1800000
2012,40000,1497.0,116.0,5.0,4440.0,1695.0,1485.0,42.0,honda,city 1.5 v at,petrol,individual,automatic,second,pune,red,fwd,475000
2020,58100,1197.0,82.0,5.0,3985.0,1734.0,1505.0,45.0,hyundai,elite i20 sportz 1.2 (o),petrol,individual,manual,first,lucknow,white,fwd,650000
2012,12749,2982.0,169.0,7.0,4705.0,1840.0,1850.0,80.0,toyota,fortuner 3.0 4x4 mt,diesel,individual,manual,first,kolkata,grey,awd,1199000
2013,83466,2199.0,195.0,7.0,4660.0,1890.0,1760.0,70.0,hyundai,santa fe 4 wd (at),diesel,individual,automatic,first,jaipur,white,awd,650000
2015,86000,2523.0,75.0,8.0,4456.0,1820.0,1930.0,60.0,mahindra,scorpio s2,diesel,individual,manual,second,purnea,white,rwd,795000
2015,60921,1991.0,181.0,5.0,4686.0,1810.0,1442.0,66.0,mercedes-benz,c-class c 200 avantgarde,petrol,individual,automatic,second,pune,black,rwd,2385000
2014,78000,1968.0,174.0,5.0,4629.0,1898.0,1653.0,75.0,audi,q5 2.0 tdi quattro premium,diesel,individual,automatic,first,ahmedabad,brown,awd,1700000
2012,53000,1591.0,121.0,5.0,4370.0,1700.0,1475.0,43.0,hyundai,verna fluidic 1.6 vtvt sx opt,petrol,corporate,manual,first,mumbai,grey,fwd,380000
2016,34736,999.0,67.0,5.0,3679.0,1579.0,1478.0,28.0,renault,kwid 1.0 rxt [2016-2019],petrol,individual,manual,first,hyderabad,red,fwd,295000
2020,14400,1956.0,168.0,5.0,4598.0,1894.0,1706.0,50.0,tata,harrier xz,diesel,individual,manual,first,ahmedabad,silver,fwd,1750000
2015,85000,2498.0,105.0,7.0,3920.0,1710.0,1930.0,60.0,mahindra,thar crde 4x4 non ac,diesel,individual,manual,second,ambala cantt,green,awd,525000
2011,80000,,,,,,,,volkswagen,vento highline petrol,petrol,individual,manual,second,delhi,white,,275000
2018,77590,1395.0,148.0,5.0,4456.0,1796.0,1416.0,50.0,audi,a3 35 tfsi premium plus,petrol,individual,automatic,first,delhi,blue,fwd,2180000
2017,25000,4951.0,396.0,4.0,4784.0,2080.0,1391.0,60.9,ford,mustang gt fastback 5.0l v8,petrol,individual,automatic,third,chennai,black,rwd,8000000
2018,40545,1999.0,177.0,5.0,4731.0,2071.0,1651.0,82.0,jaguar,f-pace prestige,diesel,individual,automatic,first,ahmedabad,grey,awd,4325000
2009,80000,1248.0,75.0,5.0,3715.0,1680.0,1620.0,43.0,maruti suzuki,ritz vdi bs-iv,diesel,individual,manual,4 or more,kanpur,silver,,120000
2009,56852,796.0,39.0,5.0,3495.0,1475.0,1460.0,35.0,maruti suzuki,alto lxi cng,cng,individual,manual,second,kanpur,gold,fwd,155000
2018,42000,1197.0,82.0,5.0,3995.0,1735.0,1515.0,37.0,maruti suzuki,dzire zxi plus amt,petrol,individual,automatic,first,mumbai,blue,fwd,735000
2018,55000,1598.0,104.0,5.0,4413.0,1699.0,1466.0,55.0,skoda,rapid style 1.6 mpi at,petrol,individual,automatic,second,pune,grey,fwd,900000
2014,53000,1798.0,158.0,5.0,4838.0,1817.0,1482.0,60.0,skoda,superb elegance 1.8 tsi at,petrol,individual,automatic,second,delhi,white,fwd,795000
2018,17000,1496.0,114.0,5.0,3821.0,1727.0,1414.0,44.0,mini,cooper d 3 door,diesel,individual,automatic,first,delhi,green,fwd,3300000
2020,50000,2755.0,174.0,7.0,4795.0,1855.0,1835.0,80.0,toyota,fortuner 2.8 4x2 at [2016-2020],diesel,individual,automatic,first,mumbai,white,rwd,3775000
2012,70000,2489.0,95.0,8.0,4520.0,1850.0,1895.0,55.0,mahindra,xylo d4,diesel,individual,manual,third,patna,white,,325000
2017,75793,1248.0,89.0,5.0,3995.0,1790.0,1640.0,48.0,maruti suzuki,vitara brezza vdi,diesel,individual,manual,first,navi mumbai,white,fwd,725000
2007,34000,,,,,,,,lexus,lx suv petrol,petrol,corporate,automatic,second,mumbai,maroon,,2100000
2012,89311,1984.0,165.0,5.0,4635.0,1865.0,1484.0,67.5,volvo,s60 kinetic d4,diesel,individual,automatic,first,hyderabad,white,fwd,994999
2018,80000,1248.0,89.0,5.0,3995.0,1790.0,1640.0,48.0,maruti suzuki,vitara brezza vdi (o) [2016-2018],diesel,individual,manual,first,mohali,grey,fwd,785000
2020,38000,2995.0,349.0,5.0,4696.0,1923.0,1624.0,65.0,porsche,macan s [2019-2020],petrol,individual,automatic,first,ahmedabad,blue,awd,7500000
2019,69500,2755.0,174.0,7.0,4795.0,1855.0,1835.0,80.0,toyota,fortuner 2.8 4x2 at [2016-2020],diesel,individual,automatic,second,delhi,white,rwd,2799000
2018,66794,998.0,67.0,5.0,3599.0,1495.0,1700.0,35.0,maruti suzuki,wagon r vxi,petrol,individual,manual,first,kolkata,others,fwd,390000
2019,27000,1984.0,248.0,5.0,4696.0,1923.0,1624.0,65.0,porsche,macan base [2019-2020],petrol,corporate,automatic,first,hyderabad,red,awd,9000000
2017,35616,1197.0,83.0,5.0,3995.0,1745.0,1500.0,37.0,maruti suzuki,baleno zeta 1.2 at,petrol,individual,automatic,first,pune,blue,fwd,675000
2015,64000,1196.0,73.0,5.0,3675.0,1475.0,1800.0,40.0,maruti suzuki,eeco 5 str [2014-2019],petrol,individual,manual,first,ranchi,blue,rwd,320000
2020,7000,1197.0,83.0,5.0,3995.0,1745.0,1500.0,37.0,maruti suzuki,baleno zeta 1.2 at,petrol,individual,automatic,first,chennai,maroon,fwd,840000
2015,45000,998.0,67.0,5.0,3599.0,1495.0,1700.0,35.0,maruti suzuki,wagon r vxi,petrol,individual,manual,first,ranchi,brown,fwd,310000
2017,9000,1373.0,94.0,7.0,4296.0,1695.0,1685.0,45.0,maruti suzuki,ertiga lxi,petrol,individual,manual,first,delhi,grey,fwd,795000
2015,67738,998.0,58.0,5.0,3599.0,1495.0,1700.0,35.0,maruti suzuki,wagon r lxi cng,cng,individual,manual,second,delhi,white,fwd,310000
2021,11030,1197.0,82.0,5.0,3995.0,1745.0,1510.0,37.0,toyota,glanza g,petrol,individual,manual,first,bangalore,blue,fwd,860000
2015,49123,1197.0,79.0,5.0,3585.0,1595.0,1550.0,35.0,hyundai,i10 magna 1.2 kappa2,petrol,individual,manual,first,patna,white,fwd,390000
2012,125000,,,,,,,,bmw,3-series 320d highline sedan,diesel,individual,automatic,first,ahmedabad,white,,1200000
2018,46000,1248.0,74.0,5.0,3995.0,1695.0,1555.0,42.0,maruti suzuki,swift dzire ldi,diesel,individual,manual,first,bhubaneswar,white,fwd,520000
2000,65000,,,,,,,,mercedes-benz,s-class 280 at,petrol,individual,automatic,second,dehradun,yellow,,1200000
2018,64000,1248.0,89.0,5.0,3995.0,1790.0,1640.0,48.0,maruti suzuki,vitara brezza vdi (o) [2016-2018],diesel,individual,manual,first,lucknow,white,fwd,675000
2021,7942,998.0,67.0,5.0,3565.0,1520.0,1564.0,27.0,maruti suzuki,s-presso vxi,petrol,individual,manual,first,thane,red,fwd,475000
2017,52100,796.0,47.0,5.0,3395.0,1490.0,1475.0,35.0,maruti suzuki,alto 800 lxi,petrol,individual,manual,first,lucknow,white,fwd,265000
2019,32809,1598.0,105.0,5.0,4386.0,1699.0,1466.0,55.0,skoda,rapid ambition 1.6 tdi cr mt,diesel,individual,manual,first,coimbatore,silver,fwd,950000
2014,101000,2982.0,169.0,7.0,4705.0,1840.0,1850.0,80.0,toyota,fortuner 3.0 4x2 at,diesel,individual,automatic,first,jalandhar,white,rwd,1750000
2016,40500,1968.0,141.0,5.0,4456.0,1796.0,1416.0,50.0,audi,a3 35 tdi premium plus + sunroof,diesel,individual,automatic,first,mumbai,white,fwd,2225000
2021,25700,1368.0,160.0,5.0,4395.0,1818.0,1640.0,60.0,jeep,compass sport 1.4 petrol,petrol,corporate,manual,first,karnal,black,fwd,1748999
2014,85000,2143.0,203.0,5.0,4804.0,2141.0,1796.0,70.0,mercedes-benz,m-class ml 250 cdi,diesel,individual,automatic,second,delhi,white,awd,2250000
2017,17268,1197.0,82.0,5.0,3985.0,1734.0,1505.0,45.0,hyundai,elite i20 asta 1.2 (o) [2016],petrol,individual,manual,first,nashik,red,fwd,690000
2017,68000,1197.0,83.0,5.0,3995.0,1745.0,1500.0,37.0,maruti suzuki,baleno zeta 1.2,petrol,individual,manual,first,noida,brown,fwd,561000
2011,30000,,,,,,,,hyundai,i20 asta 1.2,petrol,individual,manual,third,panvel,blue,,299000
2020,57000,,,5.0,4395.0,1818.0,1640.0,60.0,jeep,compass longitude (o) 2.0 diesel [2017-2020],diesel,individual,manual,first,pune,white,,1580000
2017,44100,1197.0,83.0,5.0,3995.0,1695.0,1555.0,42.0,maruti suzuki,swift dzire vxi at,petrol,corporate,automatic,first,mumbai,silver,fwd,595000
2013,91840,,,,,,,,land rover,discovery 3.0 tdv6 hse,diesel,individual,automatic,second,mumbai,blue,,4390000
2009,115000,1197.0,80.0,5.0,3940.0,1710.0,1505.0,45.0,hyundai,i20 asta 1.2,petrol,individual,manual,third,coimbatore,blue,,235000
2014,23000,1197.0,83.0,5.0,3995.0,1710.0,1505.0,45.0,hyundai,i20 magna (o) 1.2,petrol,individual,manual,first,ahmedabad,brown,fwd,450000
2014,58000,1995.0,184.0,5.0,4899.0,2094.0,1464.0,,bmw,5-series 520d modern line,diesel,individual,automatic,first,mumbai,white,rwd,2299000
2018,95786,2143.0,201.0,5.0,4819.0,2141.0,1796.0,93.0,mercedes-benz,gle 250 d,diesel,individual,automatic,first,delhi,black,awd,4590000
2016,95401,1968.0,174.0,5.0,4385.0,1831.0,1608.0,64.0,audi,q3 35 tdi technology,diesel,individual,automatic,first,bangalore,black,awd,2150000
2020,7000,1353.0,138.0,5.0,4315.0,1800.0,1645.0,50.0,kia,seltos gtx plus 1.4 dct,petrol,individual,automatic,first,bangalore,black,fwd,1850000
2017,24000,1999.0,150.0,5.0,4620.0,1800.0,1465.0,50.0,hyundai,elantra sx (o) 2.0 at,petrol,individual,automatic,first,mumbai,white,fwd,1175000
2012,68000,998.0,68.0,5.0,3539.0,1495.0,1700.0,35.0,maruti suzuki,wagon r vxi,petrol,individual,manual,first,kanpur,white,,250000
2015,41273,1495.0,94.0,5.0,4250.0,1670.0,1370.0,45.0,hyundai,accent executive,petrol,individual,manual,first,mumbai,white,fwd,400000
2018,66000,,,,,,,,audi,q5 35 tdi premium plus,diesel,individual,automatic,first,chennai,white,,4000000
2018,65954,1582.0,126.0,5.0,4270.0,1780.0,1665.0,55.0,hyundai,creta sx 1.6 crdi,diesel,individual,manual,first,pune,red,fwd,1100000
2016,28000,1197.0,79.0,5.0,3585.0,1595.0,1550.0,35.0,hyundai,i10 sportz 1.2 kappa2,petrol,individual,manual,first,mumbai,maroon,fwd,395000
2021,38848,998.0,67.0,5.0,3565.0,1520.0,1564.0,27.0,maruti suzuki,s-presso vxi plus,petrol,individual,manual,first,panchkula,silver,fwd,425000
2017,30000,2393.0,148.0,7.0,4735.0,1830.0,1795.0,55.0,toyota,innova 2.4 zx 7 str [2016-2020],diesel,individual,manual,first,chennai,maroon,rwd,2190000
2020,27000,2487.0,176.0,5.0,4975.0,1865.0,1445.0,50.0,lexus,es 300h exquisite [2020-2021],hybrid,individual,automatic,first,mumbai,blue,fwd,4800000
2017,69000,1197.0,83.0,5.0,3995.0,1695.0,1555.0,42.0,maruti suzuki,swift dzire lxi (o),petrol,individual,manual,first,faridabad,grey,fwd,421000
2016,22700,1197.0,82.0,5.0,3995.0,1760.0,1555.0,45.0,hyundai,i20 active 1.2 sx,petrol,individual,manual,first,mumbai,red,fwd,560000
2014,9212,,,,,,,,honda,civic 1.8v mt,petrol,individual,manual,first,patna,grey,,777000
2019,41000,1968.0,184.0,5.0,4385.0,1831.0,1608.0,64.0,audi,q3 35 tdi quattro technology,diesel,individual,automatic,second,hyderabad,white,awd,3250000
2014,100000,2179.0,120.0,8.0,4456.0,1820.0,1995.0,60.0,mahindra,scorpio s10,diesel,individual,manual,second,mumbai,red,rwd,875000
2018,13066,1373.0,91.0,5.0,4490.0,1730.0,1485.0,43.0,maruti suzuki,ciaz alpha 1.4 mt,petrol,individual,manual,first,bangalore,grey,fwd,899000
2015,75000,1461.0,84.0,5.0,4315.0,1822.0,1695.0,50.0,renault,duster 85 ps rxl,diesel,individual,manual,first,kanpur,black,fwd,425000
2019,53241,998.0,67.0,5.0,3565.0,1520.0,1564.0,27.0,maruti suzuki,s-presso vxi (o),petrol,individual,manual,first,mirzapur,grey,fwd,425000
2021,12000,1998.0,189.0,5.0,4299.0,1822.0,1557.0,47.0,mini,countryman cooper s jcw inspired,petrol,individual,automatic,first,delhi,green,fwd,3875000
2013,65000,1497.0,116.0,5.0,4440.0,1695.0,1485.0,42.0,honda,city 1.5 s mt,petrol,individual,manual,first,chennai,brown,fwd,500000
2012,97000,2982.0,169.0,7.0,4705.0,1840.0,1850.0,80.0,toyota,fortuner 3.0 4x2 mt,diesel,individual,manual,second,jalandhar,white,rwd,1225000
2017,49000,2694.0,164.0,7.0,4735.0,1830.0,1795.0,65.0,toyota,innova 2.7 zx at 7 str,petrol,individual,automatic,second,delhi,maroon,rwd,1789999
2013,64000,998.0,68.0,5.0,3515.0,1500.0,1510.0,32.0,hyundai,eon 1.0 kappa magna + [2014-2016],petrol,individual,manual,first,faizabad,white,fwd,240000
2010,78000,,,,,,,,volkswagen,polo comfortline 1.2l (p),petrol,individual,manual,second,ludhiana,white,,240000
2019,56000,1498.0,99.0,5.0,3990.0,1680.0,1505.0,35.0,honda,amaze 1.5 vx i-dtec,diesel,individual,manual,first,hyderabad,white,fwd,935000
2018,39000,1197.0,82.0,5.0,3995.0,1745.0,1510.0,37.0,maruti suzuki,baleno alpha automatic,petrol,individual,automatic,first,mumbai,red,fwd,775000
2017,55000,1997.0,120.0,8.0,4456.0,1820.0,1995.0,60.0,mahindra,scorpio s4 1.99 [2016-2017],diesel,individual,manual,second,patna,white,rwd,950000
2018,53000,1197.0,81.0,5.0,3765.0,1660.0,1520.0,43.0,hyundai,grand i10 magna at 1.2 kappa vtvt,petrol,individual,automatic,second,hyderabad,white,fwd,549000
2021,1374,1196.0,73.0,5.0,3675.0,1475.0,1800.0,40.0,maruti suzuki,eeco 5 str with a/c+htr cng [2017-2019],cng,individual,manual,first,mumbai,grey,rwd,645000
2018,68000,1950.0,192.0,5.0,4686.0,1810.0,1442.0,66.0,mercedes-benz,c-class c 220d progressive [2018-2019],diesel,individual,automatic,first,hyderabad,white,rwd,3400000
2019,35000,1197.0,82.0,5.0,3985.0,1734.0,1505.0,45.0,hyundai,elite i20 sportz 1.2 [2016-2017],petrol,individual,manual,first,mumbai,grey,fwd,645000
2016,39000,1995.0,190.0,5.0,4899.0,2094.0,1464.0,65.0,bmw,5-series 520d m sport,diesel,individual,automatic,first,delhi,white,rwd,2600000
2011,62000,1968.0,177.0,5.0,4701.0,1826.0,1427.0,63.0,audi,a4 2.0 tdi (177bhp) premium,diesel,individual,automatic,first,chennai,white,fwd,1375000
2021,11000,1497.0,117.0,5.0,4440.0,1695.0,1495.0,40.0,honda,city v cvt petrol [2017-2019],petrol,individual,automatic,first,mumbai,black,fwd,1340000
2020,11000,1197.0,82.0,5.0,3840.0,1735.0,1530.0,37.0,maruti suzuki,swift zxi plus [2018-2019],petrol,individual,manual,first,bangalore,white,fwd,840000
2014,102000,1197.0,85.0,5.0,3995.0,1695.0,1555.0,42.0,maruti suzuki,swift dzire vxi,petrol,individual,manual,second,salem,grey,fwd,525000
2022,7000,1196.0,72.0,7.0,3675.0,1475.0,1825.0,40.0,maruti suzuki,eeco 7 str std (o),petrol,individual,manual,first,hyderabad,grey,rwd,625000
2012,20000,814.0,55.0,5.0,3495.0,1550.0,1500.0,32.0,hyundai,eon sportz,petrol,individual,manual,first,mumbai,grey,fwd,215000
2019,25000,1197.0,81.0,5.0,3765.0,1660.0,1520.0,43.0,hyundai,grand i10 sportz (o) 1.2 kappa vtvt [2017-2018],petrol,individual,manual,first,hyderabad,silver,fwd,595000
2022,22000,1984.0,188.0,5.0,4762.0,1847.0,1433.0,54.0,audi,a4 premium plus 40 tfsi,petrol,individual,automatic,first,delhi,white,fwd,4150000
2018,65000,1248.0,74.0,5.0,3840.0,1735.0,1530.0,37.0,maruti suzuki,swift vdi,diesel,individual,manual,first,hyderabad,blue,fwd,750000
2013,47000,1499.0,109.0,5.0,3999.0,1765.0,1708.0,52.0,ford,ecosport titanium 1.5 ti-vct,petrol,individual,manual,first,indore,black,fwd,550000
2016,2000000,1461.0,108.0,5.0,4315.0,1822.0,1695.0,50.0,renault,duster 110 ps rxz 4x2 mt diesel,diesel,individual,manual,first,ranchi,white,fwd,450000
2016,27011,2993.0,258.0,5.0,4886.0,1938.0,1762.0,,bmw,x5 xdrive30d pure experience (5 seater),diesel,individual,automatic,second,chandigarh,white,awd,4175000
2018,45545,1999.0,177.0,5.0,4795.0,1967.0,1416.0,56.0,jaguar,xe prestige diesel,diesel,individual,automatic,second,chandigarh,red,rwd,2700000
2018,18000,2987.0,255.0,5.0,4819.0,2141.0,1796.0,93.0,mercedes-benz,gle 350 d,diesel,individual,automatic,first,chandigarh,black,awd,6150000
2014,72782,1198.0,74.0,5.0,3970.0,1682.0,1453.0,45.0,volkswagen,polo comfortline 1.2l (p),petrol,individual,manual,first,bangalore,grey,fwd,565000
2017,16800,998.0,67.0,5.0,3545.0,1490.0,1475.0,35.0,maruti suzuki,alto vxi [2014-2019],petrol,individual,manual,first,mumbai,grey,fwd,369000
2019,40900,1496.0,106.0,5.0,4425.0,1730.0,1495.0,42.0,toyota,yaris v cvt,petrol,corporate,automatic,first,pune,red,fwd,1090000
2017,39000,1199.0,89.0,5.0,3999.0,1734.0,1601.0,40.0,honda,wr-v vx mt petrol,petrol,corporate,manual,first,guwahati,white,fwd,580000
2016,77000,1995.0,184.0,5.0,4454.0,2044.0,1545.0,63.0,bmw,x1 sdrive20d xline,diesel,individual,automatic,first,surat,black,rwd,2199000
2018,120000,2179.0,140.0,7.0,4456.0,1820.0,1995.0,60.0,mahindra,scorpio s11 2wd 7 str,diesel,individual,manual,second,ranchi,black,rwd,1251000
2017,38700,1198.0,87.0,5.0,3990.0,1680.0,1505.0,35.0,honda,amaze 1.2 sx i-vtec,petrol,individual,manual,first,meerut,maroon,fwd,540000
2021,7239,1462.0,103.0,6.0,4445.0,1775.0,1700.0,45.0,maruti suzuki,xl6 zeta mt petrol,petrol,individual,manual,first,udupi,white,fwd,1245000
2020,14000,1998.0,248.0,5.0,4633.0,1811.0,1429.0,57.0,bmw,3-series 330i m sport edition,petrol,individual,automatic,first,mumbai,white,rwd,4749000
2014,76000,1197.0,81.0,5.0,3765.0,1660.0,1520.0,43.0,hyundai,grand i10 sports edition 1.2l kappa vtvt,petrol,individual,manual,first,ernakulam,white,fwd,365000
2020,11000,1995.0,188.0,5.0,4526.0,1800.0,1420.0,50.0,bmw,2 series gran coupe 220d m sport [2020-2021],diesel,individual,automatic,first,pune,blue,fwd,4300000
2019,81300,1248.0,89.0,5.0,3995.0,1790.0,1640.0,48.0,maruti suzuki,vitara brezza vdi,diesel,individual,manual,first,ludhiana,white,fwd,825000
2013,76000,1598.0,103.0,5.0,3970.0,1682.0,1453.0,45.0,volkswagen,polo gt tdi,diesel,individual,manual,first,lucknow,white,fwd,325000
2018,91460,1199.0,84.0,5.0,3746.0,1647.0,1535.0,35.0,tata,tiago revotron xm (o) [2016-2019],petrol,individual,manual,first,kanpur,black,fwd,400000
2018,45000,1999.0,177.0,5.0,4360.0,2120.0,1635.0,57.0,land rover,evoque hse dynamic,diesel,individual,automatic,first,delhi,blue,awd,3600000
2013,47000,2179.0,120.0,8.0,4430.0,1817.0,1975.0,60.0,mahindra,scorpio lx bs-iv,diesel,individual,manual,first,patna,white,rwd,671000
2018,50000,2143.0,168.0,5.0,4656.0,1890.0,1639.0,66.0,mercedes-benz,glc 220 d progressive,diesel,individual,automatic,first,delhi,blue,awd,3400000
2014,133273,2993.0,258.0,4.0,5219.0,1902.0,1481.0,,bmw,7-series 730ld,diesel,individual,automatic,first,pune,blue,rwd,3200000
2017,60500,1197.0,103.0,5.0,4390.0,1699.0,1467.0,55.0,volkswagen,vento highline plus 1.2 (p) at 16 alloy,petrol,individual,automatic,first,surat,white,fwd,775000
2014,81000,2987.0,234.0,5.0,4781.0,1911.0,1774.0,95.0,mercedes-benz,m-class 350 cdi,diesel,individual,automatic,first,ahmedabad,grey,awd,2150000
2020,22000,1999.0,237.0,5.0,4988.0,2220.0,1846.0,,land rover,discovery 2.0 hse 4wd diesel,diesel,individual,automatic,second,delhi,red,awd,4700000
2009,88000,1399.0,68.0,5.0,4145.0,1632.0,1440.0,43.0,ford,ikon duratorq 1.4 tdci,diesel,individual,manual,first,unnao,white,,145000
2020,19759,1496.0,114.0,5.0,3982.0,1727.0,1425.0,44.0,mini,cooper d 5 door,diesel,individual,automatic,first,coimbatore,blue,fwd,3590000
2011,77000,1794.0,132.0,5.0,4540.0,1760.0,1480.0,55.0,toyota,corolla altis 1.8 g,petrol,individual,manual,first,faridabad,silver,fwd,375000
2015,58200,1591.0,121.0,5.0,4370.0,1700.0,1475.0,43.0,hyundai,verna fluidic 1.6 vtvt sx at,petrol,individual,automatic,first,mumbai,silver,fwd,645000
2022,4000,2494.0,115.0,7.0,4935.0,1850.0,1895.0,58.0,toyota,vellfire hybrid,hybrid,individual,automatic,first,delhi,black,awd,11500000
2015,42000,998.0,67.0,5.0,3600.0,1600.0,1560.0,35.0,maruti suzuki,celerio zxi,petrol,individual,manual,first,bangalore,white,fwd,509999
2013,63000,1797.0,147.0,5.0,4530.0,1775.0,1470.0,56.0,hyundai,elantra 1.8 sx at,petrol,individual,automatic,first,mumbai,silver,fwd,545000
2018,42855,1497.0,117.0,5.0,4440.0,1695.0,1495.0,40.0,honda,city v,petrol,individual,manual,first,pune,brown,fwd,835000
2018,24000,1461.0,84.0,5.0,4315.0,1822.0,1695.0,50.0,renault,duster 85 ps rxs 4x2 mt diesel,diesel,individual,manual,first,bangalore,brown,fwd,960000
2019,34000,998.0,67.0,5.0,3695.0,1600.0,1560.0,35.0,maruti suzuki,celerio vxi [2019-2020],petrol,individual,manual,first,chennai,white,fwd,540000
2022,9500,1497.0,113.0,5.0,4315.0,1800.0,1637.0,50.0,kia,seltos htk plus 1.5 imt,petrol,individual,manual,first,delhi,white,fwd,1475000
2014,32000,2993.0,271.0,5.0,5252.0,1899.0,1457.0,83.0,jaguar,xj 3.0 v6 portfolio,diesel,individual,automatic,second,pune,brown,rwd,3600000
2018,97000,1582.0,126.0,5.0,4375.0,1700.0,1475.0,43.0,hyundai,verna 1.6 crdi sx (o),diesel,individual,manual,first,jaipur,white,fwd,1175000
2014,72900,1591.0,121.0,5.0,4370.0,1700.0,1475.0,43.0,hyundai,verna fluidic 1.6 vtvt sx opt at,petrol,individual,automatic,second,mumbai,blue,fwd,475000
2021,28000,2995.0,335.0,5.0,4986.0,1995.0,1705.0,85.0,audi,q8 celebration,petrol,individual,automatic,first,hyderabad,silver,awd,9900000
2022,6000,1197.0,89.0,5.0,3845.0,1735.0,1530.0,37.0,maruti suzuki,swift lxi,petrol,individual,manual,first,delhi,white,fwd,650000
2021,24500,2993.0,260.0,5.0,4752.0,1918.0,1621.0,68.0,bmw,x4 xdrive30d m sport x [2019-2020],diesel,corporate,automatic,first,mumbai,red,awd,6100000
2013,41000,1197.0,79.0,5.0,3585.0,1595.0,1550.0,35.0,hyundai,i10 sportz 1.2 at kappa2,petrol,individual,automatic,first,pune,white,fwd,370000
2018,50000,1497.0,117.0,5.0,4440.0,1695.0,1495.0,40.0,honda,city vx (o) mt bl,petrol,individual,manual,first,patna,silver,fwd,875000
2018,66000,1248.0,74.0,5.0,3995.0,1735.0,1515.0,37.0,maruti suzuki,dzire vdi amt,diesel,individual,automatic,first,warangal,red,fwd,695000
2022,38000,1956.0,168.0,5.0,4598.0,1894.0,1706.0,50.0,tata,harrier xza plus,diesel,individual,automatic,first,mumbai,black,fwd,2275000
2021,17000,1368.0,161.0,5.0,4405.0,1818.0,1640.0,60.0,jeep,compass model s (o) 1.4 petrol dct,petrol,individual,automatic,first,delhi,blue,fwd,2700000
2014,74000,1582.0,126.0,5.0,4370.0,1700.0,1475.0,43.0,hyundai,verna fluidic 1.6 crdi sx,diesel,individual,manual,first,mohali,grey,fwd,545000
2021,22000,,,5.0,3655.0,1620.0,1675.0,32.0,maruti suzuki,wagon r vxi 1.0 [2019-2019],petrol,individual,manual,first,gorakhpur,white,,540000
2018,20690,1598.0,104.0,5.0,4413.0,1699.0,1466.0,55.0,skoda,rapid style 1.6 mpi at,petrol,individual,automatic,first,bangalore,red,fwd,1099000
2019,40000,1582.0,126.0,5.0,4375.0,1700.0,1475.0,43.0,hyundai,verna 1.6 crdi sx,diesel,individual,manual,first,ludhiana,white,fwd,1125000
2018,50000,1591.0,122.0,5.0,4270.0,1780.0,1630.0,60.0,hyundai,creta 1.6 sx plus at petrol,petrol,individual,automatic,first,mumbai,white,fwd,1299000
2013,70000,1995.0,217.0,5.0,4899.0,2094.0,1464.0,,bmw,5-series 525d luxury plus,diesel,individual,automatic,second,mumbai,white,rwd,1600000
2021,20000,2998.0,335.0,5.0,4935.0,2004.0,1696.0,83.0,bmw,x6 xdrive40i m sport,petrol,individual,automatic,first,chandigarh,red,awd,10800000
2020,47248,1462.0,103.0,6.0,4445.0,1775.0,1700.0,45.0,maruti suzuki,xl6 alpha at petrol,petrol,individual,automatic,first,jaipur,blue,fwd,1190000
2021,9000,1199.0,84.0,5.0,3993.0,1677.0,1532.0,35.0,tata,tigor xza plus,petrol,individual,automatic,first,pune,brown,fwd,795000
2013,78000,1582.0,126.0,5.0,4370.0,1700.0,1475.0,43.0,hyundai,verna fluidic 1.6 crdi sx,diesel,individual,manual,second,ahmedabad,white,fwd,459999
2018,51000,1968.0,190.0,5.0,4933.0,1874.0,1455.0,75.0,audi,a6 35 tdi matrix,diesel,individual,automatic,first,hyderabad,red,fwd,3400000
2018,34841,1591.0,122.0,5.0,4270.0,1780.0,1665.0,55.0,hyundai,creta e plus 1.6 petrol,petrol,individual,manual,first,hyderabad,white,fwd,1050000
2014,46000,1197.0,83.0,5.0,3995.0,1710.0,1505.0,45.0,hyundai,i20 magna 1.2,petrol,individual,manual,first,hyderabad,maroon,fwd,385000
2015,61000,1498.0,99.0,5.0,4440.0,1695.0,1495.0,40.0,honda,city s diesel,diesel,individual,manual,first,ranchi,grey,fwd,585000
2014,55000,1968.0,141.0,5.0,4456.0,1796.0,1416.0,50.0,audi,a3 35 tdi premium + sunroof,diesel,individual,automatic,first,mumbai,white,fwd,1650000
2020,58736,1197.0,83.0,5.0,3850.0,1695.0,1530.0,42.0,maruti suzuki,swift vxi [2014-2017],petrol,individual,manual,first,kollam,blue,fwd,625000
2019,34000,1462.0,103.0,5.0,4490.0,1730.0,1485.0,43.0,maruti suzuki,ciaz alpha hybrid 1.5 [2018-2020],petrol,individual,manual,first,delhi,blue,fwd,910000
2018,47000,2179.0,153.0,7.0,4585.0,1890.0,1785.0,70.0,mahindra,xuv500 w11,diesel,individual,manual,first,ranchi,white,fwd,1275000
2017,47000,1197.0,82.0,5.0,3985.0,1734.0,1505.0,45.0,hyundai,elite i20 magna 1.2 [2016-2017],petrol,individual,manual,first,delhi,grey,fwd,585000
2017,79000,2498.0,105.0,7.0,3920.0,1710.0,1930.0,60.0,mahindra,thar crde 4x4 non ac,diesel,individual,manual,first,mysore,green,awd,1035000
2021,12020,1197.0,87.0,5.0,3995.0,1775.0,1505.0,37.0,hyundai,elite i20 asta 1.2 ivt,petrol,individual,automatic,first,mumbai,white,fwd,1075000
2020,7000,1493.0,113.0,5.0,4300.0,1790.0,1635.0,50.0,hyundai,creta sx 1.5 diesel [2020-2022],diesel,individual,manual,first,ahmedabad,white,fwd,1650000
2014,15000,1968.0,141.0,5.0,4701.0,1826.0,1427.0,63.0,audi,a4 2.0 tdi (143bhp),diesel,individual,automatic,first,delhi,red,fwd,1575000
2014,82000,1995.0,184.0,5.0,4648.0,1881.0,1661.0,67.0,bmw,x3 xdrive20d,diesel,individual,automatic,second,chandigarh,white,awd,1950000
2022,6000,1995.0,188.0,5.0,4936.0,1868.0,1479.0,65.0,bmw,5-series 520d luxury line [2017-2019],diesel,individual,automatic,first,mumbai,grey,rwd,6390000
2019,68000,1396.0,89.0,5.0,4270.0,1780.0,1630.0,60.0,hyundai,creta 1.4 s plus,diesel,individual,manual,first,bhopal,white,fwd,1080000
2017,24000,2967.0,245.0,7.0,5052.0,1968.0,1740.0,75.0,audi,q7 45 tdi premium plus,diesel,individual,automatic,first,gurgaon,white,awd,5500000
2020,56000,1493.0,99.0,5.0,3995.0,1770.0,1605.0,45.0,hyundai,venue sx (o) 1.5 crdi,diesel,individual,manual,first,jalandhar,blue,fwd,1080000
2015,25000,2179.0,138.0,7.0,4585.0,1890.0,1785.0,70.0,mahindra,xuv500 w6,diesel,corporate,manual,first,mumbai,grey,fwd,800000
2017,34000,1198.0,67.0,7.0,3995.0,1635.0,1490.0,35.0,datsun,go plus t,petrol,individual,manual,first,lucknow,brown,fwd,335000
2021,10700,998.0,118.0,5.0,3995.0,1770.0,1605.0,45.0,hyundai,venue sx 1.0 turbo imt,petrol,individual,manual,first,jaipur,white,fwd,1185000
2021,25000,1197.0,87.0,5.0,3995.0,1775.0,1505.0,37.0,hyundai,elite i20 sportz 1.2 ivt,petrol,individual,automatic,first,mumbai,white,fwd,894999
2019,54000,1199.0,89.0,5.0,3995.0,1695.0,1501.0,35.0,honda,amaze 1.2 s cvt petrol [2018-2020],petrol,individual,automatic,second,varanasi,white,fwd,650000
2014,75000,1396.0,90.0,5.0,3940.0,1710.0,1505.0,45.0,hyundai,i20 sportz 1.4 crdi,diesel,individual,manual,first,bangalore,maroon,,550000
2016,88000,1248.0,74.0,5.0,3995.0,1745.0,1500.0,37.0,maruti suzuki,baleno delta 1.3,diesel,individual,manual,first,kanpur,blue,fwd,550000
2016,139000,1968.0,174.0,5.0,4385.0,1831.0,1608.0,64.0,audi,q3 35 tdi premium + sunroof,diesel,individual,automatic,second,jaipur,white,awd,1650000
2022,1300,999.0,114.0,5.0,4225.0,1760.0,1612.0,50.0,skoda,kushaq style 1.0l tsi mt,petrol,individual,manual,first,mumbai,red,fwd,1600000
2019,20000,1591.0,121.0,5.0,4375.0,1700.0,1475.0,43.0,hyundai,verna 1.6 vtvt sx (o),petrol,individual,manual,first,delhi,black,fwd,1175000
2018,122000,2477.0,176.0,7.0,4695.0,1815.0,1840.0,70.0,mitsubishi,pajero select plus at,diesel,individual,automatic,first,kota,silver,rwd,1995000
2016,38000,1396.0,89.0,5.0,3985.0,1734.0,1505.0,45.0,hyundai,elite i20 sportz 1.4 crdi [2016-2017],diesel,individual,manual,first,patna,silver,fwd,575000
2021,18500,1956.0,169.0,5.0,4655.0,1835.0,1760.0,60.0,mg,hector sharp 2.0 diesel turbo mt,diesel,individual,manual,first,hyderabad,red,fwd,1975000
2022,27800,1493.0,113.0,5.0,4300.0,1790.0,1635.0,50.0,hyundai,creta sx (o) 1.5 diesel [2020-2022],diesel,individual,manual,first,gurgaon,white,fwd,1625000
2019,46027,1197.0,83.0,5.0,3850.0,1695.0,1530.0,42.0,maruti suzuki,swift vxi [2014-2017],petrol,individual,manual,first,hyderabad,blue,fwd,695000
2018,23148,1496.0,106.0,5.0,4425.0,1730.0,1495.0,42.0,toyota,yaris j cvt [2018-2020],petrol,individual,automatic,first,bangalore,red,fwd,875000
2017,28000,1798.0,177.0,5.0,4670.0,1814.0,1476.0,50.0,skoda,octavia 1.8 tsi style plus at [2017],petrol,individual,automatic,first,mumbai,grey,fwd,1495000
2019,11874,1197.0,82.0,5.0,3840.0,1735.0,1530.0,37.0,maruti suzuki,swift zxi amt [2018-2019],petrol,individual,automatic,first,pune,white,fwd,725000
2017,50000,1591.0,122.0,5.0,4270.0,1780.0,1630.0,60.0,hyundai,creta e plus 1.6 petrol,petrol,individual,manual,first,mumbai,silver,fwd,875000
2014,88000,1995.0,184.0,5.0,4899.0,2094.0,1464.0,,bmw,5-series 520d modern line,diesel,individual,automatic,third,bangalore,black,rwd,2250000
2016,75000,2198.0,158.0,7.0,4892.0,1860.0,1837.0,80.0,ford,endeavour trend 2.2 4x2 at,diesel,individual,automatic,second,mohali,white,rwd,2350000
2019,15500,1995.0,188.0,5.0,4633.0,1811.0,1429.0,57.0,bmw,3-series 320d prestige,diesel,individual,automatic,first,delhi,blue,rwd,2690000
2016,82445,1248.0,89.0,5.0,4490.0,1730.0,1485.0,43.0,maruti suzuki,ciaz vdi+ shvs,diesel,individual,manual,second,hyderabad,grey,fwd,695000
2014,75574,1497.0,117.0,5.0,4440.0,1695.0,1495.0,40.0,honda,city v,petrol,individual,manual,second,jaipur,others,fwd,600000
2015,64000,998.0,58.0,5.0,3599.0,1495.0,1700.0,35.0,maruti suzuki,wagon r lxi cng,cng,individual,manual,first,mumbai,silver,fwd,375000
2012,75000,1197.0,79.0,5.0,3585.0,1595.0,1550.0,35.0,hyundai,i10 sportz 1.2 kappa2,petrol,individual,manual,first,pune,white,fwd,315000
2019,14095,1499.0,109.0,5.0,3999.0,1765.0,1708.0,52.0,ford,ecosport trend 1.5 ti-vct,petrol,individual,manual,first,delhi,white,fwd,775000
2017,17000,1968.0,190.0,5.0,4933.0,1874.0,1455.0,75.0,audi,a6 35 tdi matrix,diesel,individual,automatic,first,delhi,white,fwd,3075000
2014,70000,1461.0,108.0,5.0,4315.0,1822.0,1695.0,50.0,renault,duster 110 ps rxz diesel,diesel,individual,manual,first,delhi,white,fwd,415000
2017,68000,1248.0,89.0,7.0,4296.0,1695.0,1685.0,45.0,maruti suzuki,ertiga zdi + shvs,diesel,individual,manual,first,delhi,grey,fwd,765000
2018,40000,1197.0,83.0,5.0,3850.0,1695.0,1530.0,42.0,maruti suzuki,swift vxi [2014-2017],petrol,individual,manual,second,patna,grey,fwd,520000
2015,39000,2993.0,271.0,5.0,5252.0,1899.0,1457.0,83.0,jaguar,xj 3.0 v6 portfolio,diesel,individual,automatic,first,delhi,black,rwd,3900000
2016,72000,1582.0,126.0,5.0,4270.0,1780.0,1630.0,60.0,hyundai,creta 1.6 sx,diesel,individual,manual,first,ahmedabad,red,fwd,850000
2016,39000,1248.0,89.0,7.0,4296.0,1695.0,1685.0,45.0,maruti suzuki,ertiga vdi shvs,diesel,individual,manual,first,hyderabad,blue,fwd,969999
2016,62000,1248.0,74.0,5.0,3995.0,1745.0,1500.0,37.0,maruti suzuki,baleno delta 1.3,diesel,individual,manual,first,ludhiana,blue,fwd,575000
2021,41086,1996.0,168.0,7.0,4903.0,1869.0,1837.0,80.0,ford,endeavour sport 2.0 4x4 at,diesel,individual,automatic,second,pune,white,awd,3900000
2013,65000,1995.0,188.0,5.0,4633.0,1811.0,1429.0,57.0,bmw,3-series 320d luxury line,diesel,individual,automatic,second,kolkata,black,rwd,1395000
2021,7900,999.0,114.0,5.0,4225.0,1760.0,1612.0,50.0,skoda,kushaq style 1.0l tsi at,petrol,individual,automatic,first,pune,silver,fwd,1625000
2021,22000,1493.0,113.0,5.0,3995.0,1790.0,1647.0,45.0,kia,sonet gtx plus 1.5 at [2020-2021],diesel,individual,automatic,first,mumbai,red,fwd,1499000
2018,73000,1968.0,141.0,5.0,4486.0,1839.0,1672.0,71.0,volkswagen,tiguan highline tdi,diesel,individual,automatic,second,coimbatore,white,awd,2050000
2016,55000,1798.0,177.0,5.0,4670.0,1814.0,1476.0,50.0,skoda,octavia 1.8 tsi style plus at [2017],petrol,individual,automatic,second,hyderabad,grey,fwd,1300000
2019,6900,1968.0,174.0,5.0,4861.0,1864.0,1483.0,66.0,skoda,superb l&k tdi at,diesel,individual,automatic,first,delhi,grey,fwd,3199000
2017,65000,1197.0,83.0,5.0,3850.0,1695.0,1530.0,42.0,maruti suzuki,swift lxi,petrol,individual,manual,first,kanpur,grey,fwd,450000
2015,48000,1498.0,99.0,7.0,4386.0,1683.0,1603.0,42.0,honda,mobilio rs diesel,diesel,individual,manual,first,mumbai,white,fwd,675000
2018,48000,796.0,47.0,5.0,3395.0,1490.0,1475.0,35.0,maruti suzuki,alto 800 lxi,petrol,individual,manual,second,kanpur,silver,fwd,280000
2018,18000,998.0,67.0,5.0,3599.0,1495.0,1700.0,35.0,maruti suzuki,wagon r lxi abs,petrol,individual,manual,first,delhi,grey,fwd,425000
2011,27000,6592.0,570.0,5.0,5569.0,1948.0,1550.0,82.5,rolls-royce,ghost extended wheelbase,petrol,individual,automatic,third,delhi,blue,rwd,20000000
2012,78000,2143.0,170.0,5.0,4596.0,1770.0,1447.0,66.0,mercedes-benz,c-class 220 blueefficiency,diesel,individual,automatic,first,mohali,white,rwd,1250000
2014,87938,2199.0,194.0,7.0,4690.0,1880.0,1690.0,64.0,hyundai,santa fe 2wd at [2014-2017],diesel,individual,automatic,second,bangalore,white,awd,1175000
2019,43000,1086.0,58.0,5.0,3610.0,1645.0,1560.0,60.0,hyundai,santro sportz cng [2018-2020],cng,individual,manual,first,mumbai,silver,fwd,545000
2008,95200,2148.0,170.0,5.0,4581.0,1770.0,1447.0,66.0,mercedes-benz,c-class 220 cdi elegance at,diesel,corporate,automatic,first,mumbai,grey,rwd,495000
2016,26000,1197.0,83.0,5.0,3995.0,1695.0,1555.0,42.0,maruti suzuki,swift dzire vxi,petrol,individual,manual,first,delhi,white,fwd,500000
2015,70000,998.0,67.0,5.0,3600.0,1600.0,1560.0,35.0,maruti suzuki,celerio vxi amt,petrol,individual,automatic,first,ahmedabad,white,fwd,390000
2019,31000,998.0,58.0,5.0,3655.0,1620.0,1675.0,60.0,maruti suzuki,wagon r lxi 1.0 cng [2019-2020],cng,individual,manual,first,delhi,grey,fwd,575000
2014,103000,1995.0,184.0,5.0,4624.0,2031.0,1429.0,,bmw,3-series 320d luxury line [2014-2016],diesel,individual,automatic,second,lucknow,black,rwd,2100000
2012,54556,1197.0,79.0,5.0,3585.0,1595.0,1550.0,35.0,hyundai,i10 magna 1.2 kappa2,petrol,individual,manual,first,lucknow,white,fwd,250000
2019,74000,1197.0,89.0,5.0,3995.0,1735.0,1515.0,37.0,maruti suzuki,dzire vxi,petrol,individual,manual,first,pune,blue,fwd,685000
2016,64000,799.0,53.0,5.0,3679.0,1579.0,1478.0,28.0,renault,kwid rxt [2015-2019],petrol,individual,manual,first,mohali,silver,fwd,320000
2016,85000,1598.0,118.0,5.0,4300.0,1765.0,1590.0,48.0,maruti suzuki,s-cross delta 1.6,diesel,individual,manual,second,karnal,white,fwd,620000
2018,54000,1197.0,83.0,5.0,3850.0,1695.0,1530.0,42.0,maruti suzuki,swift vxi [2014-2017],petrol,individual,manual,first,mohali,white,fwd,600000
2019,57000,1368.0,160.0,5.0,4395.0,1818.0,1640.0,60.0,jeep,compass longitude (o) 1.4 petrol at [2019-2020],petrol,individual,automatic,first,hyderabad,silver,fwd,1750000
2018,38000,1999.0,177.0,7.0,4600.0,2173.0,1690.0,65.0,land rover,discovery sport se,diesel,individual,automatic,first,thane,white,awd,4950000
2015,68566,1582.0,126.0,5.0,4270.0,1780.0,1630.0,60.0,hyundai,creta 1.6 sx plus at,diesel,individual,automatic,first,ahmedabad,white,fwd,1015000
2009,68195,1794.0,132.0,5.0,4540.0,1760.0,1480.0,55.0,toyota,corolla altis 1.8 g,petrol,individual,manual,first,ahmedabad,white,fwd,390000
2017,57000,1373.0,91.0,5.0,4490.0,1730.0,1485.0,43.0,maruti suzuki,ciaz delta 1.4 mt,petrol,individual,manual,first,delhi,white,fwd,755000
2021,45000,1353.0,138.0,5.0,4300.0,1790.0,1635.0,50.0,hyundai,creta sx (o) 1.4 turbo 7 dct dual tone [2022-2022],petrol,individual,automatic,first,delhi,white,fwd,1825000
2014,60116,998.0,67.0,5.0,3600.0,1600.0,1560.0,35.0,maruti suzuki,celerio vxi amt,petrol,individual,automatic,first,bangalore,grey,fwd,416000
2010,82202,1248.0,75.0,5.0,4160.0,1690.0,1530.0,43.0,maruti suzuki,swift dzire zdi bs-iv,diesel,individual,manual,second,jalandhar,white,fwd,325000
2008,51000,1061.0,67.0,5.0,3520.0,1475.0,1690.0,35.0,maruti suzuki,wagon r lxi minor,petrol,individual,manual,second,coimbatore,gold,fwd,218000
2018,24000,2143.0,134.0,5.0,4630.0,1777.0,1432.0,,mercedes-benz,cla 200 cdi sport,diesel,individual,automatic,first,mumbai,red,fwd,2800000
2017,86000,1248.0,89.0,5.0,4490.0,1730.0,1485.0,43.0,maruti suzuki,ciaz vdi (o) shvs,diesel,individual,manual,first,lucknow,white,fwd,650000
2018,41000,1498.0,99.0,5.0,3999.0,1734.0,1601.0,40.0,honda,wr-v s mt diesel,diesel,individual,manual,first,raipur,silver,fwd,790000
2015,76000,1498.0,99.0,5.0,4440.0,1695.0,1495.0,40.0,honda,city sv diesel,diesel,individual,manual,first,agra,red,fwd,540000
2011,120000,1248.0,74.0,5.0,3850.0,1695.0,1530.0,42.0,maruti suzuki,swift vdi,diesel,individual,manual,first,hyderabad,silver,fwd,375000
2021,12500,1998.0,189.0,5.0,4447.0,1821.0,1598.0,51.0,bmw,x1 sdrive20i xline,petrol,individual,automatic,first,delhi,white,fwd,3990000
2018,6300,1988.0,295.0,2.0,4379.0,1801.0,1281.0,54.0,porsche,718 boxster,petrol,corporate,automatic,first,hyderabad,grey,rwd,10900000
2009,114000,1298.0,87.0,5.0,4160.0,1690.0,1530.0,43.0,maruti suzuki,swift dzire vxi,petrol,individual,manual,first,mumbai,gold,fwd,245000
2015,25862,998.0,67.0,5.0,3600.0,1600.0,1560.0,35.0,maruti suzuki,celerio lxi,petrol,individual,manual,first,kolkata,blue,fwd,260000
2018,35000,,,7.0,4697.0,1882.0,1665.0,63.0,skoda,kodiaq style 2.0 tdi 4x4 at,diesel,individual,automatic,first,pune,white,,3200000
2010,72000,1399.0,69.0,5.0,3795.0,1680.0,1427.0,45.0,ford,figo duratorq diesel titanium 1.4,diesel,individual,manual,first,hyderabad,white,fwd,240000
2015,90000,1582.0,126.0,5.0,4270.0,1780.0,1630.0,60.0,hyundai,creta 1.6 sx plus special edition,diesel,individual,manual,first,lucknow,silver,fwd,800000
2016,38000,1497.0,117.0,5.0,4440.0,1695.0,1495.0,40.0,honda,city v,petrol,individual,manual,first,gurgaon,silver,fwd,745000
2021,7000,1950.0,192.0,5.0,5063.0,1860.0,1494.0,80.0,mercedes-benz,e-class e 220d exclusive [2019-2019],diesel,individual,automatic,first,mumbai,grey,rwd,7390000
2017,83985,2993.0,258.0,5.0,4886.0,1938.0,1762.0,,bmw,x5 xdrive 30d m sport,diesel,individual,automatic,second,pune,white,awd,5900000
2019,74237,1199.0,89.0,5.0,3995.0,1695.0,1501.0,35.0,honda,amaze 1.2 s mt petrol [2018-2020],petrol,individual,manual,first,nashik,white,fwd,675000
2018,53000,1995.0,184.0,5.0,4454.0,2044.0,1545.0,63.0,bmw,x1 sdrive20d xline,diesel,individual,automatic,second,delhi,blue,rwd,2650000
2016,52303,796.0,47.0,5.0,3395.0,1490.0,1475.0,35.0,maruti suzuki,alto 800 lxi,petrol,commercial registration,manual,first,bhopal,grey,fwd,340000
2019,42356,1197.0,83.0,5.0,3995.0,1745.0,1500.0,37.0,maruti suzuki,baleno alpha 1.2,petrol,individual,manual,first,varanasi,red,fwd,620000
2013,84000,1248.0,89.0,5.0,4490.0,1735.0,1560.0,50.0,maruti suzuki,sx4 zdi,diesel,individual,manual,first,delhi,white,fwd,297000
2016,114000,1364.0,67.0,5.0,3775.0,1695.0,1510.0,45.0,toyota,etios liva gd,diesel,individual,manual,first,ambala cantt,grey,fwd,500000
2019,26894,1591.0,121.0,5.0,4440.0,1729.0,1475.0,45.0,hyundai,verna sx plus 1.6 vtvt at,petrol,individual,automatic,first,hyderabad,black,fwd,1149000
2017,70000,2143.0,168.0,5.0,4686.0,1810.0,1442.0,66.0,mercedes-benz,c-class c 220 cdi avantgarde,diesel,individual,automatic,second,pune,brown,rwd,2650000
2012,98352,2982.0,169.0,7.0,4705.0,1840.0,1850.0,80.0,toyota,fortuner 3.0 4x2 mt,diesel,individual,manual,first,patna,white,rwd,1375000
2009,107000,1086.0,67.0,5.0,3565.0,1595.0,1550.0,35.0,hyundai,i10 magna,petrol,individual,manual,third,coimbatore,grey,fwd,235000
2014,68000,1995.0,217.0,5.0,4899.0,2094.0,1464.0,,bmw,5-series 525d luxury plus,diesel,individual,automatic,first,pune,blue,rwd,2280000
2017,52000,2755.0,174.0,7.0,4795.0,1855.0,1835.0,80.0,toyota,fortuner 2.8 4x2 at [2016-2020],diesel,individual,automatic,first,mumbai,white,rwd,3090000
2017,31059,2494.0,202.0,5.0,4915.0,1820.0,1450.0,65.0,lexus,es 300h,petrol,individual,automatic,first,bangalore,brown,rwd,4375000
2017,114000,1598.0,118.0,5.0,4300.0,1765.0,1590.0,48.0,maruti suzuki,s-cross alpha 1.6,diesel,individual,manual,first,faridabad,grey,fwd,749000
2017,35000,2993.0,258.0,7.0,4886.0,1938.0,1762.0,,bmw,x5 xdrive 30d expedition,diesel,individual,automatic,first,delhi,black,awd,4800000
2017,44000,1493.0,100.0,7.0,3995.0,1835.0,1839.0,60.0,mahindra,tuv300 t10,diesel,individual,manual,first,mumbai,white,rwd,785000
2017,72000,1396.0,89.0,5.0,3995.0,1760.0,1555.0,45.0,hyundai,i20 active 1.4 s,diesel,individual,manual,first,chennai,maroon,fwd,750000
2019,8000,1950.0,192.0,5.0,4686.0,1810.0,1442.0,66.0,mercedes-benz,c-class c 220d progressive [2018-2019],diesel,individual,automatic,first,delhi,blue,rwd,4150000
2014,54000,998.0,67.0,5.0,3620.0,1475.0,1460.0,35.0,maruti suzuki,alto vxi,petrol,individual,manual,first,mohali,white,fwd,320000
2015,99000,2143.0,134.0,5.0,4417.0,1804.0,1494.0,50.0,mercedes-benz,gla 200 cdi style,diesel,individual,automatic,second,chennai,white,fwd,1750000
2019,88000,1493.0,100.0,7.0,3995.0,1795.0,1817.0,60.0,mahindra,tuv300 t10,diesel,individual,manual,first,hyderabad,white,rwd,944999
2020,11000,2993.0,244.0,4.0,5199.0,2220.0,1840.0,105.0,land rover,range rover 3.0 v6 diesel vogue lwb,diesel,individual,automatic,second,hyderabad,white,awd,27500000
2021,19000,1996.0,168.0,7.0,4903.0,1869.0,1837.0,80.0,ford,endeavour sport 2.0 4x4 at,diesel,individual,automatic,first,hyderabad,white,awd,4100000
2021,33000,1451.0,141.0,5.0,4655.0,1835.0,1760.0,60.0,mg,hector sharp 1.5 dct petrol dual tone,petrol,individual,automatic,first,ahmedabad,black,fwd,1750000
2018,44153,1248.0,89.0,7.0,4395.0,1735.0,1690.0,45.0,maruti suzuki,ertiga vdi 1.3 diesel,diesel,individual,manual,first,patna,white,fwd,811000
2020,32368,2179.0,188.0,7.0,4600.0,2069.0,1724.0,65.0,land rover,discovery sport hse luxury 7-seater,diesel,individual,automatic,first,chennai,white,awd,6900000
2016,42000,1582.0,126.0,5.0,4375.0,1700.0,1475.0,43.0,hyundai,verna 1.6 crdi sx,diesel,individual,manual,first,ludhiana,white,fwd,725000
2020,56000,1999.0,177.0,5.0,5067.0,2091.0,1457.0,66.0,jaguar,xf portfolio diesel,diesel,individual,automatic,first,chennai,blue,rwd,4600000
2020,10000,,,5.0,3993.0,1811.0,1606.0,,tata,nexon ev xz plus,electric,individual,automatic,first,mumbai,blue,fwd,1485000
2019,63000,2993.0,244.0,5.0,4999.0,2220.0,1835.0,105.0,land rover,range rover 3.0 v6 diesel vogue,diesel,individual,automatic,first,bangalore,black,awd,19300000
2017,49422,1197.0,81.0,5.0,3765.0,1660.0,1520.0,43.0,hyundai,grand i10 asta at 1.2 kappa vtvt (o) [2016-2017],petrol,individual,automatic,first,pune,silver,fwd,650000
2021,19000,1451.0,141.0,6.0,4720.0,1835.0,1760.0,60.0,mg,hector plus smart 1.5 dct petrol,petrol,corporate,automatic,first,mumbai,silver,fwd,1925000
2015,75258,1497.0,117.0,5.0,4440.0,1695.0,1495.0,40.0,honda,city sv cvt,petrol,individual,automatic,first,mumbai,white,fwd,590000
2019,46000,1086.0,58.0,5.0,3610.0,1645.0,1560.0,60.0,hyundai,santro sportz cng [2018-2020],cng,individual,manual,first,agra,silver,fwd,495000
2016,68921,1248.0,74.0,5.0,3995.0,1745.0,1500.0,37.0,maruti suzuki,baleno zeta 1.3,diesel,individual,manual,first,hyderabad,red,fwd,695000
2018,79800,1582.0,126.0,5.0,4375.0,1700.0,1475.0,43.0,hyundai,verna 1.6 crdi sx,diesel,individual,manual,first,karnal,grey,fwd,799000
2013,53000,1198.0,74.0,5.0,3970.0,1682.0,1453.0,45.0,volkswagen,polo highline1.2l (p),petrol,individual,manual,second,meerut,red,fwd,325000
2018,59000,2179.0,120.0,7.0,4456.0,1820.0,1995.0,60.0,mahindra,scorpio s5 2wd 7 str,diesel,individual,manual,first,patna,white,rwd,1190000
2017,30000,2993.0,225.0,5.0,5255.0,2105.0,1460.0,77.0,jaguar,xj 3.0 portfolio,diesel,individual,automatic,first,pune,white,rwd,5800000
2009,65000,796.0,47.0,5.0,3495.0,1475.0,1460.0,35.0,maruti suzuki,alto lxi bs-iii,petrol,individual,manual,third,yamunanagar,silver,,140000
2021,58000,1197.0,83.0,5.0,3995.0,1745.0,1500.0,37.0,maruti suzuki,baleno zeta 1.2,petrol,individual,manual,first,varanasi,white,fwd,750000
2014,94000,2997.0,254.0,5.0,4804.0,2141.0,1796.0,70.0,mercedes-benz,m-class ml 350 cdi,diesel,individual,automatic,first,mumbai,white,awd,2600000
2017,45000,796.0,48.0,5.0,3395.0,1490.0,1475.0,35.0,maruti suzuki,alto 800 lx cng,cng,individual,manual,first,pune,silver,fwd,299000
2018,62152,2755.0,174.0,7.0,4795.0,1855.0,1835.0,80.0,toyota,fortuner 2.8 4x4 at [2016-2020],diesel,individual,automatic,first,mumbai,silver,awd,3470000
2019,28000,998.0,118.0,5.0,3995.0,1770.0,1605.0,45.0,hyundai,venue sx plus 1.0 turbo dct,petrol,individual,automatic,first,chennai,blue,fwd,1075000
2019,15000,1197.0,81.0,5.0,3765.0,1660.0,1520.0,43.0,hyundai,grand i10 magna at 1.2 kappa vtvt,petrol,individual,automatic,first,chandigarh,silver,fwd,650000
2014,53610,1198.0,87.0,5.0,3990.0,1680.0,1505.0,35.0,honda,amaze 1.2 s i-vtec,petrol,individual,manual,second,gurgaon,white,fwd,425000
2014,75000,1461.0,84.0,5.0,4331.0,1822.0,1671.0,50.0,nissan,terrano xl d plus,diesel,individual,manual,first,delhi,white,fwd,445000
2022,16000,1462.0,103.0,6.0,4445.0,1775.0,1700.0,45.0,maruti suzuki,xl6 zeta mt petrol,petrol,individual,manual,first,delhi,grey,fwd,1225000
2015,60000,1968.0,141.0,5.0,4456.0,1796.0,1416.0,50.0,audi,a3 35 tdi premium + sunroof,diesel,individual,automatic,first,delhi,black,fwd,1350000
2011,101923,,,,,,,,volkswagen,polo trendline 1.2l (p),petrol,individual,manual,second,bangalore,white,,345000
2014,45000,2143.0,170.0,5.0,4596.0,1770.0,1447.0,66.0,mercedes-benz,c-class 220 blueefficiency,diesel,individual,automatic,first,ranchi,white,rwd,1450000
2017,120000,2755.0,174.0,7.0,4795.0,1855.0,1835.0,80.0,toyota,fortuner 2.8 4x4 at [2016-2020],diesel,individual,automatic,first,faridabad,white,awd,2749000
2009,56400,1086.0,62.0,5.0,3565.0,1525.0,1590.0,35.0,hyundai,santro gls,petrol,individual,manual,third,jamshedpur,silver,fwd,141000
2017,70000,1582.0,126.0,5.0,4270.0,1780.0,1630.0,60.0,hyundai,creta 1.6 s plus at,diesel,individual,automatic,first,bangalore,white,fwd,1375000
2016,82567,2393.0,148.0,7.0,4735.0,1830.0,1795.0,55.0,toyota,innova 2.4 g 7 str [2016-2017],diesel,individual,manual,first,bangalore,white,rwd,1825000
2015,32000,2967.0,247.0,4.0,5265.0,1949.0,1471.0,90.0,audi,a8 3.0 tdi quattro,diesel,individual,automatic,first,hyderabad,blue,awd,4900000
2015,68244,1498.0,98.0,5.0,3955.0,1694.0,1544.0,40.0,honda,jazz v diesel,diesel,individual,manual,second,indore,silver,fwd,525000
2014,25000,2967.0,241.0,6.0,5089.0,1983.0,1737.0,100.0,audi,q7 3.0 tdi quattro premium,diesel,individual,automatic,second,chennai,brown,awd,3300000
2018,34000,814.0,55.0,5.0,3495.0,1550.0,1500.0,32.0,hyundai,eon magna +,petrol,individual,manual,first,hyderabad,red,fwd,405000
2017,36000,1968.0,184.0,5.0,4385.0,1831.0,1608.0,64.0,audi,q3 35 tdi quattro premium plus,diesel,individual,automatic,first,delhi,blue,awd,2550000
2019,36000,1497.0,117.0,5.0,4440.0,1695.0,1495.0,40.0,honda,city sv,petrol,individual,manual,first,pune,bronze,fwd,875000
2014,68005,1197.0,85.0,5.0,3850.0,1695.0,1530.0,42.0,maruti suzuki,swift vxi,petrol,individual,manual,first,ranchi,white,fwd,355000
2018,74797,1498.0,99.0,5.0,3998.0,1765.0,1647.0,52.0,ford,ecosport titanium 1.5l tdci,diesel,individual,manual,first,udupi,white,fwd,925000
2021,12000,1999.0,177.0,5.0,4360.0,2120.0,1635.0,57.0,land rover,evoque se dynamic,diesel,individual,automatic,first,hyderabad,white,awd,6500000
2019,31000,1197.0,82.0,5.0,3985.0,1734.0,1505.0,45.0,hyundai,elite i20 magna 1.2 [2016-2017],petrol,individual,manual,first,kanpur,white,fwd,625000
2020,7520,999.0,67.0,5.0,3429.0,1560.0,1541.0,28.0,datsun,redigo t(o) 1.0,petrol,individual,manual,first,bangalore,red,fwd,425000
2015,58078,1197.0,81.0,5.0,3765.0,1660.0,1520.0,43.0,hyundai,grand i10 magna 1.2 kappa vtvt [2016-2017],petrol,individual,manual,second,mysore,silver,fwd,550000
2014,79081,1598.0,103.0,5.0,4384.0,1699.0,1466.0,55.0,volkswagen,vento comfortline diesel,diesel,individual,manual,first,delhi,grey,fwd,434999
2018,28000,2987.0,255.0,5.0,4819.0,2141.0,1796.0,93.0,mercedes-benz,gle 350 d,diesel,individual,automatic,first,delhi,white,awd,5900000
2017,72000,2143.0,168.0,5.0,4656.0,1890.0,1639.0,66.0,mercedes-benz,glc 220 d progressive,diesel,individual,automatic,first,faridabad,white,awd,3500000
2022,23000,1353.0,138.0,5.0,4300.0,1790.0,1635.0,50.0,hyundai,creta sx (o) 1.4 turbo 7 dct dual tone [2022-2022],petrol,individual,automatic,first,delhi,white,fwd,1750000
2012,74000,1991.0,150.0,7.0,4660.0,1870.0,1755.0,65.0,chevrolet,captiva ltz awd at,diesel,individual,automatic,first,mohali,white,,475000
2015,11628,1197.0,81.0,5.0,3995.0,1660.0,1520.0,43.0,hyundai,xcent s 1.2 (o),petrol,individual,manual,first,kolkata,black,fwd,425000
2017,81323,1498.0,99.0,5.0,3998.0,1765.0,1647.0,52.0,ford,ecosport titanium + 1.5l tdci,diesel,individual,manual,first,hyderabad,silver,fwd,675000
2016,50000,1248.0,89.0,5.0,3995.0,1790.0,1640.0,48.0,maruti suzuki,vitara brezza ldi (o) [2016-2018],diesel,individual,manual,first,mohali,grey,fwd,675000
2016,145000,2393.0,148.0,7.0,4735.0,1830.0,1795.0,55.0,toyota,innova 2.4 zx 7 str [2016-2020],diesel,individual,manual,first,lucknow,white,rwd,1725000
2017,48000,1798.0,178.0,5.0,4456.0,1796.0,1416.0,50.0,audi,a3 40 tfsi premium,petrol,individual,automatic,first,delhi,white,fwd,1760000
2017,80000,1248.0,89.0,5.0,3995.0,1790.0,1640.0,48.0,maruti suzuki,vitara brezza zdi+ dual tone [2017-2018],diesel,individual,manual,first,kanpur,yellow,fwd,730000
2011,28513,1197.0,85.0,5.0,3850.0,1695.0,1530.0,42.0,maruti suzuki,swift lxi,petrol,individual,manual,first,ahmedabad,others,fwd,301000
2011,42000,998.0,46.0,5.0,3595.0,1475.0,1700.0,28.0,maruti suzuki,wagon r lxi lpg,lpg,individual,manual,second,bhopal,white,fwd,275000
2013,87000,1399.0,68.0,5.0,3795.0,1680.0,1427.0,45.0,ford,figo duratorq diesel zxi 1.4,diesel,individual,manual,first,mohali,grey,fwd,225000
2012,55700,814.0,56.0,5.0,3495.0,1550.0,1500.0,32.0,hyundai,eon magna [2011-2012],petrol,individual,manual,second,jamshedpur,silver,,185000
2017,45600,796.0,47.0,5.0,3395.0,1490.0,1475.0,35.0,maruti suzuki,alto 800 lxi,petrol,individual,manual,first,jamshedpur,white,fwd,285000
2013,78000,1598.0,103.0,5.0,4384.0,1699.0,1466.0,55.0,volkswagen,vento highline diesel,diesel,individual,manual,second,dehradun,white,fwd,350000
2012,55000,6592.0,570.0,5.0,5569.0,1948.0,1550.0,82.5,rolls-royce,ghost extended wheelbase,petrol,individual,automatic,third,chennai,white,rwd,20000000
2021,3000,2925.0,326.0,7.0,5207.0,2157.0,1823.0,90.0,mercedes-benz,gls 400d 4matic,diesel,individual,automatic,first,delhi,white,awd,12900000
2017,52458,1798.0,177.0,5.0,4861.0,1864.0,1483.0,66.0,skoda,superb style tsi at,petrol,individual,automatic,first,mumbai,black,fwd,1650000
2017,30000,796.0,47.0,5.0,3395.0,1490.0,1475.0,35.0,maruti suzuki,alto 800 lxi cng,cng,individual,manual,first,kanpur,white,fwd,265000
2017,46992,1199.0,84.0,5.0,3746.0,1647.0,1535.0,35.0,tata,tiago revotron xe [2016-2019],petrol,individual,manual,first,gurgaon,white,fwd,395000
2016,54440,1199.0,89.0,5.0,3955.0,1694.0,1544.0,40.0,honda,jazz v petrol,petrol,individual,manual,first,mumbai,silver,fwd,500000
2019,32000,2157.0,178.0,7.0,4850.0,1960.0,1845.0,70.0,mahindra,alturas g4 4wd at [2018-2020],diesel,individual,automatic,first,faridabad,black,awd,2770000
2015,103000,2143.0,203.0,5.0,4804.0,2141.0,1796.0,70.0,mercedes-benz,m-class ml 250 cdi,diesel,individual,automatic,first,mumbai,white,awd,2450000
2020,28600,1798.0,170.0,5.0,4701.0,1826.0,1427.0,63.0,audi,a4 1.8 tfsi multitronic premium plus,petrol,individual,automatic,first,lucknow,white,fwd,3125000
2020,72000,2199.0,197.0,7.0,5115.0,1985.0,1755.0,60.0,kia,carnival limousine plus 7 str,diesel,individual,automatic,first,chandigarh,white,fwd,2950000
2016,64906,1248.0,89.0,7.0,4296.0,1695.0,1685.0,45.0,maruti suzuki,ertiga vdi shvs,diesel,individual,manual,first,varanasi,grey,fwd,620000
2016,79000,2143.0,168.0,5.0,4417.0,1804.0,1494.0,50.0,mercedes-benz,gla 220 d activity edition,diesel,individual,automatic,first,chennai,red,awd,2250000
2017,64000,1373.0,91.0,5.0,4490.0,1730.0,1485.0,43.0,maruti suzuki,ciaz delta 1.4 mt,petrol,individual,manual,first,ranchi,brown,fwd,565000
2018,56000,1197.0,81.0,5.0,3765.0,1660.0,1520.0,43.0,hyundai,grand i10 asta 1.2 kappa vtvt [2013-2016],petrol,individual,manual,first,hyderabad,grey,fwd,550000
2007,85000,1086.0,63.0,5.0,3565.0,1525.0,1590.0,35.0,hyundai,santro xo erlx - euro iii,petrol,individual,manual,second,coimbatore,silver,,178000
2022,12000,2179.0,137.0,7.0,4456.0,1820.0,1995.0,60.0,mahindra,scorpio s5,diesel,individual,manual,first,delhi,white,rwd,1550000
2018,67900,1248.0,89.0,5.0,3995.0,1790.0,1640.0,48.0,maruti suzuki,vitara brezza ldi (o) [2016-2018],diesel,individual,manual,first,mumbai,red,fwd,711000
2018,48144,1199.0,84.0,5.0,3992.0,1677.0,1537.0,35.0,tata,tigor revotron xm,petrol,individual,manual,first,kolkata,grey,fwd,375000
2021,7100,1995.0,184.0,5.0,4454.0,2044.0,1545.0,63.0,bmw,x1 sdrive20d xline,diesel,individual,automatic,first,chennai,orange,rwd,4475000
2022,9000,1984.0,248.0,5.0,4696.0,1923.0,1624.0,65.0,porsche,macan base [2019-2020],petrol,individual,automatic,first,gurgaon,blue,awd,9100000
2016,64000,998.0,67.0,5.0,3545.0,1490.0,1475.0,35.0,maruti suzuki,alto vxi [2014-2019],petrol,individual,manual,first,ranchi,silver,fwd,245000
2016,38000,1498.0,99.0,5.0,4440.0,1695.0,1495.0,40.0,honda,city v diesel,diesel,individual,manual,first,patna,brown,fwd,690000
2016,65321,2494.0,101.0,8.0,4585.0,1765.0,1760.0,55.0,toyota,innova 2.5 g bs iv 8 str,diesel,individual,manual,first,patna,white,rwd,944999
2014,80000,1595.0,121.0,4.0,4292.0,1780.0,1433.0,50.0,mercedes-benz,a-class a 180 sport petrol,petrol,individual,automatic,third,bangalore,white,fwd,1350000
2018,37093,1248.0,89.0,5.0,3995.0,1790.0,1640.0,48.0,maruti suzuki,vitara brezza zdi,diesel,individual,manual,first,jalandhar,red,fwd,850000
2021,37230,999.0,109.0,5.0,4390.0,1699.0,1467.0,55.0,volkswagen,vento highline 1.0l tsi,petrol,individual,manual,first,hyderabad,grey,fwd,1200000
2014,76116,998.0,67.0,5.0,3600.0,1600.0,1560.0,35.0,maruti suzuki,celerio vxi amt,petrol,individual,automatic,first,mumbai,red,fwd,329000
2010,83359,1799.0,130.0,5.0,4545.0,1750.0,1450.0,50.0,honda,civic 1.8v mt,petrol,individual,manual,first,mumbai,white,fwd,300000
2013,30000,,,,,,,,audi,a4 2.0 tdi technology,diesel,individual,automatic,second,delhi,silver,,1150000
2018,38000,2993.0,258.0,5.0,4899.0,2094.0,1464.0,65.0,bmw,5-series 530d m sport [2013-2017],diesel,individual,automatic,first,ahmedabad,blue,rwd,4900000
2019,28000,1086.0,58.0,5.0,3610.0,1645.0,1560.0,60.0,hyundai,santro sportz cng [2018-2020],cng,individual,manual,first,delhi,white,fwd,465000
2018,14120,1798.0,177.0,5.0,4861.0,1864.0,1483.0,66.0,skoda,superb l&k tsi at,petrol,individual,automatic,first,pune,brown,fwd,2350000
2014,25000,814.0,55.0,5.0,3495.0,1550.0,1500.0,32.0,hyundai,eon d-lite +,petrol,individual,manual,first,meerut,white,fwd,250000
2020,28584,1451.0,141.0,6.0,4720.0,1835.0,1760.0,60.0,mg,hector plus sharp 1.5 dct petrol,petrol,individual,automatic,first,hyderabad,black,fwd,1950000
2015,87000,2993.0,258.0,7.0,4886.0,1938.0,1762.0,,bmw,x5 xdrive 30d,diesel,individual,automatic,first,mohali,blue,awd,2975000
2017,50000,1999.0,177.0,5.0,4360.0,2120.0,1635.0,57.0,land rover,evoque hse,diesel,individual,automatic,first,mumbai,white,awd,3800000
2017,63200,998.0,58.0,4.0,3545.0,1490.0,1475.0,60.0,maruti suzuki,alto lxi cng [2014-2018],cng,individual,manual,first,pimpri-chinchwad,grey,fwd,330000
2014,55000,1197.0,81.0,5.0,3765.0,1660.0,1520.0,43.0,hyundai,grand i10 asta 1.2 kappa vtvt [2013-2016],petrol,individual,manual,first,delhi,silver,fwd,409999
2019,71569,1498.0,99.0,5.0,3886.0,1695.0,1525.0,40.0,ford,figo titanium1.5 tdci,diesel,individual,manual,first,lucknow,white,fwd,575000
2012,41200,1197.0,79.0,5.0,3585.0,1595.0,1550.0,35.0,hyundai,i10 magna 1.2 kappa2,petrol,individual,manual,first,mumbai,silver,fwd,270000
2013,117000,2179.0,120.0,8.0,4430.0,1817.0,1975.0,60.0,mahindra,scorpio sle bs-iv,diesel,individual,manual,first,kanpur,white,rwd,434999
2014,65000,1197.0,85.0,5.0,3995.0,1695.0,1555.0,42.0,maruti suzuki,swift dzire vxi,petrol,individual,manual,second,ahmedabad,white,fwd,465000
2022,33000,1995.0,190.0,5.0,4657.0,1881.0,1678.0,67.0,bmw,x3 xdrive 20d luxury line [2018-2020],diesel,individual,automatic,first,chennai,white,awd,6800000
2011,21000,1197.0,79.0,5.0,3585.0,1595.0,1550.0,35.0,hyundai,i10 magna 1.2 kappa2,petrol,individual,manual,first,hyderabad,red,fwd,350000
2020,23000,998.0,118.0,5.0,3995.0,1770.0,1605.0,45.0,hyundai,venue sx 1.0 turbo imt,petrol,individual,manual,first,haldwani,brown,fwd,900000
2016,26357,1197.0,83.0,5.0,3850.0,1695.0,1530.0,42.0,maruti suzuki,swift lxi,petrol,individual,manual,first,bangalore,grey,fwd,595000
2018,33500,1591.0,122.0,5.0,4270.0,1780.0,1630.0,60.0,hyundai,creta 1.6 sx plus at petrol,petrol,individual,automatic,first,mumbai,white,fwd,1260000
2020,5923,1248.0,74.0,5.0,3995.0,1706.0,1570.0,44.0,tata,zest xe 75 ps diesel,diesel,commercial registration,manual,first,ranchi,white,fwd,530000
2015,72000,1248.0,89.0,7.0,4265.0,1695.0,1685.0,45.0,maruti suzuki,ertiga vdi,diesel,individual,manual,first,agra,silver,fwd,599000
2018,54154,2179.0,153.0,7.0,4585.0,1890.0,1785.0,70.0,mahindra,xuv500 w11 at,diesel,individual,automatic,second,lucknow,red,fwd,1595000
2017,14000,1984.0,150.0,5.0,4370.0,1783.0,1458.0,60.0,volvo,v40 d3 r-design,diesel,individual,automatic,first,delhi,blue,fwd,1798999
2021,35500,1197.0,83.0,5.0,3995.0,1745.0,1500.0,37.0,maruti suzuki,baleno delta 1.2,petrol,individual,manual,first,ranchi,white,fwd,636000
2018,63000,1396.0,89.0,5.0,4270.0,1780.0,1630.0,60.0,hyundai,creta e plus 1.4 crdi,diesel,individual,manual,first,delhi,white,fwd,950000
2017,52836,1598.0,118.0,5.0,4300.0,1765.0,1590.0,48.0,maruti suzuki,s-cross zeta 1.6,diesel,individual,manual,first,ahmedabad,blue,fwd,800000
2017,50000,998.0,67.0,5.0,3715.0,1635.0,1565.0,35.0,maruti suzuki,celerio x vxi amt [2017-2019],petrol,individual,automatic,first,dehradun,white,fwd,434000
2016,72114,1396.0,89.0,5.0,3985.0,1734.0,1505.0,45.0,hyundai,elite i20 sportz 1.4 crdi [2016-2017],diesel,individual,manual,first,jalandhar,white,fwd,625000
2015,72000,796.0,47.0,5.0,3395.0,1490.0,1475.0,35.0,maruti suzuki,alto 800 lxi cng,cng,individual,manual,second,faridabad,silver,fwd,245000
2019,24000,1991.0,181.0,5.0,4424.0,1804.0,1494.0,50.0,mercedes-benz,gla 200 sport,petrol,individual,automatic,first,delhi,red,fwd,3100000
2012,42000,1968.0,177.0,5.0,4915.0,1874.0,1455.0,65.0,audi,a6 2.0 tdi premium,diesel,individual,automatic,first,raipur,brown,fwd,1490000
2018,27600,2993.0,258.0,5.0,4899.0,2094.0,1464.0,65.0,bmw,5-series 530d m sport [2013-2017],diesel,individual,automatic,first,hyderabad,blue,rwd,6000000
2015,31000,998.0,67.0,5.0,3545.0,1490.0,1475.0,35.0,maruti suzuki,alto vxi [2014-2019],petrol,individual,manual,first,patna,white,fwd,295000
2018,32000,1196.0,73.0,7.0,3675.0,1475.0,1800.0,40.0,maruti suzuki,eeco 7 str [2019-2020],petrol,individual,manual,second,udupi,white,rwd,450000
2018,55000,2393.0,148.0,7.0,4735.0,1830.0,1795.0,55.0,toyota,innova 2.4 vx 7 str [2016-2020],diesel,individual,manual,first,pune,gold,rwd,1989999
2017,31059,2494.0,202.0,5.0,4915.0,1820.0,1450.0,65.0,lexus,es 300h,petrol,individual,automatic,first,bangalore,bronze,rwd,3900000
2016,72200,1498.0,99.0,5.0,4440.0,1695.0,1495.0,40.0,honda,city v diesel,diesel,individual,manual,first,kanpur,brown,fwd,635000
2013,72000,2179.0,138.0,7.0,4655.0,1965.0,1922.0,55.0,tata,safari 2.2 ex 4x2,diesel,individual,manual,second,ahmedabad,white,rwd,575000
2016,77000,1598.0,118.0,5.0,4300.0,1765.0,1590.0,48.0,maruti suzuki,s-cross alpha 1.6,diesel,individual,manual,first,delhi,silver,fwd,590000
2020,26497,1497.0,117.0,5.0,4440.0,1695.0,1495.0,40.0,honda,city vx,petrol,individual,manual,second,kolkata,white,fwd,1199000
2013,57000,1197.0,79.0,5.0,3585.0,1595.0,1550.0,35.0,hyundai,i10 asta 1.2 at kappa2 with sunroof,petrol,individual,automatic,first,kanpur,white,fwd,380000
2012,56000,,,,,,,,audi,a4 2.0 tdi sline,diesel,individual,automatic,second,delhi,white,,975000
2015,20100,998.0,67.0,5.0,3545.0,1490.0,1475.0,35.0,maruti suzuki,alto vxi amt [2014-2018],petrol,individual,automatic,first,pune,red,fwd,365000
2010,67000,1798.0,170.0,5.0,4701.0,1826.0,1427.0,63.0,audi,a4 1.8 tfsi multitronic premium plus,petrol,individual,automatic,second,dehradun,silver,fwd,1000000
2021,14500,2184.0,130.0,4.0,3985.0,1820.0,1844.0,57.0,mahindra,thar lx 4-str hard top diesel mt,diesel,individual,manual,first,hyderabad,grey,awd,1800000
2011,41000,,,,,,,,hyundai,i20 magna 1.2,petrol,individual,manual,first,delhi,red,,245000
2021,30000,1493.0,113.0,5.0,4315.0,1800.0,1645.0,50.0,kia,seltos htk plus at 1.5 diesel [2020-2021],diesel,individual,automatic,first,mohali,white,fwd,1275000
2020,19000,2996.0,385.0,4.0,4693.0,1810.0,1402.0,66.0,mercedes-benz,c-coupe 43 amg 4matic,petrol,individual,automatic,first,chennai,white,awd,7000000
2016,110000,1997.0,138.0,7.0,4585.0,1890.0,1785.0,70.0,mahindra,xuv500 w10 at 1.99,diesel,individual,automatic,first,ahmedabad,black,fwd,955000
2015,115339,1493.0,100.0,7.0,3995.0,1835.0,1839.0,60.0,mahindra,tuv300 t6 plus,diesel,individual,manual,second,ahmedabad,white,rwd,630000
2020,18000,1968.0,188.0,5.0,4663.0,1893.0,1659.0,70.0,audi,q5 40 tdi premium plus,diesel,individual,automatic,second,delhi,white,awd,4475000
2022,4500,2184.0,130.0,4.0,3985.0,1820.0,1844.0,57.0,mahindra,thar lx 4-str hard top diesel at,diesel,individual,automatic,first,ludhiana,black,awd,1950000
2011,56000,1995.0,217.0,5.0,4899.0,2094.0,1464.0,,bmw,5-series 525d sedan,diesel,individual,automatic,first,mumbai,grey,rwd,1295000
2017,49000,1591.0,122.0,5.0,4270.0,1780.0,1630.0,60.0,hyundai,creta e plus 1.6 petrol,petrol,individual,manual,first,pune,grey,fwd,890000
2022,7000,1950.0,192.0,5.0,4658.0,1890.0,1644.0,66.0,mercedes-benz,glc 220d 4matic progressive,diesel,individual,automatic,first,lucknow,blue,awd,6750000
2015,78362,1995.0,184.0,5.0,4624.0,2031.0,1429.0,60.0,bmw,3-series 320d sport line,diesel,individual,automatic,first,bangalore,red,rwd,2275000
2020,30000,2184.0,130.0,4.0,3985.0,1820.0,1855.0,57.0,mahindra,thar lx 4-str convertible diesel at,diesel,individual,automatic,first,bangalore,blue,awd,1864999
2015,59000,1396.0,89.0,5.0,3995.0,1760.0,1555.0,45.0,hyundai,i20 active 1.4 sx,diesel,individual,manual,first,agra,silver,fwd,540000
2018,49000,1995.0,184.0,5.0,4454.0,2044.0,1545.0,63.0,bmw,x1 sdrive20d xline,diesel,individual,automatic,first,bangalore,blue,rwd,3125000
2014,60513,2997.0,254.0,5.0,4804.0,2141.0,1796.0,70.0,mercedes-benz,m-class ml 350 cdi,diesel,corporate,automatic,first,mumbai,silver,awd,3200000
2019,56500,2143.0,134.0,5.0,4424.0,1804.0,1494.0,50.0,mercedes-benz,gla 200 d sport,diesel,individual,automatic,first,delhi,white,fwd,2750000
2013,71000,1582.0,126.0,5.0,4370.0,1700.0,1475.0,43.0,hyundai,verna fluidic 1.6 crdi sx,diesel,individual,manual,first,agra,grey,fwd,400000
2016,88000,2967.0,245.0,7.0,5052.0,1968.0,1740.0,75.0,audi,q7 45 tdi technology pack,diesel,individual,automatic,second,delhi,white,awd,3750000
2018,68000,1396.0,89.0,5.0,4270.0,1780.0,1630.0,60.0,hyundai,creta 1.4 s,diesel,individual,manual,first,kanpur,grey,fwd,800000
2017,94827,1248.0,89.0,5.0,3995.0,1790.0,1640.0,48.0,maruti suzuki,vitara brezza zdi,diesel,individual,manual,first,jaipur,others,fwd,780000
2010,62000,998.0,67.0,5.0,3600.0,1475.0,1595.0,35.0,maruti suzuki,estilo lxi bs-iv,petrol,individual,manual,first,bhopal,brown,fwd,220000
2012,57000,998.0,59.0,5.0,3539.0,1475.0,1700.0,35.0,maruti suzuki,wagon r lxi cng,cng,individual,manual,first,delhi,silver,,225000
2017,22120,1995.0,188.0,5.0,4439.0,1821.0,1612.0,51.0,bmw,x1 sdrive20d expedition,diesel,individual,automatic,first,delhi,white,fwd,2385000
2019,11000,1995.0,184.0,5.0,4454.0,2044.0,1545.0,63.0,bmw,x1 sdrive20d xline,diesel,individual,automatic,first,delhi,black,rwd,3400000
2017,58000,1798.0,190.0,5.0,4933.0,1874.0,1455.0,75.0,audi,a6 35 tfsi matrix,petrol,individual,automatic,first,delhi,black,fwd,2850000
2019,54572,1248.0,89.0,5.0,3995.0,1790.0,1640.0,48.0,maruti suzuki,vitara brezza zdi,diesel,individual,manual,first,jaipur,white,fwd,990000
2010,56000,1497.0,118.0,5.0,4420.0,1695.0,1480.0,42.0,honda,city 1.5 v at,petrol,individual,automatic,first,delhi,gold,fwd,325000
2011,89000,1497.0,118.0,5.0,4420.0,1695.0,1480.0,42.0,honda,city 1.5 v at,petrol,individual,automatic,second,mumbai,silver,fwd,325000
2014,42000,1498.0,103.0,5.0,4386.0,1699.0,1466.0,55.0,skoda,rapid 1.5 tdi cr ambition plus at,diesel,individual,automatic,first,chandigarh,bronze,fwd,549000
2017,6000,1461.0,63.0,5.0,3805.0,1665.0,1525.0,41.0,renault,pulse rxl abs diesel [2015-2017],diesel,individual,manual,first,kolkata,maroon,fwd,340000
2013,79500,1498.0,99.0,5.0,3990.0,1680.0,1505.0,35.0,honda,amaze 1.5 e i-dtec,diesel,individual,manual,first,pune,silver,fwd,425000
2015,82000,1995.0,188.0,5.0,4633.0,1811.0,1429.0,57.0,bmw,3-series 320d luxury line,diesel,individual,automatic,second,delhi,white,rwd,1689999
2021,34228,2393.0,148.0,8.0,4735.0,1830.0,1795.0,55.0,toyota,innova 2.4 vx 8 str [2016-2020],diesel,individual,manual,first,udupi,white,rwd,2750000
2014,141334,1248.0,74.0,5.0,3850.0,1695.0,1530.0,42.0,maruti suzuki,swift vdi,diesel,individual,manual,second,pune,white,fwd,515000
2018,50000,1197.0,83.0,5.0,3850.0,1695.0,1530.0,42.0,maruti suzuki,swift vxi [2014-2017],petrol,individual,manual,first,meerut,white,fwd,550000
2014,65000,1461.0,108.0,5.0,4331.0,1822.0,1671.0,50.0,nissan,terrano xl d thp 110 ps,diesel,individual,manual,first,ahmedabad,brown,fwd,550000
2018,20000,1199.0,84.0,5.0,3746.0,1647.0,1535.0,35.0,tata,tiago revotron xza,petrol,individual,automatic,first,mumbai,red,fwd,555000
2017,24000,998.0,67.0,5.0,3600.0,1600.0,1560.0,35.0,maruti suzuki,celerio zxi [2017-2019],petrol,individual,manual,first,patna,silver,fwd,391000
2017,36000,1197.0,82.0,5.0,3700.0,1690.0,1595.0,32.0,maruti suzuki,ignis delta 1.2 amt,petrol,individual,automatic,first,delhi,silver,fwd,560000
2013,117000,1968.0,174.0,5.0,4385.0,1831.0,1608.0,64.0,audi,q3 2.0 tdi quattro premium plus,diesel,individual,automatic,first,chennai,black,awd,1420000
2021,24000,999.0,109.0,5.0,3971.0,1682.0,1469.0,45.0,volkswagen,polo highline plus 1.0l tsi,petrol,individual,manual,first,mangalore,white,fwd,950000
2017,82000,1197.0,83.0,5.0,3995.0,1745.0,1500.0,37.0,maruti suzuki,baleno sigma 1.2,petrol,individual,manual,first,ahmedabad,white,fwd,490000
2016,78000,1582.0,126.0,5.0,4270.0,1780.0,1630.0,60.0,hyundai,creta 1.6 sx,diesel,individual,manual,first,bangalore,black,fwd,1044999
2017,45000,2967.0,245.0,7.0,5052.0,1968.0,1740.0,75.0,audi,q7 45 tdi technology pack,diesel,individual,automatic,second,pune,grey,awd,5200000
2019,50000,1591.0,121.0,5.0,4370.0,1700.0,1475.0,43.0,hyundai,verna fluidic 1.6 vtvt sx opt at,petrol,individual,automatic,first,delhi,white,fwd,1125000
2014,24000,1496.0,114.0,5.0,3982.0,1727.0,1425.0,44.0,mini,cooper d 5 door,diesel,individual,automatic,second,ludhiana,red,fwd,1950000
2009,77000,1298.0,87.0,5.0,4160.0,1690.0,1530.0,43.0,maruti suzuki,swift dzire vxi,petrol,individual,manual,second,pune,beige,fwd,260000
2009,55000,1197.0,80.0,5.0,3565.0,1595.0,1550.0,35.0,hyundai,i10 magna 1.2,petrol,individual,manual,first,lucknow,white,fwd,165000
2018,66000,1197.0,81.0,5.0,3995.0,1660.0,1520.0,43.0,hyundai,xcent s 1.2,petrol,individual,manual,first,ahmedabad,white,fwd,490000
2012,37000,998.0,67.0,5.0,3620.0,1475.0,1460.0,35.0,maruti suzuki,alto vxi,petrol,individual,manual,first,kolkata,red,fwd,185000
2012,80350,1497.0,116.0,5.0,4440.0,1695.0,1485.0,42.0,honda,city 1.5 v mt,petrol,individual,manual,first,mumbai,silver,fwd,375000
2013,102000,2143.0,170.0,5.0,4596.0,1770.0,1447.0,66.0,mercedes-benz,c-class 220 blueefficiency,diesel,individual,automatic,first,jalandhar,white,rwd,975000
2016,48200,1197.0,83.0,5.0,3850.0,1695.0,1530.0,42.0,maruti suzuki,swift vxi [2014-2017],petrol,individual,manual,second,dehradun,silver,fwd,450000
2015,55000,1248.0,74.0,5.0,3995.0,1695.0,1555.0,42.0,maruti suzuki,swift dzire vdi,diesel,individual,manual,second,dehradun,silver,fwd,459999
2020,14000,2487.0,176.0,5.0,4975.0,1865.0,1445.0,50.0,lexus,es 300h exquisite [2020-2021],hybrid,individual,automatic,first,delhi,blue,fwd,5200000
2020,25000,1197.0,82.0,5.0,3995.0,1775.0,1505.0,37.0,hyundai,elite i20 sportz 1.2 mt,petrol,individual,manual,first,patna,white,fwd,700000
2020,20124,999.0,109.0,5.0,3971.0,1682.0,1469.0,45.0,volkswagen,polo highline plus 1.0l tsi,petrol,individual,manual,first,bangalore,red,fwd,1025000
2015,55660,1197.0,81.0,5.0,3765.0,1660.0,1520.0,43.0,hyundai,grand i10 asta 1.2 kappa vtvt [2013-2016],petrol,individual,manual,first,raipur,grey,fwd,380000
2015,94580,1798.0,177.0,5.0,4659.0,1814.0,1476.0,50.0,skoda,octavia style 1.8 tsi at,petrol,individual,automatic,first,kanpur,black,fwd,819999
2015,45000,1991.0,181.0,5.0,4417.0,1804.0,1494.0,50.0,mercedes-benz,gla 200 sport,petrol,individual,automatic,second,mumbai,white,fwd,1691000
2019,10000,1950.0,192.0,5.0,4658.0,1890.0,1644.0,66.0,mercedes-benz,glc 220d 4matic progressive [2019-2021],diesel,individual,automatic,first,delhi,blue,awd,5200000
2016,57000,1248.0,89.0,5.0,4490.0,1730.0,1485.0,43.0,maruti suzuki,ciaz vdi shvs,diesel,individual,manual,first,lucknow,white,fwd,725000
2021,45000,1197.0,68.0,5.0,3805.0,1680.0,1520.0,60.0,hyundai,grand i10 nios sportz 1.2 kappa vtvt cng,cng,individual,manual,first,ludhiana,grey,fwd,725000
2011,90342,796.0,39.0,5.0,3495.0,1475.0,1460.0,35.0,maruti suzuki,alto lxi cng,cng,individual,manual,second,ambala cantt,white,fwd,155000
2022,1000,1199.0,89.0,5.0,3995.0,1695.0,1501.0,35.0,honda,amaze 1.2 vx mt petrol [2018-2020],petrol,individual,manual,first,delhi,white,fwd,700000
2011,135000,1582.0,126.0,5.0,4370.0,1700.0,1475.0,43.0,hyundai,verna fluidic 1.6 crdi sx,diesel,individual,manual,first,ambala cantt,white,fwd,235000
2014,123000,2982.0,169.0,7.0,4705.0,1840.0,1850.0,80.0,toyota,fortuner 3.0 4x4 mt,diesel,individual,manual,second,bangalore,white,awd,1975000
2012,47531,2179.0,140.0,7.0,4585.0,1890.0,1785.0,70.0,mahindra,xuv500 w8 awd,diesel,individual,manual,first,bangalore,white,awd,810000
2019,79000,1493.0,113.0,5.0,4315.0,1800.0,1645.0,50.0,kia,seltos htx plus 1.5 diesel [2020-2021],diesel,individual,manual,second,ludhiana,grey,fwd,1350000
2011,95000,2179.0,120.0,8.0,4430.0,1817.0,1975.0,60.0,mahindra,scorpio vlx 2wd airbag bs-iv,diesel,individual,manual,first,chandigarh,white,rwd,450000
2011,53000,1197.0,79.0,5.0,3585.0,1595.0,1550.0,35.0,hyundai,i10 magna 1.2 kappa2,petrol,individual,manual,first,kanpur,white,fwd,250000
2020,30000,1396.0,89.0,5.0,3985.0,1734.0,1505.0,45.0,hyundai,elite i20 asta 1.4 crdi [2016-2017],diesel,individual,manual,first,ahmedabad,white,fwd,819999
2017,65000,2755.0,174.0,7.0,4795.0,1855.0,1835.0,80.0,toyota,fortuner 2.8 4x4 at [2016-2020],diesel,individual,automatic,first,gurgaon,grey,awd,2690000
2018,440000,1582.0,126.0,5.0,4270.0,1780.0,1665.0,55.0,hyundai,creta sx 1.6 at crdi,diesel,individual,automatic,first,delhi,grey,fwd,1240000
2016,63088,1497.0,117.0,5.0,4440.0,1695.0,1495.0,40.0,honda,city vx,petrol,individual,manual,first,jaipur,white,fwd,790000
2008,62000,1086.0,67.0,5.0,3565.0,1595.0,1550.0,35.0,hyundai,i10 magna (o),petrol,individual,manual,second,mumbai,red,fwd,150000
2011,80000,1991.0,150.0,5.0,4597.0,1788.0,1477.0,60.0,chevrolet,cruze ltz,diesel,individual,manual,third,mumbai,silver,,400000
2020,29000,2993.0,262.0,5.0,4922.0,2004.0,1745.0,80.0,bmw,x5 xdrive30d xline,diesel,individual,automatic,first,delhi,blue,awd,8300000
2020,2600,1969.0,187.0,5.0,4963.0,1879.0,1443.0,55.0,volvo,s90 d4 inscription,diesel,individual,automatic,first,mumbai,blue,fwd,6000000
2014,81000,1120.0,71.0,5.0,3995.0,1660.0,1520.0,43.0,hyundai,xcent s 1.1 crdi (o),diesel,individual,manual,first,lucknow,white,fwd,390000
2011,73000,1591.0,121.0,5.0,4370.0,1700.0,1475.0,43.0,hyundai,verna fluidic 1.6 vtvt sx,petrol,individual,manual,first,delhi,grey,fwd,385000
2019,34000,3198.0,197.0,7.0,4892.0,1860.0,1837.0,80.0,ford,endeavour titanium 3.2 4x4 at,diesel,individual,automatic,first,delhi,black,awd,3650000
2013,36623,1591.0,121.0,5.0,4370.0,1700.0,1475.0,43.0,hyundai,verna fluidic 1.6 vtvt sx,petrol,individual,manual,first,zirakpur,silver,fwd,547000
2018,30000,1591.0,122.0,5.0,4270.0,1780.0,1665.0,55.0,hyundai,creta sx 1.6 at petrol,petrol,individual,automatic,first,delhi,black,fwd,1295000
2022,5000,,,5.0,3655.0,1620.0,1675.0,32.0,maruti suzuki,wagon r vxi 1.0 [2019-2019],petrol,individual,manual,first,kanpur,white,,570000
2014,80121,,,,,,,,honda,cr-v 2.4 at,petrol,individual,automatic,second,mumbai,white,,844999
2011,64000,1197.0,79.0,5.0,3585.0,1595.0,1550.0,35.0,hyundai,i10 sportz 1.2 kappa2,petrol,individual,manual,first,lucknow,grey,fwd,250000
2019,39000,1798.0,138.0,5.0,4620.0,1775.0,1475.0,55.0,toyota,corolla altis vl at petrol,petrol,individual,automatic,second,ahmedabad,brown,fwd,1670000
2017,70000,1248.0,89.0,5.0,3995.0,1790.0,1640.0,48.0,maruti suzuki,vitara brezza zdi,diesel,individual,manual,second,dak. kannada,maroon,fwd,890000
2019,36000,1968.0,141.0,5.0,4456.0,1796.0,1416.0,50.0,audi,a3 35 tdi premium plus + sunroof,diesel,individual,automatic,second,jalandhar,white,fwd,2380000
2018,40000,1197.0,82.0,5.0,3995.0,1745.0,1510.0,37.0,maruti suzuki,baleno alpha automatic,petrol,individual,automatic,first,chennai,red,fwd,775000
2022,1102,,,,,,,,mercedes-benz,e-class 200,petrol,individual,manual,unregistered car,bangalore,black,,7050000
2014,62000,1498.0,89.0,5.0,3987.0,1698.0,1483.0,45.0,volkswagen,polo 1.5 tdi,diesel,individual,manual,first,hyderabad,brown,fwd,500000
2011,97000,2143.0,207.0,5.0,4596.0,2020.0,1447.0,66.0,mercedes-benz,c-class 250 cdi avantgarde,diesel,individual,automatic,first,mumbai,black,rwd,675000
2014,43550,1198.0,74.0,5.0,3970.0,1682.0,1453.0,45.0,volkswagen,polo highline1.2l (p),petrol,individual,manual,first,hyderabad,orange,fwd,525000
2019,28000,1498.0,99.0,5.0,3998.0,1765.0,1647.0,52.0,ford,ecosport titanium + 1.5l tdci [2019-2020],diesel,individual,manual,first,mumbai,white,fwd,850000
2018,47874,999.0,67.0,5.0,3679.0,1579.0,1478.0,28.0,renault,kwid 1.0 rxl [2017-2019],petrol,individual,manual,first,bangalore,red,fwd,390000
2018,87001,1582.0,126.0,5.0,4375.0,1700.0,1475.0,43.0,hyundai,verna 1.6 crdi sx (o),diesel,individual,manual,first,delhi,white,fwd,965000
2013,72000,2696.0,184.0,7.0,4755.0,1900.0,1785.0,78.0,ssangyong,rexton rx7,diesel,individual,automatic,first,bangalore,silver,awd,975000
2019,59000,1995.0,184.0,5.0,4454.0,2044.0,1545.0,63.0,bmw,x1 sdrive20d xline,diesel,individual,automatic,first,mumbai,blue,rwd,3025000
2012,143477,2494.0,102.0,7.0,4555.0,1770.0,1755.0,55.0,toyota,innova 2.5 v 7 str,diesel,individual,manual,second,dehradun,gold,,650000
2014,85900,1968.0,141.0,5.0,4456.0,1796.0,1416.0,50.0,audi,a3 35 tdi premium plus,diesel,individual,automatic,first,agra,brown,fwd,1390000
2022,10000,1197.0,89.0,5.0,3995.0,1735.0,1515.0,37.0,maruti suzuki,dzire zxi ags,petrol,individual,automatic,first,mumbai,bronze,fwd,950000
2018,47000,2967.0,245.0,7.0,5052.0,1968.0,1740.0,75.0,audi,q7 45 tdi technology pack,diesel,individual,automatic,first,delhi,blue,awd,5900000
2014,55000,1197.0,85.0,5.0,3850.0,1695.0,1530.0,42.0,maruti suzuki,swift vxi,petrol,individual,manual,first,delhi,grey,fwd,409999
2017,69508,1498.0,109.0,5.0,3995.0,1682.0,1483.0,45.0,volkswagen,ameo trendline 1.5l (d),diesel,individual,manual,second,ranga reddy,white,fwd,575000
2022,2500,1498.0,98.0,5.0,4549.0,1748.0,1489.0,40.0,honda,city zx diesel,diesel,individual,manual,first,ludhiana,white,fwd,1450000
2010,64000,1586.0,102.0,5.0,4490.0,1735.0,1560.0,50.0,maruti suzuki,sx4 vxi,petrol,individual,manual,first,delhi,silver,,185000
2014,53089,1796.0,186.0,5.0,4868.0,1854.0,1470.0,80.0,mercedes-benz,e-class e200 cgi blue efficiency,petrol,individual,automatic,second,navi mumbai,silver,rwd,1650000
2018,90000,1462.0,103.0,5.0,4490.0,1730.0,1485.0,43.0,maruti suzuki,ciaz alpha hybrid 1.5 at [2018-2020],petrol,individual,automatic,first,bangalore,green,fwd,823000
2021,23000,1956.0,168.0,5.0,4598.0,1894.0,1706.0,50.0,tata,harrier xz,diesel,individual,manual,first,hyderabad,red,fwd,2095000
2012,55000,998.0,68.0,5.0,3539.0,1475.0,1700.0,35.0,maruti suzuki,wagon r lxi,petrol,individual,manual,first,hyderabad,blue,,350000
2016,64000,1186.0,74.0,5.0,3765.0,1660.0,1520.0,43.0,hyundai,grand i10 magna u2 1.2 crdi,diesel,individual,manual,second,bulandshahar,white,fwd,335000
2020,52236,1197.0,81.0,5.0,3765.0,1660.0,1520.0,43.0,hyundai,grand i10 sports edition 1.2l kappa vtvt,petrol,individual,manual,first,mangalore,silver,fwd,649000
2013,76000,1497.0,116.0,5.0,4440.0,1695.0,1485.0,42.0,honda,city 1.5 v mt,petrol,individual,manual,first,delhi,white,fwd,400000
2020,19000,1998.0,248.0,5.0,4633.0,1811.0,1429.0,57.0,bmw,3-series 330i m sport edition,petrol,individual,automatic,first,chennai,black,rwd,5500000
2013,97000,2982.0,169.0,7.0,4705.0,1840.0,1850.0,80.0,toyota,fortuner 3.0 4x2 mt,diesel,individual,manual,first,jalandhar,white,rwd,1375000
2018,76000,1582.0,126.0,5.0,4270.0,1780.0,1630.0,60.0,hyundai,creta sx plus 1.6 at crdi,diesel,individual,automatic,first,chandigarh,white,fwd,1190000
2021,15000,1956.0,168.0,5.0,4598.0,1894.0,1706.0,50.0,tata,harrier xt plus dark edition,diesel,individual,manual,first,delhi,black,fwd,1930000
2015,98000,2494.0,101.0,7.0,4585.0,1765.0,1760.0,55.0,toyota,innova 2.5 gx bs iv 7 str,diesel,individual,manual,first,mumbai,gold,rwd,990000
2017,36597,1197.0,82.0,5.0,3985.0,1734.0,1505.0,45.0,hyundai,elite i20 asta 1.2 (o) [2016],petrol,individual,manual,second,hyderabad,red,fwd,725000
2022,500,1950.0,192.0,5.0,4686.0,1810.0,1442.0,66.0,mercedes-benz,c-class c220d progressive,diesel,individual,automatic,first,delhi,grey,rwd,6100000
2015,48000,1373.0,91.0,5.0,4490.0,1730.0,1485.0,43.0,maruti suzuki,ciaz vxi,petrol,individual,manual,first,mumbai,red,fwd,575000
2016,55000,1999.0,177.0,7.0,4600.0,2069.0,1690.0,65.0,land rover,discovery sport hse luxury,diesel,individual,automatic,second,pune,blue,awd,3200000
2022,16000,2393.0,148.0,7.0,4735.0,1830.0,1795.0,55.0,toyota,innova zx 2.4 at 7 str,diesel,individual,automatic,first,ludhiana,white,rwd,2850000
2016,53000,1373.0,94.0,7.0,4296.0,1695.0,1685.0,45.0,maruti suzuki,ertiga zxi+,petrol,individual,manual,first,delhi,grey,fwd,725000
2013,35000,1461.0,85.0,5.0,4425.0,1695.0,1505.0,41.0,nissan,sunny xv diesel,diesel,individual,manual,first,kanpur,grey,fwd,380000
2014,50000,1199.0,89.0,5.0,3990.0,1680.0,1505.0,35.0,honda,amaze 1.2 vx at i-vtec,petrol,individual,automatic,first,mumbai,white,fwd,434999
2016,52600,1198.0,74.0,5.0,3971.0,1682.0,1469.0,45.0,volkswagen,polo comfortline 1.2l (p),petrol,individual,manual,first,varanasi,silver,fwd,425000
2020,25000,1199.0,89.0,5.0,3995.0,1695.0,1501.0,35.0,honda,amaze 1.2 e mt petrol [2018-2020],petrol,individual,manual,first,delhi,white,fwd,675000
2014,74000,1197.0,81.0,5.0,3995.0,1660.0,1520.0,43.0,hyundai,xcent s 1.2,petrol,individual,manual,first,ahmedabad,white,fwd,399000
2015,85000,1498.0,103.0,5.0,4384.0,1699.0,1466.0,55.0,volkswagen,vento highline diesel at,diesel,individual,automatic,first,pune,grey,fwd,685000
2011,28000,,,,,,,,maruti suzuki,ritz vxi bs-iv,petrol,individual,manual,first,mumbai,silver,,265000
2021,35000,1598.0,103.0,5.0,4390.0,1699.0,1467.0,55.0,volkswagen,vento highline plus 1.6 (p),petrol,corporate,manual,first,chennai,maroon,fwd,940000
2021,17000,2999.0,362.0,7.0,5207.0,2157.0,1823.0,90.0,mercedes-benz,gls 450 4matic,petrol,individual,automatic,first,delhi,white,awd,13100000
2016,57000,1968.0,174.0,5.0,4629.0,1898.0,1653.0,75.0,audi,q5 2.0 tdi quattro technology pack,diesel,individual,automatic,first,gurgaon,white,awd,2690000
2021,10000,1497.0,117.0,5.0,4440.0,1695.0,1495.0,40.0,honda,city vx,petrol,corporate,manual,first,mumbai,white,fwd,1255000
2009,63300,2967.0,240.0,5.0,4628.0,1879.0,1651.0,75.0,audi,q5 3.0 tdi quattro,diesel,individual,automatic,first,delhi,white,,825000
2014,46000,1197.0,81.0,5.0,3765.0,1660.0,1520.0,43.0,hyundai,grand i10 magna 1.2 kappa vtvt [2013-2016],petrol,individual,manual,first,pune,orange,fwd,390000
2014,64000,1582.0,126.0,5.0,4370.0,1700.0,1475.0,43.0,hyundai,verna fluidic 1.6 crdi sx opt,diesel,individual,manual,second,ahmedabad,white,fwd,525000
2022,4600,1984.0,188.0,5.0,4318.0,1805.0,1548.0,55.0,audi,q2 premium 40 tfsi quattro,petrol,individual,automatic,first,gurgaon,blue,awd,3450000
2018,23000,2143.0,134.0,5.0,4630.0,1777.0,1432.0,,mercedes-benz,cla 200 cdi sport (cbu),diesel,individual,automatic,first,mumbai,red,fwd,2825000
2017,144933,2179.0,138.0,7.0,4585.0,1890.0,1785.0,70.0,mahindra,xuv500 w10,diesel,individual,manual,first,nashik,white,fwd,1090000
2009,80000,1497.0,118.0,5.0,4420.0,1695.0,1480.0,42.0,honda,city 1.5 s mt,petrol,individual,manual,first,mohali,grey,fwd,275000
2015,32545,1197.0,79.0,5.0,3895.0,1735.0,1555.0,45.0,toyota,etios 1.2 g,petrol,individual,manual,first,kolkata,silver,fwd,434999
2019,31000,1995.0,182.0,5.0,4475.0,1850.0,1660.0,62.0,hyundai,tucson gl 2wd at diesel,diesel,individual,automatic,first,delhi,white,fwd,2089999
2015,50000,1248.0,74.0,5.0,3995.0,1695.0,1555.0,42.0,maruti suzuki,swift dzire vdi,diesel,individual,manual,second,dehradun,silver,fwd,500000
2015,65000,1248.0,74.0,5.0,3995.0,1695.0,1555.0,42.0,maruti suzuki,swift dzire vdi,diesel,individual,manual,second,delhi,silver,fwd,400000
2012,26000,1086.0,68.0,5.0,3585.0,1595.0,1550.0,35.0,hyundai,i10 era 1.1 irde2 [2010-2017],petrol,individual,manual,first,dehradun,white,fwd,225000
2021,27000,1497.0,115.0,5.0,3995.0,1821.0,1627.0,42.0,mahindra,xuv300 1.5 w6 [2019-2020],diesel,individual,manual,first,delhi,black,fwd,965000
2017,62000,1396.0,89.0,5.0,4270.0,1780.0,1630.0,60.0,hyundai,creta e plus 1.4 crdi,diesel,individual,manual,first,dehradun,white,fwd,825000
2012,17000,1086.0,62.0,5.0,3565.0,1525.0,1590.0,35.0,hyundai,santro gl plus,petrol,individual,manual,first,mohali,silver,fwd,254999
2015,39234,2523.0,63.0,7.0,4107.0,1745.0,1880.0,60.0,mahindra,bolero sle bs iv,diesel,individual,manual,second,patna,white,rwd,525000
2013,72000,1498.0,89.0,5.0,3999.0,1765.0,1708.0,52.0,ford,ecosport trend 1.5 tdci,diesel,individual,manual,first,faridabad,silver,fwd,285000
2011,41215,936.0,58.0,5.0,3640.0,1595.0,1520.0,35.0,chevrolet,beat lt diesel,diesel,individual,manual,first,hyderabad,silver,fwd,229999
2020,16519,1969.0,187.0,5.0,4425.0,1863.0,1652.0,54.0,volvo,xc40 t4 r-design,petrol,corporate,automatic,first,mumbai,white,fwd,4400000
2011,51000,998.0,67.0,5.0,3620.0,1475.0,1460.0,35.0,maruti suzuki,alto vxi,petrol,individual,manual,second,mumbai,orange,fwd,200000
2019,74179,1248.0,89.0,5.0,3995.0,1790.0,1640.0,48.0,maruti suzuki,vitara brezza zdi plus ags,diesel,individual,automatic,first,mumbai,silver,fwd,1011000
2020,13000,1950.0,192.0,5.0,4658.0,1890.0,1644.0,66.0,mercedes-benz,glc 220d 4matic progressive [2019-2021],diesel,individual,automatic,first,mumbai,silver,awd,6500000
2019,31056,1598.0,118.0,5.0,4300.0,1765.0,1590.0,48.0,maruti suzuki,s-cross alpha 1.6,diesel,individual,manual,first,hyderabad,others,fwd,1063000
2016,49148,1373.0,94.0,7.0,4265.0,1695.0,1685.0,45.0,maruti suzuki,ertiga vxi at,petrol,individual,automatic,second,mumbai,blue,fwd,675000
2021,13000,1950.0,192.0,5.0,5063.0,1860.0,1494.0,80.0,mercedes-benz,e-class e 220 d avantgarde,diesel,individual,automatic,first,delhi,black,rwd,7475000
2021,19000,1950.0,192.0,5.0,4658.0,1890.0,1644.0,66.0,mercedes-benz,glc 220d 4matic progressive,diesel,individual,automatic,first,mumbai,black,awd,7000000
2015,152000,1968.0,174.0,5.0,4629.0,1898.0,1653.0,75.0,audi,q5 2.0 tdi quattro premium,diesel,individual,automatic,first,surat,white,awd,2175000
2015,59000,1497.0,117.0,5.0,4440.0,1695.0,1495.0,40.0,honda,city vx cvt,petrol,individual,automatic,first,faridabad,silver,fwd,690000
2016,32000,1968.0,141.0,5.0,4456.0,1796.0,1416.0,50.0,audi,a3 35 tdi technology + sunroof,diesel,individual,automatic,first,delhi,red,fwd,1525000
2011,72000,2354.0,178.0,5.0,4950.0,1845.0,1475.0,70.0,honda,accord 2.4 at,petrol,individual,automatic,first,delhi,gold,fwd,475000
2017,80000,1582.0,126.0,5.0,4440.0,1729.0,1475.0,45.0,hyundai,verna sx plus 1.6 crdi at,diesel,individual,automatic,first,bangalore,silver,fwd,1123000
2019,21894,1462.0,103.0,7.0,4395.0,1735.0,1690.0,45.0,maruti suzuki,ertiga zxi at,petrol,individual,automatic,first,delhi,white,fwd,990000
2018,21000,2993.0,258.0,5.0,4899.0,2094.0,1464.0,65.0,bmw,5-series 530d m sport [2013-2017],diesel,individual,automatic,first,chennai,blue,rwd,5250000
2015,63587,1498.0,99.0,5.0,3990.0,1680.0,1505.0,35.0,honda,amaze 1.5 vx i-dtec,diesel,individual,manual,first,mumbai,brown,fwd,515000
2019,32000,1462.0,103.0,5.0,4490.0,1730.0,1485.0,43.0,maruti suzuki,ciaz delta hybrid 1.5 at [2018-2020],petrol,individual,automatic,first,pune,grey,fwd,850000
2018,53694,1248.0,89.0,5.0,3995.0,1790.0,1640.0,48.0,maruti suzuki,vitara brezza vdi,diesel,individual,manual,second,pune,grey,fwd,865000
2009,140000,1248.0,75.0,5.0,4160.0,1690.0,1530.0,43.0,maruti suzuki,swift dzire vdi,diesel,individual,manual,second,coimbatore,white,fwd,365000
2015,91100,2987.0,258.0,7.0,5120.0,1934.0,1850.0,100.0,mercedes-benz,gl-class 350 cdi,diesel,individual,automatic,first,delhi,silver,awd,3390000
2014,58000,1968.0,177.0,5.0,4915.0,1874.0,1455.0,65.0,audi,a6 2.0 tdi premium plus,diesel,individual,automatic,second,delhi,black,fwd,1450000
2012,76148,1396.0,90.0,5.0,3940.0,1710.0,1505.0,45.0,hyundai,i20 asta 1.4 crdi,diesel,individual,manual,first,hyderabad,silver,,434999
2015,104000,2523.0,75.0,8.0,4456.0,1820.0,1930.0,60.0,mahindra,scorpio s2,diesel,individual,manual,first,roorkee,white,rwd,650000
2013,50000,1968.0,177.0,5.0,4701.0,1826.0,1427.0,63.0,audi,a4 2.0 tdi (177bhp) premium plus,diesel,individual,automatic,first,pune,white,fwd,1175000
2017,56000,814.0,55.0,5.0,3495.0,1550.0,1500.0,32.0,hyundai,eon magna +,petrol,individual,manual,first,dehradun,silver,fwd,325000
2014,48000,1461.0,84.0,5.0,4315.0,1822.0,1695.0,50.0,renault,duster 85 ps rxl diesel,diesel,individual,manual,first,patna,silver,fwd,525000
2021,23000,1462.0,103.0,7.0,4395.0,1735.0,1690.0,45.0,maruti suzuki,ertiga zxi plus,petrol,individual,manual,first,bangalore,white,fwd,1225000
2021,5600,1950.0,147.0,5.0,4549.0,1796.0,1446.0,43.0,mercedes-benz,a-class sedan 200d,diesel,individual,automatic,unregistered car,delhi,grey,fwd,4200000
2015,33000,1197.0,82.0,5.0,3985.0,1734.0,1505.0,45.0,hyundai,elite i20 asta 1.2,petrol,individual,manual,first,mumbai,red,fwd,550000
2019,58900,1582.0,126.0,5.0,4270.0,1780.0,1665.0,55.0,hyundai,creta sx 1.6 crdi,diesel,individual,manual,first,agra,white,fwd,1275000
2019,65000,,,5.0,4395.0,1818.0,1640.0,60.0,jeep,compass longitude (o) 2.0 diesel [2017-2020],diesel,individual,manual,first,mohali,white,,1585000
2012,222000,2494.0,102.0,7.0,4555.0,1770.0,1755.0,55.0,toyota,innova 2.5 v 7 str,diesel,individual,manual,first,hyderabad,silver,,960000
2016,20000,1999.0,177.0,7.0,4600.0,2069.0,1690.0,65.0,land rover,discovery sport hse luxury,diesel,individual,automatic,first,hyderabad,grey,awd,3900000
2019,32000,799.0,53.0,5.0,3679.0,1579.0,1478.0,28.0,renault,kwid rxt [2015-2019],petrol,individual,manual,first,mysore,grey,fwd,434999
2017,62000,2523.0,63.0,7.0,4107.0,1745.0,1880.0,,mahindra,bolero sle bs iii,diesel,individual,manual,first,lucknow,white,rwd,650000
2017,71000,1373.0,94.0,7.0,4296.0,1695.0,1685.0,45.0,maruti suzuki,ertiga vxi,petrol,individual,manual,first,delhi,silver,fwd,775000
2008,61000,1197.0,80.0,5.0,3565.0,1595.0,1550.0,35.0,hyundai,i10 sportz 1.2 at,petrol,individual,automatic,third,pune,black,fwd,185000
2011,42152,,,,,,,,maruti suzuki,ritz vxi bs-iv,petrol,corporate,manual,first,siliguri,brown,,204999
2017,29000,1197.0,81.0,5.0,3765.0,1660.0,1520.0,43.0,hyundai,grand i10 sportz (o) 1.2 kappa vtvt [2017-2018],petrol,individual,manual,first,bangalore,grey,fwd,560000
2014,158690,2494.0,100.0,7.0,4585.0,1760.0,1760.0,55.0,toyota,innova 2.5 zx 7 str bs-iv,diesel,individual,manual,second,ahmedabad,silver,rwd,1000000
2016,61000,2987.0,255.0,5.0,4819.0,2141.0,1796.0,93.0,mercedes-benz,gle 350 d,diesel,individual,automatic,first,mumbai,grey,awd,5000000
2016,92000,1248.0,89.0,5.0,4490.0,1730.0,1485.0,43.0,maruti suzuki,ciaz zdi (o) [2014-2015],diesel,individual,manual,second,mohali,white,fwd,635000
2020,42000,1197.0,89.0,5.0,3995.0,1735.0,1515.0,37.0,maruti suzuki,dzire vxi,petrol,individual,manual,first,lucknow,white,fwd,650000
2019,60969,1198.0,67.0,5.0,3785.0,1635.0,1485.0,35.0,datsun,go t (o),petrol,individual,manual,first,ranchi,silver,fwd,345000
2017,93000,2179.0,140.0,7.0,4585.0,1890.0,1785.0,70.0,mahindra,xuv500 w6 2013,diesel,individual,manual,first,ahmedabad,white,fwd,865000
2014,100000,1968.0,141.0,5.0,4701.0,1826.0,1427.0,63.0,audi,a4 2.0 tdi (143bhp),diesel,individual,automatic,first,bangalore,black,fwd,1380000
2018,31000,1373.0,91.0,5.0,4490.0,1730.0,1485.0,43.0,maruti suzuki,ciaz s 1.4 mt,petrol,individual,manual,first,kolkata,brown,fwd,585000
2020,55000,1197.0,82.0,5.0,3995.0,1745.0,1510.0,37.0,toyota,glanza g,petrol,individual,manual,first,lucknow,blue,fwd,690000
2018,68320,998.0,58.0,5.0,3599.0,1495.0,1700.0,35.0,maruti suzuki,wagon r lxi cng (o),cng,individual,manual,first,faridabad,silver,fwd,380000
2018,65000,2179.0,154.0,7.0,4788.0,1903.0,1791.0,60.0,tata,hexa xm 4x2 7 str,diesel,individual,manual,first,patna,white,rwd,850000
2013,95000,2982.0,169.0,7.0,4705.0,1840.0,1850.0,80.0,toyota,fortuner 3.0 4x4 mt,diesel,individual,manual,second,chennai,white,awd,1750000
2013,85785,1248.0,73.0,5.0,3775.0,1680.0,1620.0,43.0,maruti suzuki,ritz vdi bs-iv,diesel,individual,manual,second,ambala cantt,silver,fwd,275000
2018,38000,1598.0,103.0,5.0,4390.0,1699.0,1467.0,55.0,volkswagen,vento comfortline 1.6 (p),petrol,individual,manual,first,dehradun,gold,fwd,690000
2020,12905,998.0,118.0,5.0,3995.0,1775.0,1505.0,37.0,hyundai,elite i20 asta 1.0 turbo imt dual tone,petrol,individual,manual,first,bangalore,white,fwd,1130000
2019,26000,2755.0,172.0,7.0,4735.0,1830.0,1795.0,55.0,toyota,innova 2.8 zx at 7 str [2016-2020],diesel,individual,automatic,first,mumbai,silver,rwd,2295000
2021,9000,1332.0,161.0,5.0,4549.0,1796.0,1446.0,43.0,mercedes-benz,a-class sedan 200,petrol,individual,automatic,first,chennai,blue,fwd,4100000
2018,65000,1497.0,108.0,5.0,3994.0,1811.0,1607.0,44.0,tata,nexon xm diesel,diesel,individual,manual,second,amritsar,white,fwd,725000
2019,48000,1197.0,82.0,5.0,3985.0,1734.0,1505.0,40.0,hyundai,elite i20 magna executive 1.2,petrol,individual,manual,first,delhi,white,fwd,595000
2011,91000,1197.0,79.0,5.0,3585.0,1595.0,1550.0,35.0,hyundai,i10 magna 1.2 kappa2,petrol,individual,manual,first,ahmedabad,white,fwd,290000
2011,84873,,,,,,,,hyundai,i20 sportz 1.2 bs-iv,petrol,individual,manual,second,indore,red,,350000
2022,15000,1995.0,268.0,5.0,4882.0,1894.0,1848.0,81.0,jeep,wrangler rubicon,petrol,individual,automatic,first,mumbai,red,awd,6100000
2020,52000,1497.0,115.0,5.0,3995.0,1821.0,1627.0,42.0,mahindra,xuv300 1.5 w6 [2019-2020],diesel,individual,manual,first,lucknow,white,fwd,1080000
2013,90000,1364.0,68.0,5.0,4265.0,1695.0,1510.0,45.0,toyota,etios gd,diesel,individual,manual,third,bulandshahar,blue,fwd,299000
2018,58000,1197.0,83.0,5.0,3850.0,1695.0,1530.0,42.0,maruti suzuki,swift lxi (o) [2014-2017],petrol + cng,individual,manual,first,delhi,silver,fwd,575000
2014,67000,1198.0,87.0,5.0,3990.0,1680.0,1505.0,35.0,honda,amaze 1.2 s at i-vtec,petrol,individual,automatic,first,delhi,red,fwd,390000
2015,67000,2179.0,120.0,8.0,4456.0,1820.0,1995.0,60.0,mahindra,scorpio s10,diesel,individual,manual,first,varanasi,white,rwd,875000
2021,37556,1396.0,89.0,5.0,3995.0,1770.0,1605.0,45.0,hyundai,venue sx 1.4 crdi,diesel,individual,manual,first,nashik,white,fwd,1175000
2012,54000,998.0,67.0,5.0,3620.0,1475.0,1460.0,35.0,maruti suzuki,alto vxi,petrol,individual,manual,first,bangalore,bronze,fwd,260000
2019,42000,1198.0,87.0,5.0,3990.0,1680.0,1505.0,35.0,honda,amaze 1.2 e i-vtec,petrol,individual,manual,first,delhi,white,fwd,650000
2017,55000,1198.0,74.0,5.0,3995.0,1682.0,1483.0,45.0,volkswagen,ameo highline1.2l (p) [2016-2018],petrol,individual,manual,first,pune,bronze,fwd,625000
2019,23952,1956.0,169.0,5.0,4655.0,1835.0,1760.0,60.0,mg,hector sharp 2.0 diesel [2019-2020],diesel,individual,manual,first,bangalore,red,fwd,1725000
2015,92000,998.0,58.0,5.0,3599.0,1495.0,1700.0,35.0,maruti suzuki,wagon r lxi cng (o),cng,individual,manual,second,mumbai,brown,fwd,299000
2013,34000,1197.0,79.0,5.0,3585.0,1595.0,1550.0,35.0,hyundai,i10 sportz 1.2 at kappa2,petrol,individual,automatic,first,mumbai,red,fwd,375000
2020,44300,998.0,67.0,5.0,3695.0,1600.0,1560.0,35.0,maruti suzuki,celerio zxi amt,petrol,individual,automatic,first,dharwad,silver,fwd,639000
2015,65000,1248.0,89.0,5.0,4490.0,1730.0,1485.0,43.0,maruti suzuki,ciaz vdi+ shvs,diesel,individual,manual,first,ahmedabad,white,fwd,591000
2018,102000,2143.0,201.0,5.0,4819.0,2141.0,1796.0,93.0,mercedes-benz,gle 250 d,diesel,individual,automatic,first,patna,black,awd,4200000
2009,110000,1497.0,118.0,5.0,4420.0,1695.0,1480.0,42.0,honda,city 1.5 s at,petrol,individual,automatic,first,delhi,grey,fwd,250000
2021,11000,1497.0,113.0,5.0,4315.0,1800.0,1645.0,50.0,kia,seltos htx 1.5 [2020-2021],petrol,individual,manual,first,pune,silver,fwd,1399000
2020,39000,1197.0,68.0,5.0,3995.0,1680.0,1520.0,65.0,hyundai,aura s 1.2 cng,cng,individual,manual,first,mumbai,silver,fwd,740000
2009,65000,1086.0,67.0,5.0,3565.0,1595.0,1550.0,35.0,hyundai,i10 magna,petrol,individual,manual,second,jamshedpur,blue,fwd,175000
2019,42500,1995.0,184.0,5.0,4624.0,2031.0,1429.0,,bmw,3-series 320d luxury line [2014-2016],diesel,individual,automatic,first,delhi,white,rwd,3750000
2013,80000,2993.0,258.0,5.0,4899.0,2094.0,1464.0,65.0,bmw,5-series 530d m sport [2013-2017],diesel,individual,automatic,second,delhi,blue,rwd,1600000
2013,25200,998.0,68.0,5.0,3539.0,1475.0,1700.0,35.0,maruti suzuki,wagon r lxi,petrol,individual,manual,first,ahmedabad,white,,285000
2017,132683,1498.0,99.0,5.0,4440.0,1695.0,1495.0,40.0,honda,city s diesel,diesel,individual,manual,first,kolkata,bronze,fwd,250000
2017,81000,1461.0,84.0,5.0,4315.0,1822.0,1695.0,50.0,renault,duster 85 ps sandstorm edition diesel,diesel,individual,manual,first,mohali,white,fwd,625000
2011,58888,,,,,,,,maruti suzuki,ritz vxi bs-iv,petrol,individual,manual,second,delhi,maroon,,190000
2019,30000,1995.0,188.0,5.0,4936.0,1868.0,1479.0,65.0,bmw,5-series 520d luxury line [2017-2019],diesel,individual,automatic,first,delhi,black,rwd,4800000
2015,50599,1197.0,85.0,5.0,3850.0,1695.0,1530.0,42.0,maruti suzuki,swift zxi,petrol,individual,manual,second,chennai,white,fwd,575000
2017,29000,1995.0,184.0,5.0,4454.0,2044.0,1545.0,63.0,bmw,x1 sdrive20d xline,diesel,individual,automatic,second,bangalore,brown,rwd,2800000
2018,23000,1199.0,89.0,5.0,3955.0,1694.0,1544.0,40.0,honda,jazz vx cvt petrol,petrol,individual,automatic,first,chennai,red,fwd,785000
2019,50000,2179.0,188.0,7.0,4600.0,2069.0,1724.0,65.0,land rover,discovery sport hse luxury 7-seater,diesel,individual,automatic,first,karnal,blue,awd,4575000
2016,84878,1968.0,174.0,5.0,4385.0,1831.0,1608.0,64.0,audi,q3 35 tdi premium + sunroof,diesel,individual,automatic,second,nashik,white,awd,1950000
2019,31000,1995.0,188.0,5.0,4936.0,1868.0,1479.0,65.0,bmw,5-series 520d luxury line [2017-2019],diesel,individual,automatic,first,delhi,black,rwd,4800000
2019,71063,2393.0,148.0,8.0,4735.0,1830.0,1795.0,55.0,toyota,innova 2.4 vx 8 str [2016-2020],diesel,individual,manual,first,navi mumbai,silver,rwd,1998999
2016,69001,1499.0,110.0,5.0,3999.0,1765.0,1708.0,52.0,ford,ecosport ambiente 1.5l ti-vct,petrol,individual,manual,first,delhi,white,fwd,475000
2014,62000,1582.0,126.0,5.0,4370.0,1700.0,1475.0,43.0,hyundai,verna fluidic 1.6 crdi sx,diesel,individual,manual,second,delhi,silver,fwd,415000
2012,82000,1336.0,89.0,5.0,3995.0,1710.0,1505.0,45.0,hyundai,i20 magna (o) 1.4 crdi,diesel,individual,manual,first,chandigarh,white,fwd,375000
2011,49200,1496.0,80.0,5.0,4265.0,1695.0,1510.0,45.0,toyota,etios v,petrol,individual,manual,first,mumbai,silver,fwd,300000
2021,8000,1997.0,150.0,4.0,3985.0,1820.0,1844.0,57.0,mahindra,thar lx 4-str hard top petrol mt,petrol,individual,manual,second,agra,red,awd,1500000
2019,58000,1248.0,89.0,5.0,3995.0,1790.0,1640.0,48.0,maruti suzuki,vitara brezza vdi (o) [2016-2018],diesel,individual,manual,first,mumbai,white,fwd,975000
2015,64000,998.0,67.0,5.0,3545.0,1490.0,1475.0,35.0,maruti suzuki,alto vxi [2014-2019],petrol,individual,manual,first,mohali,grey,fwd,370000
2012,48568,1086.0,68.0,5.0,3585.0,1595.0,1550.0,35.0,hyundai,i10 era 1.1 irde2 [2010-2017],petrol,individual,manual,first,mumbai,white,fwd,250000
2014,66500,2993.0,271.0,5.0,5252.0,1899.0,1457.0,83.0,jaguar,xj 3.0 v6 portfolio,diesel,individual,automatic,first,delhi,white,rwd,3150000
2018,58590,2179.0,153.0,7.0,4585.0,1890.0,1785.0,70.0,mahindra,xuv500 w9 [2018-2020],diesel,individual,manual,first,kolkata,grey,fwd,1115000
2009,59000,1086.0,67.0,5.0,3565.0,1595.0,1550.0,35.0,hyundai,i10 era,petrol,individual,manual,second,kanpur,silver,fwd,130000
2013,47000,1197.0,85.0,5.0,3850.0,1695.0,1530.0,42.0,maruti suzuki,swift vxi,petrol,individual,manual,first,kolkata,silver,fwd,299000
2014,40000,1197.0,83.0,5.0,3995.0,1710.0,1505.0,45.0,hyundai,i20 magna 1.2,petrol,individual,manual,first,kolkata,silver,fwd,300000
2021,13092,1984.0,188.0,5.0,4869.0,1864.0,1469.0,66.0,skoda,superb sportline at,petrol,individual,automatic,first,mumbai,white,fwd,3325000
2016,57057,1968.0,177.0,5.0,4701.0,1826.0,1427.0,63.0,audi,a4 35 tdi premium,diesel,individual,automatic,first,ludhiana,white,fwd,1950000
2015,90000,1248.0,74.0,5.0,3995.0,1695.0,1555.0,42.0,maruti suzuki,swift dzire vdi,diesel,individual,manual,first,ludhiana,white,fwd,500000
2015,45000,1197.0,82.0,5.0,3995.0,1760.0,1555.0,45.0,hyundai,i20 active 1.2 sx,petrol,individual,manual,first,thane,white,fwd,595000
2018,44000,998.0,67.0,5.0,3715.0,1635.0,1565.0,35.0,maruti suzuki,celerio x zxi amt [2017-2019],petrol,individual,automatic,first,delhi,grey,fwd,484999
2021,17000,2184.0,130.0,4.0,3985.0,1820.0,1855.0,57.0,mahindra,thar lx 4-str convertible diesel mt,diesel,individual,manual,first,karnal,silver,awd,1700000
2019,50860,1197.0,82.0,5.0,3655.0,1620.0,1675.0,32.0,maruti suzuki,wagon r vxi 1.2,petrol,individual,manual,first,bangalore,grey,fwd,579000
2020,20000,1996.0,168.0,7.0,4903.0,1869.0,1837.0,80.0,ford,endeavour titanium 2.0 4x2 at,diesel,individual,automatic,first,karnal,black,rwd,3800000
2018,51000,2755.0,174.0,7.0,4795.0,1855.0,1835.0,80.0,toyota,fortuner 2.8 4x2 at [2016-2020],diesel,individual,automatic,first,mumbai,white,rwd,3290000
2018,24000,1950.0,192.0,5.0,4686.0,1810.0,1442.0,66.0,mercedes-benz,c-class c 220d progressive [2018-2019],diesel,individual,automatic,first,hyderabad,white,rwd,4250000
2017,34908,1197.0,83.0,5.0,3995.0,1745.0,1500.0,37.0,maruti suzuki,baleno delta 1.2,petrol,corporate,manual,first,mumbai,grey,fwd,535000
2017,67000,1461.0,108.0,5.0,4315.0,1822.0,1695.0,50.0,renault,duster 110 ps rxl 4x2 amt [2016-2017],diesel,individual,automatic,first,mumbai,white,fwd,775000
2014,19000,998.0,67.0,5.0,3600.0,1600.0,1560.0,35.0,maruti suzuki,celerio vxi amt,petrol,individual,automatic,second,mumbai,silver,fwd,345000
2019,30600,1984.0,227.0,5.0,4689.0,1814.0,1496.0,50.0,skoda,octavia rs,petrol,corporate,automatic,first,hyderabad,red,fwd,3400000
2018,49500,1995.0,188.0,5.0,4936.0,1868.0,1479.0,65.0,bmw,5-series 520d luxury line [2017-2019],diesel,individual,automatic,first,hyderabad,black,rwd,4500000
2016,18800,1199.0,89.0,5.0,3955.0,1694.0,1544.0,40.0,honda,jazz v petrol,petrol,individual,manual,first,mumbai,grey,fwd,525000
2016,100000,1197.0,82.0,5.0,3985.0,1734.0,1505.0,45.0,hyundai,elite i20 asta 1.2 [2016-2017],petrol,individual,manual,first,hyderabad,grey,fwd,650000
2017,50050,1591.0,122.0,5.0,4270.0,1780.0,1630.0,60.0,hyundai,creta 1.6 sx plus at petrol,petrol,individual,automatic,first,delhi,white,fwd,1074000
2021,14000,1582.0,126.0,5.0,4270.0,1780.0,1630.0,60.0,hyundai,creta 1.6 sx,diesel,individual,manual,first,chennai,black,fwd,1750000
2014,55000,1461.0,84.0,5.0,4331.0,1822.0,1671.0,50.0,nissan,terrano xl d plus,diesel,individual,manual,second,lucknow,grey,fwd,590000
2018,23000,4951.0,396.0,4.0,4784.0,2080.0,1391.0,60.9,ford,mustang gt fastback 5.0l v8,petrol,individual,automatic,first,chennai,yellow,rwd,7990000
2020,35000,1493.0,113.0,5.0,4300.0,1790.0,1635.0,50.0,hyundai,creta sx (o) 1.5 diesel [2020-2022],diesel,individual,manual,first,dehradun,white,fwd,1725000
2019,20734,998.0,67.0,5.0,3695.0,1600.0,1560.0,35.0,maruti suzuki,celerio zxi amt [2019-2020],petrol,individual,automatic,first,udupi,silver,fwd,630000
2020,15200,1950.0,241.0,5.0,4988.0,1890.0,1435.0,66.0,mercedes-benz,cls 300d [2018-2019],diesel,individual,automatic,first,delhi,white,rwd,6975000
2013,83000,2982.0,169.0,7.0,4705.0,1840.0,1850.0,80.0,toyota,fortuner 3.0 4x2 mt,diesel,individual,manual,first,jalandhar,white,rwd,1375000
2014,75000,1498.0,99.0,5.0,3990.0,1680.0,1505.0,35.0,honda,amaze 1.5 s i-dtec,diesel,individual,manual,first,amritsar,brown,fwd,425000
2019,42794,2755.0,172.0,8.0,4735.0,1830.0,1795.0,55.0,toyota,innova 2.8 gx at 8 str [2016-2020],diesel,individual,automatic,first,bangalore,white,rwd,2196000
2020,40000,1950.0,161.0,6.0,5140.0,1928.0,1901.0,57.0,mercedes-benz,v-class elite lwb,diesel,corporate,automatic,first,delhi,silver,rwd,6300000
2008,41000,796.0,47.0,5.0,3495.0,1475.0,1460.0,35.0,maruti suzuki,alto lxi bs-iii,petrol,individual,manual,first,mysore,blue,,200000
2009,72256,1497.0,118.0,5.0,4420.0,1695.0,1480.0,42.0,honda,city 1.5 s mt,petrol,individual,manual,first,navi mumbai,black,fwd,250000
2018,17300,1968.0,141.0,5.0,4456.0,1796.0,1416.0,50.0,audi,a3 35 tdi premium plus + sunroof,diesel,individual,automatic,first,bangalore,red,fwd,2950000
2017,68000,2179.0,120.0,8.0,4456.0,1820.0,1995.0,60.0,mahindra,scorpio s6 plus intelli-hybrid,diesel,individual,manual,first,delhi,white,rwd,985000
2019,43600,998.0,118.0,5.0,3995.0,1770.0,1605.0,45.0,hyundai,venue s 1.0 at petrol [2019-2020],petrol,individual,automatic,first,allahabad,white,fwd,750000
2018,43000,998.0,67.7,5.0,3636.0,1475.0,1670.0,35.0,maruti suzuki,wagon r vxi (o),petrol,individual,manual,first,allahabad,white,fwd,450000
2021,17283,1462.0,103.0,5.0,3995.0,1790.0,1640.0,48.0,maruti suzuki,vitara brezza vxi,petrol,individual,manual,first,mumbai,white,fwd,849000
2014,59000,1197.0,85.0,5.0,3995.0,1695.0,1555.0,42.0,maruti suzuki,swift dzire vxi,petrol,individual,manual,first,guwahati,blue,fwd,430000
2017,88000,1248.0,89.0,7.0,4296.0,1695.0,1685.0,45.0,maruti suzuki,ertiga vdi shvs,diesel,individual,manual,first,mohali,white,fwd,740000
2015,19000,1991.0,181.0,5.0,4630.0,1777.0,1432.0,,mercedes-benz,cla 200 petrol sport,petrol,individual,automatic,first,pune,white,fwd,1975000
2021,9500,2998.0,335.0,6.0,5151.0,2000.0,1805.0,83.0,bmw,x7 xdrive40i m sport,petrol,individual,automatic,first,chandigarh,white,awd,12500000
2018,36000,1591.0,122.0,5.0,4270.0,1780.0,1665.0,55.0,hyundai,creta sx 1.6 at petrol,petrol,individual,automatic,first,mumbai,grey,fwd,1260000
2017,32000,799.0,53.0,5.0,3679.0,1579.0,1478.0,28.0,renault,kwid rxt [2015-2019],petrol,individual,manual,first,kolkata,white,fwd,250000
2018,53300,1591.0,121.0,5.0,4440.0,1729.0,1475.0,45.0,hyundai,verna sx (o) at anniversary edition 1.6 vtvt,petrol,individual,automatic,first,thane,grey,fwd,975000
2022,1,1984.0,188.0,5.0,4762.0,1847.0,1433.0,54.0,audi,a4 premium plus 40 tfsi,petrol,individual,automatic,unregistered car,delhi,black,fwd,4151000
2020,32005,1995.0,184.0,5.0,4454.0,1798.0,1545.0,61.0,bmw,x1 sdrive20d,diesel,individual,automatic,second,bangalore,blue,rwd,3250000
2018,35000,3198.0,197.0,7.0,4892.0,1860.0,1837.0,80.0,ford,endeavour titanium 3.2 4x4 at,diesel,individual,automatic,first,ludhiana,white,awd,3450000
2022,18223,1998.0,248.0,5.0,4708.0,1891.0,1676.0,60.0,bmw,x3 xdrive30i m sport,petrol,individual,automatic,first,ahmedabad,blue,awd,6680000
2016,92000,1493.0,84.0,7.0,3995.0,1835.0,1839.0,60.0,mahindra,tuv300 t8,diesel,individual,manual,second,kanpur,white,rwd,600000
2019,22000,1999.0,150.0,5.0,4570.0,1800.0,1465.0,50.0,hyundai,elantra 2.0 sx (o) at,petrol,individual,automatic,second,mumbai,silver,fwd,1465000
2014,62000,1591.0,121.0,5.0,4370.0,1700.0,1475.0,43.0,hyundai,verna fluidic 1.6 vtvt sx,petrol,individual,manual,first,delhi,silver,fwd,475000
2022,4000,999.0,71.0,5.0,3991.0,1750.0,1605.0,40.0,renault,kiger rxz amt,petrol,individual,automatic,second,hyderabad,white,fwd,1000000
2016,72000,2755.0,172.0,7.0,4735.0,1830.0,1795.0,55.0,toyota,innova 2.8 zx at 7 str [2016-2020],diesel,individual,automatic,first,ludhiana,white,rwd,1850000
2015,60798,1373.0,91.0,5.0,4490.0,1730.0,1485.0,43.0,maruti suzuki,ciaz zxi+,petrol,individual,manual,first,mumbai,white,fwd,570000
2016,20000,1591.0,121.0,5.0,4375.0,1700.0,1475.0,43.0,hyundai,verna 1.6 vtvt sx at,petrol,individual,automatic,first,pune,white,fwd,770000
2019,18000,1497.0,117.0,5.0,4440.0,1695.0,1495.0,40.0,honda,city v cvt petrol [2017-2019],petrol,individual,automatic,first,delhi,brown,fwd,1040000
2014,78000,2179.0,120.0,8.0,4430.0,1817.0,1975.0,60.0,mahindra,scorpio sle bs-iv,diesel,individual,manual,second,ludhiana,white,rwd,675000
2014,52000,1197.0,85.0,5.0,3995.0,1695.0,1555.0,42.0,maruti suzuki,swift dzire vxi,petrol,individual,manual,first,delhi,silver,fwd,450000
2022,10000,1197.0,89.0,5.0,3845.0,1735.0,1530.0,37.0,maruti suzuki,swift zxi,petrol,individual,manual,first,jalandhar,white,fwd,800000
2021,32000,2179.0,154.0,7.0,4655.0,1965.0,1922.0,63.0,tata,safari 2.2 vx 4x2 varicor400,diesel,individual,manual,first,patna,green,rwd,2200000
2015,138000,2179.0,138.0,7.0,4585.0,1890.0,1785.0,70.0,mahindra,xuv500 w10,diesel,individual,manual,first,bangalore,silver,fwd,1075000
2018,84500,1248.0,74.0,5.0,3995.0,1735.0,1515.0,37.0,maruti suzuki,dzire ldi,diesel,individual,manual,third,ambala cantt,white,fwd,560000
2016,47000,1197.0,81.0,5.0,3765.0,1660.0,1520.0,43.0,hyundai,grand i10 sportz 1.2 kappa vtvt [2013-2016],petrol,individual,manual,second,dehradun,grey,fwd,450000
2018,20000,1969.0,190.0,5.0,4963.0,1879.0,1443.0,55.0,volvo,s90 momentum d4 [2018-2020],diesel,individual,automatic,first,delhi,white,fwd,4175000
2022,0,1998.0,228.0,4.0,3850.0,1727.0,1414.0,44.0,mini,cooper jcw hatchback,petrol,individual,automatic,unregistered car,ahmedabad,yellow,fwd,5200000
2018,73000,1582.0,126.0,5.0,4440.0,1729.0,1475.0,45.0,hyundai,verna ex 1.6 crdi [2017-2018],diesel,individual,manual,first,pune,red,fwd,810000
2011,72000,4663.0,453.0,4.0,5246.0,1899.0,1494.0,80.0,mercedes-benz,s-class s 500,petrol,individual,automatic,first,mumbai,silver,rwd,1875000
2015,42000,1198.0,87.0,5.0,3955.0,1694.0,1544.0,40.0,honda,jazz s at [2015-2016],petrol,individual,automatic,first,delhi,white,fwd,520000
2021,9000,1950.0,241.0,5.0,4924.0,2157.0,1772.0,93.0,mercedes-benz,gle 300d 4matic lwb,diesel,individual,automatic,first,delhi,black,awd,8900000
2015,33000,,,,,,,,porsche,panamera 3.0 diesel,diesel,individual,automatic,first,delhi,white,,5590000
2015,36528,1248.0,74.0,5.0,3850.0,1695.0,1530.0,42.0,maruti suzuki,swift vdi,diesel,individual,manual,third,varanasi,blue,fwd,425000
2012,30000,1197.0,85.0,5.0,3850.0,1695.0,1530.0,42.0,maruti suzuki,swift vxi,petrol,individual,manual,first,patna,blue,fwd,325000
2021,17000,1451.0,141.0,5.0,4655.0,1835.0,1760.0,60.0,mg,hector sharp 1.5 dct petrol [2019-2020],petrol,individual,automatic,first,delhi,white,,1889999
2016,79000,2400.0,215.0,5.0,4644.0,1891.0,1713.0,70.0,volvo,xc60 inscription,diesel,individual,automatic,first,ahmedabad,white,awd,1950000
2019,15087,1995.0,190.0,5.0,4657.0,1881.0,1678.0,67.0,bmw,x3 xdrive-20d xline,diesel,corporate,automatic,first,mumbai,blue,awd,5300000
2018,41000,2523.0,75.0,8.0,4456.0,1820.0,1930.0,60.0,mahindra,scorpio s2,diesel,individual,manual,first,patna,blue,rwd,950000
2021,32500,1969.0,232.0,7.0,4953.0,2008.0,1776.0,71.0,volvo,xc90 d5 inscription,diesel,individual,automatic,first,ahmedabad,white,awd,8500000
2015,61000,1968.0,190.0,5.0,4933.0,1874.0,1455.0,75.0,audi,a6 35 tdi matrix,diesel,individual,automatic,second,delhi,white,fwd,1975000
2017,85000,2143.0,201.0,5.0,4819.0,2141.0,1796.0,93.0,mercedes-benz,gle 250 d,diesel,individual,automatic,first,ludhiana,black,awd,4200000
2019,55000,1950.0,192.0,5.0,4686.0,1810.0,1442.0,66.0,mercedes-benz,c-class c 220d progressive [2018-2019],diesel,individual,automatic,second,pune,black,rwd,3500000
2017,45000,999.0,67.0,5.0,3679.0,1579.0,1478.0,28.0,renault,kwid climber 1.0 [2017-2019],petrol,individual,manual,unregistered car,bhubaneswar,grey,fwd,375000
2016,58000,2143.0,134.0,5.0,4424.0,1804.0,1494.0,50.0,mercedes-benz,gla 200 d sport,diesel,individual,automatic,first,lucknow,white,fwd,1825000
2021,4400,1997.0,150.0,4.0,3985.0,1820.0,1844.0,57.0,mahindra,thar lx 4-str hard top petrol at,petrol,individual,automatic,first,mumbai,black,awd,1710000
2014,35000,998.0,67.0,5.0,3600.0,1600.0,1560.0,35.0,maruti suzuki,celerio vxi amt,petrol,individual,automatic,first,delhi,red,fwd,375000
2016,22346,796.0,47.0,5.0,3395.0,1490.0,1475.0,35.0,maruti suzuki,alto 800 vxi,petrol,individual,manual,first,patna,white,fwd,285000
2021,23280,1997.0,150.0,6.0,3985.0,1820.0,1920.0,57.0,mahindra,thar ax 6-str soft top petrol mt,petrol,individual,manual,second,aurangabad,red,awd,1850000
2013,72000,1248.0,89.0,7.0,4265.0,1695.0,1685.0,45.0,maruti suzuki,ertiga zdi,diesel,individual,manual,first,mumbai,blue,fwd,621000
2016,82000,2477.0,176.0,7.0,4695.0,1815.0,1840.0,70.0,mitsubishi,pajero 2.5 at,diesel,individual,automatic,first,mumbai,grey,rwd,1475000
2015,86000,2982.0,169.0,7.0,4705.0,1840.0,1850.0,80.0,toyota,fortuner 3.0 4x2 at,diesel,individual,automatic,second,ludhiana,white,rwd,1800000
2018,38000,1197.0,81.0,5.0,3765.0,1660.0,1520.0,43.0,hyundai,grand i10 magna 1.2 kappa vtvt [2013-2016],petrol,individual,manual,first,kolkata,silver,fwd,399000
2015,138314,1582.0,126.0,5.0,4270.0,1780.0,1630.0,60.0,hyundai,creta 1.6 sx plus special edition,diesel,individual,manual,first,hyderabad,white,fwd,890000
2021,9900,1591.0,121.0,5.0,4370.0,1700.0,1475.0,43.0,hyundai,verna fluidic 1.6 vtvt sx opt at,petrol,individual,automatic,first,mumbai,blue,fwd,1325000
2022,12500,2148.0,170.0,5.0,4596.0,1770.0,1447.0,66.0,mercedes-benz,c-class 220 cdi at,diesel,individual,automatic,unregistered car,hyderabad,white,rwd,5300000
2018,51529,1950.0,192.0,5.0,5063.0,1860.0,1494.0,80.0,mercedes-benz,e-class e 220d expression [2019-2019],diesel,individual,automatic,first,bangalore,white,rwd,4775000
2013,60000,1493.0,100.0,7.0,3985.0,1850.0,1880.0,55.0,mahindra,quanto c4,diesel,individual,manual,first,kolkata,red,rwd,249000
2019,48000,998.0,67.0,5.0,3695.0,1600.0,1560.0,35.0,maruti suzuki,celerio vxi (o) [2019-2020],petrol,individual,manual,first,hyderabad,white,fwd,509999
2018,90000,1956.0,171.0,5.0,4395.0,1818.0,1640.0,60.0,jeep,compass limited 2.0 diesel 4x4 [2017-2020],diesel,individual,manual,first,guwahati,black,awd,1450000
2017,63000,1598.0,118.0,5.0,4300.0,1765.0,1590.0,48.0,maruti suzuki,s-cross delta 1.6,diesel,individual,manual,first,delhi,grey,fwd,640000
2017,65822,793.0,46.0,5.0,3600.0,1600.0,1560.0,35.0,maruti suzuki,celerio ldi [2015-2017],diesel,individual,manual,first,lucknow,silver,fwd,299000
2009,102000,1061.0,58.0,5.0,3520.0,1475.0,1660.0,35.0,maruti suzuki,wagon r duo lxi lpg,lpg,individual,manual,first,nashik,white,fwd,195000
2011,72100,2987.0,235.0,5.0,5226.0,2120.0,1479.0,90.0,mercedes-benz,s-class 350 cdi l,diesel,individual,automatic,second,mumbai,red,rwd,1495000
2021,7534,2995.0,335.0,5.0,4918.0,1983.0,1696.0,75.0,porsche,cayenne base,petrol,individual,automatic,unregistered car,mumbai,blue,awd,14900000
2013,34000,1197.0,80.0,5.0,3775.0,1695.0,1510.0,45.0,toyota,etios liva g,petrol,individual,manual,first,pune,black,fwd,350000
2017,75000,2393.0,148.0,7.0,4735.0,1830.0,1795.0,55.0,toyota,innova 2.4 vx 7 str [2016-2020],diesel,individual,manual,second,varanasi,white,rwd,1421000
2017,99000,1199.0,89.0,5.0,3955.0,1694.0,1544.0,40.0,honda,jazz v at petrol,petrol,individual,automatic,first,noida,brown,fwd,595000
2013,42000,1248.0,74.0,5.0,3995.0,1695.0,1555.0,42.0,maruti suzuki,swift dzire vdi,diesel,individual,manual,first,patna,white,fwd,351000
2012,118000,1586.0,102.0,5.0,4490.0,1735.0,1560.0,50.0,maruti suzuki,sx4 vxi,petrol,individual,manual,first,pune,white,,325000
2017,78000,2179.0,140.0,7.0,4585.0,1890.0,1785.0,70.0,mahindra,xuv500 w8 awd,diesel,individual,manual,first,mumbai,silver,awd,975000
2019,44000,1462.0,103.0,5.0,4490.0,1730.0,1485.0,43.0,maruti suzuki,ciaz delta hybrid 1.5 [2018-2020],petrol,individual,manual,first,delhi,white,fwd,825000
2017,88757,2179.0,154.0,6.0,4788.0,1903.0,1791.0,60.0,tata,hexa xt 4x2 6 str,diesel,individual,manual,second,indore,blue,rwd,1050000
2017,85000,1968.0,150.0,5.0,4385.0,1831.0,1608.0,64.0,audi,q3 30 tdi premium fwd,diesel,individual,automatic,second,chennai,blue,fwd,1970000
2020,12136,1995.0,188.0,5.0,4526.0,1800.0,1420.0,50.0,bmw,2 series gran coupe 220d m sport [2020-2021],diesel,corporate,automatic,first,hyderabad,blue,fwd,4100000
2019,2200,,,,,,,,maruti suzuki,alto vxi,petrol,individual,manual,first,mumbai,white,,385000
2015,49000,1968.0,177.0,5.0,4701.0,1826.0,1427.0,63.0,audi,a4 35 tdi premium sunroof,diesel,individual,automatic,first,mohali,silver,fwd,1525000
2021,6000,1332.0,161.0,5.0,4549.0,1796.0,1446.0,43.0,mercedes-benz,a-class sedan 200,petrol,individual,automatic,first,delhi,white,fwd,4150000
2017,64000,1248.0,89.0,5.0,3995.0,1790.0,1640.0,48.0,maruti suzuki,vitara brezza zdi plus,diesel,individual,manual,first,kolkata,gold,fwd,725000
2011,109000,1794.0,132.0,5.0,4540.0,1760.0,1480.0,55.0,toyota,corolla altis 1.8 g,petrol,individual,manual,second,mumbai,white,fwd,340000
2018,32000,1197.0,83.0,5.0,3995.0,1745.0,1500.0,37.0,maruti suzuki,baleno delta 1.2,petrol,individual,manual,first,delhi,blue,fwd,650000
2019,13000,1197.0,83.0,5.0,3850.0,1695.0,1530.0,42.0,maruti suzuki,swift lxi (o) [2014-2017],petrol,individual,manual,first,delhi,silver,fwd,570000
2008,90000,2494.0,102.0,8.0,4555.0,1770.0,1755.0,55.0,toyota,innova 2.5 e,diesel,individual,manual,fourth,varanasi,white,,160000
2020,35000,2179.0,120.0,7.0,4456.0,1820.0,1995.0,60.0,mahindra,scorpio s5 2wd 7 str,diesel,individual,manual,first,patna,white,rwd,1220000
2017,112000,1997.0,138.0,7.0,4585.0,1890.0,1785.0,70.0,mahindra,xuv500 w4 1.99,diesel,individual,manual,first,muzaffurpur,silver,fwd,800000
2017,40000,1197.0,83.0,5.0,3995.0,1745.0,1500.0,37.0,maruti suzuki,baleno zeta 1.2 at,petrol,individual,automatic,first,pune,blue,fwd,660000
2017,53580,1199.0,89.0,5.0,3999.0,1734.0,1601.0,40.0,honda,wr-v vx mt petrol,petrol,individual,manual,first,kolkata,gold,fwd,575000
2013,51500,1493.0,100.0,7.0,3985.0,1850.0,1880.0,55.0,mahindra,quanto c8,diesel,individual,manual,second,kolkata,maroon,rwd,240000
2019,22000,1497.0,118.0,5.0,4440.0,1695.0,1495.0,40.0,honda,city v petrol,petrol,individual,manual,first,noida,white,fwd,950000
2017,23700,799.0,53.0,5.0,3679.0,1579.0,1478.0,28.0,renault,kwid rxt [2015-2019],petrol,individual,manual,first,mysore,bronze,fwd,419000
2017,48069,1197.0,83.0,5.0,3995.0,1695.0,1555.0,42.0,maruti suzuki,swift dzire vxi at,petrol,individual,automatic,first,hyderabad,white,fwd,750000
2019,48000,1968.0,188.0,5.0,4726.0,1842.0,1427.0,54.0,audi,a4 35 tdi premium plus,diesel,individual,automatic,first,chandigarh,white,fwd,3400000
2015,47981,1968.0,141.0,5.0,4659.0,1814.0,1476.0,50.0,skoda,octavia elegance 2.0 tdi at,diesel,individual,automatic,first,mumbai,black,fwd,1160000
2021,26000,1493.0,113.0,7.0,4500.0,1790.0,1675.0,50.0,hyundai,alcazar platinum 7 str 1.5 diesel,diesel,individual,manual,first,zirakpur,white,fwd,1750000
2020,63000,1493.0,113.0,5.0,4315.0,1800.0,1645.0,50.0,kia,seltos htk plus at 1.5 diesel [2020-2021],diesel,individual,automatic,first,ahmedabad,white,fwd,1575000
2019,71500,2755.0,174.0,7.0,4795.0,1855.0,1835.0,80.0,toyota,fortuner 2.8 4x2 at [2016-2020],diesel,individual,automatic,second,delhi,white,rwd,2811000
2016,16630,1197.0,81.0,5.0,3765.0,1660.0,1520.0,43.0,hyundai,grand i10 asta 1.2 kappa vtvt [2013-2016],petrol,individual,manual,first,mumbai,maroon,fwd,475000
2018,36000,1968.0,190.0,5.0,4933.0,1874.0,1455.0,75.0,audi,a6 35 tdi matrix,diesel,individual,automatic,first,pune,white,fwd,4351000
2017,47255,1497.0,117.0,5.0,4440.0,1695.0,1495.0,40.0,honda,city vx petrol [2017-2019],petrol,individual,manual,first,ahmedabad,grey,fwd,850000
2018,50000,2179.0,153.0,7.0,4585.0,1890.0,1785.0,70.0,mahindra,xuv500 w5 [2018-2020],diesel,individual,manual,first,zirakpur,maroon,fwd,1095000
2021,18703,2993.0,261.0,5.0,4963.0,1868.0,1467.0,66.0,bmw,5-series 530d m sport,diesel,individual,automatic,first,chennai,white,rwd,7700000
2021,7935,1984.0,241.0,5.0,4939.0,1886.0,1457.0,73.0,audi,a6 technology 45 tfsi,petrol,individual,automatic,unregistered car,surat,brown,fwd,5800000
2022,9355,1497.0,113.0,5.0,4300.0,1790.0,1635.0,50.0,hyundai,creta sx 1.5 petrol cvt [2020-2022],petrol,individual,automatic,first,mumbai,white,fwd,1925000
2018,34800,799.0,53.0,5.0,3679.0,1579.0,1478.0,28.0,renault,kwid rxl [2015-2019],petrol,individual,manual,first,jamshedpur,red,fwd,305000
2013,72000,1461.0,84.0,5.0,4331.0,1822.0,1671.0,50.0,nissan,terrano xl d plus,diesel,individual,manual,second,dehradun,grey,fwd,385000
2012,86288,1598.0,103.0,5.0,4386.0,1699.0,1466.0,55.0,skoda,rapid elegance 1.6 tdi cr mt,diesel,individual,manual,first,hyderabad,black,fwd,500000
2017,24003,1199.0,89.0,5.0,3955.0,1694.0,1544.0,40.0,honda,jazz v petrol,petrol,individual,manual,first,bangalore,brown,fwd,655000
2017,28000,1497.0,108.0,5.0,3994.0,1811.0,1607.0,44.0,tata,nexon xz plus diesel,diesel,individual,manual,first,bangalore,red,fwd,925000
2017,65000,1396.0,89.0,5.0,3985.0,1734.0,1505.0,45.0,hyundai,elite i20 asta 1.4 crdi,diesel,individual,manual,first,ahmedabad,white,fwd,690000
2019,75000,2179.0,153.0,7.0,4585.0,1890.0,1785.0,70.0,mahindra,xuv500 w11,diesel,individual,manual,first,kota,white,fwd,1500000
2015,45000,1248.0,89.0,7.0,4265.0,1695.0,1685.0,45.0,maruti suzuki,ertiga zdi,diesel,individual,manual,second,gurgaon,grey,fwd,625000
2018,71000,1582.0,126.0,5.0,4375.0,1700.0,1475.0,43.0,hyundai,verna 1.6 crdi sx (o),diesel,individual,manual,second,gurgaon,white,fwd,844999
2018,54000,1497.0,117.0,7.0,4453.0,1735.0,1666.0,42.0,honda,br-v v cvt petrol,petrol,individual,automatic,first,kolkata,silver,fwd,745000
2015,49776,1493.0,84.0,7.0,3995.0,1835.0,1839.0,60.0,mahindra,tuv300 t6 plus amt,diesel,individual,automatic,first,mumbai,white,rwd,650000
2017,61000,1248.0,89.0,5.0,3995.0,1790.0,1640.0,48.0,maruti suzuki,vitara brezza vdi (o) [2016-2018],diesel,individual,manual,first,kanpur,maroon,fwd,640000
2017,68000,1984.0,150.0,5.0,4370.0,1783.0,1458.0,60.0,volvo,v40 d3 r-design,diesel,corporate,automatic,second,mumbai,white,fwd,2050000
2014,47884,998.0,67.0,5.0,3600.0,1600.0,1560.0,35.0,maruti suzuki,celerio vxi amt,petrol,individual,automatic,first,pune,red,fwd,395000
2017,56000,1798.0,177.0,5.0,4670.0,1814.0,1476.0,50.0,skoda,octavia 1.8 tsi style plus at [2017],petrol,individual,automatic,first,navi mumbai,white,fwd,1390000
2010,58424,1497.0,118.0,5.0,4420.0,1695.0,1480.0,42.0,honda,city 1.5 v mt,petrol,individual,manual,first,hyderabad,gold,fwd,365000
2017,55000,1120.0,71.0,5.0,3995.0,1660.0,1520.0,43.0,hyundai,xcent s 1.1 crdi special edition,diesel,individual,manual,first,ahmedabad,white,fwd,451000
1996,100000,,,,,,,,maruti suzuki,zen lx,petrol + lpg,individual,manual,second,coimbatore,white,,130000
2017,45000,2755.0,172.0,7.0,4735.0,1830.0,1795.0,55.0,toyota,innova 2.8 zx at 7 str [2016-2020],diesel,individual,automatic,first,mumbai,grey,rwd,2150000
2011,75000,1248.0,75.0,5.0,3715.0,1680.0,1620.0,43.0,maruti suzuki,ritz ldi bs-iv,diesel,individual,manual,first,kanpur,white,,195000
2018,47000,1598.0,104.0,5.0,4386.0,1699.0,1466.0,55.0,skoda,rapid 1.6 mpi active,petrol,individual,manual,first,coimbatore,white,fwd,880000
2019,38000,1591.0,121.0,5.0,4370.0,1700.0,1475.0,43.0,hyundai,verna fluidic 1.6 vtvt sx opt at,petrol,individual,automatic,first,bangalore,white,fwd,1180000
2016,17000,796.0,47.0,5.0,3395.0,1490.0,1475.0,35.0,maruti suzuki,alto 800 lxi,petrol,individual,manual,first,lucknow,white,fwd,285000
2020,20000,2993.0,258.0,7.0,4886.0,1938.0,1762.0,,bmw,x5 xdrive 30d,diesel,individual,automatic,first,kolkata,grey,awd,7998999
2018,925000,1582.0,126.0,5.0,4375.0,1700.0,1475.0,43.0,hyundai,verna 1.6 crdi sx,diesel,individual,manual,first,karnal,white,fwd,925000
2019,35000,1498.0,99.0,5.0,3995.0,1704.0,1525.0,40.0,ford,aspire titanium1.5 tdci [2018-2020],diesel,individual,manual,first,bhopal,white,fwd,675000
2015,34303,1496.0,114.0,5.0,3982.0,1727.0,1425.0,44.0,mini,cooper d 5 door,diesel,individual,automatic,second,bangalore,yellow,fwd,2500000
2019,34000,1968.0,190.0,5.0,4933.0,1874.0,1455.0,75.0,audi,a6 35 tdi matrix,diesel,individual,automatic,first,ghaziabad,black,fwd,3675000
2022,8000,1493.0,113.0,7.0,4500.0,1790.0,1675.0,50.0,hyundai,alcazar signature (o) 7 seater 1.5 diesel at,diesel,individual,automatic,first,hyderabad,white,fwd,2400000
2020,27000,1493.0,113.0,5.0,4315.0,1800.0,1645.0,50.0,kia,seltos htk 1.5 diesel [2020-2021],diesel,individual,manual,first,jaipur,silver,fwd,1300000
2021,6600,1197.0,82.0,5.0,3805.0,1680.0,1520.0,37.0,hyundai,grand i10 nios sportz amt 1.2 kappa vtvt,petrol,individual,automatic,first,hyderabad,blue,fwd,825000
2015,125000,2494.0,101.0,8.0,4585.0,1765.0,1760.0,55.0,toyota,innova 2.5 gx bs iv 8 str,diesel,individual,manual,third,mumbai,silver,rwd,899000
2021,13424,796.0,47.0,5.0,3445.0,1515.0,1475.0,35.0,maruti suzuki,alto 800 vxi,petrol,individual,manual,first,ranga reddy,silver,fwd,409999
2015,78000,796.0,47.0,5.0,3395.0,1490.0,1475.0,35.0,maruti suzuki,alto 800 lxi cng,cng,individual,manual,first,mumbai,white,fwd,289000
2011,69276,998.0,67.0,5.0,3620.0,1475.0,1460.0,35.0,maruti suzuki,alto lxi,petrol,individual,manual,first,hyderabad,gold,fwd,280000
2017,31000,1582.0,126.0,5.0,4440.0,1729.0,1475.0,45.0,hyundai,verna sx (o) 1.6 crdi,diesel,individual,manual,first,kolkata,white,fwd,811999
2017,33000,2993.0,261.0,4.0,4936.0,1868.0,1479.0,78.0,bmw,5-series 530d m sport [2017-2019],diesel,individual,automatic,second,bangalore,white,rwd,5400000
2012,54000,998.0,68.0,5.0,3539.0,1475.0,1700.0,35.0,maruti suzuki,wagon r lxi,petrol,individual,manual,first,agra,brown,,220000
2014,54000,1498.0,89.0,5.0,3971.0,1682.0,1469.0,45.0,volkswagen,polo highline1.5l (d),diesel,individual,manual,first,bangalore,grey,fwd,625000
2017,75000,1248.0,89.0,5.0,3995.0,1790.0,1640.0,48.0,maruti suzuki,vitara brezza zdi,diesel,individual,manual,first,ambala cantt,white,fwd,725000
2017,63651,1995.0,190.0,5.0,4657.0,1881.0,1678.0,67.0,bmw,x3 20d m sport,diesel,individual,automatic,first,bangalore,white,awd,4195000
2014,71796,1968.0,174.0,5.0,4385.0,1831.0,1608.0,64.0,audi,q3 35 tdi premium plus + sunroof,diesel,individual,automatic,third,bangalore,blue,awd,1450000
2014,74000,1461.0,84.0,5.0,4331.0,1822.0,1671.0,50.0,nissan,terrano xe (d),diesel,individual,manual,second,gurgaon,silver,fwd,425000
2013,82461,814.0,55.0,5.0,3495.0,1550.0,1500.0,32.0,hyundai,eon sportz,petrol,individual,manual,first,hyderabad,red,fwd,250000
2018,66000,1248.0,74.0,5.0,3995.0,1735.0,1515.0,37.0,maruti suzuki,dzire vdi,diesel,individual,manual,first,pune,gold,fwd,800000
2015,87000,2179.0,120.0,8.0,4456.0,1820.0,1995.0,60.0,mahindra,scorpio s10,diesel,individual,manual,first,varanasi,white,rwd,875000
2016,61109,2143.0,134.0,5.0,4424.0,1804.0,1494.0,50.0,mercedes-benz,gla 200 d sport,diesel,individual,automatic,second,bangalore,brown,fwd,2275000
2019,32000,1199.0,84.0,5.0,3793.0,1665.0,1587.0,35.0,tata,tiago nrg petrol,petrol,individual,manual,first,noida,bronze,fwd,525000
2021,6600,2996.0,362.0,5.0,5246.0,1899.0,1494.0,80.0,mercedes-benz,s-class s 450,petrol,individual,automatic,first,delhi,white,rwd,20000000
2021,14000,1997.0,150.0,4.0,3985.0,1820.0,1844.0,57.0,mahindra,thar lx 4-str hard top petrol mt,petrol,individual,manual,first,delhi,brown,awd,1520000
2009,135797,1086.0,67.0,5.0,3565.0,1595.0,1550.0,35.0,hyundai,i10 magna,petrol,individual,manual,second,lucknow,silver,fwd,170000
2019,42475,3198.0,197.0,7.0,4903.0,1869.0,1837.0,80.0,ford,endeavour titanium plus 3.2 4x4 at,diesel,individual,automatic,first,pune,silver,awd,3300000
2018,27239,998.0,67.0,5.0,3600.0,1600.0,1560.0,35.0,maruti suzuki,celerio zxi amt [2017-2019],petrol,individual,automatic,first,bangalore,orange,fwd,575000
2013,66000,995.0,62.0,5.0,3495.0,1495.0,1518.0,38.0,chevrolet,spark ls 1.0 bs-iii,petrol,individual,manual,first,lucknow,white,fwd,190000
2022,2272,1197.0,82.0,5.0,3805.0,1680.0,1520.0,37.0,hyundai,grand i10 nios sportz 1.2 kappa vtvt,petrol,individual,manual,first,hyderabad,white,fwd,755000
2015,50000,1997.0,154.0,5.0,4545.0,1820.0,1685.0,58.0,honda,cr-v 2.0l 2wd at,petrol,individual,automatic,first,mumbai,brown,fwd,1130000
2019,17491,,,,,,,,maruti suzuki,alto vxi,petrol,individual,manual,first,kolkata,others,,316000
2017,38674,1197.0,83.0,5.0,3995.0,1695.0,1555.0,42.0,maruti suzuki,swift dzire lxi,petrol,individual,manual,first,navi mumbai,red,fwd,610000
2016,40000,1968.0,174.0,5.0,4385.0,1831.0,1608.0,64.0,audi,q3 35 tdi premium plus + sunroof,diesel,individual,automatic,first,delhi,white,awd,1875000
2021,14000,796.0,47.0,5.0,3395.0,1490.0,1475.0,35.0,maruti suzuki,alto 800 lxi cng,cng,individual,manual,first,mohali,grey,fwd,480000
2019,32000,999.0,67.0,5.0,3679.0,1579.0,1478.0,28.0,renault,kwid 1.0 rxl [2017-2019],petrol,individual,manual,first,mumbai,brown,fwd,365000
2012,72000,,,,,,,,hyundai,i20 magna 1.2,petrol,individual,manual,third,mumbai,white,,250000
2017,82000,1498.0,99.0,5.0,3999.0,1765.0,1708.0,52.0,ford,ecosport titanium+ 1.5l tdci,diesel,individual,manual,first,jaipur,white,fwd,745000
2013,52000,1595.0,120.0,5.0,4359.0,2010.0,1557.0,50.0,mercedes-benz,b-class b180 sports,petrol,individual,automatic,second,delhi,silver,fwd,1150000
2020,38500,,,5.0,4314.0,1809.0,1620.0,,mg,zs ev exclusive [2020-2021],electric,individual,automatic,first,delhi,blue,fwd,2100000
2014,56000,1120.0,71.0,5.0,3995.0,1660.0,1520.0,43.0,hyundai,xcent sx 1.1 crdi (o),diesel,individual,manual,third,delhi,white,fwd,200000
2016,42000,1497.0,117.0,5.0,4440.0,1695.0,1495.0,40.0,honda,city vx cvt,petrol,individual,automatic,first,mumbai,brown,fwd,775000
2016,57983,1591.0,122.0,5.0,4270.0,1780.0,1630.0,60.0,hyundai,creta sx plus 1.6  petrol,petrol,individual,manual,first,mumbai,white,fwd,860000
2018,15600,1395.0,148.0,5.0,4456.0,1796.0,1416.0,50.0,audi,a3 35 tfsi premium plus,petrol,corporate,automatic,first,lucknow,white,fwd,2089999
2019,26000,1582.0,126.0,5.0,4375.0,1700.0,1475.0,43.0,hyundai,verna 1.6 crdi sx,diesel,individual,manual,first,patna,white,fwd,1100000
2021,5000,2925.0,282.0,5.0,5246.0,1899.0,1494.0,70.0,mercedes-benz,s-class s 350d [2018-2020],diesel,individual,automatic,unregistered car,pune,white,rwd,18500000
2011,90000,1248.0,74.0,5.0,3995.0,1695.0,1555.0,42.0,maruti suzuki,swift dzire vdi,diesel,individual,manual,second,chandigarh,white,fwd,260000
2016,43323,2143.0,204.0,5.0,4879.0,1854.0,1474.0,80.0,mercedes-benz,e-class e 250 cdi avantgarde,diesel,individual,automatic,second,chandigarh,silver,rwd,2690000
2020,94182,1968.0,141.0,5.0,4670.0,1814.0,1476.0,50.0,skoda,octavia 2.0 tdi l&k,diesel,individual,automatic,first,kanpur,grey,fwd,1400000
2022,3395,1086.0,68.0,5.0,3610.0,1645.0,1560.0,35.0,hyundai,santro sportz [2018-2020],petrol,individual,manual,first,ludhiana,others,fwd,515000
2014,53213,1248.0,89.0,7.0,4265.0,1695.0,1685.0,45.0,maruti suzuki,ertiga vdi,diesel,individual,manual,first,patna,white,fwd,600000
2017,93000,3198.0,197.0,7.0,4892.0,1860.0,1837.0,80.0,ford,endeavour titanium 3.2 4x4 at,diesel,individual,automatic,first,ahmedabad,white,awd,2000000
2018,45000,1999.0,177.0,5.0,4795.0,1967.0,1416.0,56.0,jaguar,xe prestige diesel,diesel,individual,automatic,first,dehradun,white,rwd,2850000
2017,110000,2755.0,174.0,7.0,4795.0,1855.0,1835.0,80.0,toyota,fortuner 2.8 4x4 at [2016-2020],diesel,individual,automatic,first,chandigarh,grey,awd,3200000
2016,70000,1798.0,138.0,5.0,4620.0,1775.0,1475.0,55.0,toyota,corolla altis gl petrol,petrol,individual,manual,first,delhi,white,fwd,1075000
2020,40000,1199.0,85.0,5.0,3990.0,1755.0,1523.0,37.0,tata,altroz xt petrol,petrol,individual,manual,first,kolkata,white,fwd,575000
2018,52000,1969.0,190.0,5.0,4425.0,1863.0,1652.0,54.0,volvo,xc40 d4 r-design,diesel,individual,automatic,first,bangalore,white,awd,3950000
2019,6200,1462.0,103.0,5.0,4490.0,1730.0,1485.0,43.0,maruti suzuki,ciaz delta hybrid 1.5 [2018-2020],petrol,individual,manual,first,mumbai,blue,fwd,750000
2017,75650,1498.0,99.0,5.0,3999.0,1734.0,1601.0,40.0,honda,wr-v vx mt diesel,diesel,individual,manual,first,thane,white,fwd,755000
2010,60000,1197.0,80.0,5.0,3565.0,1595.0,1550.0,35.0,hyundai,i10 sportz 1.2,petrol,individual,manual,third,roorkee,white,fwd,190000
2014,89000,1248.0,74.0,5.0,3995.0,1695.0,1555.0,42.0,maruti suzuki,swift dzire vdi,diesel,individual,manual,first,lucknow,white,fwd,425000
2014,43000,,,,,,,,porsche,cayenne 3.2 v6 petrol,petrol,individual,automatic,second,mumbai,white,,3600000
2019,56000,796.0,47.0,5.0,3395.0,1490.0,1475.0,35.0,maruti suzuki,alto 800 lxi cng,cng,individual,manual,first,ahmedabad,white,fwd,390000
2017,57000,1582.0,126.0,5.0,4375.0,1700.0,1475.0,43.0,hyundai,verna 1.6 crdi sx,diesel,individual,manual,second,bangalore,grey,fwd,855000
2012,56000,814.0,55.0,5.0,3495.0,1550.0,1500.0,32.0,hyundai,eon era +,petrol,individual,manual,first,meerut,grey,fwd,225000
2016,60000,1968.0,190.0,5.0,4933.0,1874.0,1455.0,75.0,audi,a6 35 tdi matrix,diesel,individual,automatic,first,mumbai,white,fwd,2425000
2019,61805,2179.0,140.0,7.0,4456.0,1820.0,1995.0,60.0,mahindra,scorpio s9 2wd 7 str,diesel,individual,manual,first,guwahati,white,rwd,1270000
2014,58000,998.0,58.0,5.0,3599.0,1495.0,1700.0,35.0,maruti suzuki,wagon r lxi cng (o),cng,individual,manual,second,delhi,red,fwd,325000
2019,33000,1198.0,108.0,5.0,3994.0,1811.0,1607.0,44.0,tata,nexon xm,petrol,individual,manual,first,delhi,silver,fwd,750000
2008,70000,1497.0,78.0,5.0,4390.0,1690.0,1495.0,42.0,honda,city cvt,petrol,individual,automatic,second,lucknow,white,,185000
2014,48000,998.0,67.0,5.0,3695.0,1600.0,1560.0,35.0,maruti suzuki,celerio zxi amt [2019-2020],petrol,individual,automatic,first,mumbai,silver,fwd,450000
2020,12400,1956.0,169.0,5.0,4655.0,1835.0,1760.0,60.0,mg,hector sharp 2.0 diesel [2019-2020],diesel,individual,manual,first,mohali,grey,fwd,1710000
2017,92000,1493.0,70.0,7.0,3995.0,1745.0,1880.0,,mahindra,bolero power plus zlx [2016-2019],diesel,individual,manual,first,lucknow,green,rwd,665000
2015,64000,1582.0,126.0,5.0,4270.0,1780.0,1630.0,60.0,hyundai,creta 1.6 sx (o),diesel,individual,manual,first,ahmedabad,white,fwd,871000
2021,18000,998.0,58.0,5.0,3599.0,1495.0,1700.0,35.0,maruti suzuki,wagon r lxi cng (o),cng,individual,manual,first,delhi,silver,fwd,625000
2016,53376,1198.0,77.0,6.0,3675.0,1715.0,1655.0,35.0,mahindra,kuv100 k6 d 6 str [2016-2017],diesel,individual,manual,first,bangalore,orange,fwd,495000
2016,70000,1498.0,99.0,5.0,4440.0,1695.0,1495.0,40.0,honda,city v diesel,diesel,individual,manual,first,kanpur,silver,fwd,600000
2019,70000,1493.0,70.0,7.0,3995.0,1745.0,1880.0,,mahindra,bolero power plus zlx,diesel,individual,manual,second,dak. kannada,white,rwd,875000
2014,65123,1582.0,126.0,5.0,4370.0,1700.0,1475.0,43.0,hyundai,verna fluidic 1.6 crdi sx,diesel,individual,manual,first,patna,black,fwd,595000
2014,58600,1198.0,87.0,5.0,3990.0,1680.0,1505.0,35.0,honda,amaze 1.2 s i-vtec,petrol,individual,manual,first,pune,red,fwd,425000
2021,7500,998.0,118.0,5.0,3995.0,1770.0,1605.0,45.0,hyundai,venue sx (o) 1.0 turbo imt,petrol,individual,manual,first,hyderabad,blue,fwd,1050000
2019,39000,1582.0,126.0,5.0,4270.0,1780.0,1665.0,55.0,hyundai,creta sx 1.6 crdi,diesel,individual,manual,first,mumbai,white,fwd,1299000
2009,23000,1086.0,67.0,5.0,3565.0,1595.0,1550.0,35.0,hyundai,i10 magna,petrol,individual,manual,first,mumbai,red,fwd,175000
2019,27900,1462.0,103.0,6.0,4445.0,1775.0,1700.0,45.0,maruti suzuki,xl6 zeta mt petrol,petrol,individual,manual,first,mumbai,brown,fwd,994999
2019,42000,1373.0,94.0,7.0,4296.0,1695.0,1685.0,45.0,maruti suzuki,ertiga vxi cng,cng,individual,manual,first,delhi,brown,fwd,1025000
2016,27011,2993.0,258.0,7.0,4886.0,1938.0,1762.0,,bmw,x5 xdrive 30d,diesel,individual,automatic,second,karnal,white,awd,4175000
2016,122000,999.0,67.0,5.0,3679.0,1579.0,1478.0,28.0,renault,kwid 1.0 rxt [2016-2019],petrol,individual,manual,first,coimbatore,red,fwd,265000
2015,48000,1197.0,83.0,5.0,3995.0,1745.0,1500.0,37.0,maruti suzuki,baleno sigma 1.2,petrol,individual,manual,first,navi mumbai,grey,fwd,475000
2018,9000,1197.0,82.0,5.0,3985.0,1734.0,1505.0,45.0,hyundai,elite i20 sportz 1.2 (o),petrol,individual,manual,first,mumbai,grey,fwd,660000
2019,32000,999.0,67.0,5.0,3679.0,1579.0,1478.0,28.0,renault,kwid 1.0 rxt amt opt,petrol,individual,automatic,first,coimbatore,bronze,fwd,490000
2018,54000,2694.0,164.0,7.0,4735.0,1830.0,1795.0,65.0,toyota,innova 2.7 gx at 7 str [2016-2020],petrol,individual,automatic,first,mumbai,silver,rwd,1950000
2012,57000,1498.0,98.0,5.0,4425.0,1695.0,1505.0,41.0,nissan,sunny xl,petrol,individual,manual,first,amritsar,white,fwd,315000
2017,90000,2143.0,201.0,5.0,4819.0,2141.0,1796.0,93.0,mercedes-benz,gle 250 d,diesel,individual,automatic,first,ludhiana,black,awd,4190000
2016,49000,1198.0,87.0,5.0,3610.0,1680.0,1500.0,35.0,honda,brio s mt,petrol,individual,manual,first,mumbai,white,fwd,341000
2018,71000,1248.0,89.0,5.0,3995.0,1790.0,1640.0,48.0,maruti suzuki,vitara brezza zdi plus,diesel,individual,manual,second,udupi,white,fwd,950000
2014,20000,1197.0,85.0,5.0,3850.0,1695.0,1530.0,42.0,maruti suzuki,swift vxi,petrol,individual,manual,second,mumbai,grey,fwd,409999
2012,12300,998.0,68.0,5.0,3539.0,1475.0,1700.0,35.0,maruti suzuki,wagon r lxi,petrol,individual,manual,first,mumbai,blue,,290000
2021,5000,1248.0,89.0,5.0,4490.0,1730.0,1485.0,43.0,maruti suzuki,ciaz zeta 1.3 hybrid,diesel,individual,manual,first,lucknow,white,fwd,1050000
2013,68000,1197.0,85.0,5.0,3850.0,1695.0,1530.0,42.0,maruti suzuki,swift vxi,petrol,individual,manual,first,mumbai,blue,fwd,365000
2019,17000,2143.0,136.0,5.0,4630.0,1777.0,1432.0,56.0,mercedes-benz,cla 200 d urban sport,diesel,individual,automatic,first,delhi,red,fwd,3100000
2022,15000,2184.0,130.0,4.0,3985.0,1820.0,1844.0,57.0,mahindra,thar lx 4-str hard top diesel at,diesel,individual,automatic,first,delhi,grey,awd,1875000
2019,24444,1999.0,236.0,7.0,4600.0,2069.0,1724.0,65.0,land rover,discovery sport hse petrol 7-seater,petrol,individual,automatic,second,bangalore,blue,awd,5100000
2015,43000,1498.0,89.0,5.0,3999.0,1765.0,1708.0,52.0,ford,ecosport titanium 1.5 tdci,diesel,individual,manual,first,mumbai,silver,fwd,595000
2020,18000,1950.0,192.0,5.0,5063.0,1860.0,1494.0,80.0,mercedes-benz,e-class e 220d exclusive [2019-2019],diesel,individual,automatic,first,noida,white,rwd,5200000
2014,82000,2993.0,289.0,5.0,4879.0,2073.0,1780.0,77.0,land rover,range rover sport sdv6 se,diesel,individual,automatic,first,ludhiana,white,awd,6000000
2019,57000,2143.0,201.0,5.0,4819.0,2141.0,1796.0,93.0,mercedes-benz,gle 250 d,diesel,individual,automatic,first,dehradun,black,awd,5775000
2021,2610,1991.0,201.0,5.0,4686.0,1810.0,1442.0,66.0,mercedes-benz,c-class c200 progressive,petrol,individual,automatic,first,bangalore,white,rwd,4975000
2017,92000,1248.0,89.0,5.0,4490.0,1730.0,1485.0,43.0,maruti suzuki,ciaz vdi+ shvs,diesel,individual,manual,second,jalandhar,white,fwd,650000
2017,40879,1197.0,82.0,5.0,3700.0,1690.0,1595.0,32.0,maruti suzuki,ignis zeta 1.2 amt,petrol,individual,automatic,first,mumbai,red,fwd,521000
2016,80000,1498.0,99.0,5.0,3999.0,1765.0,1708.0,52.0,ford,ecosport titanium 1.5l tdci,diesel,individual,manual,first,gurgaon,black,fwd,570000
2022,5500,1950.0,192.0,5.0,4658.0,1890.0,1644.0,66.0,mercedes-benz,glc 220d 4matic progressive,diesel,individual,automatic,unregistered car,hyderabad,white,awd,8100000
2011,89000,1248.0,75.0,5.0,3715.0,1680.0,1620.0,43.0,maruti suzuki,ritz ldi bs-iv,diesel,individual,manual,second,dehradun,maroon,,160000
2017,68690,2993.0,258.0,5.0,4886.0,1938.0,1762.0,,bmw,x5 xdrive 30d m sport,diesel,corporate,automatic,first,hyderabad,blue,awd,5500000
2018,50000,,,5.0,3655.0,1620.0,1675.0,32.0,maruti suzuki,wagon r vxi 1.0 [2019-2019],petrol,individual,manual,unregistered car,bhubaneswar,white,,420000
2018,19000,999.0,67.0,5.0,3679.0,1579.0,1478.0,28.0,renault,kwid 1.0 rxt [2016-2019],petrol,individual,manual,first,kolkata,red,fwd,299000
2012,130000,1598.0,105.0,5.0,4386.0,1699.0,1466.0,55.0,skoda,rapid ambition 1.6 tdi cr mt,diesel,individual,manual,first,nashik,white,fwd,350000
2017,35000,1248.0,74.0,5.0,3995.0,1695.0,1555.0,42.0,maruti suzuki,swift dzire vdi,diesel,individual,manual,first,patna,white,fwd,575000
2013,64418,1198.0,87.0,5.0,3610.0,1680.0,1500.0,35.0,honda,brio vx at,petrol,individual,automatic,second,mumbai,silver,fwd,335000
2019,10265,1197.0,81.0,5.0,3765.0,1660.0,1520.0,43.0,hyundai,grand i10 sportz 1.2 kappa vtvt [2016-2017],petrol,individual,manual,first,hyderabad,grey,fwd,480000
2021,15000,998.0,58.0,5.0,3655.0,1620.0,1675.0,60.0,maruti suzuki,wagon r lxi 1.0 cng,cng,individual,manual,first,pune,white,fwd,675000
2012,85000,1498.0,89.0,5.0,4320.0,1764.0,1486.0,40.0,ford,fiesta titanium diesel,diesel,individual,manual,first,jaipur,silver,fwd,350000
2018,90000,2143.0,134.0,5.0,4424.0,1804.0,1494.0,50.0,mercedes-benz,gla 200 d style,diesel,individual,automatic,second,mumbai,bronze,fwd,2500000
2013,89000,998.0,59.0,5.0,3539.0,1475.0,1700.0,35.0,maruti suzuki,wagon r lxi cng,cng,individual,manual,first,lucknow,silver,,260000
2017,43000,998.0,58.0,5.0,3599.0,1495.0,1700.0,35.0,maruti suzuki,wagon r lxi cng,cng,individual,manual,first,agra,grey,fwd,400000
2017,219000,2755.0,174.0,7.0,4795.0,1855.0,1835.0,80.0,toyota,fortuner 2.8 4x4 at [2016-2020],diesel,individual,automatic,second,jaipur,white,awd,2750000
2010,261236,1998.0,136.0,8.0,4555.0,1770.0,1755.0,55.0,toyota,innova 2.0 g1 bs-iv,petrol,individual,manual,first,mumbai,silver,,555000
2017,50000,1248.0,89.0,5.0,3995.0,1790.0,1640.0,48.0,maruti suzuki,vitara brezza zdi plus,diesel,individual,manual,first,delhi,white,fwd,790000
2014,48000,796.0,47.0,5.0,3395.0,1490.0,1475.0,35.0,maruti suzuki,alto 800 std,petrol,individual,manual,third,ranchi,silver,fwd,180000
2019,39000,1120.0,71.0,5.0,3995.0,1660.0,1520.0,43.0,hyundai,xcent sx 1.1 crdi,diesel,individual,manual,first,jaipur,white,fwd,551000
2018,33030,1248.0,89.0,5.0,3995.0,1790.0,1640.0,48.0,maruti suzuki,vitara brezza vdi,diesel,individual,manual,first,jaipur,red,fwd,860000
2013,86000,1497.0,116.0,5.0,4440.0,1695.0,1485.0,42.0,honda,city 1.5 e mt,petrol,individual,manual,second,mumbai,purple,fwd,375000
2017,55000,1373.0,91.0,5.0,4490.0,1730.0,1485.0,43.0,maruti suzuki,ciaz alpha 1.4 at,petrol,individual,automatic,first,noida,white,fwd,725000
2017,35000,1197.0,81.0,5.0,3765.0,1660.0,1520.0,43.0,hyundai,grand i10 sportz 1.2 kappa vtvt [2016-2017],petrol,individual,manual,first,kolkata,blue,fwd,400000
2022,2000,1368.0,161.0,5.0,4405.0,1818.0,1640.0,60.0,jeep,compass limited (o) 1.4 petrol dct,petrol,individual,automatic,first,kolkata,green,fwd,2275000
2018,90000,1956.0,171.0,5.0,4395.0,1818.0,1640.0,60.0,jeep,compass limited 2.0 diesel [2017-2020],diesel,individual,manual,first,ludhiana,silver,fwd,1250000
2012,96506,1497.0,116.0,5.0,4440.0,1695.0,1485.0,42.0,honda,city 1.5 s mt,petrol,individual,manual,second,bangalore,silver,fwd,499000
2014,88000,1598.0,103.0,5.0,4384.0,1699.0,1466.0,55.0,volkswagen,vento highline petrol at,petrol,individual,automatic,first,faridabad,silver,fwd,399000
2008,140987,2987.0,198.0,5.0,4818.0,1822.0,1420.0,80.0,mercedes-benz,e-class 280 cdi elegance,diesel,individual,automatic,second,jalandhar,gold,rwd,335000
2015,52000,1197.0,85.0,5.0,3995.0,1695.0,1555.0,42.0,maruti suzuki,swift dzire vxi,petrol,individual,manual,first,roorkee,white,fwd,450000
2015,54443,998.0,67.0,5.0,3600.0,1600.0,1560.0,35.0,maruti suzuki,celerio vxi amt,petrol,individual,automatic,first,mumbai,white,fwd,409999
2020,9500,1950.0,192.0,5.0,5063.0,1860.0,1494.0,80.0,mercedes-benz,e-class e 220d exclusive [2019-2019],diesel,corporate,automatic,first,mumbai,silver,rwd,6100000
2018,75000,2993.0,258.0,7.0,4886.0,1938.0,1762.0,,bmw,x5 xdrive 30d,diesel,individual,automatic,second,delhi,blue,awd,4690000
2012,89000,,,,,,,,audi,a4 2.0 tdi sline,diesel,individual,automatic,second,mohali,black,,775000
2017,42000,1395.0,148.0,5.0,4726.0,1842.0,1427.0,54.0,audi,a4 30 tfsi technology pack,petrol,individual,automatic,first,pune,white,fwd,3000000
2018,25000,999.0,67.0,5.0,3429.0,1560.0,1541.0,28.0,datsun,redigo t(o) 1.0,petrol,individual,manual,second,kolkata,grey,fwd,250000
2021,39000,1995.0,190.0,5.0,4657.0,1881.0,1678.0,67.0,bmw,x3 xdrive 20d luxury line [2018-2020],diesel,individual,automatic,first,ahmedabad,white,awd,6200000
2014,86000,1248.0,74.0,5.0,3850.0,1695.0,1530.0,42.0,maruti suzuki,swift vdi,diesel,individual,manual,first,coimbatore,white,fwd,590000
2013,50300,1995.0,112.0,5.0,4097.0,1789.0,1561.0,47.0,mini,countryman cooper d,diesel,individual,automatic,second,delhi,green,fwd,1300000
2018,43000,2179.0,153.0,7.0,4585.0,1890.0,1785.0,70.0,mahindra,xuv500 w11 (o) at,diesel,individual,automatic,first,mumbai,bronze,fwd,1639999
2013,83555,2179.0,140.0,7.0,4585.0,1890.0,1785.0,70.0,mahindra,xuv500 w8,diesel,individual,manual,first,hyderabad,black,fwd,740000
2019,27500,1493.0,70.0,7.0,3995.0,1745.0,1880.0,,mahindra,bolero power plus zlx,diesel,individual,manual,first,varanasi,white,rwd,770000
2013,75000,1498.0,89.0,5.0,3999.0,1765.0,1708.0,52.0,ford,ecosport titanium 1.5 tdci,diesel,individual,manual,first,mumbai,white,fwd,530000
2015,87000,2993.0,258.0,5.0,4886.0,1938.0,1762.0,,bmw,x5 xdrive 30d m sport,diesel,individual,automatic,first,mohali,grey,awd,2975000
2022,5800,1493.0,113.0,5.0,4300.0,1790.0,1635.0,50.0,hyundai,creta sx (o) 1.5 diesel automatic,diesel,individual,automatic,first,surat,white,fwd,1989999
2018,173000,2755.0,174.0,7.0,4795.0,1855.0,1835.0,80.0,toyota,fortuner 2.8 4x2 mt [2016-2020],diesel,individual,manual,first,bangalore,white,rwd,3250000
2021,7000,1353.0,138.0,5.0,4315.0,1800.0,1645.0,50.0,kia,seltos gtx plus at 1.4 [2019-2020],petrol,individual,automatic,first,bangalore,grey,fwd,1975000
2015,121000,2179.0,138.0,7.0,4585.0,1890.0,1785.0,70.0,mahindra,xuv500 w10 awd,diesel,individual,manual,first,kanpur,white,awd,735000
2013,96000,2179.0,138.0,7.0,4655.0,1965.0,1922.0,55.0,tata,safari 2.2 ex 4x2,diesel,individual,manual,first,ambala cantt,white,rwd,425000
2008,57885,,,,,,,,honda,accord 2.4 ivtec at,petrol,individual,automatic,first,delhi,beige,,195000
2011,38091,1197.0,80.0,5.0,3775.0,1695.0,1510.0,45.0,toyota,etios liva g,petrol,individual,manual,first,mumbai,red,fwd,315000
2013,34000,814.0,55.0,5.0,3495.0,1550.0,1500.0,32.0,hyundai,eon sportz,petrol,individual,manual,first,pune,blue,fwd,275000
2018,75000,1498.0,99.0,5.0,4440.0,1695.0,1495.0,40.0,honda,city sv diesel,diesel,individual,manual,first,faridabad,white,fwd,750000
2014,82000,1364.0,67.0,5.0,4265.0,1695.0,1510.0,45.0,toyota,etios vxd,diesel,individual,manual,first,ludhiana,silver,fwd,465000
2021,20000,998.0,118.0,5.0,3995.0,1790.0,1647.0,45.0,kia,sonet gtx plus 1.0 imt [2020-2021],petrol,individual,manual,first,bangalore,maroon,fwd,1325000
2008,65000,1248.0,74.0,5.0,3995.0,1695.0,1555.0,42.0,maruti suzuki,swift dzire vdi,diesel,individual,manual,second,jamshedpur,silver,fwd,175000
2020,88000,1997.0,247.0,5.0,4797.0,2032.0,1665.0,,land rover,range rover velar 2.0 s petrol 250,petrol,individual,automatic,first,mumbai,white,awd,8900000
2011,65000,1991.0,184.0,5.0,4879.0,1854.0,1474.0,80.0,mercedes-benz,e-class e200,petrol,individual,automatic,second,mumbai,black,rwd,950000
2011,65000,1248.0,74.0,5.0,3995.0,1695.0,1555.0,42.0,maruti suzuki,swift dzire vdi,diesel,individual,manual,first,allahabad,white,fwd,275000
2011,41000,998.0,68.0,5.0,3539.0,1475.0,1700.0,35.0,maruti suzuki,wagon r lxi,petrol,individual,manual,second,pune,brown,,265000
2010,127000,2982.0,171.0,7.0,4695.0,1840.0,1850.0,80.0,toyota,fortuner 3.0 mt,diesel,individual,manual,third,guwahati,white,awd,1000000
2016,51834,1497.0,117.0,5.0,4440.0,1695.0,1495.0,40.0,honda,city v,petrol,individual,manual,second,bangalore,grey,fwd,730000
2018,28000,1368.0,160.0,5.0,4395.0,1818.0,1640.0,60.0,jeep,compass limited 1.4 petrol at [2017-2020],petrol,individual,automatic,first,delhi,silver,fwd,1495000
2014,39000,1595.0,120.0,5.0,4359.0,2010.0,1557.0,50.0,mercedes-benz,b-class b180,petrol,individual,automatic,second,mumbai,white,fwd,1150000
2015,116592,1497.0,117.0,5.0,4440.0,1695.0,1495.0,40.0,honda,city sv cvt,petrol,individual,automatic,first,mumbai,brown,fwd,590000
2014,80000,2143.0,168.0,5.0,4686.0,1810.0,1442.0,66.0,mercedes-benz,c-class c 220 cdi avantgarde,diesel,individual,automatic,first,hyderabad,white,rwd,2450000
2014,32000,1199.0,85.0,5.0,4249.0,1690.0,1503.0,42.0,chevrolet,sail sedan 1.2 ls,petrol,individual,manual,first,dehradun,silver,fwd,299000
2016,21200,2143.0,168.0,5.0,4686.0,1810.0,1442.0,66.0,mercedes-benz,c-class c 220 cdi avantgarde,diesel,individual,automatic,first,pune,silver,rwd,2850000
2022,75,1997.0,197.0,7.0,4695.0,1890.0,1755.0,60.0,mahindra,xuv700 ax 7 petrol at luxury pack 7 str,petrol,individual,automatic,first,delhi,blue,fwd,2765000
2014,75693,998.0,58.0,5.0,3599.0,1495.0,1700.0,35.0,maruti suzuki,wagon r lxi cng (o),cng,individual,manual,second,pune,grey,fwd,365000
2018,85000,1248.0,89.0,5.0,3995.0,1790.0,1640.0,48.0,maruti suzuki,vitara brezza zdi,diesel,individual,manual,first,hyderabad,maroon,fwd,850000
2015,49000,1497.0,117.0,5.0,4440.0,1695.0,1495.0,40.0,honda,city v,petrol,individual,manual,first,kolkata,grey,fwd,480000
2016,71000,1120.0,70.0,5.0,3765.0,1660.0,1520.0,43.0,hyundai,grand i10 asta 1.1 crdi [2013-2016],diesel,individual,manual,second,kanpur,white,fwd,345000
2017,80000,2996.0,329.0,5.0,5130.0,1934.0,1850.0,100.0,mercedes-benz,gls 400 4matic,petrol,individual,automatic,first,delhi,black,awd,5950000
2016,47000,1591.0,122.0,5.0,4270.0,1780.0,1630.0,60.0,hyundai,creta sx plus 1.6  petrol,petrol,individual,manual,first,delhi,white,fwd,891000
2021,48000,1462.0,103.0,5.0,3995.0,1790.0,1640.0,48.0,maruti suzuki,vitara brezza vxi,petrol,individual,manual,first,bangalore,white,fwd,925000
2014,68000,1396.0,90.0,5.0,3940.0,1710.0,1505.0,45.0,hyundai,i20 sportz 1.4 crdi,diesel,individual,manual,first,agra,silver,,409999
2014,79000,1197.0,85.0,5.0,3775.0,1680.0,1620.0,43.0,maruti suzuki,ritz vxi (abs) bs-iv,petrol,individual,manual,second,faridabad,white,fwd,245000
2016,90300,2179.0,138.0,7.0,4585.0,1890.0,1785.0,70.0,mahindra,xuv500 w8 [2015-2017],diesel,individual,manual,first,surat,white,fwd,850000
2014,83000,814.0,55.0,5.0,3495.0,1550.0,1500.0,32.0,hyundai,eon d-lite +,petrol,individual,manual,second,ahmedabad,white,fwd,275000
2013,73000,1196.0,70.0,5.0,3795.0,1680.0,1427.0,45.0,ford,figo duratec petrol zxi 1.2,petrol,individual,manual,first,thane,silver,fwd,240000
2018,60474,1995.0,188.0,5.0,4936.0,1868.0,1479.0,65.0,bmw,5-series 520d luxury line [2017-2019],diesel,individual,automatic,first,coimbatore,white,rwd,4290000
2017,72000,1493.0,70.0,7.0,3995.0,1745.0,1880.0,,mahindra,bolero power plus zlx [2016-2019],diesel,individual,manual,first,guwahati,white,rwd,670000
