year,km_driven,mileage,engine,max_power,seats,brand,vehicle_name,fuel,seller_type,transmission,owner,selling_price
2014,145500,23.4,1248.0,74.0,5.0,maruti,maruti swift dzire vdi,diesel,individual,manual,first owner,450000
2014,120000,21.14,1498.0,103.52,5.0,skoda,skoda rapid 1.5 tdi ambition,diesel,individual,manual,second owner,370000
2006,140000,17.7,1497.0,78.0,5.0,honda,honda city 2017-2020 exi,petrol,individual,manual,third owner,158000
2010,127000,23.0,1396.0,90.0,5.0,hyundai,hyundai i20 sportz diesel,diesel,individual,manual,first owner,225000
2007,120000,16.1,1298.0,88.2,5.0,maruti,maruti swift vxi bsiii,petrol,individual,manual,first owner,130000
2017,45000,20.14,1197.0,81.86,5.0,hyundai,hyundai xcent 1.2 vtvt e plus,petrol,individual,manual,first owner,440000
2007,175000,17.3,1061.0,57.5,5.0,maruti,maruti wagon r lxi duo bsiii,lpg,individual,manual,first owner,96000
2001,5000,16.1,796.0,37.0,4.0,maruti,maruti 800 dx bsii,petrol,individual,manual,second owner,45000
2011,90000,23.59,1364.0,67.1,5.0,toyota,toyota etios vxd,diesel,individual,manual,first owner,350000
2013,169000,20.0,1399.0,68.1,5.0,ford,ford figo diesel celebration edition,diesel,individual,manual,first owner,200000
2014,68000,19.01,1461.0,108.45,5.0,renault,renault duster 110ps diesel rxl,diesel,individual,manual,second owner,500000
2005,100000,17.3,993.0,60.0,5.0,maruti,maruti zen lx,petrol,individual,manual,second owner,92000
2009,140000,19.3,1248.0,73.9,5.0,maruti,maruti swift dzire vdi,diesel,individual,manual,second owner,280000
2007,80000,,,,,maruti,maruti swift 1.3 vxi,petrol,individual,manual,second owner,200000
2009,90000,18.9,1061.0,67.0,5.0,maruti,maruti wagon r lxi minor,petrol,individual,manual,second owner,180000
2016,40000,18.15,1198.0,82.0,5.0,mahindra,mahindra kuv 100 mfalcon g80 k8 5str,petrol,individual,manual,first owner,400000
2016,70000,24.52,1248.0,88.5,7.0,maruti,maruti ertiga shvs vdi,diesel,individual,manual,second owner,778000
2012,53000,23.0,1396.0,90.0,5.0,hyundai,hyundai i20 1.4 crdi asta,diesel,individual,manual,second owner,500000
2002,80000,19.7,796.0,46.3,5.0,maruti,maruti alto lx,petrol,individual,manual,second owner,150000
2016,100000,22.54,1396.0,88.73,5.0,hyundai,hyundai i20 2015-2017 asta 1.4 crdi,diesel,individual,manual,first owner,680000
2011,100000,21.0,1461.0,64.1,5.0,mahindra,mahindra verito 1.5 d4 bsiii,diesel,individual,manual,second owner,174000
2017,50000,25.5,1498.0,98.6,5.0,honda,honda wr-v i-dtec vx,diesel,individual,manual,first owner,950000
2015,40000,26.59,1248.0,74.0,5.0,maruti,maruti swift dzire zdi,diesel,individual,manual,first owner,525000
2012,72000,21.5,1248.0,88.8,5.0,maruti,maruti sx4 zdi,diesel,individual,manual,first owner,600000
2018,35000,20.3,1199.0,83.81,5.0,tata,tata tigor 2017-2020 xz,petrol,individual,manual,first owner,500000
2016,45000,21.4,1197.0,83.1,5.0,maruti,maruti baleno delta 1.2,petrol,individual,manual,first owner,575000
2017,28000,24.7,796.0,47.3,5.0,maruti,maruti alto 800 lxi,petrol,individual,manual,first owner,275000
2013,70000,18.2,1248.0,73.8,7.0,chevrolet,chevrolet enjoy tcdi ltz 7 seater,diesel,individual,manual,first owner,300000
2009,120000,18.9,1061.0,67.0,5.0,maruti,maruti wagon r lxi minor,petrol,individual,manual,first owner,220000
2018,25000,16.8,796.0,34.2,8.0,maruti,maruti omni e mpi std bs iv,petrol,individual,manual,first owner,254999
2017,70000,24.3,1248.0,88.5,5.0,maruti,maruti vitara brezza ldi option,diesel,individual,manual,first owner,670000
2003,50000,,,,,fiat,fiat palio 1.2 elx,petrol,individual,manual,second owner,70000
2012,35000,14.0,796.0,35.0,5.0,maruti,maruti omni 8 seater bsiv,petrol,individual,manual,second owner,150000
2018,2388,18.6,1197.0,81.83,5.0,hyundai,hyundai i20 1.2 asta dual tone,petrol,individual,manual,first owner,730000
2017,16200,24.3,1248.0,88.5,5.0,maruti,maruti vitara brezza ldi,diesel,individual,manual,first owner,650000
2019,10000,33.44,796.0,40.3,4.0,maruti,maruti alto 800 cng lxi optional,cng,individual,manual,second owner,330000
2019,15000,23.95,998.0,67.1,5.0,maruti,maruti alto k10 vxi airbag,petrol,individual,manual,first owner,366000
2019,5000,17.0,1591.0,121.3,5.0,hyundai,hyundai verna vtvt 1.6 sx option,petrol,individual,manual,first owner,1149000
2016,42000,20.63,1198.0,67.0,5.0,datsun,datsun go d,petrol,individual,manual,first owner,150000
2011,60000,13.93,2179.0,138.03,7.0,tata,tata safari dicor 2.2 lx 4x2,diesel,individual,manual,second owner,425000
2012,76000,16.1,796.0,37.0,4.0,maruti,maruti 800 std,petrol,individual,manual,first owner,150000
2019,5000,16.0,1368.0,160.77,5.0,jeep,jeep compass 1.4 limited plus bsiv,petrol,individual,automatic,first owner,2100000
2018,28900,17.8,1497.0,117.3,5.0,honda,honda city i vtec vx,petrol,dealer,manual,first owner,925000
2013,86300,16.8,1497.0,116.3,5.0,honda,honda city v mt,petrol,dealer,manual,first owner,425000
2018,23300,18.5,1197.0,83.14,5.0,maruti,maruti swift dzire vxi at,petrol,dealer,automatic,first owner,675000
2018,32600,24.3,1248.0,88.5,5.0,maruti,maruti vitara brezza vdi,diesel,dealer,manual,first owner,819999
2018,10300,23.95,998.0,67.05,5.0,maruti,maruti alto k10 vxi,petrol,dealer,manual,first owner,390000
2014,77000,12.55,2982.0,168.5,7.0,toyota,toyota fortuner 4x4 mt,diesel,dealer,manual,first owner,1500000
2013,99000,12.99,2494.0,100.0,7.0,toyota,toyota innova 2.5 g (diesel) 7 seater bs iv,diesel,dealer,manual,first owner,700000
2014,27800,14.8,2143.0,120.7,5.0,mercedes-benz,mercedes-benz b class b180,diesel,dealer,automatic,second owner,1450000
2015,49800,24.7,1498.0,98.63,5.0,honda,honda amaze s diesel,diesel,dealer,manual,first owner,425000
2013,151000,13.5,2477.0,175.56,7.0,mitsubishi,mitsubishi pajero sport 4x4,diesel,dealer,manual,first owner,1090000
2015,54700,26.0,1498.0,98.6,5.0,honda,honda city i dtec s,diesel,dealer,manual,first owner,600000
2018,64000,20.65,1462.0,103.25,5.0,maruti,maruti ciaz zeta,petrol,dealer,manual,first owner,850000
2015,63000,27.3,1498.0,98.6,5.0,honda,honda jazz vx diesel,diesel,dealer,manual,first owner,525000
2016,127700,11.36,2755.0,171.5,7.0,toyota,toyota innova crysta 2.8 zx at bsiv,diesel,dealer,automatic,second owner,1650000
2016,99000,12.99,2494.0,100.6,7.0,toyota,toyota innova 2.5 g (diesel) 7 seater,diesel,dealer,manual,first owner,950000
2013,33900,17.68,1968.0,174.33,5.0,audi,audi a6 2.0 tdi technology,diesel,dealer,automatic,second owner,1750000
2018,25000,14.28,1798.0,138.03,5.0,toyota,toyota corolla altis 1.8 vl cvt,petrol,dealer,automatic,first owner,1590000
2013,50000,18.53,1968.0,187.74,5.0,audi,audi a6 2.0 tdi  design edition,diesel,dealer,automatic,first owner,1689999
2013,59000,14.84,2143.0,170.0,5.0,mercedes-benz,mercedes-benz new c-class 220 cdi at,diesel,dealer,automatic,first owner,1425000
2011,120000,21.12,1248.0,88.8,5.0,tata,tata manza elan quadrajet bs iv,diesel,individual,manual,first owner,265000
2011,110000,20.36,1197.0,78.9,5.0,hyundai,hyundai i10 magna,petrol,individual,manual,third owner,190000
2013,60000,21.27,1396.0,88.76,5.0,hyundai,hyundai i20 asta 1.4 crdi,diesel,individual,manual,first owner,425000
2015,147000,26.59,1248.0,74.0,5.0,maruti,maruti swift dzire zdi,diesel,individual,manual,second owner,630000
2017,25000,18.16,1196.0,86.8,5.0,ford,ford figo 1.2p titanium mt,petrol,individual,manual,third owner,600000
2019,30000,21.4,1197.0,83.1,5.0,maruti,maruti baleno delta 1.2,petrol,individual,manual,first owner,650000
2016,40000,22.0,1498.0,108.495,5.0,volkswagen,volkswagen ameo 1.5 tdi highline 16 alloy,diesel,individual,manual,first owner,540000
2015,135000,25.1,1498.0,98.6,5.0,honda,honda city i dtec vx,diesel,individual,manual,first owner,630000
2018,30000,20.51,998.0,67.0,5.0,maruti,maruti wagon r amt vxi,petrol,individual,automatic,first owner,448000
2017,80000,21.66,1498.0,108.62,5.0,volkswagen,volkswagen ameo 1.5 tdi comfortline,diesel,individual,manual,first owner,500000
2016,70000,24.3,1248.0,88.5,5.0,maruti,maruti vitara brezza vdi,diesel,individual,manual,first owner,745000
2019,9850,24.3,1248.0,88.5,5.0,maruti,maruti vitara brezza zdi plus amt,diesel,individual,automatic,first owner,1025000
2011,60000,20.36,1197.0,78.9,5.0,hyundai,hyundai i10 magna,petrol,individual,manual,second owner,235000
2016,70000,25.2,1248.0,74.0,5.0,maruti,maruti swift vdi deca,diesel,individual,manual,first owner,630000
2015,78000,12.55,2982.0,168.5,7.0,toyota,toyota fortuner 4x4 mt,diesel,individual,manual,second owner,1700000
2013,120000,22.9,1248.0,74.0,5.0,maruti,maruti swift star vdi,diesel,individual,manual,second owner,450000
2012,120000,16.02,1373.0,93.7,7.0,maruti,maruti ertiga zxi,petrol,individual,manual,second owner,450000
2003,70000,,,,,tata,tata indica dls,diesel,individual,manual,first owner,50000
2013,170000,20.54,1598.0,103.6,5.0,volkswagen,volkswagen vento diesel highline,diesel,individual,manual,first owner,450000
2016,140000,12.99,2494.0,100.6,8.0,toyota,toyota innova 2.5 vx (diesel) 8 seater,diesel,individual,manual,first owner,1200000
2015,90000,22.77,1498.0,98.59,5.0,ford,ford ecosport 1.5 tdci titanium plus bsiv,diesel,individual,manual,first owner,610000
2016,30000,15.71,1998.0,189.0,5.0,bmw,bmw x1 sdrive20i xline,petrol,individual,automatic,second owner,2500000
2017,10000,23.1,998.0,67.04,5.0,maruti,maruti celerio zxi mt bsiv,petrol,dealer,manual,first owner,484999
2016,49000,19.02,1198.0,67.05,5.0,datsun,datsun go a petrol,petrol,dealer,manual,first owner,275000
2016,32000,24.7,796.0,47.3,5.0,maruti,maruti alto 800 vxi bsiv,petrol,dealer,manual,first owner,315000
2016,38000,24.7,796.0,47.3,5.0,maruti,maruti alto 800 lxi bsiv,petrol,dealer,manual,first owner,275000
2015,78000,,,,,maruti,maruti swift vdi bsiv w abs,diesel,dealer,manual,first owner,475000
2012,28000,19.81,1086.0,68.05,5.0,hyundai,hyundai i10 era 1.1,petrol,dealer,manual,first owner,290000
2017,32000,14.0,796.0,35.0,5.0,maruti,maruti omni 8 seater bsiv,petrol,dealer,manual,first owner,280000
2010,44000,26.2,998.0,58.2,5.0,maruti,maruti wagon r lxi lpg bsiv,lpg,dealer,manual,first owner,225000
2015,42000,16.47,1198.0,74.0,5.0,volkswagen,volkswagen polo 1.2 mpi comfortline,petrol,dealer,manual,first owner,455000
2015,45000,19.81,1086.0,68.05,5.0,hyundai,hyundai i10 magna 1.1l,petrol,dealer,manual,second owner,351000
2012,12000,15.04,1598.0,103.6,5.0,volkswagen,volkswagen vento petrol highline,petrol,dealer,manual,second owner,535000
2009,55500,18.2,998.0,67.1,5.0,maruti,maruti zen estilo lxi bsiii,petrol,dealer,manual,first owner,175000
2013,61500,18.5,1197.0,82.85,5.0,hyundai,hyundai i20 asta optional with sunroof 1.2,petrol,dealer,manual,first owner,525000
2016,150000,26.59,1248.0,74.0,5.0,maruti,maruti swift dzire ldi,diesel,individual,manual,first owner,600000
2016,72000,19.1,1197.0,82.0,5.0,hyundai,hyundai xcent 1.2 kappa sx option at,petrol,dealer,automatic,first owner,565000
2008,68000,19.7,796.0,46.3,5.0,maruti,maruti alto lx bsiii,petrol,dealer,manual,third owner,120000
2017,110000,22.54,1396.0,88.73,5.0,hyundai,hyundai i20 1.4 asta option,diesel,individual,manual,first owner,725000
2009,77000,21.79,998.0,67.05,5.0,maruti,maruti wagon r vxi,petrol,dealer,manual,second owner,185000
2010,100000,18.8,1248.0,90.0,5.0,tata,tata manza aura (abs) quadrajet,diesel,individual,manual,second owner,200000
2019,10000,21.21,1197.0,81.8,5.0,maruti,maruti swift vxi,petrol,individual,manual,first owner,615000
2016,100000,15.37,1196.0,73.0,7.0,maruti,maruti eeco 7 seater standard bsiv,petrol,individual,manual,third owner,270000
2018,35000,21.4,1197.0,83.1,5.0,maruti,maruti baleno zeta 1.2,petrol,individual,manual,first owner,610000
2014,70000,11.79,2179.0,120.0,8.0,mahindra,mahindra scorpio vlx at airbag bsiv,diesel,individual,automatic,second owner,625000
2020,5000,19.0,1194.0,94.68,5.0,ford,ford freestyle titanium petrol bsiv,petrol,individual,manual,second owner,400000
2017,37800,17.0,1591.0,121.3,5.0,hyundai,hyundai verna vtvt 1.6 sx,petrol,individual,manual,first owner,866000
2010,114000,14.3,1798.0,160.0,5.0,volkswagen,volkswagen passat 1.8 tsi mt,petrol,individual,manual,first owner,700000
2010,48000,15.8,1172.0,65.0,5.0,tata,tata indica vista aura 1.2 safire (abs) bs iv,petrol,individual,manual,first owner,300000
2019,32000,15.1,2179.0,155.0,7.0,mahindra,mahindra xuv500 w11 option awd,diesel,individual,manual,first owner,1700000
2016,100000,19.09,1405.0,69.01,5.0,tata,tata indigo cs ls (tdi) bs-iii,diesel,individual,manual,first owner,375000
2013,150000,22.32,1582.0,126.32,5.0,hyundai,hyundai verna 1.6 sx,diesel,individual,manual,second owner,522000
2013,69000,21.9,1396.0,88.76,5.0,hyundai,hyundai i20 magna 1.4 crdi (diesel),diesel,individual,manual,first owner,451999
2009,100000,14.53,1798.0,138.1,5.0,toyota,toyota corolla altis g,petrol,individual,manual,second owner,300000
2020,13000,21.63,998.0,67.04,5.0,maruti,maruti celerio vxi,petrol,individual,manual,first owner,475000
2016,60000,24.3,1248.0,88.5,5.0,maruti,maruti vitara brezza zdi plus dual tone,diesel,individual,manual,first owner,780000
2017,40000,20.85,1197.0,83.14,5.0,maruti,maruti swift dzire vxi,petrol,individual,manual,first owner,595000
2017,35000,20.51,998.0,67.04,5.0,maruti,maruti wagon r vxi bs iv,petrol,individual,manual,first owner,440000
2010,120000,,,,,maruti,maruti swift vdi bsiv,diesel,individual,manual,second owner,300000
2014,70000,20.45,1461.0,83.8,5.0,nissan,nissan terrano xl 85 ps,diesel,individual,manual,third owner,400000
2016,50000,19.67,1582.0,126.2,5.0,hyundai,hyundai creta 1.6 crdi sx,diesel,individual,manual,first owner,1140000
2017,76139,23.0,1498.0,98.96,5.0,ford,ford ecosport 1.5 diesel titanium plus bsiv,diesel,individual,manual,first owner,850000
2012,175000,19.3,1248.0,73.9,5.0,maruti,maruti swift dzire vdi,diesel,individual,manual,fourth & above owner,370000
2018,25000,23.01,999.0,67.0,5.0,renault,renault kwid 1.0,petrol,individual,manual,first owner,350000
2015,40000,23.1,998.0,67.04,5.0,maruti,maruti celerio vxi,petrol,individual,manual,second owner,360000
2008,65000,19.7,796.0,46.3,5.0,maruti,maruti alto lxi,petrol,individual,manual,fourth & above owner,105000
2013,90000,20.77,1248.0,88.76,7.0,maruti,maruti ertiga vdi,diesel,individual,manual,second owner,625000
2009,80000,17.92,1086.0,62.1,5.0,hyundai,hyundai santro xing gls,petrol,individual,manual,second owner,135000
2015,110000,20.77,1248.0,88.76,7.0,maruti,maruti ertiga vdi,diesel,individual,manual,second owner,700000
2019,1303,17.8,1198.0,86.7,5.0,honda,honda amaze s i-vtec,petrol,dealer,manual,first owner,690000
2018,31800,17.01,1968.0,188.0,5.0,audi,audi q5 35tdi premium plus,diesel,dealer,automatic,first owner,3975000
2019,20000,22.37,2487.0,214.56,5.0,lexus,lexus es 300h,petrol,dealer,automatic,first owner,5150000
2017,45000,19.33,1999.0,177.0,5.0,jaguar,jaguar xf 2.0 diesel portfolio,diesel,dealer,automatic,first owner,3200000
2017,17000,9.5,3604.0,280.0,5.0,jeep,jeep wrangler 2016-2019 3.6 4x4,petrol,individual,automatic,first owner,4100000
2019,21000,12.83,1999.0,148.31,7.0,land,land rover discovery sport td4 se,diesel,dealer,automatic,first owner,4500000
2017,37000,13.5,2987.0,254.79,5.0,mercedes-benz,mercedes-benz s-class s 350 cdi,diesel,dealer,automatic,first owner,6000000
2018,29500,22.48,1995.0,187.74,5.0,bmw,bmw 5 series 520d sport line,diesel,dealer,automatic,first owner,3790000
2017,27000,,,,,bmw,bmw x1 sdrive 20d xline,diesel,dealer,automatic,first owner,2150000
2019,7500,16.78,1995.0,190.0,5.0,bmw,bmw x4 m sport x xdrive20d,diesel,dealer,automatic,first owner,5800000
2018,50000,14.67,1798.0,177.46,5.0,skoda,skoda superb lk 1.8 tsi at,petrol,dealer,automatic,first owner,1864999
2016,35000,15.0,2143.0,204.0,5.0,mercedes-benz,mercedes-benz e-class e250 edition e,diesel,dealer,automatic,first owner,2700000
2019,19000,13.96,1451.0,141.0,5.0,mg,mg hector sharp at bsiv,petrol,dealer,automatic,first owner,1750000
2017,41000,18.0,1497.0,117.6,5.0,honda,honda city i-vtec cvt vx,petrol,dealer,automatic,first owner,795000
2013,39000,14.28,1798.0,138.03,5.0,toyota,toyota corolla altis 1.8 g cvt,petrol,dealer,automatic,first owner,625000
2018,22000,18.0,1969.0,190.0,5.0,volvo,volvo xc40 d4 r-design,diesel,dealer,automatic,first owner,3400000
2015,53000,12.07,2967.0,241.4,7.0,audi,audi q7 35 tdi quattro premium,diesel,dealer,automatic,first owner,2650000
2015,40000,26.21,1248.0,88.5,5.0,maruti,maruti ciaz zdi,diesel,dealer,manual,first owner,535000
2017,47000,13.5,2987.0,282.0,5.0,mercedes-benz,mercedes-benz s-class s 350 cdi,diesel,dealer,automatic,first owner,5850000
2010,72200,10.8,2497.0,150.0,5.0,bmw,bmw 5 series 523i,petrol,dealer,automatic,second owner,975000
2016,49900,16.3,1797.0,147.5,5.0,hyundai,hyundai elantra s,petrol,dealer,manual,first owner,805000
2017,9000,13.6,1999.0,177.0,5.0,jaguar,jaguar xe 2016-2019 2.0l diesel prestige,diesel,dealer,automatic,first owner,2625000
2018,11000,17.0,1198.0,108.5,5.0,tata,tata nexon 1.2 revotron xz plus dual tone,petrol,dealer,manual,first owner,811000
2011,49000,15.04,1598.0,103.6,5.0,volkswagen,volkswagen vento petrol highline,petrol,individual,manual,first owner,375000
2012,95000,16.3,1797.0,147.5,5.0,hyundai,hyundai elantra sx,petrol,individual,manual,first owner,550000
2016,11000,14.3,1598.0,103.5,5.0,skoda,skoda rapid 1.6 mpi at elegance,petrol,dealer,automatic,first owner,645000
2018,18000,15.04,1991.0,183.0,5.0,mercedes-benz,mercedes-benz cla 200 cgi sport,petrol,dealer,automatic,first owner,2550000
2014,46100,16.02,1373.0,93.7,7.0,maruti,maruti ertiga zxi,petrol,dealer,manual,first owner,599000
2017,16000,14.74,1991.0,181.04,5.0,mercedes-benz,mercedes-benz new c-class c 200 avantgarde,petrol,dealer,automatic,first owner,2700000
2017,18000,15.6,1497.0,116.3,5.0,honda,honda city v at,petrol,dealer,automatic,first owner,875000
2019,9654,19.56,1197.0,81.8,5.0,toyota,toyota glanza v cvt,petrol,dealer,automatic,first owner,894999
2011,11000,23.95,998.0,67.05,5.0,maruti,maruti alto k10 vxi,petrol,dealer,manual,first owner,175000
2012,24300,21.21,1197.0,81.8,5.0,maruti,maruti swift vxi,petrol,dealer,manual,first owner,340000
2016,42163,11.36,2755.0,171.5,7.0,toyota,toyota innova crysta 2.8 zx at bsiv,diesel,dealer,automatic,second owner,1525000
2018,8000,21.5,1497.0,108.5,5.0,tata,tata nexon 1.5 revotorq xza plus dualtone,diesel,dealer,automatic,first owner,1025000
2016,30000,22.69,1995.0,190.0,5.0,bmw,bmw 3 series 320d luxury line,diesel,dealer,automatic,first owner,2150000
2016,41000,19.16,2494.0,157.7,5.0,toyota,toyota camry 2.5 hybrid,petrol,dealer,automatic,first owner,1900000
2016,12000,18.12,1995.0,190.0,5.0,bmw,bmw 5 series 520d luxury line,diesel,dealer,automatic,first owner,2900000
2009,71000,12.1,2362.0,164.7,5.0,toyota,toyota camry w4 (at),petrol,dealer,automatic,first owner,450000
2016,20000,17.5,1373.0,91.1,7.0,maruti,maruti ertiga bsiv zxi plus,petrol,individual,manual,first owner,850000
2017,30000,42.0,1969.0,400.0,4.0,volvo,volvo xc90 t8 excellence bsiv,petrol,individual,automatic,first owner,10000000
2011,100000,20.54,1598.0,103.6,5.0,volkswagen,volkswagen vento diesel highline,diesel,individual,manual,second owner,300000
2018,9500,18.16,1196.0,86.8,5.0,ford,ford figo aspire 1.2 ti-vct trend,petrol,individual,manual,first owner,575000
2011,120000,20.0,1399.0,68.0,5.0,ford,ford figo diesel lxi,diesel,individual,manual,first owner,160000
2015,36600,20.4,1197.0,81.8,5.0,maruti,maruti swift vxi optional,petrol,individual,manual,first owner,515000
2015,50000,20.51,998.0,67.0,5.0,maruti,maruti wagon r amt vxi,petrol,individual,automatic,second owner,390000
2016,14000,18.6,1197.0,81.83,5.0,hyundai,hyundai i20 magna 1.2,petrol,individual,manual,second owner,550000
1999,40000,16.1,796.0,37.0,4.0,maruti,maruti 800 std,petrol,individual,manual,second owner,40000
2010,120000,21.1,1248.0,73.9,5.0,maruti,maruti ritz vdi,diesel,individual,manual,first owner,220000
2015,70000,18.9,1197.0,82.0,5.0,hyundai,hyundai grand i10 magna,petrol,individual,manual,first owner,425000
2019,13000,19.44,999.0,75.0,5.0,volkswagen,volkswagen ameo 1.0 mpi trendline,petrol,individual,manual,first owner,480000
2014,60000,18.9,1197.0,82.0,5.0,hyundai,hyundai grand i10 sportz,petrol,individual,manual,second owner,400000
2014,35000,19.1,1197.0,85.8,5.0,maruti,maruti swift dzire vxi,petrol,individual,manual,first owner,487000
2016,44000,19.1,1197.0,82.0,5.0,hyundai,hyundai xcent 1.2 kappa s,petrol,individual,manual,second owner,386000
2005,120000,13.0,1493.0,100.0,5.0,honda,honda city 1.5 exi,petrol,individual,manual,second owner,100000
2010,60000,21.43,1364.0,87.2,5.0,toyota,toyota corolla altis diesel d4dg,diesel,individual,manual,first owner,300000
2000,60000,18.5,796.0,53.0,5.0,daewoo,daewoo matiz sd,petrol,individual,manual,first owner,100000
2014,30000,13.0,2982.0,168.5,7.0,toyota,toyota fortuner 4x2 manual,diesel,individual,manual,second owner,1750000
2016,15000,18.15,1198.0,82.0,6.0,mahindra,mahindra kuv 100 mfalcon g80 k8,petrol,individual,manual,second owner,450000
2017,90000,22.95,1248.0,74.0,5.0,tata,tata zest quadrajet 1.3 75ps xm,diesel,individual,manual,first owner,490000
2009,47000,17.0,1497.0,118.0,5.0,honda,honda city 1.5 s mt,petrol,individual,manual,second owner,345000
2005,90000,17.3,993.0,60.0,5.0,maruti,maruti zen lxi,petrol,individual,manual,first owner,85000
2010,120600,18.9,998.0,67.1,5.0,maruti,maruti wagon r vxi bs iv with abs,petrol,individual,manual,second owner,215000
2010,100000,16.2,1599.0,103.2,5.0,hyundai,hyundai verna transform sx vtvt,petrol,individual,manual,third owner,320000
2016,60000,20.85,1197.0,83.14,5.0,maruti,maruti swift dzire vxi,petrol,individual,manual,second owner,459999
2005,86000,15.3,1341.0,83.0,5.0,hyundai,hyundai getz gls,petrol,individual,manual,first owner,65000
2020,5000,18.6,1197.0,81.86,5.0,hyundai,hyundai elite i20 sportz plus bsiv,petrol,individual,manual,first owner,720000
2017,37000,28.09,1248.0,88.5,5.0,maruti,maruti ciaz 1.3 alpha,diesel,individual,manual,first owner,800000
2019,14000,20.3,1199.0,84.0,5.0,tata,tata tigor 1.2 revotron xz,petrol,individual,manual,first owner,520000
2015,70000,20.77,1248.0,88.76,7.0,maruti,maruti ertiga vdi,diesel,individual,manual,first owner,580000
2012,120000,,,,,toyota,toyota etios gd,diesel,individual,manual,first owner,235000
2015,50000,17.4,1497.0,117.3,5.0,honda,honda city i vtec s,petrol,individual,manual,first owner,600000
2014,60000,19.4,1198.0,86.8,5.0,honda,honda brio s mt,petrol,individual,manual,second owner,290000
2016,50000,26.6,998.0,58.16,5.0,maruti,maruti wagon r lxi cng,cng,individual,manual,first owner,360000
2017,50000,20.85,1197.0,83.14,5.0,maruti,maruti swift dzire vxi,petrol,individual,manual,first owner,550000
2013,70000,18.5,1197.0,82.85,5.0,hyundai,hyundai i20 sportz 1.2,petrol,individual,manual,first owner,375000
2003,90000,,,,,maruti,maruti omni e 8 str std,petrol,individual,manual,second owner,40000
2018,35000,20.51,998.0,67.0,5.0,maruti,maruti wagon r amt vxi,petrol,individual,automatic,first owner,420000
2017,20000,21.21,1197.0,81.8,5.0,maruti,maruti swift dzire vxi 1.2,petrol,individual,manual,first owner,550000
2018,20000,24.7,796.0,47.3,5.0,maruti,maruti alto 800 lxi,petrol,individual,manual,first owner,270000
2018,7800,22.0,1197.0,81.8,5.0,maruti,maruti swift dzire amt vxi bs iv,petrol,individual,automatic,first owner,700000
2017,20000,20.4,1197.0,81.8,5.0,maruti,maruti swift vxi optional,petrol,individual,manual,first owner,500000
2019,15000,17.6,2179.0,147.94,7.0,tata,tata hexa xe,diesel,individual,manual,first owner,1250000
2013,31377,18.5,1197.0,82.85,5.0,hyundai,hyundai i20 magna,petrol,individual,manual,second owner,320000
2018,50000,28.4,1248.0,74.02,5.0,maruti,maruti swift dzire vdi,diesel,individual,manual,first owner,700000
2015,60000,20.51,998.0,67.04,5.0,maruti,maruti wagon r vxi bs iv,petrol,individual,manual,first owner,290000
2012,100000,14.53,1794.0,138.1,5.0,toyota,toyota corolla altis 1.8 vl at,petrol,individual,automatic,first owner,550000
2012,60000,19.4,1198.0,86.8,5.0,honda,honda brio s mt,petrol,individual,manual,first owner,265000
2018,5000,21.4,1197.0,83.1,5.0,maruti,maruti baleno alpha automatic,petrol,individual,automatic,first owner,830000
2017,60000,14.1,2179.0,147.94,7.0,tata,tata safari storme ex,diesel,individual,manual,first owner,800000
2011,25000,19.7,796.0,46.3,5.0,maruti,maruti alto lxi,petrol,individual,manual,second owner,160000
2018,30000,25.17,799.0,53.3,5.0,renault,renault kwid rxt,petrol,individual,manual,first owner,335000
2017,80000,20.63,1198.0,67.0,5.0,datsun,datsun go t bsiv,petrol,individual,manual,second owner,329000
2017,75000,24.3,1248.0,88.5,5.0,maruti,maruti vitara brezza vdi option,diesel,individual,manual,first owner,775000
2020,32000,20.14,1197.0,81.86,5.0,hyundai,hyundai xcent 1.2 vtvt sx,petrol,individual,manual,first owner,524000
2015,40000,22.74,796.0,47.3,5.0,maruti,maruti alto 800 lxi,petrol,individual,manual,first owner,245000
2012,93000,17.0,1197.0,80.0,5.0,hyundai,hyundai i20 1.2 sportz,petrol,individual,manual,second owner,275000
2018,60000,17.57,1193.0,88.7,5.0,tata,tata zest revotron 1.2 xt,petrol,individual,manual,first owner,520000
2008,120000,,,,,maruti,maruti swift 1.3 vxi,petrol,individual,manual,second owner,130000
2014,37000,16.95,1498.0,97.7,5.0,nissan,nissan sunny xl,petrol,individual,manual,first owner,550000
2018,15000,17.0,1497.0,121.36,5.0,ford,ford ecosport 1.5 petrol titanium plus bsiv,petrol,individual,manual,first owner,910000
2015,80000,19.49,1198.0,67.04,5.0,nissan,nissan micra active xv s,petrol,individual,manual,first owner,300000
2016,140000,20.51,998.0,67.04,5.0,maruti,maruti wagon r lxi optional,petrol,individual,manual,first owner,350000
2013,70000,12.83,2696.0,162.0,7.0,mahindra,mahindra ssangyong rexton rx5,diesel,individual,manual,first owner,900000
2013,120000,17.21,1493.0,100.0,7.0,mahindra,mahindra quanto c8,diesel,individual,manual,second owner,300000
2010,110000,21.1,1248.0,73.9,5.0,maruti,maruti ritz ldi,diesel,individual,manual,second owner,250000
2017,37000,19.67,1582.0,126.2,5.0,hyundai,hyundai creta 1.6 crdi sx plus dual tone,diesel,individual,manual,first owner,1100000
2016,44000,25.17,799.0,53.3,5.0,renault,renault kwid rxt,petrol,individual,manual,first owner,270000
2015,80000,20.77,1248.0,88.76,7.0,maruti,maruti ertiga vdi,diesel,individual,manual,first owner,640000
2015,125000,15.1,2179.0,140.0,7.0,mahindra,mahindra xuv500 w4,diesel,individual,manual,first owner,650000
2017,13500,15.37,1196.0,73.0,5.0,maruti,maruti eeco 5 seater ac bsiv,petrol,individual,manual,first owner,409999
2011,75000,17.92,1086.0,62.1,5.0,hyundai,hyundai santro xing gls,petrol,individual,manual,first owner,165000
2007,120000,13.2,1495.0,94.0,5.0,hyundai,hyundai accent gle,petrol,individual,manual,second owner,80000
2012,120000,15.1,2179.0,140.0,7.0,mahindra,mahindra xuv500 w8 2wd,diesel,individual,manual,first owner,535000
2013,70000,12.99,2494.0,100.57,7.0,toyota,toyota innova 2.5 ev (diesel) ps 7 seater bs iv,diesel,individual,manual,first owner,700000
2013,70000,23.4,1248.0,74.0,5.0,maruti,maruti swift dzire vdi,diesel,individual,manual,first owner,550000
2019,15000,19.0,1199.0,88.76,5.0,honda,honda amaze s cvt petrol bsiv,petrol,individual,automatic,first owner,680000
2009,53000,20.36,1197.0,78.9,5.0,hyundai,hyundai i10 sportz 1.2,petrol,individual,manual,second owner,200000
2014,120000,23.4,1248.0,74.0,5.0,maruti,maruti swift dzire vdi,diesel,individual,manual,second owner,500000
2016,70000,24.52,1248.0,88.5,7.0,maruti,maruti ertiga shvs zdi plus,diesel,individual,manual,first owner,1000000
2008,120000,14.2,1341.0,82.9,5.0,hyundai,hyundai getz 1.3 gvs,petrol,individual,manual,second owner,110000
2012,100000,18.5,1197.0,80.0,5.0,hyundai,hyundai i20 1.2 magna,petrol,individual,manual,second owner,320000
2005,110000,,,,,tata,tata indica dls,diesel,individual,manual,second owner,75000
2015,100000,20.4,1197.0,83.11,5.0,maruti,maruti swift lxi optional-o,petrol,individual,manual,first owner,350000
2013,162500,19.4,1405.0,70.0,5.0,tata,tata indica vista tdi ls,diesel,individual,manual,first owner,170000
2017,39000,22.54,1396.0,88.73,5.0,hyundai,hyundai i20 2015-2017 asta 1.4 crdi,diesel,individual,manual,first owner,800000
2017,75000,26.8,1248.0,74.0,5.0,maruti,maruti ignis 1.3 alpha,diesel,individual,manual,first owner,500000
2017,50000,17.6,2179.0,153.86,7.0,tata,tata hexa xta,diesel,individual,automatic,first owner,1380000
2019,40000,17.3,1497.0,121.0,8.0,mahindra,mahindra marazzo m6 8str,diesel,individual,manual,first owner,1300000
2013,92500,22.32,1582.0,126.3,5.0,hyundai,hyundai verna 1.6 crdi,diesel,individual,manual,first owner,530000
2012,158000,23.4,1248.0,74.0,5.0,maruti,maruti swift dzire vdi,diesel,individual,manual,first owner,360000
2012,120000,19.3,1248.0,73.9,5.0,maruti,maruti swift dzire ldi,diesel,individual,manual,first owner,310000
2015,50000,26.0,1498.0,98.6,5.0,honda,honda city i dtec v,diesel,individual,manual,second owner,725000
2012,110000,19.3,1248.0,73.9,5.0,maruti,maruti swift dzire zdi,diesel,individual,manual,first owner,340000
2017,2000,25.4,1186.0,73.97,5.0,hyundai,hyundai xcent 1.2 crdi e,diesel,individual,manual,second owner,550000
2011,181000,11.5,2982.0,171.0,7.0,toyota,toyota fortuner 3.0 diesel,diesel,individual,manual,second owner,1150000
2016,70000,27.28,1047.0,69.0,5.0,tata,tata tiago 1.05 revotorq xz,diesel,individual,manual,first owner,380000
2013,90000,17.97,1498.0,99.6,5.0,nissan,nissan sunny xl at special edition,petrol,individual,automatic,second owner,350000
2019,2000,18.6,1197.0,81.86,5.0,hyundai,hyundai elite i20 magna plus bsiv,petrol,individual,manual,first owner,610000
2015,20000,20.85,1197.0,83.14,5.0,maruti,maruti swift dzire vxi,petrol,individual,manual,first owner,525000
2011,120000,12.8,2494.0,102.0,7.0,toyota,toyota innova 2.5 gx 7 str,diesel,individual,manual,first owner,480000
2017,35000,16.55,2498.0,105.0,6.0,mahindra,mahindra thar crde,diesel,individual,manual,first owner,780000
2012,193000,19.3,1248.0,73.9,5.0,maruti,maruti swift dzire zdi,diesel,individual,manual,first owner,320000
2014,80000,20.4,1197.0,81.8,5.0,maruti,maruti swift 1.2 dlx (only delhi),petrol,individual,manual,first owner,375000
2019,40000,19.02,1198.0,67.05,5.0,datsun,datsun go d petrol,petrol,individual,manual,first owner,300000
2015,70000,22.54,1396.0,88.73,5.0,hyundai,hyundai i20 asta 1.4 crdi,diesel,individual,manual,fourth & above owner,500000
2011,122358,12.05,2179.0,120.0,9.0,mahindra,mahindra scorpio lx,diesel,individual,manual,first owner,404000
2015,75000,14.07,2956.0,69.01,7.0,tata,tata sumo gold ex bsiii,diesel,individual,manual,first owner,500000
2017,120000,27.28,1047.0,69.0,5.0,tata,tata tiago wizz 1.05 revotorq,diesel,individual,manual,first owner,350000
2015,40000,17.57,1193.0,88.7,5.0,tata,tata zest revotron 1.2 xt,petrol,individual,manual,first owner,380000
2008,95200,13.2,1495.0,94.0,5.0,hyundai,hyundai accent gle,petrol,individual,manual,third owner,114999
2014,33033,19.4,1198.0,86.8,5.0,honda,honda brio exclusive edition,petrol,dealer,manual,first owner,335000
2015,63063,18.9,1197.0,82.0,5.0,hyundai,hyundai grand i10 at asta,petrol,dealer,automatic,first owner,465000
2012,60000,21.02,1248.0,88.76,5.0,tata,tata manza club class quadrajet90 lx,diesel,individual,manual,first owner,290000
2005,45000,19.7,796.0,46.3,5.0,maruti,maruti alto lx,petrol,individual,manual,second owner,110000
2011,80000,11.57,2179.0,138.1,7.0,tata,tata new safari dicor 2.2 ex 4x2,diesel,individual,manual,third owner,450000
2009,170000,13.6,2523.0,63.0,7.0,mahindra,mahindra bolero sle,diesel,individual,manual,second owner,400000
2007,207890,13.6,2523.0,63.0,7.0,mahindra,mahindra bolero di dx 7 seater,diesel,individual,manual,second owner,210000
2018,7976,17.9,2143.0,170.0,5.0,mercedes-benz,mercedes-benz gl-class 220d 4matic sport,diesel,individual,automatic,first owner,4600000
2016,35000,16.8,796.0,34.2,8.0,maruti,maruti omni e mpi std bs iv,petrol,individual,manual,first owner,220000
2017,35000,18.9,1197.0,82.0,5.0,hyundai,hyundai grand i10 sportz,petrol,individual,manual,first owner,450000
2013,50000,16.95,1197.0,78.9,5.0,hyundai,hyundai i10 sportz at,petrol,individual,automatic,first owner,290000
2016,20000,20.4,1197.0,81.8,5.0,maruti,maruti swift vxi deca,petrol,individual,manual,first owner,520000
2011,20000,16.95,1197.0,78.9,5.0,hyundai,hyundai i10 sportz at,petrol,individual,automatic,first owner,265000
2012,50000,18.6,1197.0,85.8,5.0,maruti,maruti swift vxi,petrol,individual,manual,second owner,330000
2014,120000,15.96,2523.0,62.1,7.0,mahindra,mahindra bolero 2011-2019 zlx,diesel,individual,manual,first owner,509999
2014,70000,17.1,1591.0,121.3,5.0,hyundai,hyundai verna 1.6 sx vtvt (o),petrol,individual,manual,first owner,500000
2015,50000,17.19,1197.0,81.86,5.0,hyundai,hyundai i20 active 1.2,petrol,individual,manual,first owner,525000
2019,16500,21.01,1197.0,81.8,5.0,maruti,maruti baleno zeta,petrol,individual,manual,first owner,675000
2010,70000,17.0,1197.0,80.0,5.0,hyundai,hyundai i20 1.2 asta,petrol,individual,manual,first owner,300000
2005,99361,19.7,796.0,46.3,5.0,maruti,maruti alto lxi,petrol,individual,manual,second owner,90000
2017,25000,26.59,1248.0,74.0,5.0,maruti,maruti swift dzire vdi,diesel,individual,manual,first owner,650000
2014,70000,19.1,1197.0,85.8,5.0,maruti,maruti swift dzire vxi,petrol,individual,manual,second owner,409000
2015,80000,24.0,1120.0,70.0,5.0,hyundai,hyundai grand i10 crdi sportz,diesel,individual,manual,second owner,395000
2010,70000,,,,,maruti,maruti swift 1.3 vxi,petrol,individual,manual,second owner,215000
2014,70000,19.1,1197.0,85.8,5.0,maruti,maruti swift dzire vxi,petrol,individual,manual,second owner,400000
2012,60000,18.6,1199.0,79.4,5.0,chevrolet,chevrolet beat ls,petrol,individual,manual,third owner,120000
2018,10000,20.3,1199.0,84.0,5.0,tata,tata tigor 1.2 revotron xza,petrol,individual,automatic,first owner,645000
2006,80000,16.1,796.0,37.0,4.0,maruti,maruti 800 std,petrol,individual,manual,first owner,81000
2017,30000,25.6,1498.0,97.9,5.0,honda,honda city i-dtec vx,diesel,individual,manual,first owner,1300000
2017,33000,25.6,1498.0,97.9,5.0,honda,honda city i-dtec vx,diesel,individual,manual,first owner,1250000
2013,90000,16.02,1373.0,93.7,7.0,maruti,maruti ertiga vxi,petrol,individual,manual,third owner,535000
2014,80100,19.01,1461.0,108.5,5.0,nissan,nissan terrano xv premium 110 ps,diesel,individual,manual,second owner,555000
2014,120000,17.4,1497.0,117.3,5.0,honda,honda city i vtec vx,petrol,individual,manual,first owner,725000
1983,10000,,,,,mahindra,mahindra willys cj 3b 4x4,diesel,individual,manual,third owner,300000
2016,40000,25.17,799.0,53.3,5.0,renault,renault kwid rxl,petrol,individual,manual,first owner,229999
2013,160000,12.99,2494.0,100.6,8.0,toyota,toyota innova 2.5 gx (diesel) 8 seater,diesel,individual,manual,second owner,800000
2017,47000,20.51,998.0,67.04,5.0,maruti,maruti wagon r vxi bs iv,petrol,individual,manual,first owner,409999
2018,25000,21.38,1396.0,88.7,5.0,hyundai,hyundai creta 1.4 crdi s plus,diesel,individual,manual,first owner,1210000
2017,26000,23.84,1199.0,84.0,5.0,tata,tata tiago 1.2 revotron xz,petrol,individual,manual,first owner,400000
2018,29000,24.0,1186.0,73.97,5.0,hyundai,hyundai grand i10 1.2 crdi sportz,diesel,individual,manual,first owner,520000
2016,50000,21.4,1197.0,83.1,5.0,maruti,maruti baleno zeta automatic,petrol,individual,automatic,first owner,650000
2011,58000,16.1,1298.0,88.2,5.0,maruti,maruti swift zxi abs,petrol,individual,manual,third owner,325000
2012,120000,17.4,1197.0,85.8,5.0,maruti,maruti swift dzire vxi at,petrol,individual,automatic,first owner,420000
2014,50000,20.4,1197.0,81.8,5.0,maruti,maruti swift lxi option,petrol,individual,manual,first owner,400000
2010,80000,17.0,1197.0,80.0,5.0,hyundai,hyundai i20 1.2 asta,petrol,individual,manual,fourth & above owner,254999
2003,60000,17.3,993.0,60.0,5.0,maruti,maruti zen lxi,petrol,individual,manual,fourth & above owner,65000
2017,36000,23.1,998.0,67.04,5.0,maruti,maruti celerio lxi,petrol,individual,manual,first owner,351000
2007,120000,12.8,2494.0,102.0,8.0,toyota,toyota innova 2.5 v diesel 8-seater,diesel,individual,manual,third owner,404000
2011,185000,21.1,1248.0,73.9,5.0,maruti,maruti ritz ldi,diesel,individual,manual,third owner,185000
2011,50000,23.08,1461.0,63.1,5.0,nissan,nissan micra diesel xv,diesel,individual,manual,first owner,250000
2002,100000,17.3,993.0,60.0,5.0,maruti,maruti zen lxi,petrol,individual,manual,fourth & above owner,60000
2013,50000,17.1,1591.0,121.3,5.0,hyundai,hyundai verna 1.6 sx vtvt (o),petrol,individual,manual,second owner,500000
2007,80000,18.2,998.0,67.1,5.0,maruti,maruti zen estilo lxi bsiii,petrol,individual,manual,second owner,85000
2005,60000,,,,,hyundai,hyundai santro xing xl,petrol,individual,manual,second owner,85000
2005,80000,19.7,796.0,46.3,5.0,maruti,maruti alto lx,petrol,individual,manual,fourth & above owner,85000
2011,90000,19.3,1248.0,73.9,5.0,maruti,maruti swift dzire zdi,diesel,individual,manual,fourth & above owner,265000
2010,162000,19.0,998.0,66.1,5.0,maruti,maruti a-star vxi,petrol,individual,manual,second owner,130000
2013,110000,20.77,1248.0,88.76,7.0,maruti,maruti ertiga vdi,diesel,individual,manual,third owner,480000
2008,120000,17.8,1248.0,75.0,5.0,maruti,maruti swift ldi bsiii,diesel,individual,manual,third owner,170000
2011,45000,23.08,1461.0,63.1,5.0,nissan,nissan micra diesel xv,diesel,individual,manual,first owner,275000
2005,90000,18.9,998.0,67.1,5.0,maruti,maruti wagon r lxi,petrol,individual,manual,second owner,89000
2010,90000,20.0,1399.0,68.0,5.0,ford,ford figo diesel titanium,diesel,individual,manual,second owner,170000
2019,16500,17.0,1197.0,110.0,5.0,mahindra,mahindra xuv300 w8 option bsiv,petrol,dealer,manual,first owner,1090000
2017,67000,17.01,1582.0,126.2,5.0,hyundai,hyundai creta 1.6 crdi at sx plus,diesel,individual,automatic,first owner,1100000
2018,52000,22.0,1197.0,81.8,5.0,maruti,maruti swift vxi bsiv,petrol,dealer,manual,first owner,610000
2016,40000,20.63,1198.0,67.0,5.0,datsun,datsun go t option bsiv,petrol,dealer,manual,first owner,335000
2015,40000,18.9,1197.0,82.0,5.0,hyundai,hyundai grand i10 asta,petrol,dealer,manual,first owner,434999
2018,35000,14.24,2755.0,174.5,7.0,toyota,toyota fortuner 2.8 2wd mt bsiv,diesel,individual,manual,first owner,3000000
2018,13000,20.71,799.0,53.26,5.0,renault,renault kwid rxl,petrol,dealer,manual,first owner,390000
2012,40000,18.5,1198.0,86.8,5.0,honda,honda brio 1.2 vx mt,petrol,dealer,manual,first owner,325000
2019,10000,17.0,1198.0,73.75,5.0,volkswagen,volkswagen ameo 1.2 mpi comfortline plus,petrol,dealer,manual,first owner,640000
2012,9000,16.95,1498.0,97.7,5.0,nissan,nissan sunny xv special edition,petrol,dealer,manual,first owner,450000
2013,70000,23.59,1364.0,67.06,5.0,toyota,toyota etios liva gd sp,diesel,dealer,manual,second owner,400000
2009,60000,20.36,1197.0,78.9,5.0,hyundai,hyundai i10 sportz,petrol,dealer,manual,first owner,215000
2014,40000,20.45,1461.0,83.8,5.0,renault,renault duster 85ps diesel rxl,diesel,dealer,manual,first owner,570000
2012,93000,15.1,2179.0,140.0,7.0,mahindra,mahindra xuv500 w8 2wd,diesel,dealer,manual,first owner,680000
2008,80000,12.8,2494.0,102.0,7.0,toyota,toyota innova 2.5 v diesel 7-seater,diesel,individual,manual,fourth & above owner,325000
2011,50000,15.64,1193.0,64.08,5.0,tata,tata indigo cs eglx bs iv,petrol,individual,manual,second owner,150000
2013,68000,14.5,1797.0,147.5,5.0,hyundai,hyundai elantra sx at,petrol,dealer,automatic,first owner,690000
2013,25000,14.84,2143.0,170.0,5.0,mercedes-benz,mercedes-benz new c-class 220 cdi at,diesel,individual,automatic,first owner,1550000
2012,18000,25.4,624.0,37.5,4.0,tata,tata nano std,petrol,dealer,manual,first owner,64000
2013,120000,23.08,1461.0,63.1,5.0,nissan,nissan micra diesel xl,diesel,individual,manual,first owner,250000
2005,35000,18.9,998.0,67.1,5.0,maruti,maruti wagon r lxi,petrol,individual,manual,first owner,65000
2016,60000,26.59,1248.0,74.0,5.0,maruti,maruti swift dzire vdi,diesel,individual,manual,second owner,550000
2010,70000,20.36,1197.0,78.9,5.0,hyundai,hyundai i10 magna,petrol,individual,manual,fourth & above owner,140000
2016,30000,25.17,799.0,53.3,5.0,renault,renault kwid rxt,petrol,individual,manual,first owner,300000
2016,70000,16.34,1798.0,189.3,5.0,volkswagen,volkswagen gti 1.8 tsi,petrol,individual,automatic,first owner,800000
2015,110000,14.1,2179.0,147.94,7.0,tata,tata safari storme ex,diesel,individual,manual,first owner,503000
2019,20000,18.0,1969.0,190.0,5.0,volvo,volvo xc40 d4 inscription bsiv,diesel,individual,automatic,first owner,3800000
2016,68089,19.16,2494.0,157.7,5.0,toyota,toyota camry 2.5 hybrid,petrol,trustmark dealer,automatic,first owner,2000000
2013,58343,21.79,998.0,67.05,5.0,maruti,maruti wagon r lxi,petrol,trustmark dealer,manual,first owner,225000
2018,38817,27.39,1248.0,74.0,5.0,maruti,maruti baleno alpha 1.3,diesel,dealer,manual,first owner,740000
2016,56494,18.2,1199.0,88.7,5.0,honda,honda jazz vx,petrol,trustmark dealer,manual,first owner,550000
2013,79328,12.99,2494.0,100.6,7.0,toyota,toyota innova 2.5 vx (diesel) 7 seater,diesel,trustmark dealer,manual,second owner,750000
2019,5621,22.0,1197.0,81.8,5.0,maruti,maruti swift amt vvt vxi,petrol,trustmark dealer,automatic,first owner,650000
2017,25538,16.78,1496.0,88.73,5.0,toyota,toyota etios vx,petrol,trustmark dealer,manual,first owner,625000
2018,69779,22.0,1197.0,81.8,5.0,maruti,maruti swift amt zxi,petrol,dealer,automatic,first owner,600000
2017,56290,24.0,1186.0,73.97,5.0,hyundai,hyundai grand i10 1.2 crdi sportz,diesel,dealer,manual,first owner,450000
2019,7500,16.78,1995.0,190.0,5.0,bmw,bmw x4 m sport x xdrive20d,diesel,dealer,automatic,first owner,5400000
2019,8500,16.78,1995.0,190.0,5.0,bmw,bmw x4 m sport x xdrive20d,diesel,dealer,automatic,first owner,5500000
2019,7032,19.0,1199.0,88.76,5.0,honda,honda amaze v cvt petrol bsiv,petrol,trustmark dealer,automatic,first owner,779000
2018,2000,16.8,1984.0,150.0,5.0,volvo,volvo v40 d3 r-design,diesel,dealer,automatic,first owner,2475000
2010,106000,20.36,1197.0,78.9,5.0,hyundai,hyundai i10 magna,petrol,individual,manual,third owner,150000
2012,162000,,,,,toyota,toyota etios liva diesel trd sportivo,diesel,individual,manual,third owner,265000
2009,120000,11.1,2354.0,158.8,5.0,honda,honda cr-v 2.4l 4wd at,petrol,individual,automatic,second owner,500000
2015,90000,26.59,1248.0,74.0,5.0,maruti,maruti swift dzire vdi,diesel,individual,manual,first owner,480000
2014,70000,22.32,1582.0,126.32,5.0,hyundai,hyundai verna 1.6 sx crdi (o),diesel,individual,manual,third owner,535000
2005,240000,12.8,2494.0,102.0,8.0,toyota,toyota innova 2.5 g1 diesel 8-seater,diesel,individual,manual,third owner,250000
2012,100000,21.5,1248.0,88.8,5.0,maruti,maruti sx4 celebration diesel,diesel,individual,manual,second owner,300000
2009,214000,13.9,1599.0,103.2,5.0,hyundai,hyundai verna xxi abs (petrol),petrol,individual,manual,second owner,340000
2009,214000,16.8,1493.0,110.0,5.0,hyundai,hyundai verna crdi sx,diesel,individual,manual,second owner,340000
2016,50000,22.74,796.0,47.3,5.0,maruti,maruti alto 800 vxi,petrol,individual,manual,first owner,240000
2018,1000,18.0,1497.0,117.6,5.0,honda,honda city i-vtec cvt v,petrol,individual,automatic,first owner,1085000
2017,19000,28.4,1248.0,74.02,5.0,maruti,maruti swift dzire amt vdi,diesel,individual,automatic,first owner,750000
2012,265000,17.0,1405.0,70.0,5.0,tata,tata indigo ls,diesel,individual,manual,second owner,95000
2020,35000,20.88,1196.0,61.7,5.0,maruti,maruti eeco cng 5 seater ac,cng,individual,manual,first owner,409999
2014,80000,23.95,998.0,67.05,5.0,maruti,maruti alto k10 vxi,petrol,individual,manual,second owner,215000
2016,50000,16.0,2179.0,140.0,7.0,mahindra,mahindra xuv500 at w10 awd,diesel,individual,automatic,first owner,1290000
2010,80000,20.92,998.0,67.1,5.0,maruti,maruti alto k10 lxi,petrol,individual,manual,first owner,150000
2013,50000,21.1,814.0,55.2,5.0,hyundai,hyundai eon sportz,petrol,individual,manual,second owner,219000
2018,100000,23.84,1199.0,84.0,5.0,tata,tata tiago 1.2 revotron xe,petrol,individual,manual,first owner,325000
2013,120000,15.1,1196.0,73.0,5.0,maruti,maruti eeco smiles 5 seater ac,petrol,individual,manual,second owner,260000
2019,40000,23.8,1498.0,78.9,5.0,honda,honda amaze s cvt diesel bsiv,diesel,individual,automatic,first owner,700000
2017,45000,21.38,1396.0,88.7,5.0,hyundai,hyundai creta 1.4 crdi base,diesel,individual,manual,first owner,950000
2010,80000,19.7,796.0,46.3,5.0,maruti,maruti alto lxi bsiii,petrol,individual,manual,second owner,160000
2015,135000,24.4,1120.0,71.01,5.0,hyundai,hyundai xcent 1.1 crdi s option,diesel,individual,manual,second owner,409999
2015,120000,12.99,2494.0,100.6,7.0,toyota,toyota innova 2.5 g (diesel) 7 seater,diesel,individual,manual,second owner,840000
2013,67000,23.59,1364.0,67.1,5.0,toyota,toyota etios liva diesel,diesel,individual,manual,first owner,450000
2017,50000,28.4,1248.0,74.02,5.0,maruti,maruti swift dzire zdi plus,diesel,individual,manual,first owner,900000
2008,134000,12.8,2494.0,102.0,7.0,toyota,toyota innova 2.5 v diesel 7-seater,diesel,individual,manual,second owner,570000
2011,110000,23.08,1461.0,63.1,5.0,nissan,nissan micra diesel xv,diesel,individual,manual,second owner,254999
2009,40000,16.1,796.0,37.0,4.0,maruti,maruti 800 ac bsiii,petrol,individual,manual,first owner,130000
2013,120000,23.4,1248.0,74.0,5.0,maruti,maruti swift dzire vdi,diesel,individual,manual,second owner,530000
2015,110000,20.14,1498.0,88.8,5.0,volkswagen,volkswagen polo 1.5 tdi highline,diesel,individual,manual,second owner,520000
2011,170000,21.0,1461.0,64.1,5.0,mahindra,mahindra verito 1.5 d2 bsiii,diesel,individual,manual,second owner,229999
2004,80000,16.1,796.0,37.0,4.0,maruti,maruti 800 ac bsiii,petrol,individual,manual,second owner,81000
2016,47000,25.2,1248.0,74.0,5.0,maruti,maruti swift vdi optional,diesel,individual,manual,first owner,600000
2015,93000,19.1,1197.0,81.86,5.0,hyundai,hyundai xcent 1.2 kappa s option,petrol,individual,manual,first owner,409999
2010,70000,16.1,796.0,37.0,4.0,maruti,maruti 800 std,petrol,individual,manual,second owner,120000
2014,50000,23.1,998.0,67.04,5.0,maruti,maruti celerio vxi,petrol,individual,manual,first owner,320000
2015,70000,20.0,1399.0,68.05,5.0,ford,ford figo diesel exi,diesel,individual,manual,first owner,292000
2012,80000,13.93,2179.0,138.03,7.0,tata,tata safari dicor 2.2 lx 4x2,diesel,individual,manual,first owner,390000
2016,44000,18.16,1196.0,86.8,5.0,ford,ford figo 1.2p titanium plus mt,petrol,individual,manual,first owner,550000
2014,25000,23.1,998.0,67.04,5.0,maruti,maruti celerio zxi,petrol,individual,manual,first owner,385000
2016,25000,15.29,1591.0,121.3,5.0,hyundai,hyundai creta 1.6 vtvt s,petrol,individual,manual,first owner,800000
2019,10000,21.21,1197.0,81.8,5.0,maruti,maruti swift dzire vxi 1.2,petrol,individual,manual,first owner,675000
2018,50000,17.6,2179.0,153.86,7.0,tata,tata hexa xt,diesel,individual,manual,first owner,1525000
2018,30000,23.0,1498.0,98.96,5.0,ford,ford ecosport 1.5 diesel titanium plus bsiv,diesel,individual,manual,first owner,950000
2015,50000,21.19,1396.0,88.73,5.0,hyundai,hyundai i20 active 1.4 sx with avn,diesel,individual,manual,second owner,610000
2012,120000,22.54,1396.0,88.73,5.0,hyundai,hyundai i20 asta 1.4 crdi,diesel,individual,manual,first owner,525000
2015,80000,15.96,2523.0,62.1,7.0,mahindra,mahindra bolero 2011-2019 sle,diesel,individual,manual,first owner,375000
2015,90000,20.45,1461.0,83.8,5.0,nissan,nissan terrano xl plus 85 ps,diesel,individual,manual,first owner,580000
2015,50000,20.4,1197.0,83.11,5.0,maruti,maruti swift vxi windsong limited edition,petrol,individual,manual,second owner,434999
2020,2136,22.5,999.0,67.0,5.0,datsun,datsun redigo 1.0 s,petrol,individual,manual,first owner,350000
2012,250000,12.99,2494.0,100.0,7.0,toyota,toyota innova 2.5 g (diesel) 7 seater,diesel,individual,manual,first owner,730000
2015,35000,18.6,1197.0,81.83,5.0,hyundai,hyundai i20 magna 1.2,petrol,individual,manual,first owner,600000
2015,120000,12.99,2494.0,100.6,7.0,toyota,toyota innova 2.5 vx (diesel) 7 seater,diesel,individual,manual,first owner,1050000
2017,70000,27.39,1248.0,74.0,5.0,maruti,maruti baleno alpha 1.3,diesel,individual,manual,first owner,735000
2018,18000,19.6,1461.0,108.45,5.0,renault,renault duster 110ps diesel rxz,diesel,dealer,manual,first owner,1050000
2016,110000,18.2,1248.0,73.74,7.0,chevrolet,chevrolet enjoy 1.3 tcdi ls 7,diesel,individual,manual,second owner,420000
2017,60000,23.65,1248.0,88.5,5.0,maruti,maruti sx4 s cross 2015-2017 ddis 200 zeta,diesel,individual,manual,first owner,800000
2015,60000,12.55,2982.0,168.5,7.0,toyota,toyota fortuner 4x2 at,diesel,individual,automatic,first owner,2000000
2016,147000,26.59,1248.0,74.0,5.0,maruti,maruti swift dzire vdi,diesel,individual,manual,second owner,600000
2015,130000,12.55,2982.0,168.5,7.0,toyota,toyota fortuner 4x2 at,diesel,individual,automatic,first owner,1900000
2011,99500,11.5,1991.0,147.9,7.0,chevrolet,chevrolet captiva lt,diesel,individual,manual,third owner,500000
2011,110000,17.0,1405.0,71.0,5.0,tata,tata indica vista aqua 1.4 tdi,diesel,individual,manual,second owner,200000
2016,35000,19.49,1198.0,67.04,5.0,nissan,nissan micra active xl petrol,petrol,individual,manual,first owner,370000
2010,110000,16.2,1493.0,110.0,5.0,hyundai,hyundai verna transform crdi vgt sx abs,diesel,individual,manual,second owner,260000
2016,100000,25.32,1198.0,77.0,6.0,mahindra,mahindra kuv 100 mfalcon d75 k8,diesel,individual,manual,first owner,280000
2014,21000,16.02,1373.0,93.7,7.0,maruti,maruti ertiga vxi,petrol,individual,manual,first owner,610000
2013,60000,23.5,1498.0,90.0,5.0,ford,ford fiesta titanium 1.5 tdci,diesel,individual,manual,second owner,300000
2010,40000,16.6,1405.0,70.0,5.0,tata,tata indigo cs lx dicor,diesel,individual,manual,first owner,140000
2008,50000,19.81,1086.0,68.05,5.0,hyundai,hyundai i10 magna 1.1l,petrol,individual,manual,first owner,229999
2010,65000,19.0,998.0,66.1,5.0,maruti,maruti a-star vxi,petrol,individual,manual,second owner,200000
2011,80000,18.9,998.0,67.1,5.0,maruti,maruti wagon r vxi bsiii,petrol,individual,manual,first owner,200000
2015,119000,23.9,1582.0,126.2,5.0,hyundai,hyundai verna 1.6 crdi s,diesel,individual,manual,first owner,560000
2016,80000,24.52,1248.0,88.5,7.0,maruti,maruti ertiga shvs vdi,diesel,individual,manual,first owner,750000
2017,90000,25.2,1248.0,74.0,5.0,maruti,maruti swift vdi bsiv,diesel,individual,manual,first owner,585000
2016,20000,17.01,1591.0,121.4,5.0,hyundai,hyundai verna 1.6 vtvt s option,petrol,individual,manual,first owner,760000
2014,80000,25.2,1248.0,74.0,5.0,maruti,maruti swift vdi bsiv,diesel,individual,manual,second owner,430000
2020,44665,25.32,1198.0,77.0,6.0,mahindra,mahindra kuv 100 d75 k6 plus,diesel,individual,manual,first owner,480000
2019,10000,20.8,1493.0,113.4,5.0,kia,kia seltos hte d,diesel,individual,manual,first owner,643000
2018,60000,20.14,1197.0,81.86,5.0,hyundai,hyundai xcent 1.2 vtvt s,petrol,individual,manual,first owner,500000
2016,22000,18.5,1198.0,86.8,5.0,honda,honda brio 1.2 s mt,petrol,individual,manual,first owner,425000
2014,25000,22.74,796.0,47.3,5.0,maruti,maruti alto 800 lxi,petrol,individual,manual,first owner,250000
2016,70000,27.62,793.0,47.0,5.0,maruti,maruti celerio ldi,diesel,individual,manual,first owner,285000
2008,123000,17.5,1298.0,85.8,5.0,maruti,maruti swift dzire vxi,petrol,individual,manual,third owner,160000
2011,70000,20.54,1598.0,103.6,5.0,volkswagen,volkswagen vento diesel trendline,diesel,individual,manual,second owner,250000
2013,70000,18.6,1199.0,79.4,5.0,chevrolet,chevrolet beat ls,petrol,individual,manual,second owner,170000
2013,45000,23.59,1364.0,67.06,5.0,toyota,toyota etios liva gd,diesel,individual,manual,first owner,409999
2015,40000,18.9,1197.0,82.0,5.0,hyundai,hyundai grand i10 at asta,petrol,individual,automatic,first owner,400000
2019,30000,28.4,1248.0,74.02,5.0,maruti,maruti swift dzire vdi,diesel,individual,manual,first owner,700000
2007,90000,12.9,1799.0,130.0,5.0,honda,honda civic 1.8 v at,petrol,individual,automatic,first owner,350000
2016,34000,17.5,1373.0,91.1,7.0,maruti,maruti ertiga bsiv vxi,petrol,individual,manual,second owner,660000
2017,25000,24.7,796.0,47.3,5.0,maruti,maruti alto 800 vxi,petrol,individual,manual,first owner,268000
2016,50000,22.74,796.0,47.3,5.0,maruti,maruti alto 800 vxi,petrol,individual,manual,first owner,270000
2013,50000,25.44,936.0,57.6,5.0,chevrolet,chevrolet beat diesel lt,diesel,individual,manual,first owner,300000
2017,90000,23.84,1199.0,84.0,5.0,tata,tata tiago 1.2 revotron xz,petrol,individual,manual,first owner,450000
2012,70000,25.44,936.0,57.6,5.0,chevrolet,chevrolet beat diesel lt,diesel,individual,manual,second owner,220000
2009,146000,13.93,2179.0,138.0,7.0,tata,tata new safari dicor 2.2 vx 4x2,diesel,individual,manual,second owner,250000
2012,85000,15.6,1196.0,70.0,5.0,ford,ford figo petrol exi,petrol,individual,manual,second owner,300000
2009,201850,17.88,1396.0,52.8,5.0,tata,tata indica v2 2001-2011 dls bsiii,diesel,individual,manual,second owner,88000
2016,30000,26.59,1248.0,74.0,5.0,maruti,maruti swift dzire vdi,diesel,individual,manual,first owner,561000
2018,15000,28.4,1248.0,74.02,5.0,maruti,maruti swift dzire vdi,diesel,individual,manual,first owner,755000
2017,25000,22.7,799.0,53.64,5.0,datsun,datsun redigo s,petrol,individual,manual,first owner,235000
2011,90000,20.92,998.0,67.1,5.0,maruti,maruti alto k10 lxi,petrol,individual,manual,first owner,165000
2008,80000,19.3,1248.0,73.9,5.0,maruti,maruti swift dzire ldi,diesel,individual,manual,second owner,190000
2011,50000,17.2,1396.0,53.5,5.0,tata,tata indica v2 dlx bsii,diesel,individual,manual,first owner,110000
2012,80000,13.6,2523.0,63.0,8.0,mahindra,mahindra bolero 2011-2019 di 4wd non ac,diesel,individual,manual,second owner,320000
2010,110000,,,,,maruti,maruti swift vdi bsiv,diesel,individual,manual,second owner,330000
2016,38000,18.6,1197.0,81.83,5.0,hyundai,hyundai i20 asta option 1.2,petrol,individual,manual,first owner,540000
2013,60000,21.1,814.0,55.2,5.0,hyundai,hyundai eon era plus,petrol,individual,manual,first owner,180000
2012,30000,17.5,1197.0,85.8,5.0,maruti,maruti swift dzire 1.2 vxi bsiv,petrol,individual,manual,first owner,450000
2014,30000,19.1,1197.0,85.8,5.0,maruti,maruti swift dzire vxi,petrol,individual,manual,first owner,450000
2015,50000,18.6,1199.0,76.8,5.0,chevrolet,chevrolet beat lt,petrol,individual,manual,first owner,200000
2017,42000,23.84,1199.0,84.0,5.0,tata,tata tiago 1.2 revotron xz,petrol,individual,manual,first owner,425000
2016,30000,18.2,1199.0,82.4,5.0,chevrolet,chevrolet sail 1.2 ls abs,petrol,individual,manual,first owner,400000
2009,60000,19.7,796.0,46.3,5.0,maruti,maruti alto lxi bsiii,petrol,individual,manual,third owner,125000
2018,14000,17.1,1956.0,170.0,5.0,jeep,jeep compass 2.0 longitude option bsiv,diesel,individual,manual,first owner,1600000
2015,22000,17.4,1497.0,117.3,5.0,honda,honda city i vtec vx,petrol,individual,manual,first owner,900000
2012,90000,20.54,1598.0,103.6,5.0,volkswagen,volkswagen vento diesel highline,diesel,individual,manual,first owner,450000
2011,46000,20.92,998.0,67.1,5.0,maruti,maruti alto k10 2010-2014 vxi,petrol,individual,manual,first owner,210000
2018,20000,18.6,1197.0,81.83,5.0,hyundai,hyundai i20 1.2 asta option,petrol,individual,manual,first owner,801000
2014,15000,15.42,1405.0,70.0,7.0,tata,tata venture ex 7 str captain seats,diesel,individual,manual,first owner,317000
2015,40000,16.02,1373.0,93.7,7.0,maruti,maruti ertiga vxi,petrol,individual,manual,second owner,600000
2014,30000,18.5,1197.0,82.85,5.0,hyundai,hyundai i20 magna,petrol,individual,manual,second owner,330000
2017,15000,21.1,814.0,55.2,5.0,hyundai,hyundai eon magna plus,petrol,individual,manual,second owner,320000
2010,50000,,,,,maruti,maruti estilo lxi,petrol,individual,manual,first owner,160000
2007,110000,15.3,1341.0,83.0,5.0,hyundai,hyundai getz glx,petrol,individual,manual,second owner,120000
2009,70000,19.7,796.0,46.3,5.0,maruti,maruti alto lxi,petrol,individual,manual,second owner,130000
2015,80000,18.2,1199.0,82.4,5.0,chevrolet,chevrolet sail 1.2 ls,petrol,individual,manual,first owner,220000
2008,50000,,,,,maruti,maruti swift vdi bsiv,diesel,individual,manual,third owner,229999
2015,110000,17.57,1193.0,88.7,5.0,tata,tata zest revotron 1.2t xm,petrol,individual,manual,first owner,340000
2013,70000,19.68,1399.0,67.0,5.0,ford,ford classic 1.4 duratorq clxi,diesel,individual,manual,second owner,200000
2002,50000,19.7,796.0,46.3,5.0,maruti,maruti alto lxi,petrol,individual,manual,second owner,140000
2013,190000,12.99,2494.0,100.6,8.0,toyota,toyota innova 2.5 g (diesel) 8 seater,diesel,individual,manual,first owner,1000000
2010,100000,13.6,2523.0,63.0,7.0,mahindra,mahindra bolero slx,diesel,individual,manual,second owner,495000
2015,60000,22.74,796.0,47.3,5.0,maruti,maruti alto 800 lxi,petrol,individual,manual,first owner,236000
2015,40000,20.51,998.0,67.04,5.0,maruti,maruti wagon r vxi bs iv,petrol,individual,manual,first owner,390000
2009,90000,19.3,1248.0,73.9,5.0,maruti,maruti swift dzire vdi,diesel,individual,manual,second owner,275000
2017,32000,24.3,1248.0,88.5,5.0,maruti,maruti vitara brezza zdi plus dual tone,diesel,dealer,manual,first owner,775000
2016,30000,11.36,2755.0,171.5,7.0,toyota,toyota innova crysta 2.8 zx at bsiv,diesel,individual,automatic,first owner,1800000
2016,58000,19.67,1582.0,126.2,5.0,hyundai,hyundai creta 1.6 crdi sx,diesel,individual,manual,first owner,850000
2018,5000,24.3,1248.0,88.5,5.0,maruti,maruti vitara brezza vdi,diesel,individual,manual,first owner,750000
2018,25000,18.6,1197.0,81.83,5.0,hyundai,hyundai i20 1.2 spotz,petrol,individual,manual,first owner,570000
2018,32000,18.9,1197.0,81.86,5.0,hyundai,hyundai grand i10 1.2 kappa sportz bsiv,petrol,individual,manual,first owner,580000
2016,30000,18.7,1199.0,88.7,5.0,honda,honda jazz 1.2 vx i vtec,petrol,individual,manual,first owner,484999
2017,43000,15.4,1497.0,117.3,7.0,honda,honda br-v i-vtec s mt,petrol,dealer,manual,first owner,700000
2012,60000,17.7,1497.0,113.42,5.0,hyundai,hyundai verna s,petrol,dealer,manual,first owner,415000
2015,50000,19.34,1198.0,76.0,5.0,nissan,nissan micra xv cvt,petrol,individual,automatic,first owner,325000
2018,14200,18.16,1196.0,86.8,5.0,ford,ford figo aspire 1.2 ti-vct trend,petrol,individual,manual,first owner,550000
2017,10000,21.1,814.0,55.2,5.0,hyundai,hyundai eon sportz,petrol,individual,manual,first owner,300000
2018,25000,22.7,799.0,53.64,5.0,datsun,datsun redigo t option,petrol,individual,manual,first owner,217000
2018,19100,19.0,1194.0,94.68,5.0,ford,ford freestyle titanium petrol bsiv,petrol,individual,manual,first owner,700000
2019,25000,20.3,1086.0,68.0,5.0,hyundai,hyundai santro sportz amt bsiv,petrol,individual,automatic,fourth & above owner,466000
2014,54000,23.0,1498.0,98.96,5.0,ford,ford ecosport 1.5 diesel trend bsiv,diesel,dealer,manual,first owner,484999
2018,35000,22.71,1461.0,84.8,5.0,nissan,nissan sunny xl d,diesel,individual,manual,first owner,670000
2018,20000,18.9,1197.0,81.86,5.0,hyundai,hyundai grand i10 1.2 kappa sportz bsiv,petrol,individual,manual,second owner,500000
2016,52000,23.65,1248.0,88.5,5.0,maruti,maruti sx4 s cross 2015-2017 ddis 200 zeta,diesel,individual,manual,first owner,675000
2011,120000,23.0,1396.0,90.0,5.0,hyundai,hyundai i20 1.4 crdi asta,diesel,individual,manual,second owner,220000
2017,50000,17.1,1956.0,170.0,5.0,jeep,jeep compass 2.0 limited,diesel,individual,manual,first owner,1650000
2013,120000,20.77,1248.0,88.8,7.0,maruti,maruti ertiga zdi,diesel,individual,manual,second owner,630000
2010,90000,18.8,1248.0,90.0,5.0,tata,tata manza aura quadrajet,diesel,individual,manual,second owner,250000
2004,120000,18.9,998.0,67.1,5.0,maruti,maruti wagon r lxi,petrol,individual,manual,third owner,120000
2015,101500,21.14,1498.0,103.52,5.0,skoda,skoda rapid 1.5 tdi elegance,diesel,individual,manual,second owner,300000
2013,75000,22.32,1582.0,126.3,5.0,hyundai,hyundai verna 1.6 crdi ex at,diesel,individual,automatic,first owner,525000
2011,97500,,,,,maruti,maruti alto k10 lxi,petrol,individual,manual,first owner,204999
2016,100000,15.4,1997.0,120.0,7.0,mahindra,mahindra scorpio 1.99 s10,diesel,individual,manual,first owner,1100000
2012,55735,19.01,1461.0,108.45,5.0,renault,renault duster 110ps diesel rxz,diesel,individual,manual,second owner,480000
2014,80000,15.1,2179.0,140.0,7.0,mahindra,mahindra xuv500 w4,diesel,individual,manual,second owner,605000
2016,50000,24.7,796.0,47.3,5.0,maruti,maruti alto 800 lxi optional,petrol,individual,manual,second owner,250000
2013,70000,20.0,1399.0,68.1,5.0,ford,ford figo diesel celebration edition,diesel,individual,manual,second owner,245000
2012,76000,20.36,1197.0,78.9,5.0,hyundai,hyundai i10 magna 1.2 itech se,petrol,individual,manual,fourth & above owner,210000
2020,1500,21.21,1197.0,81.8,5.0,maruti,maruti swift dzire vxi 1.2,petrol,individual,manual,first owner,730000
2012,76000,15.96,2523.0,62.1,7.0,mahindra,mahindra bolero 2011-2019 slx,diesel,individual,manual,first owner,500000
2015,40000,20.51,998.0,67.04,5.0,maruti,maruti wagon r vxi optional,petrol,individual,manual,first owner,400000
2015,60000,21.1,814.0,55.2,5.0,hyundai,hyundai eon magna plus,petrol,individual,manual,second owner,280000
2009,170000,12.8,2494.0,102.0,8.0,toyota,toyota innova 2.5 g (diesel) 8 seater bs iv,diesel,individual,manual,third owner,561000
2013,181491,13.5,2477.0,175.56,7.0,mitsubishi,mitsubishi pajero sport 4x4,diesel,dealer,manual,first owner,950000
2016,53319,25.44,936.0,56.3,5.0,chevrolet,chevrolet beat diesel ls,diesel,dealer,manual,first owner,375000
2017,40906,21.66,1498.0,108.62,5.0,volkswagen,volkswagen ameo 1.5 tdi comfortline,diesel,dealer,manual,first owner,700000
2012,31711,17.6,1496.0,88.7,5.0,toyota,toyota etios vx,petrol,dealer,manual,second owner,375000
2012,43755,21.1,814.0,55.2,5.0,hyundai,hyundai eon era plus,petrol,dealer,manual,second owner,270000
2016,66693,25.17,799.0,53.3,5.0,renault,renault kwid rxt,petrol,dealer,manual,first owner,300000
2010,59549,19.0,998.0,67.1,5.0,maruti,maruti zen estilo vxi bsiv,petrol,dealer,manual,first owner,225000
2015,94385,12.99,2494.0,100.6,8.0,toyota,toyota innova 2.5 g (diesel) 8 seater,diesel,dealer,manual,first owner,1350000
2010,73730,18.2,998.0,67.1,5.0,maruti,maruti zen estilo lxi bsiii,petrol,dealer,manual,first owner,200000
2011,221889,22.32,1582.0,126.32,5.0,hyundai,hyundai verna 1.6 sx,diesel,dealer,manual,first owner,400000
2013,116104,25.8,1498.0,98.6,5.0,honda,honda amaze vx i-dtec,diesel,dealer,manual,first owner,500000
2015,150546,22.0,1197.0,81.8,5.0,maruti,maruti swift vxi bsiv,petrol,dealer,manual,first owner,500000
2013,148120,14.24,2755.0,174.5,7.0,toyota,toyota fortuner 2.8 2wd mt,diesel,dealer,manual,first owner,1500000
2015,20000,15.8,1499.0,110.0,5.0,ford,ford ecosport 1.5 ti vct mt titanium,petrol,individual,manual,second owner,555000
2018,30000,18.9,1197.0,81.86,5.0,hyundai,hyundai grand i10 1.2 kappa magna at,petrol,individual,automatic,first owner,580000
2011,142000,13.7,2179.0,138.1,7.0,tata,tata aria pride,diesel,individual,manual,third owner,337000
2011,20000,12.2,1948.0,68.0,10.0,tata,tata sumo cx 10 str bsiv,diesel,individual,manual,first owner,175000
2009,120000,18.8,1248.0,90.0,5.0,tata,tata manza aura plus quadrajet,diesel,individual,manual,second owner,180000
2011,80000,19.81,1086.0,68.05,5.0,hyundai,hyundai i10 sportz 1.1l,petrol,individual,manual,first owner,200000
2016,60000,19.09,1405.0,69.01,5.0,tata,tata indigo cs lx (tdi) bs-iii,diesel,individual,manual,first owner,260000
2016,25000,23.01,999.0,67.0,5.0,renault,renault kwid 1.0 rxt optional,petrol,individual,manual,first owner,350000
2011,50000,13.6,2523.0,63.0,7.0,mahindra,mahindra bolero slx,diesel,individual,manual,second owner,409999
2017,126000,18.49,1493.0,100.0,7.0,mahindra,mahindra tuv 300 t8,diesel,individual,manual,first owner,655000
2015,170000,26.59,1248.0,74.0,5.0,maruti,maruti swift dzire ldi,diesel,individual,manual,first owner,370000
2013,24000,22.74,796.0,47.3,5.0,maruti,maruti alto 800 lxi,petrol,individual,manual,first owner,200000
2017,100000,24.52,1248.0,88.5,7.0,maruti,maruti ertiga shvs zdi,diesel,individual,manual,second owner,800000
2019,10000,24.0,1199.0,83.81,5.0,tata,tata tiago nrg petrol,petrol,individual,manual,first owner,550000
2012,70000,20.0,1399.0,68.0,5.0,ford,ford figo diesel zxi,diesel,individual,manual,second owner,300000
2017,40000,16.8,796.0,34.2,8.0,maruti,maruti omni e mpi std bs iv,petrol,individual,manual,first owner,220000
2011,110000,18.9,998.0,67.1,5.0,maruti,maruti wagon r lxi bs iv,petrol,individual,manual,first owner,196000
2008,80000,19.81,1086.0,68.05,5.0,hyundai,hyundai i10 era,petrol,individual,manual,second owner,135000
2015,16500,17.57,1193.0,88.7,5.0,tata,tata bolt revotron xe,petrol,individual,manual,first owner,299000
2017,30000,23.95,998.0,67.05,5.0,maruti,maruti alto k10 vxi,petrol,individual,manual,first owner,300000
2017,80000,24.52,1248.0,88.5,7.0,maruti,maruti ertiga shvs vdi,diesel,individual,manual,first owner,720000
2016,50000,14.1,2179.0,147.94,7.0,tata,tata safari storme ex,diesel,individual,manual,third owner,650000
2016,25000,23.95,998.0,67.05,5.0,maruti,maruti alto k10 vxi,petrol,individual,manual,first owner,300000
2019,20000,24.0,1186.0,73.97,5.0,hyundai,hyundai grand i10 1.2 crdi asta,diesel,individual,manual,first owner,750000
2016,60000,25.17,799.0,53.3,5.0,renault,renault kwid rxt,petrol,individual,manual,first owner,260000
2011,70000,22.9,1248.0,74.0,5.0,maruti,maruti swift vdi,diesel,individual,manual,second owner,300000
2014,50000,15.96,2523.0,62.1,7.0,mahindra,mahindra bolero 2011-2019 slx,diesel,individual,manual,second owner,600000
2004,100000,9.0,2997.0,218.0,5.0,honda,honda accord v6 at,petrol,individual,automatic,second owner,275000
2015,52000,23.95,998.0,67.05,5.0,maruti,maruti alto k10 vxi,petrol,individual,manual,first owner,250000
2014,80000,23.4,1248.0,74.0,5.0,maruti,maruti swift dzire vdi,diesel,individual,manual,first owner,420000
2015,50000,21.1,814.0,55.2,5.0,hyundai,hyundai eon era plus,petrol,individual,manual,first owner,235000
2016,60000,15.4,2179.0,120.0,7.0,mahindra,mahindra scorpio s10 7 seater,diesel,individual,manual,first owner,1100000
2019,25000,23.95,998.0,67.05,5.0,maruti,maruti alto k10 vxi,petrol,individual,manual,first owner,360000
2014,50000,24.0,1120.0,70.0,5.0,hyundai,hyundai grand i10 crdi asta,diesel,individual,manual,second owner,380000
2016,125000,22.77,1498.0,98.59,5.0,ford,ford ecosport 1.5 tdci titanium bsiv,diesel,individual,manual,first owner,650000
2016,80000,20.51,998.0,67.04,5.0,maruti,maruti wagon r vxi optional,petrol,individual,manual,first owner,350000
2017,70000,15.96,2523.0,63.0,9.0,mahindra,mahindra bolero 2011-2019 di - ac bs iii,diesel,individual,manual,first owner,700000
2010,90000,23.0,1396.0,90.0,5.0,hyundai,hyundai i20 asta (o) 1.4 crdi (diesel),diesel,individual,manual,third owner,270000
2017,50000,22.95,1248.0,74.0,5.0,tata,tata bolt quadrajet xe,diesel,individual,manual,first owner,450000
2016,101000,16.55,2498.0,105.0,6.0,mahindra,mahindra thar crde,diesel,individual,manual,first owner,630000
2010,168000,14.0,2498.0,112.0,7.0,mahindra,mahindra xylo e4 bs iv,diesel,individual,manual,first owner,229999
2011,40000,18.9,998.0,67.1,5.0,maruti,maruti wagon r vxi bs iv,petrol,individual,manual,first owner,270000
2009,28900,,1172.0,65.0,5.0,tata,tata indica vista aura safire anniversary edition,petrol,individual,manual,second owner,135000
2012,20000,18.9,998.0,67.1,5.0,maruti,maruti wagon r vxi bs iv,petrol,individual,manual,first owner,275000
2015,165000,18.49,1493.0,100.0,7.0,mahindra,mahindra tuv 300 t8,diesel,individual,manual,first owner,634000
2012,98500,19.0,998.0,66.1,5.0,maruti,maruti a-star zxi,petrol,individual,manual,second owner,235000
2008,98000,20.36,1197.0,78.9,5.0,hyundai,hyundai i10 asta,petrol,individual,manual,third owner,275000
2014,40000,16.55,2498.0,105.0,6.0,mahindra,mahindra thar crde ac,diesel,individual,manual,second owner,700000
2013,90000,20.3,1248.0,92.0,5.0,fiat,fiat grande punto sport 90bhp,diesel,individual,manual,first owner,400000
2012,90000,19.7,796.0,46.3,5.0,maruti,maruti alto lxi,petrol,individual,manual,third owner,215000
2009,110000,17.1,1493.0,110.0,5.0,hyundai,hyundai getz 1.5 crdi gvs,diesel,individual,manual,second owner,150000
2018,77800,25.1,1248.0,88.5,5.0,maruti,maruti s-cross 2017-2020 zeta ddis 200 sh,diesel,individual,manual,first owner,950000
2015,100000,18.49,1493.0,100.0,7.0,mahindra,mahindra tuv 300 t8,diesel,individual,manual,first owner,730000
2012,120000,19.0,1405.0,71.0,5.0,tata,tata indica v2 turbomax dls bs iv,diesel,individual,manual,second owner,135000
2016,80000,19.1,1197.0,82.0,5.0,hyundai,hyundai xcent 1.2 kappa base,petrol,individual,manual,second owner,350000
2018,21000,18.15,1198.0,82.0,6.0,mahindra,mahindra kuv 100 g80 k6 plus,petrol,individual,manual,second owner,535000
2018,100000,19.0,1197.0,85.8,5.0,maruti,maruti swift dzire tour s cng,petrol,individual,manual,second owner,455000
2019,25000,21.21,1197.0,81.8,5.0,maruti,maruti swift dzire vxi 1.2,petrol,individual,manual,first owner,655000
2019,30000,23.0,1498.0,98.96,5.0,ford,ford ecosport 1.5 diesel titanium bsiv,diesel,individual,manual,third owner,800000
2018,25000,17.8,1496.0,105.5,5.0,toyota,toyota yaris v cvt bsiv,petrol,individual,automatic,first owner,1100000
2016,40000,13.0,2143.0,204.0,5.0,mercedes-benz,mercedes-benz e-class e250 cdi avantgarde,diesel,individual,automatic,first owner,3000000
2012,160000,11.5,2982.0,169.0,7.0,toyota,toyota fortuner 4x2 4 speed at,diesel,individual,automatic,first owner,1225000
2018,51492,18.15,1198.0,82.0,6.0,mahindra,mahindra kuv 100 g80 k2,petrol,individual,manual,first owner,340000
2011,72000,20.54,1598.0,103.6,5.0,volkswagen,volkswagen vento diesel highline,diesel,individual,manual,second owner,300000
2016,60000,18.16,1196.0,86.8,5.0,ford,ford figo 1.2p titanium opt mt,petrol,individual,manual,first owner,370000
2013,136000,15.96,2523.0,62.1,7.0,mahindra,mahindra bolero 2011-2019 sle,diesel,individual,manual,second owner,330000
2014,60000,17.92,1086.0,62.1,5.0,hyundai,hyundai santro xing gls,petrol,individual,manual,first owner,238000
2006,110000,,,,,hyundai,hyundai santro xing xg,petrol,individual,manual,second owner,72000
2013,90000,17.92,1086.0,62.1,5.0,hyundai,hyundai santro xing gls,petrol,individual,manual,first owner,200000
2014,91000,22.71,1461.0,84.8,5.0,nissan,nissan sunny diesel xv,diesel,individual,manual,fourth & above owner,320000
2009,90000,17.92,1086.0,62.1,5.0,hyundai,hyundai santro xing gl plus,petrol,individual,manual,fourth & above owner,114999
2015,50000,20.51,998.0,67.04,5.0,maruti,maruti wagon r lxi bs iv,petrol,individual,manual,second owner,320000
2010,20000,19.81,1086.0,68.05,5.0,hyundai,hyundai i10 era,petrol,individual,manual,first owner,210000
2011,120000,14.0,2489.0,95.0,8.0,mahindra,mahindra xylo d2 bs iv,diesel,individual,manual,first owner,200000
2009,150000,18.9,1061.0,67.0,5.0,maruti,maruti wagon r lxi minor,petrol,individual,manual,second owner,135000
2015,52000,19.09,1405.0,69.01,5.0,tata,tata indigo cs ls (tdi) bs-iii,diesel,individual,manual,first owner,350000
2014,167000,13.6,2523.0,63.0,8.0,mahindra,mahindra bolero 2011-2019 di bsiii,diesel,individual,manual,second owner,350000
2017,40000,28.4,1248.0,74.02,5.0,maruti,maruti swift dzire vdi,diesel,individual,manual,first owner,680000
2010,190000,17.8,1248.0,75.0,5.0,maruti,maruti swift vdi bsiii,diesel,individual,manual,second owner,200000
2016,50000,23.01,999.0,67.0,5.0,renault,renault kwid 1.0 rxt optional,petrol,individual,manual,first owner,300000
2011,70000,14.0,2498.0,112.0,7.0,mahindra,mahindra xylo e6,diesel,individual,manual,second owner,270000
2012,80000,18.9,998.0,67.1,5.0,maruti,maruti wagon r lxi bsiii,petrol,individual,manual,second owner,225000
2008,120000,13.6,2523.0,63.0,8.0,mahindra,mahindra bolero di dx 8 seater,diesel,individual,manual,first owner,250000
2015,40000,18.49,1493.0,100.0,7.0,mahindra,mahindra tuv 300 t8,diesel,individual,manual,second owner,590000
2015,17000,21.1,814.0,55.2,5.0,hyundai,hyundai eon era plus,petrol,individual,manual,first owner,290000
2010,180000,19.0,998.0,67.1,5.0,maruti,maruti zen estilo lxi bs iv,petrol,individual,manual,second owner,100000
2016,50000,23.1,998.0,67.04,5.0,maruti,maruti celerio vxi,petrol,individual,manual,first owner,395000
2014,65000,21.1,814.0,55.2,5.0,hyundai,hyundai eon era plus,petrol,individual,manual,second owner,195000
2011,10000,26.0,624.0,35.0,4.0,tata,tata nano cx,petrol,individual,manual,third owner,45000
2009,70000,13.6,2523.0,63.0,8.0,mahindra,mahindra bolero di dx 8 seater,diesel,individual,manual,second owner,270000
2014,90000,13.58,2499.0,72.4,9.0,chevrolet,chevrolet tavera neo 3 lt 9 seats bsiii,diesel,individual,manual,second owner,600000
2015,50000,22.54,1396.0,88.73,5.0,hyundai,hyundai i20 asta 1.4 crdi,diesel,individual,manual,first owner,715000
2019,10000,18.6,1197.0,81.86,5.0,hyundai,hyundai elite i20 magna plus bsiv,petrol,individual,manual,first owner,600000
2019,25000,18.49,1493.0,100.0,7.0,mahindra,mahindra tuv 300 t6 plus,diesel,individual,manual,first owner,875000
2011,100000,13.5,2179.0,115.0,5.0,mahindra,mahindra scorpio m2di,diesel,individual,manual,second owner,420000
2007,70000,10.1,2354.0,152.0,5.0,honda,honda cr-v 2.4 4wd at,petrol,individual,automatic,second owner,325000
2017,30000,20.63,1198.0,67.06,5.0,datsun,datsun go anniversary edition,petrol,individual,manual,first owner,385000
2016,40000,18.15,1198.0,82.0,6.0,mahindra,mahindra kuv 100 mfalcon g80 k2,petrol,individual,manual,first owner,300000
2012,135000,21.9,1396.0,88.76,5.0,hyundai,hyundai i20 sportz 1.4 crdi,diesel,individual,manual,first owner,335000
2014,35000,23.1,998.0,67.04,5.0,maruti,maruti celerio lxi,petrol,individual,manual,first owner,300000
2004,120000,13.2,1495.0,94.0,5.0,hyundai,hyundai accent gle,petrol,individual,manual,second owner,80000
2012,120000,15.96,2523.0,62.1,7.0,mahindra,mahindra bolero 2011-2019 sle,diesel,individual,manual,first owner,400000
2012,190000,19.09,1396.0,69.0,5.0,tata,tata indigo cs ls (tdi) bs iii,diesel,individual,manual,second owner,168000
2016,120000,15.96,2523.0,62.1,9.0,mahindra,mahindra bolero 2011-2019 plus ac,diesel,individual,manual,first owner,550000
2012,120000,,,,,toyota,toyota etios gd,diesel,individual,manual,second owner,300000
2011,175000,13.6,2523.0,63.0,7.0,mahindra,mahindra bolero plus ac bsiii,diesel,individual,manual,third owner,320000
2011,175000,15.96,2523.0,63.0,9.0,mahindra,mahindra bolero 2011-2019 plus - ac bsiii,diesel,individual,manual,third owner,320000
2011,25000,16.95,1498.0,97.7,5.0,nissan,nissan sunny xe,petrol,individual,manual,second owner,350000
2013,80000,21.02,1248.0,88.76,5.0,tata,tata manza club class quadrajet90 vx,diesel,individual,manual,first owner,280000
2017,70000,24.4,1120.0,71.0,5.0,hyundai,hyundai xcent 1.1 crdi sx option,diesel,individual,manual,second owner,550000
2018,10000,20.14,1197.0,81.86,5.0,hyundai,hyundai xcent 1.2 vtvt e plus,petrol,individual,manual,first owner,500000
2019,6000,19.0,1194.0,94.68,5.0,ford,ford freestyle titanium plus petrol bsiv,petrol,individual,manual,first owner,700000
2013,90000,20.5,1598.0,103.5,5.0,skoda,skoda rapid ultima 1.6 tdi elegance,diesel,individual,manual,second owner,380000
2012,110000,15.96,2523.0,63.0,9.0,mahindra,mahindra bolero 2011-2019 plus - ac bsiii,diesel,individual,manual,second owner,340000
2007,120000,13.6,2523.0,63.0,9.0,mahindra,mahindra bolero 2011-2019 plus-ac plus ps bsiii,diesel,individual,manual,third owner,160000
2014,50000,12.99,2494.0,100.6,7.0,toyota,toyota innova 2.5 g (diesel) 7 seater,diesel,individual,manual,first owner,750000
2018,20000,18.9,1197.0,81.86,5.0,hyundai,hyundai grand i10 1.2 kappa magna at,petrol,individual,automatic,first owner,531000
2017,35000,23.01,999.0,67.0,5.0,renault,renault kwid 1.0 rxt optional,petrol,individual,manual,first owner,300000
2014,60000,20.14,1498.0,88.8,5.0,volkswagen,volkswagen polo 1.5 tdi comfortline,diesel,individual,manual,second owner,350000
2010,68000,18.6,1199.0,79.4,5.0,chevrolet,chevrolet beat lt,petrol,individual,manual,fourth & above owner,150000
2015,30000,20.4,1197.0,81.8,5.0,maruti,maruti swift vxi optional,petrol,individual,manual,first owner,450000
2017,54000,16.0,2179.0,140.0,7.0,mahindra,mahindra xuv500 w10 2wd,diesel,individual,manual,first owner,1625000
2006,65000,,,,,maruti,maruti swift 1.3 vxi,petrol,individual,manual,third owner,140000
2004,80000,,,,,mahindra,mahindra bolero glx,diesel,individual,manual,third owner,250000
2006,120000,16.8,1405.0,68.0,5.0,tata,tata indica v2 dlx tc,diesel,individual,manual,third owner,85000
2018,30000,18.9,1197.0,81.86,5.0,hyundai,hyundai grand i10 1.2 kappa magna bsiv,petrol,individual,manual,first owner,450000
2011,55113,,,,,maruti,maruti zen estilo vxi bsiv w abs,petrol,individual,manual,first owner,170000
2017,50000,27.28,1047.0,69.0,5.0,tata,tata tiago 1.05 revotorq xm,diesel,individual,manual,first owner,360000
2020,6000,23.95,998.0,67.05,5.0,maruti,maruti alto k10 vxi,petrol,individual,manual,first owner,390000
2011,50000,15.37,1196.0,73.0,7.0,maruti,maruti eeco 7 seater standard bsiv,petrol,individual,manual,second owner,145000
2012,90000,12.05,2179.0,120.0,8.0,mahindra,mahindra scorpio vlx 2wd airbag se bsiv,diesel,individual,manual,third owner,540000
2008,126000,12.8,2494.0,102.0,8.0,toyota,toyota innova 2.5 e diesel ms 8-seater,diesel,individual,manual,third owner,290000
2013,90000,25.0,1396.0,69.0,5.0,tata,tata indigo ecs vx bsiv,diesel,individual,manual,first owner,300000
2017,80000,18.16,1196.0,86.8,5.0,ford,ford figo aspire 1.2 ti-vct titanium,petrol,individual,manual,first owner,565000
2011,70000,10.5,2609.0,120.0,7.0,mahindra,mahindra scorpio 2.6 crde sle,diesel,individual,manual,second owner,441000
2003,80000,,,,,hyundai,hyundai santro xing xp,petrol,individual,manual,second owner,50000
2011,80000,21.1,814.0,55.2,5.0,hyundai,hyundai eon era plus,petrol,individual,manual,second owner,180000
2013,80000,21.1,814.0,55.2,5.0,hyundai,hyundai eon d lite,petrol,individual,manual,second owner,200000
2005,150000,19.7,796.0,46.3,5.0,maruti,maruti alto lx,petrol,individual,manual,second owner,85000
2006,110000,17.88,1396.0,52.8,5.0,tata,tata indica v2 dl bsiii,diesel,individual,manual,fourth & above owner,67500
2016,110000,24.3,1248.0,88.5,5.0,maruti,maruti vitara brezza zdi plus dual tone,diesel,individual,manual,second owner,700000
2010,80000,22.07,1199.0,73.9,5.0,volkswagen,volkswagen polo diesel highline 1.2l,diesel,individual,manual,fourth & above owner,275000
2019,20000,18.9,1197.0,81.86,5.0,hyundai,hyundai grand i10 1.2 kappa sportz bsiv,petrol,individual,manual,first owner,600000
2011,120000,13.0,2489.0,95.0,8.0,mahindra,mahindra xylo d2,diesel,individual,manual,first owner,250000
2016,120000,15.96,2523.0,63.0,9.0,mahindra,mahindra bolero 2011-2019 di - ac bs iii,diesel,individual,manual,first owner,600000
2010,80000,20.4,1248.0,91.2,5.0,fiat,fiat linea 1.3 active,diesel,individual,manual,second owner,200000
2015,91500,24.0,1120.0,70.0,5.0,hyundai,hyundai grand i10 crdi sportz,diesel,individual,manual,second owner,425000
2012,120000,19.3,1248.0,73.9,5.0,maruti,maruti swift dzire vdi,diesel,individual,manual,second owner,420000
2012,100000,23.0,1396.0,90.0,5.0,hyundai,hyundai i20 1.4 crdi era,diesel,individual,manual,second owner,321000
2012,120000,14.0,2498.0,112.0,8.0,mahindra,mahindra xylo d4 bsiv,diesel,individual,manual,fourth & above owner,350000
2017,80000,17.8,1198.0,86.7,5.0,honda,honda amaze i-vtec privilege edition,petrol,individual,manual,first owner,490000
2015,90000,15.4,2523.0,75.0,7.0,mahindra,mahindra scorpio s2 7 seater,diesel,individual,manual,first owner,680000
2016,70000,23.95,998.0,67.05,5.0,maruti,maruti alto k10 vxi,petrol,individual,manual,first owner,298000
1999,110000,,,,,hyundai,hyundai santro gls i - euro i,petrol,individual,manual,second owner,80000
2011,150000,13.5,2179.0,115.0,5.0,mahindra,mahindra scorpio m2di,diesel,individual,manual,fourth & above owner,450000
2010,60000,,,,,skoda,skoda superb 1.8 tsi,petrol,individual,automatic,second owner,400000
2012,40000,22.3,1248.0,74.0,5.0,tata,tata indica vista quadrajet zx,diesel,individual,manual,first owner,250000
2013,110000,12.8,2953.0,156.0,7.0,ford,ford endeavour hurricane limited edition,diesel,individual,automatic,third owner,1075000
2017,20000,18.9,1197.0,82.0,5.0,hyundai,hyundai grand i10 sportz,petrol,individual,manual,first owner,500000
2019,10000,19.0,1194.0,94.68,5.0,ford,ford freestyle trend petrol bsiv,petrol,individual,manual,first owner,681000
2014,90000,15.1,2179.0,140.0,7.0,mahindra,mahindra xuv500 w8 2wd,diesel,individual,manual,second owner,650000
2008,70000,15.26,1150.0,74.9,5.0,chevrolet,chevrolet aveo u-va 1.2 ls,petrol,individual,manual,second owner,80000
2009,120000,13.6,2523.0,63.0,7.0,mahindra,mahindra bolero slx 2wd bsiii,diesel,individual,manual,first owner,290000
2006,120000,10.5,2179.0,120.0,8.0,mahindra,mahindra scorpio 2.6 sportz crde,diesel,individual,manual,second owner,220000
2009,90000,,1086.0,62.0,5.0,hyundai,hyundai santro xing gl,petrol,individual,manual,second owner,120000
2017,80000,22.7,799.0,53.0,5.0,datsun,datsun redigo sport,petrol,individual,manual,first owner,229999
2003,132478,13.6,2523.0,63.0,7.0,mahindra,mahindra bolero zlx bsiii,diesel,individual,manual,second owner,150000
2014,45000,19.1,1197.0,85.8,5.0,maruti,maruti swift dzire vxi,petrol,individual,manual,first owner,500000
2013,120000,19.09,1396.0,69.0,5.0,tata,tata indigo cs ls (tdi) bs iii,diesel,individual,manual,first owner,175000
2019,10000,19.0,1194.0,94.68,5.0,ford,ford freestyle titanium petrol bsiv,petrol,individual,manual,first owner,720000
2012,51000,16.1,796.0,37.0,4.0,maruti,maruti 800 ac,petrol,individual,manual,first owner,100000
2009,105000,12.9,1799.0,130.0,5.0,honda,honda civic 1.8 v at,petrol,individual,automatic,second owner,250000
2014,100000,15.1,2179.0,140.0,7.0,mahindra,mahindra xuv500 w6 2wd,diesel,individual,manual,first owner,810000
2010,30000,19.7,796.0,46.3,5.0,maruti,maruti alto lxi,petrol,individual,manual,third owner,165000
2016,60000,12.2,1994.0,105.3,10.0,chevrolet,chevrolet tavera neo 3 ls 10 str,diesel,individual,manual,second owner,409999
2013,86000,22.9,1248.0,74.0,5.0,maruti,maruti swift vdi,diesel,individual,manual,second owner,430000
2015,15000,20.62,1198.0,67.0,7.0,datsun,datsun go plus d1,petrol,individual,manual,first owner,300000
2011,137500,19.3,1248.0,73.9,5.0,maruti,maruti swift dzire vdi,diesel,individual,manual,third owner,350000
2018,60000,23.01,999.0,67.0,5.0,renault,renault kwid 1.0 rxt optional,petrol,individual,manual,first owner,400000
2016,70000,18.2,1248.0,73.74,7.0,chevrolet,chevrolet enjoy 1.3 tcdi ls 7,diesel,individual,manual,first owner,420000
2015,5000,20.51,998.0,67.04,5.0,maruti,maruti wagon r vxi bs iv,petrol,individual,manual,first owner,430000
2017,30000,20.4,1197.0,81.8,5.0,maruti,maruti swift vxi optional,petrol,individual,manual,first owner,573000
2015,40000,21.1,814.0,55.2,5.0,hyundai,hyundai eon d lite plus,petrol,individual,manual,first owner,210000
2015,60000,19.01,1461.0,108.45,5.0,renault,renault duster 110ps diesel rxz,diesel,individual,manual,first owner,600000
2008,70000,17.7,1497.0,78.0,5.0,honda,honda city 2017-2020 gxi,petrol,individual,manual,third owner,150000
2019,15000,20.3,1199.0,84.0,5.0,tata,tata tigor 1.2 revotron xt,petrol,individual,manual,first owner,550000
2011,110000,19.3,1248.0,73.9,5.0,maruti,maruti swift dzire zdi,diesel,individual,manual,second owner,320000
2000,70000,16.1,796.0,37.0,4.0,maruti,maruti 800 ac,petrol,individual,manual,fourth & above owner,80000
2019,10000,27.4,1498.0,98.63,5.0,honda,honda amaze vx diesel bsiv,diesel,individual,manual,first owner,800000
2013,60000,16.02,1373.0,93.7,7.0,maruti,maruti ertiga zxi,petrol,individual,manual,first owner,500000
2011,110000,18.8,1248.0,90.0,5.0,tata,tata manza aura quadrajet,diesel,individual,manual,second owner,229999
2015,35000,18.6,1197.0,81.83,5.0,hyundai,hyundai i20 asta 1.2,petrol,individual,manual,first owner,630000
2016,70000,16.8,796.0,34.2,8.0,maruti,maruti omni e mpi std bs iv,petrol,individual,manual,second owner,190000
2011,100000,13.6,2523.0,63.0,7.0,mahindra,mahindra bolero vlx crde,diesel,individual,manual,second owner,450000
2008,120000,19.7,796.0,46.3,5.0,maruti,maruti alto std,petrol,individual,manual,first owner,95000
2009,90000,19.7,796.0,35.0,8.0,maruti,maruti omni 8 seater bsii,petrol,individual,manual,fourth & above owner,101000
2016,70000,25.8,1498.0,98.6,5.0,honda,honda amaze e i-dtech,diesel,individual,manual,second owner,500000
2014,88000,12.99,2494.0,100.6,7.0,toyota,toyota innova 2.5 vx (diesel) 7 seater,diesel,individual,manual,second owner,1019999
2012,38000,21.1,814.0,55.2,5.0,hyundai,hyundai eon era plus,petrol,individual,manual,first owner,244000
2013,90000,20.51,998.0,67.04,5.0,maruti,maruti wagon r lxi bs iv,petrol,individual,manual,second owner,250000
2016,60000,21.4,1197.0,83.1,5.0,maruti,maruti baleno alpha 1.2,petrol,individual,manual,first owner,660000
2010,60000,18.5,1197.0,80.0,5.0,hyundai,hyundai i20 magna,petrol,individual,manual,first owner,270000
2012,156060,23.2,1248.0,73.94,5.0,maruti,maruti ritz vdi,diesel,individual,manual,first owner,280000
2017,60000,19.67,1582.0,126.2,5.0,hyundai,hyundai creta 1.6 crdi sx,diesel,individual,manual,first owner,1050000
2017,70000,20.85,1197.0,83.14,5.0,maruti,maruti swift dzire vxi,petrol,individual,manual,first owner,525000
2017,35000,23.9,1582.0,126.2,5.0,hyundai,hyundai verna 1.6 crdi s,diesel,individual,manual,first owner,850000
2016,50000,16.0,1997.0,140.0,7.0,mahindra,mahindra xuv500 w10 1.99 mhawk,diesel,individual,manual,first owner,1165000
2012,50000,18.6,1197.0,85.8,5.0,maruti,maruti swift zxi,petrol,individual,manual,second owner,345000
2007,100000,17.8,1086.0,63.0,5.0,hyundai,hyundai santro xing xs,petrol,individual,manual,second owner,95000
2015,15000,22.74,796.0,47.3,5.0,maruti,maruti alto 800 lxi,petrol,individual,manual,first owner,241000
2015,20000,22.74,796.0,47.3,5.0,maruti,maruti alto 800 lxi,petrol,individual,manual,first owner,235000
2015,80000,22.77,1498.0,98.59,5.0,ford,ford ecosport 1.5 tdci titanium plus bsiv,diesel,individual,manual,first owner,615000
2014,110000,20.8,1461.0,64.1,5.0,mahindra,mahindra verito vibe 1.5 dci d4,diesel,individual,manual,second owner,350000
2014,35000,20.51,998.0,67.04,5.0,maruti,maruti wagon r stingray vxi,petrol,individual,manual,first owner,350000
2014,35000,20.51,998.0,67.04,5.0,maruti,maruti wagon r stingray vxi,petrol,individual,manual,first owner,380000
2017,140000,14.07,2956.0,69.01,7.0,tata,tata sumo gold ex bsiii,diesel,individual,manual,first owner,400000
2010,40000,19.0,998.0,67.1,5.0,maruti,maruti zen estilo lxi bs iv,petrol,individual,manual,first owner,220000
2008,110000,14.4,2179.0,120.0,7.0,tata,tata sumo gx,diesel,individual,manual,third owner,270000
2012,70000,18.5,1197.0,85.8,5.0,maruti,maruti ritz zxi,petrol,individual,manual,second owner,275000
2009,100000,17.0,1405.0,71.0,5.0,tata,tata indica vista terra 1.4 tdi,diesel,individual,manual,second owner,125000
2015,20000,19.81,1086.0,68.05,5.0,hyundai,hyundai i10 sportz 1.1l,petrol,individual,manual,first owner,360000
2019,15000,18.9,1197.0,81.86,5.0,hyundai,hyundai grand i10 1.2 kappa sportz bsiv,petrol,individual,manual,first owner,550000
2011,70000,16.6,1388.0,68.0,5.0,ford,ford fiesta 1.4 zxi duratec,petrol,individual,manual,second owner,200000
2016,20000,18.15,1198.0,82.0,6.0,mahindra,mahindra kuv 100 mfalcon g80 k2,petrol,individual,manual,first owner,327000
2016,15000,19.81,1086.0,68.05,5.0,hyundai,hyundai i10 sportz 1.1l,petrol,individual,manual,first owner,425000
2017,107000,28.4,1248.0,74.02,5.0,maruti,maruti swift dzire vdi,diesel,individual,manual,first owner,620000
2011,54000,18.4,1248.0,75.0,5.0,tata,tata indica vista aqua 1.3 quadrajet bsiv,diesel,individual,manual,second owner,130000
2009,58000,19.7,796.0,46.3,5.0,maruti,maruti alto lx,petrol,individual,manual,first owner,120000
2011,110000,12.05,2179.0,120.0,8.0,mahindra,mahindra scorpio sle bsiv,diesel,individual,manual,second owner,400000
2007,90000,16.8,1493.0,110.0,5.0,hyundai,hyundai verna crdi sx,diesel,individual,manual,fourth & above owner,185000
2015,43000,20.3,998.0,68.05,5.0,hyundai,hyundai eon 1.0 kappa magna plus,petrol,individual,manual,second owner,204999
2017,43000,28.4,1248.0,74.02,5.0,maruti,maruti swift dzire vdi,diesel,individual,manual,first owner,625000
2013,60000,20.77,1248.0,88.8,7.0,maruti,maruti ertiga zdi,diesel,individual,manual,first owner,600000
2011,150000,12.8,1396.0,85.0,5.0,tata,tata indigo glx,petrol,individual,manual,first owner,150000
2013,46000,18.2,1199.0,84.8,5.0,chevrolet,chevrolet sail hatchback petrol,petrol,individual,manual,first owner,229999
2018,10000,16.8,796.0,34.2,8.0,maruti,maruti omni e mpi std bs iv,petrol,individual,manual,first owner,220000
2016,35000,18.6,1197.0,81.83,5.0,hyundai,hyundai i20 asta option 1.2,petrol,individual,manual,first owner,576000
2016,50000,25.17,799.0,53.3,5.0,renault,renault kwid rxt,petrol,individual,manual,first owner,265000
2005,60000,,,,,maruti,maruti esteem vxi - bsii,petrol,individual,manual,third owner,50000
2011,80000,22.32,1582.0,126.32,5.0,hyundai,hyundai verna 1.6 vgt crdi,diesel,individual,manual,first owner,300000
2017,110000,24.7,1047.0,69.0,5.0,tata,tata tigor 1.05 revotorq xz,diesel,individual,manual,first owner,420000
2015,14000,20.77,1248.0,88.76,7.0,maruti,maruti ertiga vdi,diesel,individual,manual,first owner,750000
2012,60000,30.46,796.0,47.3,5.0,maruti,maruti alto 800 cng lxi,cng,individual,manual,second owner,165000
2017,28000,25.17,799.0,53.3,5.0,renault,renault kwid rxt,petrol,individual,manual,first owner,290000
2011,57000,21.1,814.0,55.2,5.0,hyundai,hyundai eon era,petrol,individual,manual,first owner,160000
2017,50000,26.59,1248.0,74.0,5.0,maruti,maruti swift dzire zdi,diesel,individual,manual,first owner,695000
2012,70000,26.2,998.0,58.2,5.0,maruti,maruti wagon r duo lxi,lpg,individual,manual,first owner,231000
2015,60000,21.43,1364.0,87.2,5.0,toyota,toyota corolla altis d-4d j,diesel,individual,manual,first owner,1050000
2013,70000,18.5,1197.0,82.85,5.0,hyundai,hyundai i20 sportz 1.2,petrol,individual,manual,first owner,400000
2016,40000,18.6,1197.0,81.83,5.0,hyundai,hyundai i20 2015-2017 sportz 1.2,petrol,individual,manual,first owner,500000
2010,120000,21.12,1248.0,88.8,5.0,tata,tata manza aqua quadrajet bs iv,diesel,individual,manual,second owner,150000
2016,140000,14.02,2179.0,118.3,7.0,mahindra,mahindra xylo h4,diesel,individual,manual,second owner,400000
2010,100000,17.0,1405.0,70.0,5.0,tata,tata indigo ls,diesel,individual,manual,second owner,120000
2014,120000,14.02,2179.0,118.3,7.0,mahindra,mahindra xylo h4,diesel,individual,manual,second owner,480000
2013,120000,19.09,1405.0,69.01,5.0,tata,tata indigo cs lx (tdi) bs-iii,diesel,individual,manual,second owner,200000
2012,64000,17.8,1399.0,67.0,5.0,ford,ford fiesta classic 1.4 duratorq clxi,diesel,individual,manual,second owner,300000
2015,25000,23.1,998.0,67.04,5.0,maruti,maruti celerio vxi,petrol,individual,manual,first owner,350000
2019,12000,20.0,999.0,72.0,7.0,renault,renault triber rxt bsiv,petrol,individual,manual,first owner,580000
2012,70000,25.44,936.0,57.6,5.0,chevrolet,chevrolet beat diesel lt,diesel,individual,manual,second owner,200000
2016,120000,11.0,2179.0,120.0,5.0,mahindra,mahindra scorpio getaway,diesel,individual,manual,first owner,750000
2016,90000,25.17,799.0,53.3,5.0,renault,renault kwid rxt,petrol,individual,manual,first owner,261000
2015,40000,18.2,1199.0,82.4,5.0,chevrolet,chevrolet sail 1.2 ls abs,petrol,individual,manual,first owner,371000
2010,300000,13.6,2523.0,63.0,7.0,mahindra,mahindra bolero di non ac bsiii,diesel,individual,manual,third owner,320000
2012,120000,19.09,1396.0,69.0,5.0,tata,tata indigo cs lx (tdi) bs iii,diesel,individual,manual,second owner,204999
2003,90000,13.2,1495.0,94.0,5.0,hyundai,hyundai accent glx,petrol,individual,manual,second owner,110000
2009,100000,17.7,1399.0,68.0,5.0,ford,ford fusion 1.4 tdci diesel,diesel,individual,manual,fourth & above owner,150000
2016,90000,15.96,2523.0,62.1,7.0,mahindra,mahindra bolero 2011-2019 slx,diesel,individual,manual,second owner,625000
2017,50000,15.4,1997.0,120.0,7.0,mahindra,mahindra scorpio 1.99 s10,diesel,individual,manual,second owner,1300000
2015,168000,20.6,1968.0,141.0,5.0,skoda,skoda octavia ambition 2.0 tdi mt,diesel,individual,manual,first owner,900000
2010,110000,20.0,1399.0,68.0,5.0,ford,ford figo diesel titanium,diesel,individual,manual,second owner,180000
2010,120000,13.6,2523.0,63.0,7.0,mahindra,mahindra bolero slx,diesel,individual,manual,second owner,421000
2017,40000,25.5,1498.0,98.6,5.0,honda,honda wr-v i-dtec vx,diesel,individual,manual,first owner,900000
2006,110000,17.7,1497.0,78.0,5.0,honda,honda city 2017-2020 gxi,petrol,individual,manual,second owner,165000
2010,100000,21.9,1396.0,90.0,5.0,hyundai,hyundai i20 magna 1.4 crdi,diesel,individual,manual,fourth & above owner,270000
2017,40000,24.3,1248.0,88.5,5.0,maruti,maruti vitara brezza vdi,diesel,individual,manual,first owner,750000
2019,30000,18.6,1197.0,81.86,5.0,hyundai,hyundai elite i20 petrol asta option,petrol,individual,manual,first owner,750000
2002,80000,16.1,796.0,37.0,4.0,maruti,maruti 800 std,petrol,individual,manual,third owner,40000
2011,90000,20.0,1399.0,68.0,5.0,ford,ford figo diesel titanium,diesel,individual,manual,second owner,190000
2009,200000,12.8,2494.0,102.0,7.0,toyota,toyota innova 2.5 g4 diesel 7-seater,diesel,individual,manual,third owner,395000
2010,125000,11.5,2982.0,171.0,7.0,toyota,toyota fortuner 3.0 diesel,diesel,individual,manual,second owner,800000
2011,80000,17.0,1197.0,80.0,5.0,hyundai,hyundai i20 1.2 sportz,petrol,individual,manual,first owner,315000
2014,44000,16.55,1968.0,147.51,5.0,audi,audi a4 2.0 tdi,diesel,individual,automatic,second owner,1600000
2013,90000,23.59,1364.0,67.04,5.0,toyota,toyota etios gd,diesel,individual,manual,first owner,409999
2013,70000,18.5,1197.0,82.85,5.0,hyundai,hyundai i20 sportz 1.2,petrol,individual,manual,first owner,340000
2015,43000,21.1,814.0,55.2,5.0,hyundai,hyundai eon magna plus,petrol,individual,manual,first owner,270000
2017,80000,22.95,1248.0,74.0,5.0,tata,tata zest quadrajet 1.3 75ps xe,diesel,individual,manual,first owner,280000
2012,60000,22.3,1248.0,74.0,5.0,tata,tata indica vista quadrajet vx,diesel,individual,manual,first owner,130000
2014,18945,21.1,814.0,55.2,5.0,hyundai,hyundai eon era plus,petrol,individual,manual,first owner,260000
2018,70000,24.0,1186.0,73.97,5.0,hyundai,hyundai grand i10 1.2 crdi asta,diesel,individual,manual,first owner,710000
2013,100000,15.1,1196.0,73.0,7.0,maruti,maruti eeco smiles 7 seater standard,petrol,individual,manual,third owner,204999
2017,60000,20.62,1198.0,67.0,7.0,datsun,datsun go plus anniversary edition,petrol,individual,manual,first owner,300000
2009,144000,19.3,1248.0,73.9,5.0,maruti,maruti swift dzire vdi,diesel,individual,manual,second owner,180000
2016,120000,18.49,1493.0,100.0,7.0,mahindra,mahindra tuv 300 t6 plus,diesel,individual,manual,first owner,700000
2012,107825,21.9,1396.0,90.0,5.0,hyundai,hyundai i20 1.4 crdi magna,diesel,individual,manual,second owner,320000
2020,15000,22.05,796.0,47.3,5.0,maruti,maruti alto 800 vxi plus,petrol,individual,manual,first owner,370000
2018,10000,25.17,799.0,53.3,5.0,renault,renault kwid rxt optional,petrol,individual,manual,first owner,340000
2019,1620,19.01,1462.0,103.2,6.0,maruti,maruti xl6 alpha,petrol,individual,manual,first owner,1040000
2018,30000,21.19,1396.0,88.76,5.0,hyundai,hyundai i20 active sx diesel,diesel,individual,manual,first owner,750000
2018,70000,18.49,2179.0,120.0,9.0,mahindra,mahindra tuv 300 plus p4 bsiv,diesel,individual,manual,first owner,600000
2016,70000,15.96,2523.0,63.0,9.0,mahindra,mahindra bolero 2011-2019 di - ac bs iii,diesel,individual,manual,first owner,550000
2013,95000,12.99,2494.0,100.57,7.0,toyota,toyota innova 2.5 ev (diesel) ps 7 seater bs iv,diesel,individual,manual,second owner,600000
2017,50000,24.7,1047.0,69.0,5.0,tata,tata tigor 1.05 revotorq xz option,diesel,individual,manual,first owner,550000
2015,160000,25.1,1498.0,98.6,5.0,honda,honda city i dtec vx option,diesel,individual,manual,first owner,750000
2019,10000,20.3,1086.0,68.0,5.0,hyundai,hyundai santro magna bsiv,petrol,individual,manual,first owner,450000
2012,100000,20.77,1248.0,88.76,7.0,maruti,maruti ertiga vdi,diesel,individual,manual,third owner,400000
2016,50000,25.2,1248.0,74.0,5.0,maruti,maruti swift vdi optional,diesel,individual,manual,second owner,520000
2013,60000,20.2,998.0,67.1,5.0,maruti,maruti alto k10 knightracer,petrol,individual,manual,second owner,199000
2012,110000,25.44,936.0,57.6,5.0,chevrolet,chevrolet beat diesel lt,diesel,individual,manual,first owner,150000
2016,80000,21.19,1396.0,88.73,5.0,hyundai,hyundai i20 active 1.4 sx with avn,diesel,individual,manual,third owner,540000
2011,85000,21.5,1248.0,88.8,5.0,maruti,maruti sx4 zdi,diesel,individual,manual,second owner,250000
2010,90000,18.9,1061.0,67.0,5.0,maruti,maruti wagon r lxi minor,petrol,individual,manual,second owner,200000
2011,90000,25.0,1396.0,69.0,5.0,tata,tata indica v2 2001-2011 elx,diesel,individual,manual,second owner,130000
2007,90000,16.1,796.0,37.0,4.0,maruti,maruti 800 ac,petrol,individual,manual,first owner,90000
2012,120000,22.32,1582.0,126.32,5.0,hyundai,hyundai verna 1.6 sx,diesel,individual,manual,second owner,450000
2009,120000,18.1,1493.0,110.0,5.0,hyundai,hyundai verna crdi sx abs,diesel,individual,manual,first owner,280000
2007,160000,13.93,2956.0,138.1,7.0,tata,tata new safari 3l dicor lx 4x2,diesel,individual,manual,second owner,280000
2006,141000,17.3,993.0,60.0,5.0,maruti,maruti zen lxi,petrol,individual,manual,second owner,120000
2008,100000,17.8,1248.0,75.0,5.0,maruti,maruti swift ldi bsiii,diesel,individual,manual,second owner,290000
2019,15000,22.1,1396.0,88.7,5.0,hyundai,hyundai creta 1.4 ex diesel,diesel,individual,manual,first owner,1000000
2012,108000,19.3,1248.0,73.9,5.0,maruti,maruti swift dzire vdi,diesel,individual,manual,first owner,415000
2012,108000,23.4,1248.0,74.0,5.0,maruti,maruti swift dzire vdi,diesel,individual,manual,first owner,415000
2015,55000,25.44,936.0,56.3,5.0,chevrolet,chevrolet beat diesel lt,diesel,individual,manual,first owner,240000
2010,37944,18.4,1248.0,75.0,5.0,tata,tata indica vista aura 1.3 quadrajet (abs) bs iv,diesel,individual,manual,first owner,250000
2011,90400,20.0,1399.0,68.0,5.0,ford,ford figo diesel exi,diesel,individual,manual,first owner,175000
2008,85000,16.8,1493.0,110.0,5.0,hyundai,hyundai verna crdi sx,diesel,individual,manual,second owner,220000
2003,120000,20.8,1527.0,58.0,5.0,maruti,maruti zen d,diesel,individual,manual,third owner,85000
2019,5000,21.21,1197.0,81.8,5.0,maruti,maruti swift dzire vxi 1.2,petrol,individual,manual,first owner,675000
2016,50000,19.87,1461.0,83.8,5.0,renault,renault duster 85ps diesel rxl,diesel,individual,manual,first owner,535000
2019,5000,20.0,999.0,72.0,7.0,renault,renault triber rxz bsiv,petrol,individual,manual,first owner,675000
2016,90000,24.3,1248.0,88.5,5.0,maruti,maruti vitara brezza zdi plus dual tone,diesel,individual,manual,first owner,800000
2012,96000,20.77,1248.0,88.8,7.0,maruti,maruti ertiga zdi,diesel,individual,manual,second owner,425000
2011,80000,15.37,1196.0,73.0,5.0,maruti,maruti eeco 5 seater ac bsiv,petrol,individual,manual,third owner,150000
2007,60000,18.2,1061.0,64.0,5.0,maruti,maruti zen estilo 1.1 lxi bsiii,petrol,individual,manual,second owner,90000
2015,90000,15.1,2179.0,140.0,7.0,mahindra,mahindra xuv500 w6 2wd,diesel,individual,manual,first owner,850000
2008,193623,12.8,2494.0,102.0,8.0,toyota,toyota innova 2.5 g (diesel) 7 seater bs iv,diesel,individual,manual,second owner,330000
2017,63186,22.54,1396.0,88.73,5.0,hyundai,hyundai i20 1.4 asta option,diesel,individual,manual,first owner,850000
2008,219000,13.6,2523.0,63.0,7.0,mahindra,mahindra bolero slx,diesel,individual,manual,second owner,305000
2013,110000,12.99,2494.0,100.0,7.0,toyota,toyota innova 2.5 vx (diesel) 7 seater,diesel,individual,manual,second owner,910000
2012,151000,12.8,2494.0,102.0,8.0,toyota,toyota innova 2.5 vx 8 str,diesel,individual,manual,first owner,1100000
2019,5000,21.4,1197.0,83.1,5.0,maruti,maruti baleno zeta automatic,petrol,individual,automatic,first owner,675000
2010,91500,19.7,796.0,46.3,5.0,maruti,maruti alto lxi bsiii,petrol,individual,manual,first owner,150000
2015,23000,25.2,1248.0,74.0,5.0,maruti,maruti swift vdi bsiv,diesel,individual,manual,first owner,550000
2012,40000,20.54,1598.0,103.6,5.0,volkswagen,volkswagen vento diesel highline,diesel,individual,manual,first owner,350000
2012,70000,23.2,1248.0,73.94,5.0,maruti,maruti ritz vdi,diesel,individual,manual,first owner,300000
2018,10000,11.36,2755.0,171.5,7.0,toyota,toyota innova crysta 2.8 gx at bsiv,diesel,individual,automatic,first owner,1745000
2014,90000,14.0,2523.0,75.0,7.0,mahindra,mahindra scorpio 2009-2014 ex 2wd 7s,diesel,individual,manual,second owner,611000
2016,68000,19.4,1198.0,86.8,5.0,honda,honda brio s mt,petrol,individual,manual,first owner,400000
2013,120000,22.7,1582.0,126.24,5.0,hyundai,hyundai elantra crdi sx,diesel,individual,manual,first owner,700000
2013,65000,22.1,1248.0,76.9,5.0,chevrolet,chevrolet sail hatchback ls abs,diesel,individual,manual,first owner,300000
2005,85000,15.3,1341.0,83.0,5.0,hyundai,hyundai getz gls,petrol,individual,manual,first owner,65000
2011,94000,18.9,998.0,67.1,5.0,maruti,maruti wagon r vxi bs iv,petrol,individual,manual,third owner,200000
2015,100000,22.54,1396.0,88.73,5.0,hyundai,hyundai i20 asta option 1.4 crdi,diesel,individual,manual,first owner,650000
2015,80000,22.54,1396.0,88.73,5.0,hyundai,hyundai i20 asta option 1.4 crdi,diesel,individual,manual,first owner,650000
2013,80000,22.07,1199.0,73.9,5.0,volkswagen,volkswagen polo diesel trendline 1.2l,diesel,individual,manual,third owner,350000
2011,140500,17.88,1396.0,52.8,5.0,tata,tata indica v2 dl bsiii,diesel,individual,manual,third owner,75000
2010,143000,17.5,1298.0,85.8,5.0,maruti,maruti swift dzire vxi,petrol,individual,manual,first owner,240000
2013,60000,20.92,998.0,67.1,5.0,maruti,maruti alto k10 2010-2014 vxi,petrol,individual,manual,first owner,240000
2011,120000,18.4,1248.0,75.0,5.0,tata,tata indica vista aura 1.3 quadrajet (abs) bs iv,diesel,individual,manual,second owner,180000
2014,80000,13.01,2199.0,194.3,7.0,hyundai,hyundai santa fe 4wd at,diesel,individual,automatic,second owner,900000
2014,63000,18.06,2523.0,63.0,7.0,mahindra,mahindra thar di 4x4,diesel,individual,manual,second owner,425000
2009,120000,18.0,995.0,62.0,5.0,chevrolet,chevrolet spark 1.0 lt,petrol,individual,manual,third owner,95000
2018,100000,28.4,1248.0,74.02,5.0,maruti,maruti swift dzire vdi,diesel,individual,manual,first owner,811000
2018,60000,17.0,1591.0,121.3,5.0,hyundai,hyundai verna vtvt 1.6 sx option,petrol,individual,manual,first owner,1100000
2013,90000,13.58,2499.0,72.4,9.0,chevrolet,chevrolet tavera neo 3 lt 9 seats bsiii,diesel,individual,manual,first owner,600000
2014,50000,20.77,1248.0,88.76,7.0,maruti,maruti ertiga vdi,diesel,individual,manual,second owner,550000
2015,70000,15.4,2179.0,120.0,7.0,mahindra,mahindra scorpio s4 plus 4wd,diesel,individual,manual,first owner,715000
2010,40000,,,,,mahindra,mahindra xylo e8 bs4,diesel,individual,manual,first owner,300000
2006,120000,16.1,1405.0,70.0,5.0,tata,tata indigo ls bsii,diesel,individual,manual,third owner,100000
2013,195000,14.0,2523.0,75.0,8.0,mahindra,mahindra scorpio ex,diesel,individual,manual,first owner,500000
2013,40000,20.51,998.0,67.04,5.0,maruti,maruti wagon r stingray vxi,petrol,individual,manual,first owner,350000
2008,40000,16.8,1405.0,62.0,5.0,tata,tata indica v2 dls tc,diesel,individual,manual,first owner,100000
2012,120000,13.93,2179.0,138.03,7.0,tata,tata safari dicor 2.2 ex 4x2,diesel,individual,manual,first owner,325000
2012,360003,18.9,998.0,67.1,5.0,maruti,maruti wagon r lxi bs iv,petrol,individual,manual,second owner,220000
1999,60000,16.1,796.0,37.0,4.0,maruti,maruti 800 ac,petrol,individual,manual,second owner,55000
2016,20000,25.17,799.0,53.3,5.0,renault,renault kwid rxt,petrol,individual,manual,first owner,330000
2014,37000,15.96,2523.0,62.1,7.0,mahindra,mahindra bolero 2011-2019 ex non ac,diesel,individual,manual,first owner,480000
2018,57000,25.1,1248.0,88.5,5.0,maruti,maruti s-cross 2017-2020 zeta ddis 200 sh,diesel,individual,manual,second owner,950000
2011,110000,16.2,1493.0,110.0,5.0,hyundai,hyundai verna transform sx vgt crdi,diesel,individual,manual,second owner,300000
2006,110000,13.9,1599.0,103.2,5.0,hyundai,hyundai verna xi (petrol),petrol,individual,manual,fourth & above owner,170000
2013,120000,12.99,2494.0,100.57,8.0,toyota,toyota innova 2.5 ev (diesel) ps 8 seater bs iv,diesel,individual,manual,second owner,850000
2019,8079,24.7,1047.0,69.0,5.0,tata,tata tigor 2017-2020 xz plus diesel,diesel,dealer,manual,first owner,900000
2015,114368,12.99,2494.0,100.6,7.0,toyota,toyota innova 2.5 z diesel 7 seater bs iv,diesel,dealer,manual,second owner,1325000
2012,79990,17.8,1399.0,67.0,5.0,ford,ford fiesta classic 1.4 duratorq clxi,diesel,dealer,manual,second owner,350000
2012,81632,20.0,1399.0,68.0,5.0,ford,ford figo diesel titanium,diesel,dealer,manual,first owner,425000
2016,155201,26.1,1498.0,99.23,5.0,ford,ford aspire titanium diesel bsiv,diesel,dealer,manual,first owner,600000
2014,101504,22.7,1498.0,89.84,5.0,ford,ford ecosport 1.5 dv5 mt titanium,diesel,dealer,manual,first owner,750000
2012,90165,17.8,1399.0,67.0,5.0,ford,ford fiesta classic 1.4 duratorq clxi,diesel,dealer,manual,first owner,450000
2010,86017,25.5,1498.0,99.23,5.0,ford,ford figo titanium diesel bsiv,diesel,dealer,manual,second owner,325000
2013,85036,15.1,2179.0,140.0,7.0,mahindra,mahindra xuv500 w8 2wd,diesel,dealer,manual,second owner,900000
2013,160254,,,,,fiat,fiat punto 1.3 emotion,diesel,dealer,manual,second owner,350000
2013,125531,22.77,1498.0,98.59,5.0,ford,ford ecosport 1.5 tdci titanium bsiv,diesel,dealer,manual,second owner,600000
2019,10000,17.0,1591.0,121.3,5.0,hyundai,hyundai verna vtvt 1.6 sx option,petrol,individual,manual,first owner,1100000
2017,20000,23.84,1199.0,84.0,5.0,tata,tata tiago 1.2 revotron xz,petrol,individual,manual,first owner,520000
2015,170000,15.4,2179.0,120.0,7.0,mahindra,mahindra scorpio s10 7 seater,diesel,individual,manual,first owner,885000
2018,40000,21.5,1497.0,108.5,5.0,tata,tata nexon 1.5 revotorq xza plus dualtone,diesel,individual,automatic,first owner,950000
2008,120000,17.0,1497.0,118.0,5.0,honda,honda city 1.5 e mt,petrol,individual,manual,second owner,229999
2013,100000,23.2,1248.0,73.94,5.0,maruti,maruti ritz vdi,diesel,individual,manual,third owner,409999
2011,110000,17.8,1399.0,68.0,5.0,ford,ford fiesta exi 1.4 tdci ltd,diesel,individual,manual,third owner,300000
2008,120000,16.8,1405.0,68.0,5.0,tata,tata indica v2 dlg tc,diesel,individual,manual,third owner,175000
2000,206000,19.7,796.0,46.3,5.0,maruti,maruti alto lx,petrol,individual,manual,fourth & above owner,108000
2017,40000,23.1,998.0,67.04,5.0,maruti,maruti celerio zxi,petrol,individual,manual,second owner,425000
2011,170000,16.52,1991.0,123.7,5.0,chevrolet,chevrolet optra magnum 2.0 ls,diesel,individual,manual,fourth & above owner,272000
2013,70000,19.81,1086.0,68.05,5.0,hyundai,hyundai i10 magna 1.1l,petrol,individual,manual,first owner,310000
2017,105000,21.38,1396.0,88.7,5.0,hyundai,hyundai creta 1.4 crdi s plus,diesel,individual,manual,first owner,1125000
2014,46000,19.1,1197.0,81.86,5.0,hyundai,hyundai xcent 1.2 kappa s option,petrol,individual,manual,second owner,450000
2011,80000,22.07,1199.0,73.9,5.0,volkswagen,volkswagen polo diesel highline 1.2l,diesel,individual,manual,second owner,388000
2011,60000,16.2,1599.0,103.2,5.0,hyundai,hyundai verna transform sx vtvt,petrol,individual,manual,first owner,400000
2015,70000,25.1,1498.0,98.6,5.0,honda,honda city i dtec vx,diesel,individual,manual,third owner,760000
2009,90000,19.7,796.0,46.3,5.0,maruti,maruti alto lxi,petrol,individual,manual,first owner,120000
2019,25000,28.4,1248.0,74.02,5.0,maruti,maruti swift dzire vdi,diesel,individual,manual,first owner,757000
2015,53000,22.74,796.0,47.3,5.0,maruti,maruti alto 800 vxi,petrol,individual,manual,second owner,270000
2011,90000,13.55,2179.0,118.35,7.0,tata,tata sumo mkii gx bs iv,diesel,individual,manual,second owner,250000
2011,60000,12.8,2494.0,102.0,7.0,toyota,toyota innova crysta 2.5 vx bs iv,diesel,individual,manual,first owner,800000
2014,150000,13.0,2982.0,168.5,7.0,toyota,toyota fortuner 4x2 manual,diesel,individual,manual,first owner,1380000
2014,24000,16.55,2498.0,105.0,6.0,mahindra,mahindra thar crde ac,diesel,individual,manual,first owner,700000
2016,100000,24.2,1498.0,98.6,7.0,honda,honda mobilio s i dtec,diesel,individual,manual,second owner,450000
2018,6000,18.15,1198.0,82.0,6.0,mahindra,mahindra kuv 100 g80 k8,petrol,individual,manual,first owner,650000
2013,49700,15.1,2179.0,140.0,7.0,mahindra,mahindra xuv500 w8 2wd,diesel,individual,manual,first owner,950000
2007,80000,12.8,2494.0,102.0,7.0,toyota,toyota innova 2.5 e diesel ms 7-seater,diesel,individual,manual,second owner,626000
2000,100000,,,,,toyota,toyota qualis fleet a3,diesel,individual,manual,first owner,200000
2019,10000,21.21,1197.0,81.8,5.0,maruti,maruti swift dzire amt vxi,petrol,individual,automatic,first owner,600000
2019,21000,25.17,799.0,53.3,5.0,renault,renault kwid rxt optional,petrol,individual,manual,first owner,290000
2013,25000,20.92,998.0,67.1,5.0,maruti,maruti alto k10 2010-2014 vxi,petrol,individual,manual,first owner,215000
2016,22000,25.17,799.0,53.3,5.0,renault,renault kwid rxt optional,petrol,individual,manual,first owner,250000
2017,50000,24.52,1248.0,88.5,7.0,maruti,maruti ertiga shvs zdi plus,diesel,individual,manual,first owner,750000
2016,20000,23.95,998.0,67.05,5.0,maruti,maruti alto k10 vxi,petrol,individual,manual,second owner,250000
2017,15000,15.4,1497.0,117.3,7.0,honda,honda brv i-vtec v cvt,petrol,individual,automatic,first owner,950000
2018,30000,25.83,1498.0,99.0,5.0,ford,ford figo aspire 1.5 tdci titanium,diesel,individual,manual,first owner,793000
2015,74000,19.67,1582.0,126.2,5.0,hyundai,hyundai creta 1.6 crdi sx option,diesel,individual,manual,first owner,750000
2017,6550,18.2,1199.0,88.7,5.0,honda,honda jazz v cvt,petrol,individual,automatic,first owner,725000
2016,30000,24.0,1120.0,70.0,5.0,hyundai,hyundai grand i10 crdi sportz,diesel,individual,manual,first owner,480000
2013,56000,11.2,2993.0,241.0,4.0,bmw,bmw x6 xdrive30d,diesel,dealer,automatic,first owner,3750000
2018,41779,21.21,1197.0,81.8,5.0,maruti,maruti swift dzire zxi plus,petrol,dealer,manual,first owner,795000
2016,54000,18.7,1199.0,88.7,5.0,honda,honda jazz 1.2 v i vtec,petrol,dealer,manual,first owner,625000
2016,31000,13.0,2143.0,204.0,5.0,mercedes-benz,mercedes-benz e-class e250 cdi avantgarde,diesel,dealer,automatic,first owner,2900000
2017,37000,26.8,1248.0,74.0,5.0,maruti,maruti ignis 1.3 amt zeta,diesel,individual,automatic,first owner,625000
2011,90000,18.1,1991.0,147.9,4.0,chevrolet,chevrolet cruze ltz at,diesel,individual,automatic,second owner,440000
2018,13534,14.28,1798.0,138.03,5.0,toyota,toyota corolla altis 1.8 g,petrol,dealer,manual,first owner,1400000
2017,7000,14.53,1794.0,138.1,5.0,toyota,toyota corolla altis 1.8 vl at,petrol,dealer,automatic,second owner,1450000
2017,23000,17.9,2143.0,136.0,5.0,mercedes-benz,mercedes-benz gla class 200 cdi sport,diesel,dealer,automatic,first owner,2700000
2019,43000,11.36,2755.0,171.5,8.0,toyota,toyota innova crysta 2.8 gx at 8s bsiv,diesel,dealer,automatic,first owner,1925000
2020,5000,17.8,1493.0,113.4,5.0,kia,kia seltos htx plus at d,diesel,dealer,automatic,first owner,1900000
2017,70000,28.09,1248.0,88.5,5.0,maruti,maruti ciaz rs zdi plus shvs,diesel,dealer,manual,first owner,844999
2016,99000,21.66,1498.0,103.52,5.0,skoda,skoda rapid 1.5 tdi at style plus,diesel,dealer,automatic,first owner,650000
2018,15000,22.0,1197.0,81.8,5.0,maruti,maruti swift zxi 2018,petrol,dealer,manual,first owner,750000
2018,28156,17.09,2993.0,261.4,4.0,bmw,bmw 6 series gt 630d luxury line,diesel,dealer,automatic,first owner,6000000
2015,30000,18.7,1199.0,88.7,5.0,honda,honda jazz 1.2 sv i vtec,petrol,dealer,manual,first owner,610000
2018,100000,12.9,2755.0,174.5,7.0,toyota,toyota fortuner 2.8 2wd at bsiv,diesel,dealer,automatic,first owner,2940000
2017,63309,19.67,1582.0,126.2,5.0,hyundai,hyundai creta 1.6 crdi sx,diesel,dealer,manual,first owner,1150000
2016,94000,11.36,2755.0,171.5,7.0,toyota,toyota innova crysta 2.8 zx at bsiv,diesel,dealer,automatic,first owner,1825000
2018,29000,17.4,1197.0,81.86,5.0,hyundai,hyundai elite i20 asta option cvt bsiv,petrol,dealer,automatic,first owner,890000
2017,155000,25.0,1396.0,69.01,5.0,tata,tata indigo cs elx bs iv,diesel,individual,manual,first owner,385000
2016,35000,23.1,998.0,67.04,5.0,maruti,maruti celerio zxi at,petrol,individual,automatic,first owner,400000
2018,50000,24.0,1186.0,73.97,5.0,hyundai,hyundai grand i10 1.2 crdi sportz option,diesel,individual,manual,first owner,550000
2010,185000,14.8,2499.0,80.0,7.0,chevrolet,chevrolet tavera neo ls b3 - 7(c) seats bsiii,diesel,individual,manual,first owner,270000
2013,175000,19.09,1396.0,69.0,5.0,tata,tata indigo cs ls (tdi) bs iii,diesel,individual,manual,second owner,200000
2016,11500,25.17,799.0,53.3,5.0,renault,renault kwid rxt optional,petrol,individual,manual,first owner,310000
2019,3000,25.4,1186.0,73.97,5.0,hyundai,hyundai xcent 1.2 crdi s,diesel,individual,manual,first owner,700000
2015,80000,22.1,1248.0,74.0,5.0,chevrolet,chevrolet sail lt abs,diesel,individual,manual,second owner,480000
2005,40000,19.7,796.0,46.3,5.0,maruti,maruti alto lxi,petrol,individual,manual,second owner,90000
2005,40000,19.7,796.0,46.3,5.0,maruti,maruti alto lxi,petrol,individual,manual,second owner,80000
2015,90000,23.2,1248.0,73.94,5.0,maruti,maruti ritz vdi,diesel,individual,manual,first owner,350000
2017,100000,23.65,1248.0,88.5,5.0,maruti,maruti sx4 s cross 2015-2017 ddis 200 zeta,diesel,individual,manual,first owner,600000
2011,120000,13.5,2179.0,115.0,5.0,mahindra,mahindra scorpio m2di,diesel,individual,manual,third owner,350000
2018,50000,24.3,1248.0,88.5,5.0,maruti,maruti vitara brezza vdi option,diesel,individual,manual,first owner,770000
2012,25000,21.03,1461.0,65.0,5.0,mahindra,mahindra verito 1.5 d6 bsiv,diesel,individual,manual,first owner,350000
2011,50000,12.05,2179.0,120.0,8.0,mahindra,mahindra scorpio vlx 2wd airbag bsiv,diesel,individual,manual,third owner,600000
2016,71000,18.49,1493.0,100.0,7.0,mahindra,mahindra tuv 300 t8,diesel,individual,manual,first owner,750000
2016,40000,20.51,998.0,67.04,5.0,maruti,maruti wagon r vxi bs iv,petrol,individual,manual,first owner,340000
2018,31800,18.6,1197.0,81.86,5.0,hyundai,hyundai elite i20 petrol sportz,petrol,individual,manual,first owner,650000
2014,65000,20.36,1197.0,78.9,5.0,hyundai,hyundai i10 sportz,petrol,individual,manual,first owner,300000
2014,15000,22.74,796.0,47.3,5.0,maruti,maruti alto 800 lxi,petrol,individual,manual,second owner,204999
2012,70000,20.8,1461.0,65.0,5.0,mahindra,mahindra verito 1.5 d4 bsiii,diesel,individual,manual,second owner,254999
2017,5000,18.16,1196.0,86.8,5.0,ford,ford figo aspire 1.2 ti-vct titanium,petrol,individual,manual,first owner,650000
2017,50000,21.1,814.0,55.2,5.0,hyundai,hyundai eon magna plus,petrol,individual,manual,second owner,280000
2011,80000,17.2,1396.0,53.5,5.0,tata,tata indica v2 dls,diesel,individual,manual,first owner,100000
2014,70000,13.58,2499.0,72.4,9.0,chevrolet,chevrolet tavera neo 3 9 str bsiii,diesel,individual,manual,second owner,575000
2017,40000,24.3,1248.0,88.5,5.0,maruti,maruti vitara brezza vdi,diesel,individual,manual,first owner,780000
2013,157000,15.96,2523.0,62.1,7.0,mahindra,mahindra bolero 2011-2019 zlx,diesel,individual,manual,first owner,467000
2015,90000,15.4,2179.0,120.0,7.0,mahindra,mahindra scorpio s10 7 seater,diesel,individual,manual,first owner,1050000
2011,80000,19.81,1086.0,68.05,5.0,hyundai,hyundai i10 magna 1.1l,petrol,individual,manual,second owner,225000
2004,90000,,,,,hyundai,hyundai santro gls i - euro ii,petrol,individual,manual,third owner,90000
2004,80000,,,,,hyundai,hyundai santro xing xg at erlx euro iii,petrol,individual,automatic,third owner,80000
2012,80000,,,,,toyota,toyota etios liva gd,diesel,individual,manual,first owner,300000
2012,70000,21.03,1461.0,65.0,5.0,mahindra,mahindra verito 1.5 d4 bsiv,diesel,individual,manual,second owner,260000
2009,50000,16.0,995.0,63.0,5.0,chevrolet,chevrolet spark 1.0 e,petrol,individual,manual,second owner,90000
2012,60000,20.0,1399.0,68.0,5.0,ford,ford figo diesel zxi,diesel,individual,manual,first owner,280000
2014,106000,20.8,1461.0,65.0,5.0,mahindra,mahindra verito 1.5 d4 bsiii,diesel,individual,manual,second owner,350000
2006,80000,10.5,2179.0,120.0,7.0,mahindra,mahindra scorpio 2.6 slx turbo 7 seater,diesel,individual,manual,second owner,229999
2016,80000,15.96,2523.0,63.0,9.0,mahindra,mahindra bolero 2011-2019 di non ac bs iii white,diesel,individual,manual,second owner,550000
2013,110000,12.99,2494.0,100.0,8.0,toyota,toyota innova 2.5 vx (diesel) 8 seater bs iv,diesel,individual,manual,second owner,850000
2011,120000,13.6,2523.0,63.0,7.0,mahindra,mahindra bolero di,diesel,individual,manual,third owner,370000
2013,27000,20.92,998.0,67.1,5.0,maruti,maruti alto k10 lxi,petrol,individual,manual,first owner,250000
2007,70000,19.7,796.0,46.3,5.0,maruti,maruti alto lxi,petrol,individual,manual,second owner,95000
2010,70000,18.9,1061.0,67.0,5.0,maruti,maruti wagon r lxi minor,petrol,individual,manual,second owner,180000
2016,50000,17.45,1493.0,100.0,7.0,mahindra,mahindra nuvosport n8 amt,diesel,individual,automatic,first owner,650000
2018,60000,25.4,1186.0,73.97,5.0,hyundai,hyundai xcent 1.2 crdi e,diesel,individual,manual,first owner,530000
2017,15000,22.0,1197.0,81.8,5.0,maruti,maruti swift vvt zxi,petrol,individual,manual,first owner,610000
2011,40000,,,,,maruti,maruti zen estilo vxi bsiv w abs,petrol,individual,manual,first owner,200000
2010,135000,14.0,2498.0,112.0,8.0,mahindra,mahindra xylo e4 8s,diesel,individual,manual,first owner,265000
2018,26300,23.84,1199.0,84.0,5.0,tata,tata tiago 1.2 revotron xz wo alloy,petrol,individual,manual,first owner,560000
2014,120000,15.96,2523.0,62.1,7.0,mahindra,mahindra bolero 2011-2019 sle,diesel,individual,manual,first owner,430000
2017,35000,28.4,1248.0,74.02,5.0,maruti,maruti swift dzire vdi,diesel,individual,manual,first owner,711000
2015,30000,20.85,1197.0,83.14,5.0,maruti,maruti swift dzire vxi,petrol,individual,manual,first owner,511000
2012,165000,15.96,2523.0,62.1,7.0,mahindra,mahindra bolero 2011-2019 zlx,diesel,individual,manual,first owner,450000
2015,50000,17.57,1193.0,88.7,5.0,tata,tata zest revotron 1.2 xt,petrol,individual,manual,first owner,325000
2013,120000,21.64,1461.0,84.8,5.0,renault,renault scala diesel rxz,diesel,individual,manual,first owner,434999
2010,100000,20.0,1399.0,68.0,5.0,ford,ford figo diesel lxi,diesel,individual,manual,second owner,210000
2009,90000,,,,,maruti,maruti omni bsiii 8-str w/ immobiliser,petrol,individual,manual,third owner,140000
2007,120000,15.0,1586.0,104.68,5.0,maruti,maruti sx4 vxi bsiii,petrol,individual,manual,second owner,160000
2017,70000,17.5,1373.0,91.1,7.0,maruti,maruti ertiga vxi limited edition,petrol,individual,manual,second owner,650000
2008,90000,,,,,maruti,maruti swift vdi bsiv,diesel,individual,manual,second owner,250000
2014,72000,18.6,1197.0,81.83,5.0,hyundai,hyundai i20 sportz 1.2,petrol,individual,manual,first owner,320000
2017,50000,23.01,999.0,67.0,5.0,renault,renault kwid climber 1.0 mt,petrol,individual,manual,first owner,290000
1996,5000,,,,,mahindra,mahindra jeep classic,diesel,individual,manual,second owner,163000
2013,30000,25.4,624.0,37.48,4.0,tata,tata nano cx,petrol,individual,manual,first owner,80000
2017,20000,14.1,2179.0,147.94,7.0,tata,tata safari storme ex,diesel,individual,manual,first owner,1100000
2015,110000,26.21,1248.0,88.5,5.0,maruti,maruti ciaz zdi plus,diesel,individual,manual,first owner,600000
2017,25000,25.17,799.0,53.3,5.0,renault,renault kwid rxt,petrol,individual,manual,first owner,340000
2014,120000,12.99,2494.0,100.6,7.0,toyota,toyota innova 2.5 g (diesel) 7 seater,diesel,individual,manual,first owner,750000
2006,40000,19.7,796.0,46.3,5.0,maruti,maruti alto lx,petrol,individual,manual,first owner,100000
2019,10000,25.17,799.0,53.3,5.0,renault,renault kwid rxt optional,petrol,individual,manual,first owner,395000
2010,65000,18.9,1061.0,67.0,5.0,maruti,maruti wagon r vxi minor,petrol,individual,manual,first owner,200000
2019,10000,21.94,1196.0,61.7,5.0,maruti,maruti eeco cng 5 seater ac bsiv,cng,individual,manual,first owner,450000
2012,110000,13.87,1390.0,75.0,5.0,mahindra,mahindra verito 1.4 g4 bsiv,petrol,individual,manual,second owner,180000
2008,120000,13.6,2523.0,63.0,7.0,mahindra,mahindra bolero di,diesel,individual,manual,second owner,190000
2015,72000,15.37,1196.0,73.0,5.0,maruti,maruti eeco 5 seater ac bsiv,petrol,individual,manual,first owner,310000
2014,89100,23.2,1248.0,73.94,5.0,maruti,maruti ritz vdi,diesel,individual,manual,second owner,351000
2006,94000,17.4,1599.0,104.0,5.0,chevrolet,chevrolet optra 1.6 lt royale,petrol,individual,manual,second owner,190000
2015,120000,21.1,814.0,55.2,5.0,hyundai,hyundai eon magna plus,petrol,individual,manual,second owner,225000
2012,110000,16.2,995.0,62.1,5.0,chevrolet,chevrolet spark 1.0 lt,petrol,individual,manual,first owner,130000
2018,50000,28.09,1248.0,88.5,5.0,maruti,maruti ciaz alpha diesel,diesel,individual,manual,first owner,1000000
2004,90000,16.8,1405.0,62.0,5.0,tata,tata indica v2 dls tc,diesel,individual,manual,third owner,55000
2014,23000,18.2,1199.0,82.4,5.0,chevrolet,chevrolet sail 1.2 lt abs,petrol,individual,manual,first owner,330000
2013,50000,16.8,796.0,34.2,5.0,maruti,maruti omni mpi std bsiv,petrol,individual,manual,first owner,166000
2013,300000,14.0,2498.0,112.0,8.0,mahindra,mahindra xylo d4 bsiii,diesel,individual,manual,first owner,200000
2011,50000,20.92,998.0,67.1,5.0,maruti,maruti alto k10 2010-2014 vxi,petrol,individual,manual,third owner,140000
2017,140000,21.94,1196.0,61.7,5.0,maruti,maruti eeco cng 5 seater ac bsiv,cng,individual,manual,first owner,370000
2019,16000,17.4,1197.0,81.86,5.0,hyundai,hyundai elite i20 sportz plus cvt bsiv,petrol,individual,automatic,first owner,720000
2015,126000,21.19,1396.0,88.73,5.0,hyundai,hyundai i20 active 1.4,diesel,individual,manual,first owner,500000
2019,15000,20.14,1197.0,81.86,5.0,hyundai,hyundai xcent 1.2 vtvt sx,petrol,individual,manual,first owner,570000
2010,200000,17.5,1197.0,85.8,5.0,maruti,maruti swift dzire 1.2 vxi bsiv,petrol,individual,manual,first owner,210000
2009,120000,19.7,796.0,46.3,5.0,maruti,maruti alto lxi,petrol,individual,manual,first owner,120000
2005,120000,15.3,1341.0,83.0,5.0,hyundai,hyundai getz glx,petrol,individual,manual,fourth & above owner,95000
2010,110000,16.95,1197.0,78.9,5.0,hyundai,hyundai i10 sportz at,petrol,individual,automatic,third owner,196000
2016,38000,15.37,1196.0,73.0,5.0,maruti,maruti eeco 5 seater ac bsiv,petrol,individual,manual,first owner,392000
2010,104000,15.0,1368.0,90.0,5.0,tata,tata manza aura plus safire,petrol,individual,manual,first owner,150000
2017,120000,15.4,1497.0,117.3,7.0,honda,honda br-v i-vtec e mt,petrol,individual,manual,first owner,595000
2018,35000,24.3,1248.0,88.5,5.0,maruti,maruti vitara brezza zdi plus amt dual tone,diesel,individual,automatic,first owner,833000
2011,210000,22.9,1248.0,74.0,5.0,maruti,maruti swift vdi,diesel,individual,manual,first owner,280000
2003,35000,16.1,796.0,37.0,4.0,maruti,maruti 800 std bsii,petrol,individual,manual,second owner,35000
2009,85000,21.1,1248.0,73.9,5.0,maruti,maruti ritz vdi,diesel,individual,manual,third owner,180000
2012,80000,18.9,998.0,67.1,5.0,maruti,maruti wagon r vxi bsii,petrol,individual,manual,first owner,225000
2012,50000,14.84,2143.0,170.0,5.0,mercedes-benz,mercedes-benz new c-class 220 cdi at,diesel,individual,automatic,first owner,1400000
2009,40000,23.0,1396.0,90.0,5.0,hyundai,hyundai i20 era diesel,diesel,individual,manual,first owner,340000
2010,216000,12.8,2494.0,102.0,8.0,toyota,toyota innova 2.5 gx 8 str,diesel,individual,manual,first owner,550000
2017,65000,20.51,998.0,67.04,5.0,maruti,maruti wagon r vxi bs iv,petrol,individual,manual,second owner,400000
2006,100000,15.3,1341.0,83.0,5.0,hyundai,hyundai getz gle,petrol,individual,manual,third owner,90000
2015,84000,28.09,1248.0,88.5,5.0,maruti,maruti ciaz vdi plus shvs,diesel,individual,manual,first owner,650000
2012,210000,12.99,2494.0,100.0,7.0,toyota,toyota innova 2.5 g (diesel) 7 seater bs iv,diesel,individual,manual,first owner,730000
2010,60000,15.26,1150.0,74.9,5.0,chevrolet,chevrolet aveo u-va 1.2 ls,petrol,individual,manual,first owner,125000
2006,100000,15.3,1341.0,83.0,5.0,hyundai,hyundai getz gle,petrol,individual,manual,fourth & above owner,81000
2007,78000,16.1,1298.0,88.2,5.0,maruti,maruti swift glam,petrol,individual,manual,second owner,170000
2002,161000,13.0,1493.0,100.0,5.0,honda,honda city 1.5 exi,petrol,individual,manual,fourth & above owner,81000
2005,70000,19.7,796.0,46.3,5.0,maruti,maruti alto lx,petrol,individual,manual,third owner,95000
2010,50000,26.0,624.0,35.0,4.0,tata,tata nano cx bsiv,petrol,individual,manual,third owner,55000
2017,65000,19.98,1461.0,108.5,8.0,renault,renault lodgy world edition 110ps,diesel,individual,manual,first owner,880000
2015,50000,25.17,799.0,53.3,5.0,renault,renault kwid rxl,petrol,individual,manual,first owner,200000
2019,25000,20.52,1197.0,81.8,5.0,maruti,maruti wagon r vxi 1.2,petrol,individual,manual,first owner,480000
2013,100000,15.96,2523.0,62.1,9.0,mahindra,mahindra bolero 2011-2019 plus ac,diesel,individual,manual,first owner,480000
2018,6000,18.6,1197.0,81.83,5.0,hyundai,hyundai i20 1.2 asta,petrol,individual,manual,first owner,700000
2016,72113,21.9,1498.0,98.6,7.0,honda,honda brv i-dtec v mt,diesel,individual,manual,first owner,850000
2012,40000,23.57,1396.0,70.0,5.0,tata,tata indigo cr4,diesel,individual,manual,first owner,300000
2017,8000,18.6,1197.0,81.83,5.0,hyundai,hyundai i20 1.2 asta option,petrol,individual,manual,first owner,650000
2010,20000,21.1,1197.0,85.8,5.0,maruti,maruti ritz vxi,petrol,individual,manual,first owner,220000
2014,45000,19.09,1405.0,69.01,5.0,tata,tata indigo cs ls (tdi) bs-iii,diesel,individual,manual,first owner,300000
2014,80000,23.4,1248.0,74.0,5.0,maruti,maruti swift dzire vdi,diesel,individual,manual,first owner,450000
2014,90000,25.2,1248.0,74.0,5.0,maruti,maruti swift vdi bsiv,diesel,individual,manual,first owner,400000
2018,25000,25.1,1248.0,88.5,5.0,maruti,maruti s-cross 2017-2020 alpha ddis 200 sh,diesel,individual,manual,first owner,1030000
2010,100000,18.8,1248.0,90.0,5.0,tata,tata manza aura quadrajet,diesel,individual,manual,second owner,190000
2006,60000,16.6,1388.0,68.0,5.0,ford,ford fiesta 1.4 duratec exi,petrol,individual,manual,second owner,140000
2018,30000,21.19,1396.0,88.76,5.0,hyundai,hyundai i20 active s diesel,diesel,individual,manual,first owner,800000
2007,120000,10.5,2609.0,120.0,7.0,mahindra,mahindra scorpio lx 2.6 turbo,diesel,individual,manual,third owner,229999
2011,80000,13.93,2179.0,138.03,7.0,tata,tata safari dicor 2.2 ex 4x2,diesel,individual,manual,second owner,300000
2011,69000,20.54,1598.0,103.6,5.0,volkswagen,volkswagen vento diesel highline,diesel,individual,manual,second owner,375000
2010,75000,18.6,1199.0,79.4,5.0,chevrolet,chevrolet beat lt,petrol,individual,manual,first owner,140000
2004,113000,19.7,796.0,46.3,5.0,maruti,maruti alto lx,petrol,individual,manual,second owner,60000
2014,90000,24.4,1120.0,71.01,5.0,hyundai,hyundai xcent 1.1 crdi s option,diesel,individual,manual,second owner,420000
2012,100000,23.08,1461.0,63.12,5.0,renault,renault pulse rxz,diesel,individual,manual,third owner,300000
2012,110000,22.3,1248.0,74.0,5.0,tata,tata indica vista quadrajet vx,diesel,individual,manual,first owner,150000
2015,90000,22.77,1498.0,98.59,5.0,ford,ford ecosport 1.5 tdci titanium plus bsiv,diesel,individual,manual,first owner,600000
2011,100000,20.0,1399.0,68.0,5.0,ford,ford figo diesel titanium,diesel,individual,manual,second owner,204999
2017,50000,25.4,1186.0,73.97,5.0,hyundai,hyundai xcent 1.2 crdi sx,diesel,individual,manual,first owner,625000
2011,200000,20.5,1248.0,91.7,5.0,fiat,fiat grande punto 1.3 emotion pack 90hp (diesel),diesel,individual,manual,first owner,280000
2014,146000,13.01,2199.0,194.3,7.0,hyundai,hyundai santa fe 2wd at,diesel,individual,automatic,second owner,1050000
2009,80000,12.9,1598.0,102.5,5.0,chevrolet,chevrolet optra magnum 1.6 lt petrol,petrol,individual,manual,second owner,250000
2010,96443,11.57,2179.0,138.1,7.0,tata,tata new safari dicor 2.2 ex 4x2,diesel,individual,manual,second owner,535000
2009,100000,11.7,2354.0,177.6,5.0,honda,honda accord 2.4 at,petrol,individual,automatic,second owner,400000
2019,10000,21.21,1197.0,81.8,5.0,maruti,maruti swift amt vxi,petrol,individual,automatic,first owner,610000
2014,110000,23.4,1248.0,74.0,5.0,maruti,maruti swift dzire vdi,diesel,individual,manual,first owner,509999
2014,86000,14.0,2179.0,138.1,7.0,tata,tata safari storme vx,diesel,individual,manual,second owner,521000
2014,100000,23.4,1248.0,74.0,5.0,maruti,maruti swift dzire vdi,diesel,individual,manual,first owner,511000
2014,91000,22.54,1396.0,88.73,5.0,hyundai,hyundai i20 sportz 1.4 crdi,diesel,individual,manual,first owner,451000
2009,100000,20.36,1197.0,78.9,5.0,hyundai,hyundai i10 sportz,petrol,individual,manual,first owner,170000
2013,120000,23.4,1248.0,74.0,5.0,maruti,maruti swift dzire vdi,diesel,individual,manual,second owner,450000
2011,90000,17.0,1497.0,118.0,5.0,honda,honda city 1.5 v elegance,petrol,individual,manual,second owner,375000
2016,60000,22.74,796.0,47.3,5.0,maruti,maruti alto 800 lxi,petrol,individual,manual,second owner,305000
2016,51500,25.17,799.0,53.3,5.0,renault,renault kwid rxt,petrol,individual,manual,first owner,315000
2016,60000,22.1,1248.0,74.0,5.0,chevrolet,chevrolet sail 1.3 ls,diesel,individual,manual,second owner,250000
2012,104500,20.0,1399.0,68.0,5.0,ford,ford figo diesel exi,diesel,individual,manual,second owner,200000
2012,120000,19.01,1461.0,108.45,5.0,renault,renault duster 110ps diesel rxl,diesel,individual,manual,third owner,400000
2014,100000,22.9,1248.0,74.0,5.0,maruti,maruti swift zdi,diesel,individual,manual,second owner,509999
2008,90000,13.5,1799.0,130.0,5.0,honda,honda civic 1.8 v mt,petrol,individual,manual,third owner,375000
2005,150000,18.9,998.0,67.1,5.0,maruti,maruti wagon r lxi,petrol,individual,manual,third owner,150000
2006,60000,18.9,998.0,67.1,5.0,maruti,maruti wagon r ax,petrol,individual,automatic,first owner,75000
2015,50000,17.43,1396.0,105.5,5.0,hyundai,hyundai verna 1.4 vtvt,petrol,individual,manual,second owner,465000
2019,10000,24.0,1186.0,73.97,5.0,hyundai,hyundai grand i10 1.2 crdi asta,diesel,individual,manual,first owner,700000
2015,120000,15.4,1997.0,120.0,7.0,mahindra,mahindra scorpio 1.99 s10,diesel,individual,manual,third owner,950000
2017,40000,18.6,1197.0,81.83,5.0,hyundai,hyundai i20 1.2 asta,petrol,individual,manual,first owner,610000
2004,120000,,,,,hyundai,hyundai santro gs zipdrive - euro ii,petrol,individual,manual,second owner,60000
2014,50000,22.74,796.0,47.3,5.0,maruti,maruti alto 800 lxi,petrol,individual,manual,first owner,235000
2017,90000,15.37,1196.0,73.0,5.0,maruti,maruti eeco 5 seater ac bsiv,petrol,individual,manual,first owner,330000
2014,90000,20.45,1461.0,83.8,5.0,nissan,nissan terrano xe 85 ps,diesel,individual,manual,first owner,472000
2019,10000,21.21,1197.0,81.8,5.0,maruti,maruti swift vxi,petrol,individual,manual,first owner,585000
2018,10000,23.5,909.0,45.0,8.0,mahindra,mahindra supro lx 8 str,diesel,individual,manual,first owner,500000
2019,27000,23.95,998.0,67.05,5.0,maruti,maruti alto k10 vxi,petrol,individual,manual,first owner,360000
2016,70000,26.59,1248.0,74.0,5.0,maruti,maruti swift dzire vdi,diesel,individual,manual,first owner,649000
2017,50000,16.8,796.0,34.2,5.0,maruti,maruti omni mpi cargo bsiv,petrol,individual,manual,first owner,200000
2008,60000,,,,,maruti,maruti swift 1.3 vxi,petrol,individual,manual,first owner,240000
2014,110000,24.0,1120.0,70.0,5.0,hyundai,hyundai grand i10 crdi magna,diesel,individual,manual,first owner,400000
2015,100000,27.62,793.0,47.0,5.0,maruti,maruti celerio vdi,diesel,individual,manual,second owner,250000
2018,50000,17.3,1497.0,121.0,7.0,mahindra,mahindra marazzo m6,diesel,individual,manual,first owner,1200000
2009,105000,17.8,1248.0,75.0,5.0,maruti,maruti swift vdi bsiii,diesel,individual,manual,second owner,250000
2013,110000,12.99,2494.0,100.6,8.0,toyota,toyota innova 2.5 gx (diesel) 8 seater,diesel,individual,manual,first owner,819999
2014,60000,15.1,2179.0,140.0,7.0,mahindra,mahindra xuv500 w8 2wd,diesel,individual,manual,second owner,800000
2013,49102,18.88,999.0,123.37,5.0,ford,ford ecosport 1.0 ecoboost titanium optional,petrol,dealer,manual,second owner,429000
2010,60000,17.92,1086.0,62.1,5.0,hyundai,hyundai santro xing gls,petrol,individual,manual,third owner,150000
2010,120000,,,,,maruti,maruti swift vdi bsiv,diesel,individual,manual,second owner,315000
2012,90000,25.44,936.0,57.6,5.0,chevrolet,chevrolet beat diesel lt,diesel,individual,manual,first owner,170000
2013,81000,19.01,1461.0,108.45,5.0,renault,renault duster 110ps diesel rxl,diesel,individual,manual,second owner,360000
2018,80000,25.4,1186.0,73.97,5.0,hyundai,hyundai xcent 1.2 crdi sx,diesel,individual,manual,first owner,570000
2012,105000,19.01,1461.0,108.45,5.0,renault,renault duster 110ps diesel rxz,diesel,individual,manual,second owner,350000
2017,60000,,,,,mahindra,mahindra ingenio crde,diesel,individual,manual,first owner,600000
2017,227000,17.5,1373.0,91.1,7.0,maruti,maruti ertiga bsiv vxi,petrol,individual,manual,first owner,700000
2012,100000,19.01,1461.0,108.45,5.0,renault,renault duster 110ps diesel rxz,diesel,individual,manual,second owner,375000
2019,60000,21.94,1196.0,61.7,5.0,maruti,maruti eeco cng 5 seater ac bsiv,cng,individual,manual,first owner,450000
2013,70000,21.9,1396.0,88.76,5.0,hyundai,hyundai i20 magna 1.4 crdi (diesel),diesel,individual,manual,third owner,325000
2011,120000,20.54,1598.0,103.6,5.0,volkswagen,volkswagen vento diesel comfortline,diesel,individual,manual,third owner,260000
2009,80000,19.7,796.0,46.3,5.0,maruti,maruti alto lxi bsiii,petrol,individual,manual,third owner,130000
2008,120000,11.57,2179.0,138.1,7.0,tata,tata new safari dicor 2.2 ex 4x2,diesel,individual,manual,fourth & above owner,150000
2014,40000,17.92,1086.0,62.1,5.0,hyundai,hyundai santro xing gls,petrol,individual,manual,first owner,220000
2014,53000,20.36,1197.0,78.9,5.0,hyundai,hyundai i10 magna 1.2 itech se,petrol,individual,manual,first owner,275000
2017,60000,25.2,1248.0,74.0,5.0,maruti,maruti swift ldi optional,diesel,individual,manual,first owner,455000
2017,30000,18.6,1197.0,81.83,5.0,hyundai,hyundai i20 1.2 magna executive,petrol,individual,manual,first owner,570000
2013,100000,20.54,1598.0,103.6,5.0,volkswagen,volkswagen vento diesel highline,diesel,individual,manual,third owner,330000
2018,70000,13.68,2393.0,147.8,7.0,toyota,toyota innova crysta 2.4 vx mt bsiv,diesel,individual,manual,first owner,1576000
2012,98000,20.77,1248.0,88.8,7.0,maruti,maruti ertiga zdi,diesel,individual,manual,fourth & above owner,450000
2014,60000,21.1,814.0,55.2,5.0,hyundai,hyundai eon magna plus,petrol,individual,manual,first owner,250000
2010,80000,20.36,1197.0,78.9,5.0,hyundai,hyundai i10 sportz,petrol,individual,manual,third owner,165000
2013,117000,11.18,2696.0,184.0,7.0,mahindra,mahindra ssangyong rexton rx7,diesel,dealer,automatic,first owner,800000
2018,8576,18.7,1199.0,88.7,5.0,honda,honda jazz 1.2 v i vtec,petrol,dealer,manual,first owner,680000
2017,19723,20.3,1199.0,84.0,5.0,tata,tata tigor 1.2 revotron xza,petrol,dealer,automatic,first owner,525000
2016,21446,16.8,1497.0,116.3,5.0,honda,honda city 1.5 v mt sunroof,petrol,dealer,manual,first owner,825000
2017,52289,25.1,1248.0,88.5,5.0,maruti,maruti s-cross 2017-2020 sigma ddis 200 sh,diesel,dealer,manual,first owner,750000
2017,52236,15.4,2179.0,120.0,7.0,mahindra,mahindra scorpio s4 plus,diesel,dealer,manual,first owner,950000
2017,54470,15.4,2179.0,120.0,7.0,mahindra,mahindra scorpio s4 plus 4wd,diesel,dealer,manual,first owner,950000
2017,25471,21.9,1396.0,90.0,5.0,hyundai,hyundai i20 1.4 crdi magna,diesel,dealer,manual,first owner,675000
2019,33928,23.84,1199.0,84.48,5.0,tata,tata tiago xt,petrol,dealer,manual,first owner,490000
2018,59736,18.49,1493.0,100.0,7.0,mahindra,mahindra tuv 300 t4 plus,diesel,dealer,manual,first owner,775000
2009,54290,17.0,1497.0,118.0,5.0,honda,honda city 1.5 v mt,petrol,dealer,manual,first owner,350000
2016,2118,19.4,1198.0,86.8,5.0,honda,honda brio s mt,petrol,dealer,manual,first owner,475000
2017,61379,15.4,2179.0,120.0,7.0,mahindra,mahindra scorpio s4 7 seater,diesel,dealer,manual,first owner,950000
2010,58544,17.4,1497.0,117.3,5.0,honda,honda city i-vtec s,petrol,dealer,manual,second owner,350000
2016,74381,21.79,998.0,67.05,5.0,maruti,maruti wagon r vxi,petrol,dealer,manual,first owner,400000
2001,35000,16.1,796.0,37.0,4.0,maruti,maruti 800 dx 5 speed,petrol,individual,manual,third owner,75000
2017,63982,22.7,1498.0,89.84,5.0,ford,ford ecosport 1.5 dv5 mt titanium,diesel,dealer,manual,first owner,850000
2008,65000,18.9,998.0,67.1,5.0,maruti,maruti wagon r vxi,petrol,dealer,manual,second owner,175000
2014,74000,15.96,2523.0,62.1,7.0,mahindra,mahindra bolero 2011-2019 sle,diesel,dealer,manual,first owner,570000
2013,56429,19.01,1461.0,108.45,5.0,renault,renault duster 110ps diesel rxz,diesel,dealer,manual,second owner,525000
2012,56000,20.36,1197.0,78.9,5.0,hyundai,hyundai i10 magna 1.2 itech se,petrol,individual,manual,first owner,270000
2019,19500,20.3,1086.0,68.07,5.0,hyundai,hyundai santro magna,petrol,dealer,manual,first owner,434999
2015,30000,18.6,1197.0,81.83,5.0,hyundai,hyundai i20 asta option 1.2,petrol,dealer,manual,first owner,495000
2016,53000,22.54,1396.0,88.73,5.0,hyundai,hyundai i20 asta option 1.4 crdi,diesel,dealer,manual,first owner,575000
2017,5000,20.14,1197.0,81.86,5.0,hyundai,hyundai xcent 1.2 vtvt s,petrol,individual,manual,first owner,600000
2015,25000,17.01,1591.0,121.4,5.0,hyundai,hyundai verna 1.6 vtvt s option,petrol,individual,manual,first owner,700000
2014,72000,26.0,1498.0,98.6,5.0,honda,honda city i dtec v,diesel,dealer,manual,first owner,560000
2016,72000,,,,,maruti,maruti swift vdi bsiv w abs,diesel,dealer,manual,first owner,565000
2005,80000,13.6,2523.0,63.0,7.0,mahindra,mahindra bolero di ac bsiii,diesel,individual,manual,first owner,250000
2013,29000,15.0,1598.0,103.5,5.0,skoda,skoda rapid 1.6 mpi ambition plus,petrol,individual,manual,second owner,409999
2016,56832,19.87,1461.0,83.14,5.0,nissan,nissan terrano xl d option,diesel,dealer,manual,first owner,495000
2014,30528,18.6,1197.0,81.86,5.0,hyundai,hyundai elite i20 petrol asta,petrol,dealer,manual,first owner,470000
2013,65285,24.7,1498.0,98.63,5.0,honda,honda amaze s diesel,diesel,dealer,manual,first owner,350000
2020,20102,13.68,2393.0,147.51,8.0,toyota,toyota innova crysta 2.4 g mt 8 str,diesel,dealer,manual,first owner,1560000
2015,43000,18.7,1199.0,88.7,5.0,honda,honda jazz 1.2 s i vtec,petrol,dealer,manual,first owner,480000
2013,52380,23.59,1364.0,67.04,5.0,toyota,toyota etios liva 1.4 gd,diesel,dealer,manual,first owner,270000
2018,74250,21.0,1498.0,74.96,7.0,mahindra,mahindra bolero b2,diesel,dealer,manual,first owner,660000
2017,57247,20.89,1197.0,81.8,5.0,maruti,maruti ignis 1.2 amt alpha bsiv,petrol,dealer,automatic,first owner,490000
2017,52000,24.3,1248.0,88.5,5.0,maruti,maruti vitara brezza zdi plus,diesel,individual,manual,first owner,800000
2011,47000,16.95,1498.0,97.7,5.0,nissan,nissan sunny xv,petrol,individual,manual,second owner,350000
2011,80000,17.8,1399.0,68.0,5.0,ford,ford fiesta exi 1.4 tdci ltd,diesel,individual,manual,third owner,170000
2011,85000,18.0,1248.0,75.0,5.0,tata,tata indica vista aqua 1.3 quadrajet,diesel,individual,manual,second owner,125000
2012,100000,19.3,1248.0,73.9,5.0,maruti,maruti swift dzire vdi,diesel,individual,manual,first owner,400000
2011,110000,16.95,1498.0,97.7,5.0,nissan,nissan sunny xv,petrol,individual,manual,first owner,250000
2010,178000,20.4,1248.0,91.7,5.0,fiat,fiat linea emotion (diesel),diesel,individual,manual,second owner,190000
2010,120000,19.7,796.0,46.3,5.0,maruti,maruti alto lx,petrol,individual,manual,third owner,125000
2017,70000,16.3,1956.0,170.0,5.0,jeep,jeep compass 2.0 limited 4x4,diesel,individual,manual,first owner,1950000
2011,120000,12.8,1968.0,167.6,5.0,audi,audi q5 2.0 tdi,diesel,individual,automatic,first owner,1300000
2010,155000,12.8,2494.0,102.0,8.0,toyota,toyota innova 2.5 g4 diesel 8-seater,diesel,individual,manual,third owner,786000
2015,30000,20.51,998.0,67.04,5.0,maruti,maruti wagon r vxi bs iv,petrol,individual,manual,first owner,335000
2009,60000,18.9,1061.0,67.0,5.0,maruti,maruti wagon r lxi minor,petrol,individual,manual,third owner,114999
2012,70000,22.07,1199.0,73.9,5.0,volkswagen,volkswagen polo diesel comfortline 1.2l,diesel,individual,manual,fourth & above owner,229999
2017,40000,22.54,1396.0,88.73,5.0,hyundai,hyundai i20 2015-2017 asta 1.4 crdi,diesel,individual,manual,first owner,731000
2012,120000,22.32,1582.0,126.32,5.0,hyundai,hyundai verna 1.6 sx,diesel,individual,manual,first owner,395000
2015,120000,26.59,1248.0,74.0,5.0,maruti,maruti swift dzire vdi,diesel,individual,manual,first owner,500000
2014,50000,21.1,814.0,55.2,5.0,hyundai,hyundai eon era plus,petrol,individual,manual,third owner,220000
2013,100000,20.0,1399.0,68.1,5.0,ford,ford figo diesel celebration edition,diesel,individual,manual,first owner,240000
2010,120000,23.0,1396.0,90.0,5.0,hyundai,hyundai i20 1.4 crdi asta,diesel,individual,manual,third owner,215000
2012,90000,22.9,1248.0,74.0,5.0,maruti,maruti swift vdi,diesel,individual,manual,second owner,400000
2012,90000,19.0,998.0,67.1,5.0,maruti,maruti zen estilo vxi bsiv,petrol,individual,manual,first owner,191000
2013,100000,14.0,2498.0,112.0,8.0,mahindra,mahindra xylo d4 bsiii,diesel,individual,manual,second owner,351000
2015,20000,21.9,624.0,37.48,4.0,tata,tata nano xta,petrol,individual,automatic,first owner,250000
2009,90000,18.1,1493.0,110.0,5.0,hyundai,hyundai verna crdi sx abs,diesel,individual,manual,second owner,210000
2011,120000,17.6,1496.0,88.7,5.0,toyota,toyota etios vx,petrol,individual,manual,third owner,300000
2017,35000,25.83,1498.0,99.0,5.0,ford,ford figo aspire 1.5 tdci trend,diesel,individual,manual,first owner,700000
2010,120000,11.8,1991.0,150.0,5.0,hyundai,hyundai sonata crdi m/t,diesel,individual,manual,second owner,500000
2002,120000,16.1,796.0,37.0,4.0,maruti,maruti 800 ac bsiii,petrol,individual,manual,first owner,120000
2019,10000,22.54,1396.0,88.76,5.0,hyundai,hyundai elite i20 asta option diesel,diesel,individual,manual,first owner,850000
1994,100000,,,,,mahindra,mahindra jeep cl 500 mdi,diesel,individual,manual,second owner,120000
2017,65000,25.5,1498.0,98.6,5.0,honda,honda wr-v i-dtec vx,diesel,individual,manual,second owner,770000
2007,90000,13.5,1799.0,130.0,5.0,honda,honda civic 1.8 s mt,petrol,individual,manual,third owner,245000
2012,90000,20.92,998.0,67.1,5.0,maruti,maruti alto k10 2010-2014 vxi,petrol,individual,manual,first owner,250000
2016,42323,21.19,1396.0,88.76,5.0,hyundai,hyundai i20 active sx diesel,diesel,dealer,manual,first owner,651000
2013,42462,16.8,1497.0,116.3,5.0,honda,honda city v mt,petrol,dealer,manual,first owner,480000
2015,54723,25.2,1248.0,74.0,5.0,maruti,maruti swift vdi bsiv,diesel,dealer,manual,first owner,470000
2016,30000,27.3,1498.0,98.6,5.0,honda,honda jazz 1.5 v i dtec,diesel,individual,manual,first owner,500000
2011,42545,19.62,1998.0,190.0,5.0,bmw,bmw x1 sdrive20d m sport,diesel,dealer,automatic,first owner,1075000
2016,32000,25.1,1248.0,88.5,5.0,maruti,maruti s-cross 2017-2020 delta ddis 200 sh,diesel,dealer,manual,first owner,690000
2017,41232,,,,,maruti,maruti swift dzire vdi optional,diesel,dealer,manual,first owner,589000
2018,20375,20.89,1197.0,81.8,5.0,maruti,maruti ignis 1.2 delta bsiv,petrol,dealer,manual,first owner,480000
2013,43978,28.4,1248.0,74.0,5.0,maruti,maruti swift zdi plus,diesel,dealer,manual,second owner,450000
2015,40200,21.0,1498.0,74.96,7.0,mahindra,mahindra bolero b4,diesel,dealer,manual,first owner,445000
2018,30000,18.6,1197.0,81.83,5.0,hyundai,hyundai i20 1.2 asta option,petrol,individual,manual,first owner,700000
2014,90000,20.77,1248.0,88.8,7.0,maruti,maruti ertiga zdi,diesel,individual,manual,first owner,560000
2013,48000,21.7,1498.0,98.96,5.0,ford,ford ecosport sports diesel,diesel,dealer,manual,second owner,475000
2014,27233,27.4,1498.0,98.63,5.0,honda,honda amaze e diesel bsiv,diesel,dealer,manual,first owner,465000
2017,28832,23.4,1248.0,74.0,5.0,maruti,maruti swift dzire tour ldi,diesel,dealer,manual,first owner,520000
2011,35000,15.0,1368.0,90.0,5.0,tata,tata manza aura safire,petrol,individual,manual,first owner,225000
2015,35000,16.02,1373.0,93.7,7.0,maruti,maruti ertiga zxi,petrol,individual,manual,first owner,700000
2006,80000,17.7,1497.0,78.0,5.0,honda,honda city 2017-2020 gxi,petrol,individual,manual,second owner,93150
2016,30000,17.21,1493.0,100.0,7.0,mahindra,mahindra quanto c4,diesel,individual,manual,second owner,403000
2009,50000,19.81,1086.0,68.05,5.0,hyundai,hyundai i10 era,petrol,individual,manual,second owner,229999
2016,40000,26.59,1248.0,74.0,5.0,maruti,maruti swift dzire vdi,diesel,individual,manual,second owner,525000
2014,25000,16.02,1373.0,93.7,7.0,maruti,maruti ertiga vxi,petrol,individual,manual,first owner,560000
2020,120000,15.1,2179.0,152.87,7.0,mahindra,mahindra xuv500 w7,diesel,individual,manual,first owner,830000
2011,60000,21.1,1248.0,73.9,5.0,maruti,maruti ritz vdi,diesel,individual,manual,second owner,250000
2014,110000,15.96,2523.0,63.0,9.0,mahindra,mahindra bolero 2011-2019 di - ac bs iii,diesel,individual,manual,first owner,450000
2016,67000,15.4,1997.0,120.0,7.0,mahindra,mahindra scorpio 1.99 s4,diesel,individual,manual,first owner,745000
2010,50000,20.0,1399.0,68.0,5.0,ford,ford figo diesel titanium,diesel,individual,manual,second owner,144000
2008,40000,18.2,1061.0,64.0,5.0,maruti,maruti zen estilo 1.1 vxi bsiii,petrol,individual,manual,first owner,120000
2008,120000,11.57,2179.0,138.1,7.0,tata,tata new safari dicor 2.2 ex 4x2,diesel,individual,manual,second owner,300000
1999,100000,16.1,796.0,37.0,4.0,maruti,maruti 800 dx,petrol,individual,manual,first owner,52000
2003,98000,10.5,2179.0,120.0,8.0,mahindra,mahindra scorpio 2.6 crde,diesel,individual,manual,first owner,300000
2009,150000,13.6,2523.0,63.0,7.0,mahindra,mahindra bolero di dx 7 seater,diesel,individual,manual,second owner,270000
2014,38000,22.1,1248.0,74.0,5.0,chevrolet,chevrolet sail lt abs,diesel,individual,manual,first owner,260000
2015,120000,23.59,1364.0,67.05,5.0,toyota,toyota etios gd,diesel,individual,manual,first owner,475000
2011,103000,20.0,1399.0,68.0,5.0,ford,ford figo diesel titanium,diesel,individual,manual,third owner,302000
1994,60000,16.1,796.0,37.0,4.0,maruti,maruti 800 ac,petrol,individual,manual,first owner,45000
2017,80000,24.3,1248.0,88.5,5.0,maruti,maruti vitara brezza vdi option,diesel,individual,manual,first owner,775000
2015,50000,20.77,1248.0,88.76,7.0,maruti,maruti ertiga vdi,diesel,individual,manual,first owner,700000
2014,90000,25.2,1248.0,74.0,5.0,maruti,maruti swift vdi bsiv,diesel,individual,manual,first owner,530000
2017,70000,21.5,1497.0,108.5,5.0,tata,tata nexon 1.5 revotorq xz plus,diesel,individual,manual,first owner,869999
2006,110000,14.9,1991.0,112.2,5.0,hyundai,hyundai elantra crdi,diesel,individual,manual,fourth & above owner,155000
2019,30000,23.84,1199.0,83.83,5.0,tata,tata tiago 1.2 revotron xza,petrol,individual,automatic,first owner,550000
2016,80000,26.59,1248.0,74.0,5.0,maruti,maruti swift dzire vdi,diesel,individual,manual,second owner,600000
2012,110000,19.3,1248.0,73.9,5.0,maruti,maruti swift dzire vdi,diesel,individual,manual,second owner,430000
2010,120000,18.8,1248.0,90.0,5.0,tata,tata manza aura (abs) quadrajet,diesel,individual,manual,first owner,246000
2003,120000,17.3,993.0,60.0,5.0,maruti,maruti zen vxi - bs iii,petrol,individual,manual,third owner,120000
2014,70000,18.6,1197.0,81.83,5.0,hyundai,hyundai i20 asta 1.2,petrol,individual,manual,second owner,565000
2018,60000,22.54,1396.0,88.76,5.0,hyundai,hyundai elite i20 asta option diesel,diesel,individual,manual,first owner,850000
2006,90000,19.7,796.0,46.3,5.0,maruti,maruti alto lxi bsiii,petrol,individual,manual,first owner,160000
2014,142500,19.5,1248.0,75.0,5.0,fiat,fiat linea classic plus 1.3 multijet,diesel,individual,manual,first owner,325000
2011,90000,12.05,2179.0,120.0,8.0,mahindra,mahindra scorpio vlx 2wd airbag bsiv,diesel,individual,manual,third owner,450000
2015,50000,19.81,1086.0,68.05,5.0,hyundai,hyundai i10 sportz 1.1l,petrol,individual,manual,first owner,310000
2013,90000,25.8,1498.0,98.6,5.0,honda,honda amaze s i-dtech,diesel,individual,manual,third owner,250000
2015,115000,26.59,1248.0,74.0,5.0,maruti,maruti swift dzire ldi,diesel,individual,manual,second owner,420000
2013,150000,15.0,1396.0,98.6,5.0,hyundai,hyundai i20 sportz at 1.4,petrol,individual,automatic,second owner,330000
2015,68000,20.4,1197.0,81.8,5.0,maruti,maruti swift vxi optional,petrol,individual,manual,second owner,405000
2013,90000,15.96,2523.0,62.1,7.0,mahindra,mahindra bolero 2011-2019 zlx,diesel,individual,manual,second owner,400000
2010,110000,15.6,1497.0,116.3,5.0,honda,honda city v at,petrol,individual,automatic,third owner,409999
2013,70000,15.96,2523.0,62.1,7.0,mahindra,mahindra bolero 2011-2019 slx 2wd bsiii,diesel,individual,manual,second owner,500000
2011,80000,15.1,2179.0,140.0,7.0,mahindra,mahindra xuv500 w8 4wd,diesel,individual,manual,third owner,590000
2006,118000,,,,,hyundai,hyundai santro xing xs erlx euro iii,petrol,individual,manual,first owner,80000
2007,100000,19.81,1086.0,68.05,5.0,hyundai,hyundai i10 era,petrol,individual,manual,second owner,135000
2004,70000,18.9,998.0,67.1,5.0,maruti,maruti wagon r lxi,petrol,individual,manual,second owner,70000
2004,77000,16.1,796.0,37.0,4.0,maruti,maruti 800 std bsii,petrol,individual,manual,third owner,45000
2018,35500,28.4,1248.0,74.02,5.0,maruti,maruti swift dzire vdi,diesel,individual,manual,first owner,650000
2018,17500,20.51,998.0,67.04,5.0,maruti,maruti wagon r vxi optional,petrol,individual,manual,first owner,400000
2017,27000,23.95,998.0,67.05,5.0,maruti,maruti alto k10 vxi,petrol,individual,manual,first owner,350000
2017,60000,24.0,1186.0,73.97,5.0,hyundai,hyundai grand i10 1.2 crdi asta,diesel,individual,manual,first owner,550000
2016,25000,20.51,998.0,67.04,5.0,maruti,maruti wagon r lxi optional,petrol,individual,manual,first owner,350000
2015,80000,26.59,1248.0,74.0,5.0,maruti,maruti swift dzire ldi optional,diesel,individual,manual,first owner,459999
2012,60000,19.7,796.0,46.3,5.0,maruti,maruti alto lxi,petrol,individual,manual,second owner,185000
2013,38000,22.07,1199.0,73.9,5.0,volkswagen,volkswagen polo diesel highline 1.2l,diesel,individual,manual,first owner,550000
2012,100000,26.2,998.0,58.2,5.0,maruti,maruti wagon r duo lxi,lpg,individual,manual,second owner,300000
2012,60000,,,,,maruti,maruti omni e 8 str std,petrol,individual,manual,third owner,175000
2011,110000,12.8,2494.0,102.0,8.0,toyota,toyota innova 2.5 g (diesel) 8 seater bs iv,diesel,individual,manual,first owner,900000
2016,92000,21.9,1498.0,98.6,7.0,honda,honda br-v i-dtec s mt,diesel,individual,manual,first owner,900000
2012,180000,15.96,2523.0,62.1,9.0,mahindra,mahindra bolero 2011-2019 plus ac,diesel,individual,manual,third owner,550000
2018,10000,21.4,1197.0,83.1,5.0,maruti,maruti baleno zeta 1.2,petrol,individual,manual,first owner,625000
2017,35000,24.7,796.0,47.3,5.0,maruti,maruti alto 800 vxi,petrol,individual,manual,second owner,310000
2017,35000,28.4,1248.0,74.0,5.0,maruti,maruti swift ddis ldi,diesel,individual,manual,first owner,500000
2016,23000,24.0,1120.0,70.0,5.0,hyundai,hyundai grand i10 crdi sportz,diesel,individual,manual,first owner,610000
2012,150000,19.09,1396.0,69.0,5.0,tata,tata indigo cs lx (tdi) bs iii,diesel,individual,manual,third owner,150000
2015,70000,24.4,1120.0,71.0,5.0,hyundai,hyundai xcent 1.1 crdi sx option,diesel,individual,manual,first owner,480000
2017,40000,18.6,1197.0,81.83,5.0,hyundai,hyundai i20 1.2 asta option,petrol,individual,manual,first owner,650000
2012,100000,21.9,1396.0,90.0,5.0,hyundai,hyundai i20 1.4 crdi magna,diesel,individual,manual,second owner,290000
2017,50000,24.7,796.0,47.3,5.0,maruti,maruti alto 800 lxi,petrol,individual,manual,second owner,300000
2010,120000,19.3,1248.0,73.9,5.0,maruti,maruti swift dzire vdi,diesel,individual,manual,fourth & above owner,270000
2015,60000,24.4,1120.0,71.0,5.0,hyundai,hyundai xcent 1.1 crdi s,diesel,individual,manual,second owner,400000
2015,28000,22.74,796.0,47.3,5.0,maruti,maruti alto 800 lx,petrol,individual,manual,second owner,280000
2009,60000,17.5,1298.0,85.8,5.0,maruti,maruti swift dzire vxi,petrol,individual,manual,third owner,250000
2012,80000,19.3,1248.0,73.9,5.0,maruti,maruti swift dzire vdi,diesel,individual,manual,second owner,495000
2018,12000,10.91,3198.0,197.0,7.0,ford,ford endeavour 3.2 titanium at 4x4,diesel,individual,automatic,first owner,3250000
2019,4500,19.5,1199.0,88.76,5.0,honda,honda amaze v petrol bsiv,petrol,individual,manual,first owner,700000
2013,70000,25.0,1396.0,69.0,5.0,tata,tata indigo ecs vx bsiv,diesel,individual,manual,first owner,310000
2017,120000,19.87,1461.0,83.8,5.0,renault,renault duster 85ps diesel rxe,diesel,individual,manual,first owner,650000
2015,80000,19.0,1199.0,88.7,5.0,honda,honda jazz 1.2 v at i vtec,petrol,individual,automatic,first owner,600000
2009,150000,11.57,2179.0,138.1,7.0,tata,tata new safari dicor 2.2 ex 4x2,diesel,individual,manual,fourth & above owner,150000
2009,120000,15.7,1390.0,75.0,5.0,mahindra,mahindra renault logan 1.4 glx petrol,petrol,individual,manual,first owner,135000
2014,50000,23.4,1248.0,74.0,5.0,maruti,maruti swift dzire vdi,diesel,individual,manual,first owner,650000
2012,83000,16.8,1497.0,116.3,5.0,honda,honda city v mt,petrol,individual,manual,first owner,550000
2017,20000,28.4,1248.0,74.02,5.0,maruti,maruti swift dzire vdi,diesel,individual,manual,first owner,650000
2018,49000,12.9,2755.0,174.5,7.0,toyota,toyota fortuner 2.8 2wd at bsiv,diesel,individual,automatic,first owner,2900000
2017,6750,18.5,1198.0,86.8,5.0,honda,honda brio 1.2 vx mt,petrol,individual,manual,first owner,450000
2015,26000,20.73,1373.0,91.1,5.0,maruti,maruti ciaz vxi plus,petrol,individual,manual,first owner,650000
2017,52000,17.0,1197.0,81.86,5.0,hyundai,hyundai grand i10 1.2 kappa era,petrol,individual,manual,first owner,430000
2017,51000,17.01,1582.0,126.2,5.0,hyundai,hyundai creta 1.6 crdi at s plus,diesel,individual,automatic,first owner,1143000
2019,20000,22.0,1197.0,81.8,5.0,maruti,maruti swift amt zxi plus bsiv,petrol,individual,automatic,first owner,700000
2011,18500,18.5,1197.0,85.8,5.0,maruti,maruti ritz vxi,petrol,individual,manual,first owner,229999
2017,142000,18.49,1493.0,100.0,7.0,mahindra,mahindra tuv 300 t4,diesel,individual,manual,first owner,509999
2016,50478,15.85,1499.0,110.4,5.0,ford,ford ecosport 1.5 ti vct mt trend bsiv,petrol,individual,manual,first owner,670000
2019,9200,23.84,1199.0,83.83,5.0,tata,tata tiago 1.2 revotron xza,petrol,individual,automatic,first owner,525000
2016,40000,19.87,1461.0,83.8,5.0,renault,renault duster 85ps diesel rxe,diesel,individual,manual,first owner,515000
2020,5000,21.01,1197.0,81.8,5.0,maruti,maruti baleno delta,petrol,individual,manual,first owner,630000
2019,2300,22.7,799.0,53.64,5.0,datsun,datsun redigo a,petrol,individual,manual,first owner,270000
2016,40000,22.74,796.0,47.3,5.0,maruti,maruti alto 800 lxi,petrol,individual,manual,first owner,300000
2012,119000,14.0,2489.0,95.0,8.0,mahindra,mahindra xylo d2 bsiv,diesel,individual,manual,first owner,250000
2005,100000,19.7,796.0,46.3,5.0,maruti,maruti alto lx,petrol,individual,manual,fourth & above owner,90000
2017,100000,24.52,1248.0,88.5,7.0,maruti,maruti ertiga shvs zdi plus,diesel,individual,manual,first owner,750000
2009,50000,18.9,1061.0,67.0,5.0,maruti,maruti wagon r lxi minor,petrol,individual,manual,second owner,135000
2013,80000,15.1,1196.0,73.0,5.0,maruti,maruti eeco smiles 5 seater ac,petrol,individual,manual,second owner,275000
2018,15000,17.0,1198.0,108.5,5.0,tata,tata nexon 1.2 revotron xm,petrol,individual,manual,first owner,740000
2018,4295,17.1,1496.0,105.5,5.0,toyota,toyota yaris v bsiv,petrol,trustmark dealer,manual,first owner,1000000
2018,5229,17.1,1496.0,105.5,5.0,toyota,toyota yaris v bsiv,petrol,trustmark dealer,manual,first owner,1000000
2019,4701,20.7,1197.0,81.86,5.0,hyundai,hyundai grand i10 nios sportz,petrol,trustmark dealer,manual,first owner,550000
2016,6757,21.01,1197.0,81.8,5.0,maruti,maruti baleno alpha,petrol,trustmark dealer,manual,first owner,600000
2016,28182,14.3,1598.0,103.52,5.0,skoda,skoda rapid 1.6 mpi at style plus,petrol,trustmark dealer,automatic,first owner,675000
2019,11533,14.23,1498.0,104.55,5.0,nissan,nissan kicks xv bsiv,petrol,trustmark dealer,manual,first owner,950000
2017,11688,17.8,1497.0,117.3,5.0,honda,honda city i vtec v,petrol,trustmark dealer,manual,first owner,850000
2012,57728,14.53,1794.0,138.1,5.0,toyota,toyota corolla altis 1.8 vl at,petrol,trustmark dealer,automatic,first owner,550000
2018,23712,28.09,1248.0,88.5,5.0,maruti,maruti ciaz 1.3 alpha,diesel,trustmark dealer,manual,first owner,925000
2015,70670,16.5,1499.0,110.0,5.0,ford,ford ecosport 1.5 ti vct at titanium,petrol,trustmark dealer,automatic,first owner,625000
2014,43381,22.74,796.0,47.3,5.0,maruti,maruti alto 800 lxi,petrol,dealer,manual,second owner,200000
2014,79011,18.0,1497.0,117.3,5.0,honda,honda city i vtec cvt vx,petrol,trustmark dealer,automatic,first owner,635000
2014,50000,21.79,1248.0,88.73,5.0,maruti,maruti sx4 vdi,diesel,individual,manual,second owner,425000
2011,40000,18.9,998.0,67.1,5.0,maruti,maruti wagon r vxi bs iv,petrol,individual,manual,first owner,220000
2018,10000,18.9,1197.0,81.86,5.0,hyundai,hyundai grand i10 1.2 kappa asta,petrol,individual,manual,first owner,590000
2017,35000,16.55,2498.0,105.0,6.0,mahindra,mahindra thar crde,diesel,individual,manual,first owner,775000
2015,58500,18.5,1197.0,85.8,5.0,maruti,maruti ritz vxi,petrol,individual,manual,first owner,350000
2018,20000,21.4,1197.0,83.1,5.0,maruti,maruti baleno delta 1.2,petrol,individual,manual,first owner,575000
2011,43500,18.06,1198.0,75.0,5.0,nissan,nissan micra xl,petrol,individual,manual,second owner,200000
2018,30000,17.6,2179.0,153.86,7.0,tata,tata hexa xt,diesel,individual,manual,first owner,1575000
2015,63000,22.77,1498.0,98.59,5.0,ford,ford ecosport 1.5 tdci titanium bsiv,diesel,individual,manual,first owner,600000
2016,35000,15.96,2523.0,62.1,7.0,mahindra,mahindra bolero 2011-2019 zlx bsiii,diesel,individual,manual,first owner,720000
2012,110000,19.09,1396.0,69.0,5.0,tata,tata indigo ecs ls tdi bsiii,diesel,individual,manual,second owner,158000
2018,25000,17.6,2179.0,153.86,7.0,tata,tata hexa xt,diesel,individual,manual,first owner,1575000
2017,30000,17.36,1197.0,81.86,5.0,hyundai,hyundai xcent 1.2 vtvt s at,petrol,individual,automatic,first owner,580000
2012,50000,15.96,2523.0,62.1,7.0,mahindra,mahindra bolero 2011-2019 slx,diesel,individual,manual,first owner,420000
2018,35000,17.3,1497.0,121.0,8.0,mahindra,mahindra marazzo m6 8str,diesel,individual,manual,first owner,1200000
2018,30000,23.01,999.0,67.0,5.0,renault,renault kwid 1.0 rxt optional,petrol,individual,manual,first owner,350000
2014,56000,17.4,1497.0,117.3,5.0,honda,honda city i vtec vx,petrol,individual,manual,first owner,650000
2017,12700,20.51,998.0,67.04,5.0,maruti,maruti wagon r vxi bs iv,petrol,individual,manual,first owner,400000
2018,35000,21.5,1497.0,108.5,5.0,tata,tata nexon 1.5 revotorq xm,diesel,individual,manual,first owner,700000
2017,30000,19.1,1197.0,82.0,5.0,hyundai,hyundai xcent 1.2 kappa sx,petrol,individual,manual,first owner,520000
2012,120000,12.05,2179.0,120.0,9.0,mahindra,mahindra scorpio lx bsiv,diesel,individual,manual,first owner,450000
2017,100000,14.1,2179.0,147.94,7.0,tata,tata safari storme ex,diesel,individual,manual,first owner,850000
2017,34000,25.17,799.0,53.3,5.0,renault,renault kwid rxt,petrol,individual,manual,first owner,350000
2011,56000,13.0,2489.0,95.0,8.0,mahindra,mahindra xylo d2,diesel,individual,manual,first owner,450000
2008,90000,19.81,1086.0,68.05,5.0,hyundai,hyundai i10 era,petrol,individual,manual,first owner,165000
2010,65000,17.92,1086.0,62.1,5.0,hyundai,hyundai santro xing gls,petrol,individual,manual,second owner,160000
2011,80000,13.93,2179.0,138.0,7.0,tata,tata new safari dicor 2.2 ex 4x4,diesel,individual,manual,first owner,300000
2012,90000,12.05,2179.0,120.0,8.0,mahindra,mahindra scorpio vlx 2wd bsiv,diesel,individual,manual,third owner,550000
2015,40000,23.95,998.0,67.05,5.0,maruti,maruti alto k10 vxi,petrol,individual,manual,first owner,285000
2018,25000,19.34,1462.0,103.0,7.0,maruti,maruti ertiga zxi plus petrol,petrol,individual,manual,first owner,900000
2005,49455,19.7,796.0,46.3,5.0,maruti,maruti alto lxi bsiii,petrol,individual,manual,first owner,180000
2016,100000,21.1,814.0,55.2,5.0,hyundai,hyundai eon d lite plus option,petrol,individual,manual,first owner,220000
2013,120000,22.3,1248.0,74.0,5.0,tata,tata indica vista quadrajet ls,diesel,individual,manual,first owner,120000
2010,90000,17.0,1197.0,80.0,5.0,hyundai,hyundai i20 asta optional with sunroof 1.2,petrol,individual,manual,fourth & above owner,220000
2013,46815,22.1,1248.0,76.9,5.0,chevrolet,chevrolet sail hatchback ls abs,diesel,individual,manual,second owner,420000
2013,110000,19.4,1405.0,70.0,5.0,tata,tata indica vista tdi ls,diesel,individual,manual,first owner,160000
2015,80000,21.1,814.0,55.2,5.0,hyundai,hyundai eon era plus,petrol,individual,manual,first owner,250000
2013,100000,20.77,1248.0,88.8,7.0,maruti,maruti ertiga zdi,diesel,individual,manual,third owner,385000
2014,80000,20.51,998.0,67.06,5.0,maruti,maruti wagon r vxi bs iv with abs,petrol,individual,manual,first owner,318000
2018,40000,20.14,1197.0,81.86,5.0,hyundai,hyundai xcent 1.2 vtvt s,petrol,individual,manual,first owner,480000
2015,70000,23.1,998.0,67.04,5.0,maruti,maruti celerio vxi,petrol,individual,manual,third owner,330000
2011,80000,17.0,1405.0,71.0,5.0,tata,tata indica vista aqua 1.4 tdi,diesel,individual,manual,first owner,152000
2014,40000,22.74,796.0,47.3,5.0,maruti,maruti alto 800 lxi,petrol,individual,manual,first owner,250000
2011,80000,17.0,1405.0,71.0,5.0,tata,tata indica vista aqua 1.4 tdi,diesel,individual,manual,first owner,248000
2011,60000,18.06,1198.0,75.0,5.0,nissan,nissan micra xv,petrol,individual,manual,second owner,300000
2017,50000,18.6,1197.0,81.83,5.0,hyundai,hyundai i20 1.2 spotz,petrol,individual,manual,first owner,550000
2016,30000,22.54,1396.0,88.73,5.0,hyundai,hyundai i20 sportz 1.4 crdi,diesel,individual,manual,first owner,650000
2017,25000,18.9,1197.0,82.0,5.0,hyundai,hyundai grand i10 magna,petrol,individual,manual,first owner,445000
2010,334000,12.8,2494.0,102.0,7.0,toyota,toyota innova 2.5 v diesel 7-seater,diesel,individual,manual,first owner,450000
2016,100000,17.45,1493.0,100.0,7.0,mahindra,mahindra nuvosport n8,diesel,individual,manual,first owner,600000
2014,175000,19.01,1461.0,108.45,5.0,renault,renault duster adventure edition,diesel,individual,manual,first owner,495000
2011,65000,12.6,1586.0,103.3,5.0,maruti,maruti sx4 zxi at,petrol,individual,automatic,third owner,220000
2011,65000,12.6,1586.0,103.3,5.0,maruti,maruti sx4 zxi at,petrol,individual,automatic,third owner,260000
2009,90000,17.92,1086.0,62.1,5.0,hyundai,hyundai santro xing gls,petrol,individual,manual,first owner,150000
2011,80000,20.0,1399.0,68.0,5.0,ford,ford figo diesel titanium,diesel,individual,manual,second owner,200000
2018,110000,16.36,2179.0,140.0,7.0,mahindra,mahindra scorpio s11 bsiv,diesel,individual,manual,first owner,1465000
2012,80000,,,,,toyota,toyota etios liva gd,diesel,individual,manual,second owner,285000
2008,60000,20.0,1339.0,108.5,5.0,honda,honda civic hybrid,petrol,individual,automatic,third owner,250000
2014,160000,14.95,2489.0,93.7,7.0,mahindra,mahindra xylo d4,diesel,individual,manual,first owner,310000
2010,100875,11.79,2179.0,120.0,8.0,mahindra,mahindra scorpio vlx 4wd airbag at bsiv,diesel,individual,automatic,first owner,600000
2018,20000,21.4,1197.0,83.1,5.0,maruti,maruti baleno delta 1.2,petrol,individual,manual,first owner,560000
2016,30000,20.85,1197.0,83.14,5.0,maruti,maruti swift dzire vxi,petrol,individual,manual,first owner,500000
2013,118000,24.0,1120.0,70.0,5.0,hyundai,hyundai grand i10 crdi asta option,diesel,individual,manual,first owner,270000
2013,69000,22.32,1582.0,126.32,5.0,hyundai,hyundai verna 1.6 sx,diesel,individual,manual,third owner,420000
2015,25000,20.85,1197.0,83.14,5.0,maruti,maruti swift dzire lxi,petrol,individual,manual,second owner,434999
2015,100000,16.9,1197.0,81.86,5.0,hyundai,hyundai xcent 1.2 kappa at s option,petrol,individual,automatic,first owner,400000
2015,110000,26.59,1248.0,74.0,5.0,maruti,maruti swift dzire vdi,diesel,individual,manual,first owner,470000
2015,60000,20.45,1461.0,83.8,5.0,nissan,nissan terrano xl 85 ps,diesel,individual,manual,third owner,480000
2008,128000,,1086.0,62.0,5.0,hyundai,hyundai santro xing gl,petrol,individual,manual,first owner,105000
2017,120000,27.28,1047.0,69.0,5.0,tata,tata tiago 1.05 revotorq xe,diesel,individual,manual,first owner,325000
2012,80000,,,,,toyota,toyota etios liva gd,diesel,individual,manual,second owner,280000
2020,5000,20.7,1197.0,81.86,5.0,hyundai,hyundai grand i10 nios amt sportz,petrol,individual,automatic,first owner,675000
2009,90000,20.36,1197.0,78.9,5.0,hyundai,hyundai i10 sportz option,petrol,individual,manual,second owner,170000
2017,90000,19.67,1582.0,126.2,5.0,hyundai,hyundai creta 1.6 crdi sx option,diesel,individual,manual,first owner,1250000
2012,144030,12.8,2354.0,177.6,5.0,honda,honda accord 2.4 m/t,petrol,individual,manual,first owner,600000
2014,200000,25.1,1498.0,98.6,5.0,honda,honda city i dtec vx,diesel,individual,manual,first owner,819999
2016,29000,18.6,1197.0,81.83,5.0,hyundai,hyundai i20 2015-2017 asta option 1.2,petrol,individual,manual,first owner,650000
2007,90000,17.3,1061.0,57.5,5.0,maruti,maruti wagon r lxi duo bsiii,lpg,individual,manual,second owner,105000
2009,176000,17.0,1461.0,66.0,5.0,mahindra,mahindra renault logan 1.5 diesel dlsx,diesel,individual,manual,second owner,200000
2013,150000,19.09,1396.0,69.0,5.0,tata,tata indigo cs lx (tdi) bs iii,diesel,individual,manual,first owner,200000
2016,90000,16.8,796.0,34.2,8.0,maruti,maruti omni e mpi std bs iv,petrol,individual,manual,first owner,220000
2014,70000,15.04,1598.0,103.2,5.0,volkswagen,volkswagen vento 1.6 highline,petrol,individual,manual,second owner,500000
2007,99000,19.2,1461.0,65.0,5.0,mahindra,mahindra renault logan 1.5 dlx diesel,diesel,individual,manual,second owner,175000
2018,5000,23.84,1199.0,84.0,5.0,tata,tata tiago 1.2 revotron xz,petrol,individual,manual,first owner,450000
2008,90000,16.52,1991.0,123.7,5.0,chevrolet,chevrolet optra magnum 2.0 lt,diesel,individual,manual,fourth & above owner,210000
2011,89000,21.1,1248.0,73.9,5.0,maruti,maruti ritz vdi,diesel,individual,manual,second owner,270000
2006,88000,16.8,1405.0,62.0,5.0,tata,tata indica v2 dls tc,diesel,individual,manual,second owner,110000
2015,30000,26.59,1248.0,74.0,5.0,maruti,maruti swift dzire vdi,diesel,individual,manual,first owner,480000
2016,50000,26.59,1248.0,74.0,5.0,maruti,maruti swift dzire amt zdi,diesel,individual,automatic,second owner,650000
2013,80000,23.4,1248.0,74.0,5.0,maruti,maruti swift dzire vdi,diesel,individual,manual,first owner,480000
2016,40000,22.54,1396.0,88.73,5.0,hyundai,hyundai i20 asta option 1.4 crdi,diesel,individual,manual,first owner,700000
2015,110000,20.77,1248.0,88.76,7.0,maruti,maruti ertiga vdi,diesel,individual,manual,third owner,650000
2015,48000,19.67,1582.0,126.2,5.0,hyundai,hyundai creta 1.6 crdi sx plus dual tone,diesel,individual,manual,second owner,1300000
2016,97000,16.96,1968.0,138.03,5.0,volkswagen,volkswagen jetta 2.0l tdi highline at,diesel,individual,automatic,first owner,1350000
2016,60000,22.15,1498.0,108.6,5.0,volkswagen,volkswagen vento 1.5 tdi highline at,diesel,individual,automatic,first owner,1000000
2011,110000,,2987.0,165.0,5.0,mercedes-benz,mercedes-benz m-class ml 350 4matic,diesel,individual,automatic,third owner,1700000
2018,12800,17.8,1496.0,105.5,5.0,toyota,toyota yaris v cvt bsiv,petrol,individual,automatic,first owner,1080000
2012,40000,21.1,814.0,55.2,5.0,hyundai,hyundai eon d lite,petrol,individual,manual,first owner,170000
2017,49000,28.4,1248.0,74.0,5.0,maruti,maruti swift ddis vdi,diesel,individual,manual,first owner,610000
2014,25000,18.5,1197.0,85.8,5.0,maruti,maruti ritz vxi,petrol,individual,manual,first owner,350000
2016,65000,22.74,796.0,47.3,5.0,maruti,maruti alto 800 lxi,petrol,individual,manual,second owner,260000
2015,20000,20.4,1248.0,91.7,5.0,fiat,fiat linea 1.3 multijet emotion,diesel,individual,manual,first owner,700000
2018,17000,18.78,999.0,75.0,5.0,volkswagen,volkswagen polo 2015-2019 1.0 mpi highline plus,petrol,individual,manual,first owner,678000
2015,15000,23.65,1248.0,88.5,5.0,maruti,maruti sx4 s cross 2015-2017 ddis 200 zeta,diesel,individual,manual,first owner,800000
2014,120000,23.59,1364.0,67.04,5.0,toyota,toyota etios gd,diesel,individual,manual,second owner,400000
2010,49000,18.5,1197.0,80.0,5.0,hyundai,hyundai i20 magna,petrol,individual,manual,first owner,300000
2016,29000,18.6,1197.0,81.83,5.0,hyundai,hyundai i20 2015-2017 magna 1.2,petrol,individual,manual,first owner,520000
2017,55000,19.61,1461.0,108.5,5.0,nissan,nissan terrano xv d premium amt,diesel,individual,automatic,first owner,850000
2019,5000,17.3,1497.0,121.0,7.0,mahindra,mahindra marazzo m8,diesel,individual,manual,first owner,1460000
2017,35000,21.5,1497.0,108.5,5.0,tata,tata nexon 1.5 revotorq xz plus,diesel,individual,manual,first owner,830000
2018,5000,20.63,1198.0,67.0,5.0,datsun,datsun go t option bsiv,petrol,individual,manual,second owner,430000
2017,60000,22.77,1498.0,98.59,5.0,ford,ford ecosport 1.5 tdci platinum edition bsiv,diesel,individual,manual,first owner,850000
2017,70000,20.85,1197.0,83.14,5.0,maruti,maruti swift dzire zxi,petrol,individual,manual,first owner,650000
2008,120000,16.8,1493.0,110.0,5.0,hyundai,hyundai verna crdi,diesel,individual,manual,second owner,120000
2016,65100,18.49,1493.0,100.0,7.0,mahindra,mahindra tuv 300 t8,diesel,individual,manual,second owner,730000
2019,20000,20.89,1197.0,81.8,5.0,maruti,maruti ignis 1.2 amt delta bsiv,petrol,individual,automatic,first owner,525000
2015,108000,21.19,1396.0,88.73,5.0,hyundai,hyundai i20 active 1.4 sx,diesel,individual,manual,first owner,600000
2019,15000,21.21,1197.0,81.8,5.0,maruti,maruti swift lxi,petrol,individual,manual,first owner,500000
2009,77000,17.92,1086.0,62.1,5.0,hyundai,hyundai santro xing gls,petrol,individual,manual,first owner,150000
2015,18500,20.51,998.0,67.04,5.0,maruti,maruti wagon r vxi bs iv,petrol,individual,manual,first owner,409999
2016,120000,18.49,1493.0,100.0,7.0,mahindra,mahindra tuv 300 t8,diesel,individual,manual,first owner,625000
2015,15200,25.17,799.0,53.3,5.0,renault,renault kwid rxt,petrol,individual,manual,first owner,290000
2015,35000,17.3,1497.0,117.3,7.0,honda,honda mobilio v i vtec,petrol,individual,manual,first owner,500000
2011,80000,22.32,1582.0,126.32,5.0,hyundai,hyundai verna 1.6 sx,diesel,individual,manual,first owner,475000
2013,70000,21.1,814.0,55.2,5.0,hyundai,hyundai eon era plus,petrol,individual,manual,first owner,190000
2014,80000,15.1,2179.0,140.0,7.0,mahindra,mahindra xuv500 w6 2wd,diesel,individual,manual,second owner,750000
2014,120000,19.01,1461.0,108.5,5.0,nissan,nissan terrano xv 110 ps,diesel,individual,manual,second owner,525000
2012,82000,17.3,1998.0,163.7,5.0,chevrolet,chevrolet cruze ltz,diesel,individual,manual,third owner,495000
2010,60000,16.8,1497.0,118.0,5.0,honda,honda city 1.5 v at,petrol,individual,automatic,second owner,321000
2017,50000,17.71,1197.0,78.9,5.0,toyota,toyota etios liva 1.2 v dual tone,petrol,individual,manual,first owner,585000
2011,70000,20.0,1399.0,68.0,5.0,ford,ford figo diesel exi,diesel,individual,manual,first owner,225000
2017,70000,25.8,1498.0,98.6,5.0,honda,honda amaze e i-dtec,diesel,individual,manual,first owner,500000
2011,90000,23.0,1396.0,90.0,5.0,hyundai,hyundai i20 1.4 crdi asta,diesel,individual,manual,third owner,350000
2016,70000,24.52,1248.0,88.5,7.0,maruti,maruti ertiga shvs ldi option,diesel,individual,manual,second owner,756000
2014,50000,22.74,796.0,47.3,5.0,maruti,maruti alto 800 vxi,petrol,individual,manual,first owner,240000
2012,120000,19.7,796.0,35.0,8.0,maruti,maruti omni 8 seater bsii,petrol,individual,manual,second owner,80000
2019,5000,17.19,1197.0,81.86,5.0,hyundai,hyundai i20 active s petrol,petrol,individual,manual,first owner,800000
2018,25000,17.6,2179.0,147.94,7.0,tata,tata hexa xe,diesel,individual,manual,first owner,1250000
2009,80000,12.05,2179.0,120.0,7.0,mahindra,mahindra scorpio vls 2.2 mhawk,diesel,individual,manual,third owner,320000
2017,25000,18.9,1197.0,82.0,5.0,hyundai,hyundai grand i10 sportz,petrol,individual,manual,first owner,509999
2019,15000,22.95,1248.0,74.0,5.0,tata,tata zest quadrajet 1.3 75ps xe,diesel,individual,manual,first owner,650000
2011,35000,20.92,998.0,67.1,5.0,maruti,maruti alto k10 2010-2014 vxi,petrol,individual,manual,second owner,210000
2008,80000,19.7,796.0,46.3,5.0,maruti,maruti alto lxi,petrol,individual,manual,second owner,110000
2017,25000,21.5,1497.0,108.5,5.0,tata,tata nexon 1.5 revotorq xe,diesel,individual,manual,first owner,665000
2017,52000,21.66,1498.0,108.62,5.0,volkswagen,volkswagen ameo 1.5 tdi comfortline,diesel,individual,manual,first owner,555000
2017,52000,21.66,1498.0,108.62,5.0,volkswagen,volkswagen ameo 1.5 tdi comfortline,diesel,individual,manual,first owner,560000
2016,80000,25.32,1198.0,77.0,6.0,mahindra,mahindra kuv 100 mfalcon d75 k6 plus,diesel,individual,manual,first owner,375000
2011,77000,,,,,maruti,maruti swift vdi bsiv w abs,diesel,individual,manual,second owner,290000
2017,50000,15.04,2755.0,174.5,7.0,toyota,toyota fortuner 2.8 4wd at bsiv,diesel,individual,automatic,first owner,2950000
2017,127000,28.4,1248.0,74.02,5.0,maruti,maruti swift dzire vdi,diesel,individual,manual,first owner,605000
2017,30000,17.5,1199.0,88.7,5.0,honda,honda wr-v i-vtec vx,petrol,individual,manual,first owner,720000
2017,70000,24.52,1248.0,88.5,7.0,maruti,maruti ertiga shvs zdi plus,diesel,individual,manual,first owner,800000
2017,54000,16.0,2179.0,140.0,7.0,mahindra,mahindra xuv500 w10 2wd,diesel,individual,manual,first owner,1325000
2011,120000,10.5,2835.0,116.9,6.0,mitsubishi,mitsubishi pajero 2.8 sfx bsiii single tone,diesel,individual,manual,second owner,625000
2011,116500,23.0,1396.0,90.0,5.0,hyundai,hyundai i20 1.4 crdi sportz,diesel,individual,manual,first owner,350000
2012,145000,12.99,2494.0,100.0,8.0,toyota,toyota innova 2.5 g (diesel) 8 seater,diesel,individual,manual,second owner,600000
2012,120000,18.5,1197.0,82.85,5.0,hyundai,hyundai i20 sportz 1.2,petrol,individual,manual,first owner,300000
2011,120000,13.93,2179.0,138.1,7.0,tata,tata new safari dicor 2.2 vx 4x2 bs iv,diesel,individual,manual,first owner,240000
2016,80000,25.83,1498.0,99.0,5.0,ford,ford figo 1.5d trend mt,diesel,individual,manual,first owner,377000
2013,140000,16.02,1373.0,93.7,7.0,maruti,maruti ertiga vxi,petrol,individual,manual,first owner,450000
2008,100000,13.9,1599.0,103.2,5.0,hyundai,hyundai verna xi (petrol),petrol,individual,manual,fourth & above owner,160000
2019,100000,20.14,1197.0,81.86,5.0,hyundai,hyundai xcent 1.2 vtvt e,petrol,individual,manual,first owner,525000
2011,168000,12.8,2494.0,102.0,8.0,toyota,toyota innova 2.5 g (diesel) 7 seater bs iv,diesel,individual,manual,second owner,550000
2010,120000,18.3,1991.0,147.9,5.0,chevrolet,chevrolet cruze ltz,diesel,individual,manual,third owner,270000
2016,145000,23.59,1364.0,67.05,5.0,toyota,toyota etios gd,diesel,individual,manual,second owner,570000
2011,90000,20.0,1399.0,68.0,5.0,ford,ford figo diesel titanium,diesel,individual,manual,second owner,225000
2019,90000,20.14,1197.0,81.86,5.0,hyundai,hyundai xcent 1.2 vtvt s,petrol,individual,manual,first owner,590000
2018,80000,17.1,1956.0,170.0,5.0,jeep,jeep compass 2.0 longitude option bsiv,diesel,individual,manual,first owner,1675000
2019,33000,19.4,1194.0,94.93,5.0,ford,ford aspire titanium bsiv,petrol,dealer,manual,first owner,800000
2014,13500,18.2,1199.0,82.4,5.0,chevrolet,chevrolet sail 1.2 ls abs,petrol,individual,manual,first owner,450000
2012,80000,17.0,1405.0,70.0,5.0,tata,tata indigo lx,diesel,individual,manual,first owner,300000
2017,20000,18.6,1197.0,81.83,5.0,hyundai,hyundai i20 1.2 spotz,petrol,individual,manual,first owner,645000
2013,58000,23.4,1248.0,74.0,5.0,maruti,maruti swift dzire vdi,diesel,individual,manual,first owner,520000
2013,40000,21.1,814.0,55.2,5.0,hyundai,hyundai eon magna plus,petrol,individual,manual,first owner,200000
2015,30000,17.4,1497.0,117.3,5.0,honda,honda city i vtec v,petrol,individual,manual,first owner,700000
2000,50000,16.1,796.0,37.0,4.0,maruti,maruti 800 ac,petrol,individual,manual,second owner,45000
2016,73000,25.83,1498.0,99.0,5.0,ford,ford figo aspire 1.5 tdci ambiente,diesel,individual,manual,first owner,459999
2014,90000,23.2,1248.0,73.94,5.0,maruti,maruti ritz vdi,diesel,individual,manual,second owner,325000
2015,50000,20.51,998.0,67.04,5.0,maruti,maruti wagon r vxi bs iv,petrol,individual,manual,second owner,350000
2011,80000,22.32,1582.0,126.3,5.0,hyundai,hyundai verna 1.6 crdi,diesel,individual,manual,third owner,440000
2011,70000,21.9,1396.0,90.0,5.0,hyundai,hyundai i20 1.4 crdi magna,diesel,individual,manual,second owner,320000
2011,41000,18.0,995.0,62.0,5.0,chevrolet,chevrolet spark 1.0 ls,petrol,individual,manual,first owner,169000
2013,50000,16.47,1198.0,73.9,5.0,volkswagen,volkswagen polo petrol comfortline 1.2l,petrol,individual,manual,fourth & above owner,350000
2014,113226,19.68,1399.0,67.0,5.0,ford,ford classic 1.4 duratorq titanium,diesel,dealer,manual,first owner,350000
2013,90000,20.0,1399.0,68.1,5.0,ford,ford figo diesel celebration edition,diesel,individual,manual,second owner,310000
2007,70000,,,,,maruti,maruti swift 1.3 vxi,petrol,individual,manual,third owner,150000
2010,160500,13.5,2179.0,115.0,5.0,mahindra,mahindra scorpio m2di,diesel,individual,manual,fourth & above owner,420000
2015,30000,19.12,1373.0,91.1,5.0,maruti,maruti ciaz at zxi,petrol,individual,automatic,first owner,685000
2014,132000,19.72,1461.0,108.45,5.0,renault,renault duster 4x4,diesel,individual,manual,second owner,560000
2013,120000,22.9,1248.0,74.0,5.0,maruti,maruti swift vdi,diesel,individual,manual,third owner,470000
2011,80000,16.2,1599.0,103.2,5.0,hyundai,hyundai verna transform vtvt,petrol,individual,manual,second owner,380000
2015,57000,15.4,1997.0,120.0,7.0,mahindra,mahindra scorpio 1.99 s6 plus,diesel,individual,manual,second owner,670000
2018,5000,22.0,1197.0,81.8,5.0,maruti,maruti swift dzire lxi 1.2 bs iv,petrol,individual,manual,first owner,550000
2016,25000,17.01,1591.0,121.3,5.0,hyundai,hyundai verna 1.6 vtvt sx,petrol,individual,manual,first owner,749000
2015,80000,19.67,1582.0,126.2,5.0,hyundai,hyundai creta 1.6 crdi sx option,diesel,individual,manual,second owner,899000
2011,88000,16.52,1991.0,123.7,5.0,chevrolet,chevrolet optra magnum 2.0 ls bsiii,diesel,individual,manual,third owner,290000
2014,217000,12.99,2494.0,100.6,7.0,toyota,toyota innova 2.5 vx (diesel) 7 seater,diesel,individual,manual,second owner,869999
2015,60000,20.62,1198.0,67.0,7.0,datsun,datsun go plus a,petrol,individual,manual,first owner,350000
2017,43000,20.85,1197.0,83.14,5.0,maruti,maruti swift dzire vxi,petrol,individual,manual,first owner,500000
2014,77000,21.66,1498.0,103.6,5.0,skoda,skoda rapid 1.5 tdi at ambition plus,diesel,individual,automatic,second owner,400000
2016,30000,25.17,799.0,53.3,5.0,renault,renault kwid rxt,petrol,individual,manual,first owner,260000
2015,40000,22.74,796.0,47.3,5.0,maruti,maruti alto 800 lxi,petrol,individual,manual,second owner,220000
2014,139000,18.2,1248.0,73.8,8.0,chevrolet,chevrolet enjoy tcdi ls 8 seater,diesel,individual,manual,second owner,190000
2016,80000,18.9,1197.0,82.0,5.0,hyundai,hyundai grand i10 magna,petrol,individual,manual,first owner,400000
2014,76000,25.44,936.0,56.3,5.0,chevrolet,chevrolet beat diesel lt option,diesel,individual,manual,second owner,170000
2019,3500,18.6,1197.0,81.86,5.0,hyundai,hyundai elite i20 magna plus bsiv,petrol,individual,manual,first owner,650000
2007,62000,16.1,796.0,37.0,4.0,maruti,maruti 800 ac bsiii,petrol,individual,manual,second owner,60000
2007,110000,12.0,2092.0,127.0,7.0,tata,tata new safari 4x2,petrol,individual,manual,second owner,300000
2012,40000,16.2,995.0,62.1,5.0,chevrolet,chevrolet spark 1.0 lt,petrol,individual,manual,second owner,125000
2013,120000,,,,,tata,tata indica vista aqua 1.3 quadrajet (abs),diesel,individual,manual,second owner,130000
2012,1500000,15.1,2179.0,140.0,7.0,mahindra,mahindra xuv500 w6 2wd,diesel,individual,manual,first owner,500000
2011,70000,19.7,796.0,46.3,5.0,maruti,maruti alto lx,petrol,individual,manual,third owner,170000
2012,77000,19.3,1248.0,73.9,5.0,maruti,maruti swift dzire ldi,diesel,individual,manual,second owner,310000
2011,110000,18.0,995.0,62.0,5.0,chevrolet,chevrolet spark 1.0 lt,petrol,individual,manual,second owner,130000
2016,20000,20.51,998.0,67.04,5.0,maruti,maruti wagon r vxi optional,petrol,individual,manual,first owner,465000
1995,90000,,,,,mahindra,mahindra jeep mm 540,diesel,individual,manual,third owner,160000
2005,120005,11.0,2987.0,198.5,5.0,mercedes-benz,mercedes-benz e-class e270 cdi,diesel,individual,automatic,second owner,800000
2012,16830,20.2,998.0,67.1,5.0,maruti,maruti alto k10 knightracer,petrol,individual,manual,first owner,260000
2013,70000,15.96,2523.0,63.0,9.0,mahindra,mahindra bolero 2011-2019 di non ac bs iii silver,diesel,individual,manual,first owner,500000
2017,38000,23.01,999.0,67.0,5.0,renault,renault kwid 1.0 rxt 02 anniversary edition,petrol,individual,manual,first owner,325000
2013,80000,15.96,2523.0,63.0,9.0,mahindra,mahindra bolero 2011-2019 di non ac bs iii white,diesel,individual,manual,first owner,400000
2018,50000,14.24,2755.0,174.5,7.0,toyota,toyota fortuner 2.8 4wd mt bsiv,diesel,individual,manual,first owner,3200000
2007,50000,17.88,1396.0,52.8,5.0,tata,tata indica v2 dle bsiii,diesel,individual,manual,first owner,200000
2013,52000,17.21,1493.0,100.0,7.0,mahindra,mahindra quanto c2,diesel,individual,manual,first owner,450000
2012,50000,17.0,1405.0,70.0,5.0,tata,tata indigo v bsiii,diesel,individual,manual,first owner,229999
2016,30000,21.1,814.0,55.2,5.0,hyundai,hyundai eon magna plus,petrol,individual,manual,first owner,340000
2014,103000,15.96,2523.0,62.1,7.0,mahindra,mahindra bolero 2011-2019 sle bsiii,diesel,individual,manual,first owner,550000
2011,93468,11.4,2953.0,153.86,7.0,ford,ford endeavour 3.0l 4x4 at,diesel,individual,automatic,second owner,975000
2010,80000,14.0,1595.0,102.0,5.0,volkswagen,volkswagen jetta 1.6 trendline,petrol,individual,manual,second owner,225000
2013,70000,25.0,1396.0,69.0,5.0,tata,tata indigo ecs vx bsiv,diesel,individual,manual,first owner,280000
2012,35000,23.03,1396.0,69.0,5.0,tata,tata indigo cs elx bs iv,diesel,individual,manual,first owner,259000
2018,60000,15.04,2755.0,174.5,7.0,toyota,toyota fortuner 2.8 4wd at bsiv,diesel,individual,automatic,first owner,3200000
2018,30000,16.0,1997.0,140.0,7.0,mahindra,mahindra xuv500 w10 1.99 mhawk,diesel,individual,manual,first owner,1400000
2015,40000,17.01,1499.0,110.4,5.0,ford,ford figo 1.5p titanium at,petrol,individual,automatic,first owner,416000
2011,70000,19.0,1248.0,90.0,5.0,tata,tata manza elan quadrajet bs iii,diesel,individual,manual,first owner,250000
2010,120000,21.12,1248.0,88.8,5.0,tata,tata manza aura (abs) quadrajet bs iv,diesel,individual,manual,first owner,210000
2008,120000,12.05,2179.0,120.0,8.0,mahindra,mahindra scorpio vlx 2wd bsiii,diesel,individual,manual,second owner,290000
2012,90000,23.03,1396.0,69.0,5.0,tata,tata indigo cs els bs iv,diesel,individual,manual,first owner,220000
2012,35000,23.03,1396.0,69.0,5.0,tata,tata indigo ecs lx bsiv,diesel,individual,manual,second owner,246000
2018,30000,16.8,796.0,34.2,8.0,maruti,maruti omni e mpi std bs iv,petrol,individual,manual,first owner,260000
2018,70000,21.38,1396.0,88.7,5.0,hyundai,hyundai creta 1.4 crdi s,diesel,individual,manual,first owner,1050000
2016,20000,20.4,1197.0,81.8,5.0,maruti,maruti swift vxi optional,petrol,individual,manual,first owner,550000
2017,70000,19.09,1405.0,69.01,5.0,tata,tata indigo cs lx (tdi) bs-iii,diesel,individual,manual,first owner,450000
2016,65000,17.8,1497.0,117.3,5.0,honda,honda city i vtec vx,petrol,individual,manual,first owner,773000
2017,25000,23.84,1199.0,84.0,5.0,tata,tata tiago 1.2 revotron xz,petrol,individual,manual,first owner,450000
2019,10000,15.37,1196.0,73.0,5.0,maruti,maruti eeco 5 seater ac bsiv,petrol,individual,manual,first owner,409999
2003,35000,16.1,796.0,37.0,4.0,maruti,maruti 800 std mpfi,petrol,individual,manual,fourth & above owner,45000
2014,80000,11.07,2496.0,179.5,5.0,nissan,nissan teana xl,petrol,individual,automatic,second owner,600000
2010,63000,18.6,1199.0,79.4,5.0,chevrolet,chevrolet beat lt,petrol,individual,manual,first owner,250000
2008,100000,16.8,1405.0,62.0,5.0,tata,tata indica v2 dls tc,diesel,individual,manual,first owner,70000
2018,16589,20.51,998.0,67.04,5.0,maruti,maruti wagon r vxi bs iv,petrol,trustmark dealer,manual,first owner,430000
2016,53201,17.8,1497.0,117.3,5.0,honda,honda city i vtec v,petrol,trustmark dealer,manual,second owner,675000
2017,25272,21.01,1197.0,81.8,5.0,maruti,maruti baleno delta,petrol,trustmark dealer,manual,first owner,570000
2017,53619,24.3,1248.0,88.5,5.0,maruti,maruti vitara brezza zdi plus,diesel,trustmark dealer,manual,first owner,850000
2018,6001,15.9,1496.0,120.69,5.0,ford,ford ecosport 1.5 petrol ambiente,petrol,dealer,manual,first owner,640000
2013,80000,19.09,1405.0,69.01,5.0,tata,tata indigo cs ls (tdi) bs-iii,diesel,individual,manual,first owner,250000
2018,12000,19.6,1461.0,108.45,5.0,renault,renault duster 110ps diesel rxz,diesel,individual,manual,first owner,1250000
2017,25000,17.0,1497.0,121.31,5.0,ford,ford ecosport 1.5 petrol titanium bsiv,petrol,individual,manual,first owner,889000
2017,40000,22.54,1396.0,88.73,5.0,hyundai,hyundai i20 2015-2017 asta option 1.4 crdi,diesel,individual,manual,second owner,750000
2010,130000,17.8,1248.0,75.0,5.0,maruti,maruti swift ldi bsiv,diesel,individual,manual,third owner,320000
2011,202000,17.67,1968.0,138.08,5.0,skoda,skoda yeti ambition 4wd,diesel,individual,manual,first owner,600000
2018,40000,28.09,1248.0,88.5,5.0,maruti,maruti ciaz s 1.3,diesel,individual,manual,first owner,1000000
2000,70000,17.3,993.0,60.0,5.0,maruti,maruti zen lx,petrol,individual,manual,fourth & above owner,110000
2008,120000,17.7,1497.0,78.0,5.0,honda,honda city 2017-2020 gxi,petrol,individual,manual,second owner,250000
2015,60000,26.59,1248.0,74.0,5.0,maruti,maruti swift dzire vdi,diesel,individual,manual,first owner,600000
2009,60000,19.0,998.0,67.1,5.0,maruti,maruti zen estilo lxi bs iv,petrol,individual,manual,first owner,165000
2004,60000,19.7,796.0,46.3,5.0,maruti,maruti alto lxi,petrol,individual,manual,second owner,118000
2016,78000,27.39,1248.0,74.0,5.0,maruti,maruti baleno delta 1.3,diesel,individual,manual,first owner,700000
2013,80000,20.46,1461.0,83.8,5.0,renault,renault duster 85ps diesel rxl optional,diesel,individual,manual,second owner,585000
2006,120000,19.7,796.0,46.3,5.0,maruti,maruti alto lxi,petrol,individual,manual,fourth & above owner,120000
2003,90000,16.1,796.0,37.0,4.0,maruti,maruti 800 std mpfi,petrol,individual,manual,fourth & above owner,65000
2006,100000,19.7,796.0,46.3,5.0,maruti,maruti alto lx,petrol,individual,manual,second owner,150000
2009,70000,19.7,796.0,46.3,5.0,maruti,maruti alto std,petrol,individual,manual,fourth & above owner,150000
2004,160000,13.1,1493.0,82.0,5.0,hyundai,hyundai accent viva crdi,diesel,individual,manual,third owner,170000
2006,120000,10.5,2179.0,120.0,8.0,mahindra,mahindra scorpio 2.6 crde,diesel,individual,manual,third owner,250000
2005,100000,13.1,1493.0,82.0,5.0,hyundai,hyundai accent crdi,diesel,individual,manual,third owner,100000
2013,60000,20.77,1248.0,88.76,7.0,maruti,maruti ertiga vdi,diesel,individual,manual,second owner,599000
2010,135000,18.3,1991.0,147.9,5.0,chevrolet,chevrolet cruze ltz,diesel,individual,manual,third owner,250000
2016,90000,20.4,1197.0,81.8,5.0,maruti,maruti swift vxi optional,petrol,individual,manual,first owner,570000
2013,75000,22.07,1199.0,73.9,5.0,volkswagen,volkswagen polo diesel highline 1.2l,diesel,individual,manual,second owner,440000
2005,185000,11.4,2494.0,100.6,7.0,toyota,toyota innova 2.5 e diesel ms 7-seater,diesel,individual,manual,second owner,300000
2015,71717,19.34,1198.0,76.0,5.0,nissan,nissan micra xv cvt,petrol,individual,automatic,second owner,300000
2011,150000,11.79,2179.0,120.0,8.0,mahindra,mahindra scorpio vlx 2wd abs at bsiii,diesel,individual,automatic,second owner,500000
2016,55000,26.59,1248.0,74.0,5.0,maruti,maruti swift dzire vdi,diesel,individual,manual,first owner,660000
2012,90000,15.3,1596.0,99.6,5.0,ford,ford fiesta classic 1.6 duratec lxi,petrol,individual,manual,second owner,256000
2018,35000,23.01,999.0,67.0,5.0,renault,renault kwid 1.0 rxt optional,petrol,individual,manual,first owner,409999
2015,120000,12.55,2982.0,168.5,7.0,toyota,toyota fortuner 4x4 mt,diesel,individual,manual,second owner,1888000
2011,100000,13.45,1086.0,62.1,5.0,hyundai,hyundai santro xing gls lpg,lpg,individual,manual,second owner,250000
2009,40000,12.9,1799.0,130.0,5.0,honda,honda civic 1.8 v at,petrol,individual,automatic,third owner,280000
2010,100000,13.0,2489.0,95.0,8.0,mahindra,mahindra xylo d2,diesel,individual,manual,first owner,300000
2016,120000,14.1,2179.0,147.94,5.0,tata,tata safari storme lx,diesel,individual,manual,first owner,900000
2014,60000,19.0,998.0,67.1,5.0,maruti,maruti zen estilo vxi bsiv,petrol,individual,manual,first owner,190000
2019,2000,15.96,2523.0,63.0,9.0,mahindra,mahindra bolero power plus plus ac bsiv ps,diesel,individual,manual,first owner,800000
2012,100000,14.0,2523.0,75.0,8.0,mahindra,mahindra scorpio ex,diesel,individual,manual,first owner,450000
2015,110000,14.95,2489.0,93.7,7.0,mahindra,mahindra xylo d2 bs iii,diesel,individual,manual,first owner,400000
2009,90000,13.93,2179.0,138.1,7.0,tata,tata new safari dicor vx 4x2 bs iv,diesel,individual,manual,second owner,150000
2011,84321,23.57,1396.0,70.0,5.0,tata,tata indigo cr4,diesel,individual,manual,first owner,200000
2013,177000,15.1,2179.0,140.0,7.0,mahindra,mahindra xuv500 w8 awd,diesel,individual,manual,first owner,600000
2010,60000,18.0,1248.0,75.0,5.0,tata,tata indica vista aqua 1.3 quadrajet,diesel,individual,manual,first owner,175000
2008,205000,19.09,1396.0,69.0,5.0,tata,tata indigo cs le (tdi) bs-iii,diesel,individual,manual,second owner,99000
2008,70000,20.36,1197.0,78.9,5.0,hyundai,hyundai i10 asta,petrol,individual,manual,second owner,215000
2011,70000,,,,,maruti,maruti omni e 8 str std,petrol,individual,manual,third owner,190000
2013,126000,19.01,1461.0,108.45,5.0,renault,renault duster 110ps diesel rxl,diesel,individual,manual,second owner,520000
2016,120000,10.91,3198.0,197.0,7.0,ford,ford endeavour 3.2 titanium at 4x4,diesel,individual,automatic,second owner,2280000
2015,70000,19.1,1405.0,70.0,5.0,tata,tata indica vista tdi ls,diesel,individual,manual,first owner,285000
2017,82000,18.49,1493.0,100.0,7.0,mahindra,mahindra tuv 300 t4 plus,diesel,individual,manual,first owner,660000
2004,110000,16.1,796.0,37.0,4.0,maruti,maruti 800 std,petrol,individual,manual,third owner,31504
2015,45000,20.85,1197.0,83.14,5.0,maruti,maruti swift dzire vxi,petrol,individual,manual,second owner,515000
2012,70000,21.64,1461.0,84.8,5.0,nissan,nissan sunny diesel xl,diesel,individual,manual,second owner,295000
2015,80000,20.45,1461.0,83.8,5.0,nissan,nissan terrano xl 85 ps,diesel,individual,manual,second owner,700000
2017,45000,15.4,2179.0,120.0,7.0,mahindra,mahindra scorpio intelli hybrid s6 plus,diesel,individual,manual,first owner,1100000
2017,60000,20.3,998.0,68.05,5.0,hyundai,hyundai eon 1.0 era plus,petrol,individual,manual,first owner,300000
2013,41800,18.6,1197.0,85.8,5.0,maruti,maruti swift vxi,petrol,individual,manual,first owner,450000
2010,132000,,,,,maruti,maruti estilo lxi,petrol,individual,manual,second owner,135000
2017,50000,28.4,1248.0,74.02,5.0,maruti,maruti swift dzire vdi,diesel,individual,manual,second owner,700000
2012,40000,20.0,1399.0,68.0,5.0,ford,ford figo diesel zxi,diesel,individual,manual,first owner,250000
2009,96000,18.9,1061.0,67.0,5.0,maruti,maruti wagon r lxi minor,petrol,individual,manual,second owner,140000
2012,117000,14.0,2498.0,112.0,8.0,mahindra,mahindra xylo d4 bsiii,diesel,individual,manual,first owner,250000
2011,110000,19.81,1086.0,68.05,5.0,hyundai,hyundai i10 era,petrol,individual,manual,second owner,210000
2014,100000,25.8,1498.0,98.6,5.0,honda,honda amaze s i-dtech,diesel,individual,manual,second owner,420000
2007,88700,19.7,796.0,46.3,5.0,maruti,maruti alto lxi,petrol,individual,manual,third owner,130000
2012,70000,16.95,1498.0,97.7,5.0,nissan,nissan sunny xl,petrol,individual,manual,second owner,320000
2010,110000,17.3,1061.0,64.0,5.0,maruti,maruti wagon r lx bsiii,petrol,individual,manual,second owner,200000
2016,15000,22.74,796.0,47.3,5.0,maruti,maruti alto 800 lxi,petrol,individual,manual,first owner,310000
2012,80000,20.8,1461.0,65.0,5.0,mahindra,mahindra verito 1.5 d4 bsiii,diesel,individual,manual,second owner,200000
2014,50000,18.5,1197.0,85.8,5.0,maruti,maruti ritz vxi,petrol,individual,manual,first owner,350000
2018,15000,21.1,814.0,55.2,5.0,hyundai,hyundai eon sportz,petrol,individual,manual,first owner,444000
2017,25000,22.7,799.0,53.64,5.0,datsun,datsun redigo t,petrol,individual,manual,first owner,300000
2011,57000,21.0,1461.0,64.1,5.0,mahindra,mahindra verito 1.5 d4 bsiii,diesel,individual,manual,second owner,225000
2012,75000,15.96,2523.0,62.1,7.0,mahindra,mahindra bolero 2011-2019 zlx,diesel,individual,manual,first owner,600000
2013,26000,15.37,1196.0,73.0,5.0,maruti,maruti eeco 5 seater ac bsiv,petrol,individual,manual,first owner,260000
2015,160000,24.4,1120.0,71.01,5.0,hyundai,hyundai xcent 1.1 crdi s option,diesel,individual,manual,first owner,375000
2010,120000,19.7,796.0,46.3,5.0,maruti,maruti alto lxi bsiii,petrol,individual,manual,second owner,150000
2014,50000,19.7,796.0,46.3,5.0,maruti,maruti alto lxi,petrol,individual,manual,second owner,110000
2012,40000,19.7,796.0,46.3,5.0,maruti,maruti alto lx,petrol,individual,manual,first owner,225000
2011,90000,,,,,toyota,toyota etios gd,diesel,individual,manual,third owner,400000
2005,120000,,,,,maruti,maruti esteem vxi - bsii,petrol,individual,manual,third owner,93000
2017,28000,17.8,1497.0,117.3,5.0,honda,honda city i vtec v,petrol,individual,manual,first owner,860000
2018,50000,28.4,1248.0,74.02,5.0,maruti,maruti swift dzire ldi,diesel,individual,manual,first owner,650000
2014,90000,20.77,1248.0,88.8,7.0,maruti,maruti ertiga zdi,diesel,individual,manual,first owner,650000
2016,40000,24.8,1396.0,88.7,5.0,hyundai,hyundai verna 1.4 crdi,diesel,individual,manual,first owner,710000
2017,113000,25.83,1498.0,99.0,5.0,ford,ford figo 1.5d base mt,diesel,individual,manual,first owner,430000
2011,188000,17.8,1248.0,75.0,5.0,maruti,maruti swift vdi bsiii,diesel,individual,manual,second owner,305000
2011,100000,20.0,1399.0,68.0,5.0,ford,ford figo diesel titanium,diesel,individual,manual,first owner,220000
2010,225000,14.0,1948.0,90.0,9.0,tata,tata sumo mkii turbo 2.0 lx,diesel,individual,manual,third owner,150000
2017,67000,18.49,1493.0,100.0,7.0,mahindra,mahindra tuv 300 mhawk100 t8,diesel,individual,manual,second owner,660000
2011,70000,25.44,936.0,57.6,5.0,chevrolet,chevrolet beat diesel lt option,diesel,individual,manual,fourth & above owner,140000
2015,50000,14.28,1798.0,138.03,5.0,toyota,toyota corolla altis js mt,petrol,individual,manual,first owner,1100000
2013,60000,16.36,2179.0,187.7,5.0,jaguar,jaguar xf 2.2 litre luxury,diesel,individual,automatic,first owner,2450000
2017,34000,22.0,1498.0,108.495,5.0,volkswagen,volkswagen ameo 1.5 tdi comfortline at,diesel,individual,automatic,first owner,625000
2004,110000,12.8,1493.0,100.0,5.0,honda,honda city 1.5 gxi,petrol,individual,manual,third owner,198000
2001,71000,,,,,hyundai,hyundai santro gs zipplus,petrol,individual,manual,second owner,60000
2005,140000,18.9,998.0,67.1,5.0,maruti,maruti wagon r lxi,petrol,individual,manual,second owner,130000
2012,100000,16.8,1497.0,116.3,5.0,honda,honda city corporate edition,petrol,individual,manual,second owner,540000
2017,10000,18.9,1197.0,81.86,5.0,hyundai,hyundai grand i10 1.2 kappa sportz at,petrol,individual,automatic,first owner,550000
2018,30000,21.63,998.0,67.04,5.0,maruti,maruti celerio zxi optional,petrol,individual,manual,first owner,475000
2017,22000,15.73,1968.0,174.33,5.0,audi,audi q3 2.0 tdi quattro premium plus,diesel,dealer,automatic,first owner,2825000
2020,5500,26.8,1597.0,118.0,5.0,honda,honda civic zx diesel bsiv,diesel,dealer,manual,first owner,2125000
2018,18000,19.62,1998.0,190.0,5.0,bmw,bmw x1 sdrive20d m sport,diesel,dealer,automatic,first owner,3350000
2018,20000,11.36,2755.0,171.5,8.0,toyota,toyota innova crysta 2.8 gx at 8s bsiv,diesel,dealer,automatic,first owner,1800000
2018,7000,20.3,1086.0,68.0,5.0,hyundai,hyundai santro asta bsiv,petrol,dealer,manual,first owner,540000
2018,20000,17.0,2596.0,80.8,5.0,force,force gurkha hard top bs3 4wd,diesel,dealer,manual,first owner,910000
2019,4875,21.63,998.0,67.04,5.0,maruti,maruti celerio vxi,petrol,dealer,manual,first owner,484999
2020,2700,17.01,1582.0,126.2,5.0,hyundai,hyundai creta 1.6 crdi at sx plus,diesel,dealer,automatic,first owner,1950000
2018,58511,24.3,1248.0,88.5,5.0,maruti,maruti vitara brezza zdi,diesel,dealer,manual,first owner,950000
2015,105000,25.83,1498.0,99.0,5.0,ford,ford figo 1.5d titanium mt,diesel,dealer,manual,first owner,365000
2018,26235,16.55,2498.0,105.0,6.0,mahindra,mahindra thar crde abs,diesel,dealer,manual,first owner,900000
2017,26766,21.5,1497.0,108.5,5.0,tata,tata nexon 1.5 revotorq xz plus,diesel,dealer,manual,first owner,919999
2020,1600,13.96,1451.0,141.0,5.0,mg,mg hector sharp dct dualtone,petrol,dealer,automatic,first owner,1900000
2018,46000,15.8,2148.0,170.0,5.0,mercedes-benz,mercedes-benz new c-class c 220 cdi elegance mt,diesel,dealer,manual,first owner,2950000
2019,23000,17.3,1497.0,121.0,7.0,mahindra,mahindra marazzo m2 bsiv,diesel,dealer,manual,first owner,1075000
2017,24522,20.4,1197.0,81.8,5.0,maruti,maruti swift vxi optional,petrol,dealer,manual,first owner,600000
2017,13663,22.69,1995.0,190.0,5.0,bmw,bmw 3 series 320d,diesel,dealer,automatic,first owner,3200000
2019,11000,19.3,1968.0,141.0,5.0,skoda,skoda octavia style plus 2.0 tdi at,diesel,dealer,automatic,first owner,2600000
2016,63000,24.3,1248.0,88.5,5.0,maruti,maruti vitara brezza zdi plus,diesel,dealer,manual,first owner,839000
2019,2000,16.2,1199.0,74.0,5.0,volkswagen,volkswagen polo 1.2 mpi comfortline,petrol,dealer,manual,first owner,635000
2014,300000,12.05,2179.0,120.0,8.0,mahindra,mahindra scorpio vlx 2wd airbag bsiv,diesel,individual,manual,third owner,550000
2011,190000,19.2,1461.0,65.0,5.0,mahindra,mahindra logan diesel 1.5 dle,diesel,individual,manual,third owner,180000
2015,80000,26.0,1498.0,98.6,5.0,honda,honda city i dtec e,diesel,individual,manual,first owner,650000
2011,80000,16.0,1198.0,90.0,5.0,honda,honda jazz select edition active,petrol,individual,manual,second owner,350000
2015,54000,23.95,998.0,67.05,5.0,maruti,maruti alto k10 lxi,petrol,individual,manual,first owner,265000
2018,30000,23.01,999.0,67.0,5.0,renault,renault kwid 1.0 rxt optional,petrol,individual,manual,first owner,330000
2019,5000,15.37,1196.0,73.0,7.0,maruti,maruti eeco 7 seater standard bsiv,petrol,individual,manual,first owner,395000
2015,58945,18.49,1493.0,100.0,7.0,mahindra,mahindra tuv 300 t8,diesel,individual,manual,first owner,700000
2012,90000,20.0,1399.0,68.0,5.0,ford,ford figo diesel titanium,diesel,individual,manual,first owner,300000
2011,375000,12.8,2494.0,102.0,8.0,toyota,toyota innova 2.5 g (diesel) 7 seater bs iv,diesel,individual,manual,first owner,650000
2013,160000,20.77,1248.0,88.76,7.0,maruti,maruti ertiga vdi,diesel,individual,manual,third owner,625000
2014,80000,15.11,1598.0,103.6,5.0,volkswagen,volkswagen polo gt tdi,diesel,individual,manual,second owner,425000
2004,50000,16.1,796.0,37.0,4.0,maruti,maruti 800 ac bsii,petrol,individual,manual,third owner,55000
2015,80000,19.09,1405.0,69.01,5.0,tata,tata indigo cs lx (tdi) bs-iii,diesel,individual,manual,second owner,250000
2015,156975,15.96,2523.0,62.1,9.0,mahindra,mahindra bolero 2011-2019 plus ac,diesel,individual,manual,first owner,459999
2017,5000,21.43,1364.0,86.79,5.0,toyota,toyota corolla altis 1.4 dgl,diesel,individual,manual,first owner,1594000
2014,50000,18.2,1199.0,82.4,5.0,chevrolet,chevrolet sail 1.2 ls abs,petrol,individual,manual,first owner,300000
2018,27620,22.77,1498.0,98.59,5.0,ford,ford ecosport 1.5 tdci titanium bsiv,diesel,dealer,manual,first owner,950000
2013,120000,12.05,2179.0,120.0,9.0,mahindra,mahindra scorpio lx,diesel,individual,manual,first owner,484999
2009,120000,14.0,2498.0,112.0,8.0,mahindra,mahindra xylo e8,diesel,individual,manual,third owner,161000
2015,58000,17.19,1197.0,81.86,5.0,hyundai,hyundai i20 active 1.2 s,petrol,individual,manual,first owner,500000
2012,50000,16.95,1498.0,97.7,5.0,nissan,nissan sunny xv,petrol,individual,manual,first owner,350000
2017,40000,20.89,1197.0,81.8,5.0,maruti,maruti ignis 1.2 amt alpha bsiv,petrol,individual,automatic,first owner,550000
2018,7800,17.5,1199.0,88.7,5.0,honda,honda wr-v i-vtec vx,petrol,individual,manual,first owner,850000
2016,50000,22.74,796.0,47.3,5.0,maruti,maruti alto 800 lxi,petrol,individual,manual,first owner,240000
2011,68000,13.1,2499.0,141.0,7.0,ford,ford endeavour 2.5l 4x2 mt,diesel,individual,manual,first owner,950000
2015,60000,16.02,1373.0,93.7,7.0,maruti,maruti ertiga vxi,petrol,individual,manual,second owner,423000
2005,74000,12.8,1396.0,85.0,5.0,tata,tata indigo gls,petrol,individual,manual,second owner,90000
2011,58000,13.93,2179.0,138.1,7.0,tata,tata new safari dicor 2.2 vx 4x2 bs iv,diesel,individual,manual,second owner,350000
2011,70000,19.0,998.0,66.1,5.0,maruti,maruti a-star vxi,petrol,individual,manual,third owner,170000
2015,70000,18.16,1196.0,86.8,5.0,ford,ford figo aspire 1.2 ti-vct titanium plus,petrol,individual,manual,first owner,450000
2009,110000,20.36,1197.0,78.9,5.0,hyundai,hyundai i10 magna,petrol,individual,manual,second owner,150000
2002,80000,,,,,hyundai,hyundai santro lp zipplus,petrol,individual,manual,third owner,75000
2016,80000,22.54,1396.0,88.73,5.0,hyundai,hyundai i20 sportz 1.4 crdi,diesel,individual,manual,first owner,511000
2018,59000,24.2,1498.0,93.87,7.0,maruti,maruti ertiga 1.5 vdi,diesel,individual,manual,first owner,850000
2018,110000,25.0,1396.0,69.0,5.0,tata,tata indica v2 els,diesel,individual,manual,first owner,250000
2020,25000,21.63,998.0,67.04,5.0,maruti,maruti celerio zxi,petrol,individual,manual,first owner,420000
2014,55000,22.74,796.0,47.3,5.0,maruti,maruti alto 800 lxi,petrol,individual,manual,first owner,180000
2015,25000,27.62,793.0,47.0,5.0,maruti,maruti celerio zdi,diesel,individual,manual,first owner,400000
2009,300000,14.0,2498.0,112.0,7.0,mahindra,mahindra xylo e4,diesel,individual,manual,first owner,150000
2016,143200,25.83,1498.0,99.0,5.0,ford,ford figo 1.5d titanium mt,diesel,individual,manual,first owner,500000
2017,60000,17.1,1956.0,170.0,5.0,jeep,jeep compass 2.0 longitude option bsiv,diesel,individual,manual,first owner,1689999
2012,120000,23.08,1461.0,63.1,5.0,nissan,nissan micra diesel xv premium,diesel,individual,manual,first owner,204999
2014,145000,26.21,1248.0,88.5,5.0,maruti,maruti ciaz vdi plus,diesel,individual,manual,second owner,459999
2017,30000,18.6,1197.0,81.83,5.0,hyundai,hyundai i20 2015-2017 magna 1.2,petrol,individual,manual,first owner,600000
2019,8000,18.9,1197.0,81.86,5.0,hyundai,hyundai grand i10 1.2 kappa sportz dual tone,petrol,individual,manual,first owner,585000
2012,170000,13.1,2499.0,141.0,7.0,ford,ford endeavour 2.5l 4x2 mt,diesel,individual,manual,first owner,551000
2013,100000,23.4,1248.0,74.0,5.0,maruti,maruti swift dzire ldi,diesel,individual,manual,first owner,525000
2012,62000,14.0,796.0,35.0,5.0,maruti,maruti omni 8 seater bsiv,petrol,individual,manual,first owner,160000
2014,110000,15.1,2179.0,140.0,7.0,mahindra,mahindra xuv500 w8 awd,diesel,individual,manual,first owner,825000
2007,137000,,,,,hyundai,hyundai santro xing gl cng,cng,individual,manual,first owner,127000
2015,80000,13.58,2499.0,72.4,9.0,chevrolet,chevrolet tavera neo 3 ls 9 str bsiii,diesel,individual,manual,second owner,600000
2002,80000,17.3,993.0,60.0,5.0,maruti,maruti zen base,petrol,individual,manual,second owner,65000
2013,100000,23.4,1248.0,74.0,5.0,maruti,maruti swift dzire vdi,diesel,individual,manual,first owner,550000
2015,120000,15.96,2523.0,63.0,9.0,mahindra,mahindra bolero 2011-2019 plus - ac bsiii,diesel,individual,manual,first owner,650000
2019,24000,28.4,1248.0,74.02,5.0,maruti,maruti swift dzire vdi,diesel,individual,manual,first owner,750000
2017,80000,25.32,1198.0,77.0,6.0,mahindra,mahindra kuv 100 mfalcon d75 k8,diesel,individual,manual,first owner,380000
2012,138000,22.32,1582.0,126.32,5.0,hyundai,hyundai verna 1.6 sx crdi (o),diesel,individual,manual,first owner,400000
2003,147000,18.9,998.0,67.1,5.0,maruti,maruti wagon r lxi,petrol,individual,manual,fourth & above owner,50000
2017,60000,18.49,1493.0,100.0,7.0,mahindra,mahindra tuv 300 mhawk100 t8 dual tone,diesel,individual,manual,first owner,750000
2011,80000,18.0,995.0,62.0,5.0,chevrolet,chevrolet spark 1.0 ls,petrol,individual,manual,first owner,150000
2016,50000,22.74,796.0,47.3,5.0,maruti,maruti alto 800 lxi,petrol,individual,manual,first owner,245000
2013,189000,21.02,1248.0,88.76,5.0,tata,tata manza club class quadrajet90 vx,diesel,individual,manual,first owner,260000
2014,90000,21.21,1498.0,103.2,5.0,volkswagen,volkswagen vento 1.5 tdi highline at,diesel,individual,automatic,second owner,411000
2014,56000,21.9,1396.0,88.76,5.0,hyundai,hyundai i20 sportz 1.4 crdi,diesel,individual,manual,first owner,450000
2012,140000,18.88,1995.0,184.0,5.0,bmw,bmw 3 series 320d luxury line,diesel,individual,automatic,second owner,1300000
2016,60000,23.1,998.0,67.04,5.0,maruti,maruti celerio vxi,petrol,individual,manual,first owner,351000
2012,130000,15.1,2179.0,140.0,7.0,mahindra,mahindra xuv500 w8 4wd,diesel,individual,manual,first owner,550000
2013,140000,18.88,1995.0,184.0,5.0,bmw,bmw 3 series 320d luxury plus,diesel,individual,automatic,second owner,1300000
2016,35000,20.45,1461.0,83.8,5.0,nissan,nissan terrano xe 85 ps,diesel,individual,manual,first owner,750000
2015,35000,20.45,1461.0,83.8,5.0,nissan,nissan terrano xl 85 ps,diesel,individual,manual,first owner,800000
2011,156000,11.57,2179.0,138.1,7.0,tata,tata new safari dicor 2.2 ex 4x2,diesel,individual,manual,first owner,350000
2013,90000,22.74,796.0,47.3,5.0,maruti,maruti alto 800 lx,petrol,individual,manual,first owner,200000
2008,60000,17.0,1405.0,70.0,5.0,tata,tata indigo ls,diesel,individual,manual,third owner,150000
2016,36000,19.01,1461.0,108.5,5.0,nissan,nissan terrano xl 110 ps,diesel,individual,manual,first owner,800000
2017,20000,21.1,814.0,55.2,5.0,hyundai,hyundai eon era plus sports edition,petrol,individual,manual,second owner,350000
2011,160000,13.93,2179.0,138.0,7.0,tata,tata new safari dicor 2.2 vx 4x2,diesel,individual,manual,first owner,350000
2006,185000,12.7,2609.0,116.6,9.0,mahindra,mahindra scorpio 2.6 turbo 9 str,diesel,individual,manual,first owner,250000
2010,110000,17.0,1405.0,71.0,5.0,tata,tata indica vista terra 1.4 tdi,diesel,individual,manual,second owner,170000
2018,10800,25.17,799.0,53.3,5.0,renault,renault kwid rxt optional,petrol,individual,manual,first owner,395000
2012,120000,15.96,2523.0,62.1,7.0,mahindra,mahindra bolero 2011-2019 sle,diesel,individual,manual,first owner,450000
2019,15000,20.89,1197.0,81.8,5.0,maruti,maruti ignis 1.2 delta bsiv,petrol,individual,manual,first owner,500000
2012,67500,12.2,1948.0,68.0,10.0,tata,tata sumo ex 10/7 str bsiii,diesel,individual,manual,first owner,200000
2017,30000,17.6,2179.0,153.86,7.0,tata,tata hexa xm,diesel,individual,manual,first owner,1200000
2016,50000,25.32,1198.0,77.0,6.0,mahindra,mahindra kuv 100 mfalcon d75 k8,diesel,individual,manual,first owner,400000
2016,100000,18.49,1493.0,100.0,7.0,mahindra,mahindra tuv 300 t8,diesel,individual,manual,first owner,650000
2016,150000,15.96,2523.0,63.0,9.0,mahindra,mahindra bolero 2011-2019 di - ac bs iii,diesel,individual,manual,first owner,550000
2015,110000,16.0,2179.0,140.0,7.0,mahindra,mahindra xuv500 w10 2wd,diesel,individual,manual,first owner,1100000
2012,30000,22.74,796.0,47.3,5.0,maruti,maruti alto 800 lxi,petrol,individual,manual,first owner,254999
2011,60000,19.7,796.0,46.3,5.0,maruti,maruti alto lxi,petrol,individual,manual,first owner,180000
2010,255000,13.0,2489.0,95.0,8.0,mahindra,mahindra xylo d2,diesel,individual,manual,second owner,160000
2008,120000,16.52,1991.0,123.7,5.0,chevrolet,chevrolet optra magnum 2.0 lt bs3,diesel,individual,manual,second owner,225000
2015,49900,22.74,796.0,47.3,5.0,maruti,maruti alto 800 lxi,petrol,individual,manual,second owner,270000
2012,86000,21.12,1248.0,88.8,5.0,tata,tata manza aura quadrajet bs iv,diesel,individual,manual,first owner,310000
2015,71850,20.63,1198.0,67.0,5.0,datsun,datsun go t bsiv,petrol,individual,manual,first owner,225000
2015,95000,21.2,1248.0,75.0,5.0,fiat,fiat grande punto evo 1.3 dynamic,diesel,individual,manual,third owner,300000
2008,70000,17.5,1298.0,85.8,5.0,maruti,maruti swift dzire vxi,petrol,individual,manual,fourth & above owner,250000
2011,35000,21.1,814.0,55.2,5.0,hyundai,hyundai eon sportz,petrol,individual,manual,first owner,180000
2015,50000,20.85,1197.0,83.14,5.0,maruti,maruti swift dzire vxi,petrol,individual,manual,first owner,550000
2007,120000,13.6,2523.0,63.0,7.0,mahindra,mahindra bolero xl 10 seater non ac,diesel,individual,manual,third owner,300000
2015,145000,22.7,1582.0,126.2,5.0,hyundai,hyundai elantra crdi sx,diesel,individual,manual,first owner,900000
2012,190000,,,,,tata,tata sumo ex bs iv,diesel,individual,manual,third owner,254999
2018,40000,16.0,2179.0,138.0,7.0,mahindra,mahindra xuv500 w9 2wd,diesel,individual,manual,first owner,1530000
2015,110000,27.39,1248.0,74.0,5.0,maruti,maruti baleno delta 1.3,diesel,individual,manual,first owner,590000
2008,112000,17.3,1061.0,57.5,5.0,maruti,maruti wagon r lxi duo bsiii,lpg,individual,manual,second owner,170000
2017,70000,20.38,1968.0,143.0,5.0,audi,audi a3 35 tdi premium plus,diesel,individual,automatic,first owner,2600000
2016,110000,23.2,1248.0,73.94,5.0,maruti,maruti ritz vdi,diesel,individual,manual,first owner,475000
2018,29000,24.0,1186.0,73.97,5.0,hyundai,hyundai grand i10 1.2 crdi asta,diesel,individual,manual,first owner,700000
2011,60000,18.9,998.0,67.1,5.0,maruti,maruti wagon r vxi bs iv,petrol,individual,manual,first owner,376000
2002,120000,,,,,hyundai,hyundai santro gs zipdrive - euro i,petrol,individual,manual,fourth & above owner,100000
2004,46000,16.1,796.0,37.0,4.0,maruti,maruti 800 std bsii,petrol,individual,manual,fourth & above owner,75000
2012,120000,11.79,2179.0,120.0,8.0,mahindra,mahindra scorpio vls at 2.2 mhawk,diesel,individual,automatic,third owner,440000
2016,80000,20.51,998.0,67.04,5.0,maruti,maruti wagon r vxi optional,petrol,individual,manual,first owner,390000
2012,159000,12.8,2494.0,102.0,7.0,toyota,toyota innova 2.5 vx 7 str,diesel,individual,manual,second owner,725000
2012,110000,15.96,2523.0,62.1,7.0,mahindra,mahindra bolero 2011-2019 sle,diesel,individual,manual,second owner,325000
2010,75000,19.7,796.0,46.3,5.0,maruti,maruti alto lxi,petrol,individual,manual,second owner,170000
2010,120000,19.3,1248.0,73.9,5.0,maruti,maruti swift dzire ldi,diesel,individual,manual,third owner,215000
2010,110000,17.0,1497.0,118.0,5.0,honda,honda city 1.5 v inspire,petrol,individual,manual,third owner,350000
2009,80000,18.0,995.0,62.0,5.0,chevrolet,chevrolet spark 1.0 ls,petrol,individual,manual,fourth & above owner,80000
2012,80000,21.1,814.0,55.2,5.0,hyundai,hyundai eon magna plus,petrol,individual,manual,second owner,195000
2011,85000,,,,,maruti,maruti swift vdi bsiv w abs,diesel,individual,manual,first owner,280000
2014,71000,21.64,1461.0,84.8,5.0,nissan,nissan sunny diesel xl,diesel,dealer,manual,first owner,335000
2011,108000,16.0,2179.0,140.0,7.0,mahindra,mahindra xuv500 w6 2wd,diesel,dealer,manual,first owner,475000
2015,75000,19.87,1461.0,83.8,5.0,renault,renault duster 85ps diesel rxl,diesel,dealer,manual,first owner,484999
2018,22000,21.56,1462.0,103.25,5.0,maruti,maruti ciaz delta bsiv,petrol,individual,manual,second owner,650000
2014,76131,13.22,2967.0,241.4,5.0,audi,audi q5 3.0 tdi quattro,diesel,individual,automatic,first owner,1850000
2018,30000,18.6,1197.0,81.83,5.0,hyundai,hyundai i20 1.2 asta,petrol,individual,manual,second owner,700000
2014,65000,12.07,2967.0,241.4,7.0,audi,audi q7 3.0 tdi quattro,diesel,individual,automatic,first owner,3000000
2018,60000,15.4,2523.0,75.0,7.0,mahindra,mahindra scorpio s3 9 seater bsiv,diesel,individual,manual,first owner,900000
2013,80000,22.07,1199.0,73.9,5.0,volkswagen,volkswagen polo diesel highline 1.2l,diesel,individual,manual,first owner,350000
2005,80000,9.0,2997.0,218.0,5.0,honda,honda accord v6 at,petrol,individual,automatic,second owner,285000
2012,70000,12.07,2967.0,241.4,7.0,audi,audi q7 3.0 tdi quattro premium plus,diesel,individual,automatic,first owner,1850000
2017,51777,24.3,1248.0,88.5,5.0,maruti,maruti vitara brezza vdi,diesel,dealer,manual,first owner,750000
2013,64788,,2179.0,115.0,5.0,land,land rover freelander 2 td4 hse,diesel,dealer,automatic,first owner,1650000
2018,20000,19.5,1199.0,88.76,5.0,honda,honda amaze v petrol bsiv,petrol,individual,manual,first owner,600000
2018,19000,18.78,999.0,75.0,5.0,volkswagen,volkswagen polo 2015-2019 1.0 mpi comfortline,petrol,individual,manual,first owner,565000
2000,46951,18.5,796.0,53.0,5.0,daewoo,daewoo matiz ss,petrol,individual,manual,first owner,86000
2016,19000,20.63,1198.0,67.0,5.0,datsun,datsun go t bsiv,petrol,individual,manual,first owner,329000
2016,50000,22.77,1498.0,98.59,5.0,ford,ford ecosport 1.5 tdci titanium plus bsiv,diesel,individual,manual,first owner,650000
2015,60000,19.67,1582.0,126.2,5.0,hyundai,hyundai creta 1.6 crdi sx option,diesel,individual,manual,first owner,822000
2013,100000,19.01,1461.0,108.45,5.0,renault,renault duster 110ps diesel rxl,diesel,individual,manual,second owner,345000
2001,10000,17.3,993.0,60.0,5.0,maruti,maruti zen lxi,petrol,individual,manual,first owner,30000
2012,50000,22.9,1248.0,74.0,5.0,maruti,maruti swift vdi,diesel,individual,manual,second owner,330000
2014,74537,20.51,998.0,67.04,5.0,maruti,maruti wagon r stingray vxi,petrol,individual,manual,second owner,300000
2009,90000,12.6,1586.0,103.3,5.0,maruti,maruti sx4 zxi at,petrol,individual,automatic,second owner,200000
2012,80000,,,,,tata,tata indica vista aqua 1.3 quadrajet (abs),diesel,individual,manual,second owner,200000
2010,70000,18.0,995.0,62.0,5.0,chevrolet,chevrolet spark 1.0,petrol,individual,manual,second owner,90000
2010,80000,18.9,1061.0,67.0,5.0,maruti,maruti wagon r vxi minor,petrol,individual,manual,second owner,200000
2016,35000,24.4,1120.0,71.0,5.0,hyundai,hyundai xcent 1.1 crdi sx,diesel,individual,manual,first owner,550000
2015,23500,18.6,1199.0,76.8,5.0,chevrolet,chevrolet beat lt,petrol,individual,manual,first owner,250000
2017,82000,25.6,1498.0,97.9,5.0,honda,honda city i-dtec vx,diesel,individual,manual,first owner,975000
2014,100000,12.99,2494.0,100.6,8.0,toyota,toyota innova 2.5 g (diesel) 8 seater,diesel,individual,manual,second owner,900000
2018,15000,18.6,1197.0,81.83,5.0,hyundai,hyundai i20 1.2 spotz,petrol,individual,manual,first owner,610000
2017,30000,27.39,1248.0,74.0,5.0,maruti,maruti baleno zeta 1.3,diesel,individual,manual,first owner,620000
2016,30000,18.9,1197.0,82.0,5.0,hyundai,hyundai grand i10 sportz,petrol,individual,manual,first owner,400000
2019,11000,21.63,998.0,67.0,5.0,maruti,maruti celerio x zxi bsiv,petrol,individual,manual,first owner,500000
2017,140000,19.02,1198.0,67.05,7.0,datsun,datsun go plus t,petrol,individual,manual,first owner,200000
2016,110000,23.0,1248.0,88.7,5.0,tata,tata zest quadrajet 1.3 xm,diesel,individual,manual,first owner,360000
2012,48000,20.92,998.0,67.1,5.0,maruti,maruti alto k10 2010-2014 vxi,petrol,individual,manual,first owner,252000
2012,70000,22.9,1248.0,74.0,5.0,maruti,maruti swift vdi,diesel,individual,manual,second owner,280000
2018,70000,22.0,1197.0,81.8,5.0,maruti,maruti swift vxi 2018,petrol,individual,manual,second owner,509999
2016,58000,15.4,1997.0,120.0,7.0,mahindra,mahindra scorpio 1.99 s6 plus,diesel,individual,manual,first owner,1050000
2010,40000,17.3,1061.0,57.5,5.0,maruti,maruti wagon r lxi duo bsiii,lpg,individual,manual,fourth & above owner,200000
2005,90000,17.3,993.0,60.0,5.0,maruti,maruti zen lxi,petrol,individual,manual,second owner,60000
2010,40000,14.0,2498.0,112.0,7.0,mahindra,mahindra xylo e8 abs airbag,diesel,individual,manual,second owner,320000
2013,110000,12.05,2179.0,120.0,9.0,mahindra,mahindra scorpio lx,diesel,individual,manual,first owner,520000
2007,80000,11.57,2179.0,138.1,7.0,tata,tata new safari dicor 2.2 lx 4x2,diesel,individual,manual,second owner,250000
2017,60000,24.3,1248.0,88.5,5.0,maruti,maruti vitara brezza zdi,diesel,individual,manual,first owner,725000
2015,50000,15.96,2523.0,62.1,7.0,mahindra,mahindra bolero 2011-2019 slx,diesel,individual,manual,first owner,585000
2017,25000,23.84,1199.0,84.0,5.0,tata,tata tiago 1.2 revotron xz,petrol,individual,manual,first owner,430000
2011,100000,22.9,1248.0,74.0,5.0,maruti,maruti swift vdi,diesel,individual,manual,second owner,235000
2012,52000,19.3,1248.0,73.9,5.0,maruti,maruti swift dzire vdi,diesel,individual,manual,third owner,350000
2010,80000,19.81,1086.0,68.05,5.0,hyundai,hyundai i10 era 1.1,petrol,individual,manual,third owner,131000
2016,85000,25.8,1498.0,98.6,5.0,honda,honda amaze vx i-dtec,diesel,individual,manual,first owner,450000
2016,83000,24.3,1248.0,88.5,5.0,maruti,maruti vitara brezza zdi plus,diesel,individual,manual,first owner,750000
2013,50000,22.74,796.0,47.3,5.0,maruti,maruti alto 800 lxi,petrol,individual,manual,first owner,200000
2009,120000,18.9,1061.0,67.0,5.0,maruti,maruti wagon r lxi minor,petrol,individual,manual,fourth & above owner,125000
2014,100000,15.96,2523.0,62.1,7.0,mahindra,mahindra bolero 2011-2019 sle,diesel,individual,manual,first owner,500000
2012,70000,22.9,1248.0,74.0,5.0,maruti,maruti swift vdi,diesel,individual,manual,third owner,380000
2008,19000,19.7,796.0,46.3,5.0,maruti,maruti alto lxi,petrol,individual,manual,first owner,128000
2009,68600,17.0,1497.0,118.0,5.0,honda,honda city 1.5 s mt,petrol,individual,manual,third owner,250000
2017,60000,16.5,1493.0,70.0,7.0,mahindra,mahindra bolero power plus slx,diesel,individual,manual,first owner,690000
2014,65000,15.96,2523.0,62.1,7.0,mahindra,mahindra bolero 2011-2019 slx,diesel,individual,manual,second owner,650000
2012,40000,16.8,1497.0,116.3,5.0,honda,honda city e,petrol,individual,manual,second owner,560000
2012,160000,,,,,tata,tata indica vista aqua 1.3 quadrajet (abs),diesel,individual,manual,second owner,120000
2016,25000,23.1,998.0,67.04,5.0,maruti,maruti celerio vxi,petrol,individual,manual,first owner,400000
2012,29500,20.92,998.0,67.1,5.0,maruti,maruti alto k10 lxi,petrol,individual,manual,first owner,200000
2018,13887,17.0,1591.0,121.3,5.0,hyundai,hyundai verna vtvt 1.6 sx,petrol,individual,manual,first owner,950000
2016,50000,22.74,796.0,47.3,5.0,maruti,maruti alto 800 vxi,petrol,individual,manual,second owner,300000
2016,30000,25.17,799.0,53.3,5.0,renault,renault kwid rxl,petrol,individual,manual,second owner,315000
2012,100000,22.74,796.0,47.3,5.0,maruti,maruti alto 800 lxi,petrol,individual,manual,first owner,220000
2011,60000,14.49,1399.0,92.7,5.0,chevrolet,chevrolet aveo 1.4 ls,petrol,individual,manual,second owner,130000
2016,60000,22.54,1396.0,88.73,5.0,hyundai,hyundai i20 sportz option 1.4 crdi,diesel,individual,manual,second owner,595000
2011,120000,19.4,1405.0,70.0,5.0,tata,tata indica vista tdi ls,diesel,individual,manual,first owner,110000
2017,13500,17.0,1497.0,121.36,5.0,ford,ford ecosport 1.5 petrol ambiente bsiv,petrol,individual,manual,first owner,680000
2013,52000,20.3,1248.0,75.0,5.0,fiat,fiat grande punto active (diesel),diesel,individual,manual,first owner,280000
2017,30000,21.4,1197.0,83.1,5.0,maruti,maruti baleno delta 1.2,petrol,individual,manual,second owner,530000
2017,14000,19.1,1197.0,82.0,5.0,hyundai,hyundai xcent 1.2 kappa sx option,petrol,individual,manual,first owner,610000
2014,90000,15.05,2179.0,147.9,7.0,tata,tata aria pure lx 4x2,diesel,individual,manual,second owner,500000
2018,50000,24.7,1047.0,69.0,5.0,tata,tata tigor 1.05 revotorq xm,diesel,individual,manual,first owner,500000
2010,120000,13.0,2489.0,95.0,8.0,mahindra,mahindra xylo d2,diesel,individual,manual,second owner,250000
2018,10000,21.1,814.0,55.2,5.0,hyundai,hyundai eon magna plus,petrol,individual,manual,first owner,325000
2018,10000,21.4,1197.0,83.1,5.0,maruti,maruti baleno delta 1.2,petrol,individual,manual,first owner,550000
2018,25000,20.73,1373.0,91.1,5.0,maruti,maruti ciaz 1.4 alpha,petrol,individual,manual,first owner,720000
2017,20000,17.0,1591.0,121.3,5.0,hyundai,hyundai verna vtvt 1.6 sx,petrol,individual,manual,first owner,950000
2013,60000,22.9,1248.0,74.0,5.0,maruti,maruti swift vdi,diesel,individual,manual,first owner,350000
2018,40000,18.9,1197.0,81.86,5.0,hyundai,hyundai grand i10 1.2 kappa sportz option,petrol,individual,manual,first owner,500000
2012,60000,19.3,1248.0,73.9,5.0,maruti,maruti swift dzire vdi,diesel,individual,manual,first owner,380000
2015,50000,16.9,1197.0,82.0,5.0,hyundai,hyundai xcent 1.2 kappa at sx option,petrol,individual,automatic,first owner,380000
2017,20000,17.0,1591.0,121.3,5.0,hyundai,hyundai verna vtvt 1.6 sx,petrol,individual,manual,first owner,900000
2017,35000,24.7,796.0,47.3,5.0,maruti,maruti alto 800 vxi,petrol,individual,manual,first owner,295000
2016,40000,28.09,1248.0,88.5,5.0,maruti,maruti ciaz vdi plus shvs,diesel,individual,manual,first owner,640000
2018,60000,21.5,1497.0,108.5,5.0,tata,tata nexon 1.5 revotorq xz plus,diesel,individual,manual,first owner,790000
2015,20000,17.01,1591.0,121.4,5.0,hyundai,hyundai verna 1.6 vtvt s option,petrol,individual,manual,first owner,625000
2017,30000,17.0,1497.0,121.36,5.0,ford,ford ecosport 1.5 petrol trend bsiv,petrol,individual,manual,second owner,604000
2015,29000,23.95,998.0,67.05,5.0,maruti,maruti alto k10 vxi,petrol,individual,manual,first owner,315000
2019,17000,20.0,1497.0,115.0,5.0,mahindra,mahindra xuv300 w6 diesel bsiv,diesel,individual,manual,first owner,950000
2017,50000,20.51,998.0,67.04,5.0,maruti,maruti wagon r vxi plus optional,petrol,individual,manual,first owner,400000
2018,42000,18.6,1368.0,98.63,5.0,hyundai,hyundai i20 1.4 magna at,petrol,individual,automatic,first owner,700000
2011,120000,12.8,2494.0,102.0,8.0,toyota,toyota innova 2.5 g (diesel) 8 seater bs iv,diesel,individual,manual,second owner,700000
2012,110000,21.03,1461.0,65.0,5.0,mahindra,mahindra verito 1.5 d4 bsiv,diesel,individual,manual,first owner,260000
2012,90000,23.57,1396.0,70.0,5.0,tata,tata indigo cr4,diesel,individual,manual,first owner,200000
2020,70000,23.26,1197.0,88.5,5.0,maruti,maruti dzire vxi,petrol,individual,manual,first owner,580000
2011,66000,20.5,1598.0,105.0,5.0,volkswagen,volkswagen vento ipl ii diesel trendline,diesel,individual,manual,second owner,330000
2011,70000,16.2,1493.0,110.0,5.0,hyundai,hyundai verna transform crdi vgt sx abs,diesel,individual,manual,third owner,400000
2018,5000,14.8,1591.0,121.3,5.0,hyundai,hyundai creta 1.6 sx automatic,petrol,individual,automatic,first owner,1350000
2014,50000,21.03,1461.0,65.0,5.0,mahindra,mahindra verito 1.5 d4 bsiv,diesel,individual,manual,second owner,250000
2019,25000,15.41,1598.0,103.2,5.0,skoda,skoda rapid 1.6 mpi ambition bsiv,petrol,individual,manual,first owner,725000
2013,70000,23.4,1248.0,74.0,5.0,maruti,maruti swift dzire tour ldi,diesel,individual,manual,first owner,300000
2006,40000,16.1,796.0,37.0,4.0,maruti,maruti 800 ac,petrol,individual,manual,second owner,120000
2016,110000,16.0,2179.0,140.0,7.0,mahindra,mahindra xuv500 w10 2wd,diesel,individual,manual,first owner,1175000
2009,150000,13.93,2179.0,138.0,7.0,tata,tata new safari dicor 2.2 vx 4x4,diesel,individual,manual,first owner,380000
2014,45000,19.1,1405.0,70.0,5.0,tata,tata indica vista tdi lx,diesel,individual,manual,first owner,400000
2005,90000,16.1,1405.0,70.0,5.0,tata,tata indigo lx,diesel,individual,manual,third owner,140000
2011,140000,11.57,2179.0,138.1,7.0,tata,tata new safari dicor 2.2 ex 4x2,diesel,individual,manual,second owner,229999
2003,83000,13.8,1299.0,70.0,5.0,ford,ford ikon 1.3 clxi,petrol,individual,manual,second owner,110000
2011,106000,16.96,1968.0,138.1,5.0,volkswagen,volkswagen jetta 2.0l tdi highline at,diesel,individual,automatic,second owner,550000
2008,60000,15.26,1150.0,74.9,5.0,chevrolet,chevrolet aveo u-va 1.2 ls,petrol,individual,manual,fourth & above owner,150000
2017,40000,16.8,796.0,34.2,8.0,maruti,maruti omni e mpi std bs iv,petrol,individual,manual,second owner,265000
2011,138000,17.0,1197.0,80.0,5.0,hyundai,hyundai i20 1.2 asta,petrol,individual,manual,third owner,300000
2015,80000,22.74,796.0,47.3,5.0,maruti,maruti alto 800 lxi,petrol,individual,manual,first owner,280000
2005,50000,15.3,1341.0,83.0,5.0,hyundai,hyundai getz gls,petrol,individual,manual,second owner,130000
2015,50000,18.2,1199.0,82.4,5.0,chevrolet,chevrolet sail 1.2 ls abs,petrol,individual,manual,first owner,350000
2009,120000,18.5,1197.0,85.8,5.0,maruti,maruti ritz vxi,petrol,individual,manual,first owner,200000
2018,24400,22.0,1197.0,81.8,5.0,maruti,maruti swift vxi,petrol,individual,manual,first owner,550000
2013,60000,15.96,2523.0,62.1,7.0,mahindra,mahindra bolero 2011-2019 slx,diesel,individual,manual,second owner,400000
2010,120000,18.5,1197.0,85.8,5.0,maruti,maruti ritz vxi (abs) bs iv,petrol,individual,manual,second owner,170000
2015,60000,24.8,1396.0,88.7,5.0,hyundai,hyundai verna 1.4 crdi,diesel,individual,manual,second owner,600000
2011,100000,19.7,796.0,46.3,5.0,maruti,maruti alto lxi,petrol,individual,manual,second owner,130000
2007,60000,,,,,hyundai,hyundai santro xing gl plus cng,cng,individual,manual,second owner,120000
2011,120000,16.1,796.0,37.0,4.0,maruti,maruti 800 ac,petrol,individual,manual,second owner,100000
2016,27500,25.17,799.0,53.3,5.0,renault,renault kwid rxt,petrol,individual,manual,first owner,310000
2007,10000,16.1,796.0,37.0,4.0,maruti,maruti 800 ac,petrol,individual,manual,first owner,35000
2010,120000,18.5,1197.0,80.0,5.0,hyundai,hyundai i20 magna,petrol,individual,manual,third owner,200000
2009,70000,,,,,maruti,maruti swift vdi bsiv,diesel,individual,manual,second owner,270000
2015,80000,22.54,1396.0,88.73,5.0,hyundai,hyundai i20 sportz 1.4 crdi,diesel,individual,manual,first owner,650000
2013,120000,15.64,1193.0,64.1,5.0,tata,tata indigo ecs gls,petrol,individual,manual,first owner,210000
2015,90000,24.4,1120.0,71.01,5.0,hyundai,hyundai xcent 1.1 crdi s option,diesel,individual,manual,first owner,509999
2013,70000,20.0,1399.0,68.1,5.0,ford,ford figo diesel celebration edition,diesel,individual,manual,first owner,229999
2014,188000,19.01,1461.0,108.45,5.0,renault,renault duster 110ps diesel rxz,diesel,individual,manual,second owner,409999
2011,67840,18.0,995.0,62.0,5.0,chevrolet,chevrolet spark 1.0 lt,petrol,individual,manual,first owner,130000
2013,30000,25.4,624.0,37.48,4.0,tata,tata nano cx,petrol,individual,manual,first owner,95000
2016,35000,22.74,796.0,47.3,5.0,maruti,maruti alto 800 lxi,petrol,individual,manual,second owner,225000
2010,150000,,,,,maruti,maruti swift vdi bsiv,diesel,individual,manual,second owner,256999
2017,100000,24.3,1248.0,88.5,5.0,maruti,maruti vitara brezza vdi option,diesel,individual,manual,first owner,775000
2017,30000,20.51,998.0,67.04,5.0,maruti,maruti wagon r vxi bs iv,petrol,individual,manual,first owner,420000
2016,70000,18.9,1197.0,82.0,5.0,hyundai,hyundai grand i10 sportz celebration edition,petrol,individual,manual,first owner,480000
2003,149032,,,,,toyota,toyota qualis gs g1,diesel,individual,manual,first owner,200000
2010,380000,13.6,2523.0,63.0,7.0,mahindra,mahindra bolero sle,diesel,individual,manual,second owner,260000
2011,84050,,,,,toyota,toyota etios liva g,petrol,individual,manual,first owner,210000
2018,15000,16.2,1199.0,74.0,5.0,volkswagen,volkswagen polo 2015-2019 1.2 mpi highline plus,petrol,individual,manual,first owner,600000
2009,140000,13.8,1399.0,68.0,5.0,ford,ford ikon 1.4 tdci duratorq,diesel,individual,manual,second owner,140000
2010,120000,19.7,796.0,35.0,8.0,maruti,maruti omni 8 seater bsii,petrol,individual,manual,third owner,130000
2007,112880,25.2,1248.0,74.0,5.0,maruti,maruti swift vdi bsiv,diesel,dealer,manual,first owner,195000
2013,135000,19.4,1405.0,70.0,5.0,tata,tata indica vista tdi ls,diesel,dealer,manual,second owner,210000
2006,80000,18.9,998.0,67.1,5.0,maruti,maruti wagon r lx,petrol,individual,manual,third owner,130000
2012,128000,18.6,1199.0,79.4,5.0,chevrolet,chevrolet beat lt,petrol,individual,manual,third owner,141000
2011,120000,13.6,2523.0,63.0,7.0,mahindra,mahindra bolero sle bsiii,diesel,individual,manual,first owner,280000
2010,30000,12.6,1586.0,103.2,5.0,maruti,maruti sx4 zxi at leather,petrol,individual,automatic,first owner,350000
2018,70000,17.0,1198.0,108.5,5.0,tata,tata nexon 1.2 revotron xm,petrol,individual,manual,first owner,575000
2015,41000,18.6,1197.0,81.83,5.0,hyundai,hyundai i20 sportz option 1.2,petrol,individual,manual,first owner,550000
2011,28100,,,,,toyota,toyota etios v,petrol,individual,manual,first owner,420000
2006,30000,19.7,796.0,46.3,5.0,maruti,maruti alto lx,petrol,individual,manual,second owner,120000
2015,30000,23.95,998.0,67.05,5.0,maruti,maruti alto k10 vxi,petrol,individual,manual,first owner,320000
2011,35000,16.36,1495.0,93.7,5.0,hyundai,hyundai accent executive,petrol,individual,manual,first owner,250000
2010,22000,15.0,1586.0,104.68,5.0,maruti,maruti sx4 zxi bsiii,petrol,individual,manual,first owner,300000
2006,70000,18.9,998.0,67.1,5.0,maruti,maruti wagon r vxi,petrol,individual,manual,first owner,250000
2005,100000,,,,,maruti,maruti omni e 8 str std,petrol,individual,manual,second owner,120000
2018,70000,16.5,1493.0,70.0,7.0,mahindra,mahindra bolero 2011-2019 mhawk d70 zlx,diesel,individual,manual,first owner,750000
2005,200000,10.5,2179.0,120.0,8.0,mahindra,mahindra scorpio 2.6 crde,diesel,individual,manual,second owner,151000
2011,120000,13.93,2179.0,138.03,7.0,tata,tata safari dicor 2.2 ex 4x2,diesel,individual,manual,first owner,300000
2019,3000,20.89,1197.0,81.8,5.0,maruti,maruti ignis 1.2 zeta bsiv,petrol,individual,manual,first owner,577000
2012,50000,20.92,998.0,67.1,5.0,maruti,maruti alto k10 2010-2014 vxi,petrol,individual,manual,first owner,229999
2013,50000,15.96,2523.0,62.1,7.0,mahindra,mahindra bolero 2011-2019 zlx,diesel,individual,manual,first owner,500000
2019,1500,18.2,1199.0,88.7,5.0,honda,honda jazz vx cvt,petrol,individual,automatic,first owner,840000
2017,74000,22.27,1498.0,108.6,5.0,volkswagen,volkswagen vento 1.5 tdi highline,diesel,individual,manual,first owner,900000
2017,25000,18.7,1199.0,88.7,5.0,honda,honda jazz 1.2 v i vtec,petrol,individual,manual,first owner,650000
2016,61915,27.3,1498.0,98.6,5.0,honda,honda jazz 1.5 vx i dtec,diesel,individual,manual,first owner,650000
2016,110000,21.1,814.0,55.2,5.0,hyundai,hyundai eon era plus,petrol,individual,manual,first owner,250000
2016,70000,20.14,1498.0,88.0,5.0,volkswagen,volkswagen polo 1.5 tdi comfortline,diesel,individual,manual,first owner,550000
2007,150000,17.8,1248.0,75.0,5.0,maruti,maruti swift ldi bsiii,diesel,individual,manual,fourth & above owner,250000
2013,110000,17.21,1493.0,100.0,7.0,mahindra,mahindra quanto c4,diesel,individual,manual,second owner,350000
2014,90000,25.44,936.0,56.3,5.0,chevrolet,chevrolet beat diesel lt,diesel,individual,manual,second owner,185000
2010,120000,15.6,1196.0,70.0,5.0,ford,ford figo petrol titanium,petrol,individual,manual,third owner,229999
2016,65000,12.99,2494.0,100.6,8.0,toyota,toyota innova 2.5 g (diesel) 8 seater,diesel,individual,manual,first owner,1000000
2019,10000,20.52,1197.0,81.8,5.0,maruti,maruti wagon r vxi 1.2,petrol,individual,manual,first owner,490000
2009,80000,20.36,1197.0,78.9,5.0,hyundai,hyundai i10 sportz,petrol,individual,manual,second owner,150000
2013,184000,20.77,1248.0,88.76,7.0,maruti,maruti ertiga vdi,diesel,individual,manual,first owner,600000
2013,80000,32.52,998.0,58.33,5.0,maruti,maruti wagon r cng lxi,cng,individual,manual,second owner,270000
2005,70000,17.3,993.0,60.0,5.0,maruti,maruti zen lxi - bs iii,petrol,individual,manual,second owner,60000
2008,89000,15.6,1586.0,104.68,5.0,maruti,maruti sx4 zxi with leather bsiii,petrol,individual,manual,second owner,150000
2013,69000,22.9,1248.0,74.0,5.0,maruti,maruti swift vdi,diesel,individual,manual,second owner,525000
2012,90000,25.0,1396.0,69.0,5.0,tata,tata indica v2 elx,diesel,individual,manual,second owner,83000
2017,8000,21.1,814.0,55.2,5.0,hyundai,hyundai eon era plus,petrol,individual,manual,first owner,300000
2012,35000,17.0,1197.0,80.0,5.0,hyundai,hyundai i20 1.2 sportz,petrol,individual,manual,first owner,350000
2011,45000,17.0,1197.0,80.0,5.0,hyundai,hyundai i20 1.2 sportz,petrol,individual,manual,first owner,300000
2011,30000,20.4,1248.0,91.2,5.0,fiat,fiat linea 1.3 active,diesel,individual,manual,first owner,250000
2006,59000,16.1,796.0,37.0,4.0,maruti,maruti 800 std,petrol,individual,manual,second owner,114999
2018,6200,19.34,1462.0,103.0,7.0,maruti,maruti ertiga vxi petrol,petrol,individual,manual,first owner,700000
2020,120000,21.63,998.0,67.0,5.0,maruti,maruti celerio x zxi,petrol,individual,manual,second owner,250000
2016,70000,20.51,998.0,67.04,5.0,maruti,maruti wagon r lxi bs iv,petrol,individual,manual,first owner,350000
1998,70000,14.0,796.0,35.0,5.0,maruti,maruti omni 5 str std,petrol,individual,manual,first owner,80000
2017,110000,15.4,2523.0,75.0,7.0,mahindra,mahindra scorpio s2 7 seater,diesel,individual,manual,first owner,850000
2004,158000,,,,,hyundai,hyundai santro xing xg,petrol,individual,manual,first owner,70000
2007,93000,18.0,995.0,62.0,5.0,chevrolet,chevrolet spark 1.0 ls,petrol,individual,manual,third owner,90000
2014,110000,13.58,2499.0,72.4,10.0,chevrolet,chevrolet tavera neo 3 10 seats bsiii,diesel,individual,manual,first owner,600000
2007,57000,19.7,796.0,46.3,5.0,maruti,maruti alto lx,petrol,individual,manual,first owner,135000
2005,120000,13.2,1495.0,94.0,5.0,hyundai,hyundai accent gle,petrol,individual,manual,first owner,150000
2009,120000,17.5,1298.0,85.8,5.0,maruti,maruti swift dzire vxi,petrol,individual,manual,first owner,240000
2018,60000,22.1,1396.0,88.7,5.0,hyundai,hyundai creta 1.4 e plus,diesel,individual,manual,first owner,946000
2011,70000,23.03,1396.0,69.0,5.0,tata,tata indigo ecs lx bsiv,diesel,individual,manual,first owner,215000
1999,60000,17.3,993.0,60.0,5.0,maruti,maruti zen lx,petrol,individual,manual,fourth & above owner,50000
2013,100000,25.8,1498.0,98.6,5.0,honda,honda amaze s i-dtech,diesel,individual,manual,first owner,310000
2008,35000,20.36,1197.0,78.9,5.0,hyundai,hyundai i10 magna,petrol,individual,manual,first owner,220000
2008,90000,17.8,1248.0,75.0,5.0,maruti,maruti swift vdi bsiii,diesel,individual,manual,third owner,195000
2015,50000,17.19,1197.0,81.86,5.0,hyundai,hyundai i20 active 1.2 s,petrol,individual,manual,first owner,650000
2011,98000,18.5,1197.0,80.0,5.0,hyundai,hyundai i20 1.2 magna,petrol,individual,manual,first owner,350000
2013,30000,18.5,1197.0,82.85,5.0,hyundai,hyundai i20 asta 1.2,petrol,individual,manual,first owner,360000
2013,50000,16.3,1797.0,147.5,5.0,hyundai,hyundai elantra sx,petrol,individual,manual,second owner,550000
2016,26000,18.9,1197.0,82.0,5.0,hyundai,hyundai grand i10 sportz,petrol,individual,manual,first owner,490000
2011,46000,19.7,796.0,46.3,5.0,maruti,maruti alto lxi,petrol,individual,manual,second owner,195000
2010,80000,19.7,796.0,46.3,5.0,maruti,maruti alto lx,petrol,individual,manual,fourth & above owner,125000
2019,10000,23.84,1199.0,84.0,5.0,tata,tata tiago 1.2 revotron xz,petrol,individual,manual,first owner,459999
2015,16700,22.74,796.0,47.3,5.0,maruti,maruti alto 800 lxi,petrol,individual,manual,first owner,275000
2018,70000,28.4,1248.0,74.02,5.0,maruti,maruti swift dzire vdi,diesel,individual,manual,first owner,680000
2015,7967,20.85,1197.0,83.14,5.0,maruti,maruti swift dzire zxi,petrol,individual,manual,first owner,600000
2018,20000,22.0,1197.0,81.8,5.0,maruti,maruti swift zxi plus,petrol,individual,manual,first owner,720000
2011,50000,,,,,maruti,maruti swift vdi bsiv,diesel,individual,manual,first owner,295000
2016,9656,25.17,799.0,53.3,5.0,renault,renault kwid rxt optional,petrol,individual,manual,first owner,356000
2011,50000,19.81,1086.0,68.05,5.0,hyundai,hyundai i10 era,petrol,individual,manual,first owner,225000
2019,17000,24.4,1498.0,98.63,5.0,ford,ford freestyle titanium diesel bsiv,diesel,individual,manual,first owner,725000
2010,50000,18.0,995.0,62.0,5.0,chevrolet,chevrolet spark 1.0 lt,petrol,individual,manual,first owner,130000
2015,10000,25.17,799.0,53.3,5.0,renault,renault kwid rxt,petrol,individual,manual,first owner,300000
2013,43000,18.5,1197.0,82.85,5.0,hyundai,hyundai i20 sportz 1.2,petrol,individual,manual,second owner,400000
2013,50000,23.5,1396.0,88.7,5.0,hyundai,hyundai verna 1.4 cx,diesel,individual,manual,first owner,550000
2006,90000,18.9,998.0,67.0,5.0,maruti,maruti wagon r primea,petrol,individual,manual,second owner,120000
2012,100000,14.0,2498.0,112.0,8.0,mahindra,mahindra xylo d4 bsiv,diesel,individual,manual,second owner,409999
2010,80000,,1086.0,62.1,5.0,hyundai,hyundai santro xing (non-ac),petrol,individual,manual,second owner,110000
2012,120000,15.96,2523.0,62.1,7.0,mahindra,mahindra bolero 2011-2019 slx,diesel,individual,manual,first owner,450000
2019,5000,21.21,1197.0,81.8,5.0,maruti,maruti swift vxi,petrol,individual,manual,first owner,610000
2016,68609,22.7,1498.0,89.84,5.0,ford,ford ecosport 1.5 dv5 mt trend,diesel,dealer,manual,first owner,515000
2018,33360,22.77,1498.0,98.59,5.0,ford,ford ecosport 1.5 tdci titanium be bsiv,diesel,dealer,manual,first owner,925000
2019,14317,14.23,1498.0,104.55,5.0,nissan,nissan kicks xl bsiv,petrol,dealer,manual,first owner,860000
2012,87237,20.0,1399.0,68.05,5.0,ford,ford figo diesel titanium,diesel,dealer,manual,second owner,225000
2017,62960,25.83,1498.0,99.0,5.0,ford,ford figo 1.5d trend mt,diesel,dealer,manual,first owner,500000
2017,26634,21.21,1197.0,81.8,5.0,maruti,maruti swift dzire amt vxi,petrol,dealer,automatic,first owner,600000
2012,163720,18.5,1399.0,68.0,5.0,ford,ford figo diesel exi option,diesel,dealer,manual,first owner,195000
2012,67998,18.9,998.0,67.1,5.0,maruti,maruti wagon r lxi bs iv,petrol,dealer,manual,first owner,265000
2018,20706,23.8,1499.0,98.63,5.0,ford,ford freestyle trend diesel,diesel,dealer,manual,first owner,650000
2015,100581,25.83,1498.0,99.0,5.0,ford,ford figo aspire 1.5 tdci trend,diesel,dealer,manual,first owner,415000
2015,67303,20.45,1461.0,83.8,5.0,renault,renault duster 85ps diesel rxe adventure,diesel,dealer,manual,first owner,600000
2013,79139,18.5,1197.0,85.8,5.0,maruti,maruti ritz vxi,petrol,dealer,manual,first owner,340000
2014,84784,24.0,1120.0,70.0,5.0,hyundai,hyundai grand i10 crdi sportz,diesel,dealer,manual,first owner,350000
2012,130376,23.2,1248.0,73.94,5.0,maruti,maruti ritz ldi,diesel,dealer,manual,second owner,265000
2017,72000,13.93,2179.0,138.03,7.0,tata,tata safari dicor 2.2 ex 4x2,diesel,individual,manual,first owner,625000
2008,127000,16.8,1493.0,110.0,5.0,hyundai,hyundai verna crdi sx,diesel,individual,manual,second owner,245000
2014,120000,25.2,1248.0,74.0,5.0,maruti,maruti swift vdi bsiv,diesel,individual,manual,first owner,395000
2010,120000,,,,,fiat,fiat punto 1.3 emotion,diesel,individual,manual,second owner,190000
2014,100000,24.4,1120.0,71.0,5.0,hyundai,hyundai xcent 1.1 crdi s,diesel,individual,manual,first owner,490000
2012,148000,,,,,toyota,toyota etios gd,diesel,individual,manual,second owner,450000
2018,40000,24.52,1248.0,88.5,7.0,maruti,maruti ertiga shvs vdi,diesel,individual,manual,first owner,955000
2013,110000,23.4,1248.0,74.0,5.0,maruti,maruti swift dzire vdi,diesel,individual,manual,first owner,525000
2017,30000,20.3,1199.0,84.0,5.0,tata,tata tigor 1.2 revotron xz option,petrol,individual,manual,first owner,550000
2014,120000,19.1,1405.0,70.0,5.0,tata,tata indica vista tdi lx,diesel,individual,manual,second owner,200000
2017,15000,18.16,1196.0,86.8,5.0,ford,ford figo aspire 1.2 ti-vct trend,petrol,individual,manual,first owner,500000
2016,33500,23.65,1248.0,88.5,5.0,maruti,maruti sx4 s cross 2015-2017 ddis 200 zeta,diesel,individual,manual,first owner,825000
2012,70000,17.21,1493.0,100.0,7.0,mahindra,mahindra quanto c6,diesel,individual,manual,first owner,250000
2015,10000,18.16,1197.0,78.8,5.0,toyota,toyota etios cross 1.2l g,petrol,individual,manual,first owner,600000
2018,22053,16.36,2179.0,120.0,7.0,mahindra,mahindra scorpio s7 120,diesel,individual,manual,first owner,1325000
2016,50000,18.49,1493.0,100.0,7.0,mahindra,mahindra tuv 300 t8,diesel,individual,manual,first owner,770000
2011,78432,16.52,1991.0,123.7,5.0,chevrolet,chevrolet optra magnum 2.0 ls,diesel,individual,manual,first owner,415000
2011,125000,14.66,2199.0,194.3,7.0,hyundai,hyundai santa fe 4x4,diesel,individual,manual,second owner,825000
2018,80000,26.1,1498.0,99.23,5.0,ford,ford aspire trend diesel bsiv,diesel,individual,manual,first owner,530000
2006,270000,12.8,2494.0,102.0,8.0,toyota,toyota innova 2.5 v diesel 8-seater,diesel,individual,manual,third owner,425000
2012,50000,19.4,1198.0,86.8,5.0,honda,honda brio v mt,petrol,individual,manual,second owner,310000
2017,20000,23.84,1199.0,84.0,5.0,tata,tata tiago 1.2 revotron xz,petrol,individual,manual,first owner,390000
2016,30000,15.29,1591.0,121.3,5.0,hyundai,hyundai creta 1.6 vtvt e plus,petrol,individual,manual,first owner,700000
2010,70000,19.81,1086.0,68.05,5.0,hyundai,hyundai i10 sportz 1.1l,petrol,individual,manual,second owner,200000
2013,7200,12.99,2494.0,100.6,8.0,toyota,toyota innova 2.5 g (diesel) 8 seater,diesel,individual,manual,first owner,1050000
2014,97000,26.0,1498.0,98.6,5.0,honda,honda city i dtec sv,diesel,individual,manual,first owner,580000
2014,60000,21.1,814.0,55.2,5.0,hyundai,hyundai eon era plus,petrol,individual,manual,second owner,200000
2013,25000,18.2,1199.0,84.8,5.0,chevrolet,chevrolet sail hatchback petrol ls abs,petrol,individual,manual,first owner,245000
2010,94000,20.36,1197.0,78.9,5.0,hyundai,hyundai i10 sportz,petrol,individual,manual,second owner,210000
2005,90000,15.4,1590.0,94.0,5.0,maruti,maruti baleno lxi,petrol,individual,manual,second owner,50000
2012,50000,12.12,2231.0,184.0,7.0,chevrolet,chevrolet captiva 2.2 ltz awd,diesel,individual,automatic,second owner,700000
2019,35000,22.95,1248.0,74.0,5.0,tata,tata bolt quadrajet xe,diesel,individual,manual,first owner,660000
2015,117500,17.4,1497.0,117.3,5.0,honda,honda city i vtec v,petrol,individual,manual,second owner,630000
2012,78500,15.1,2179.0,140.0,7.0,mahindra,mahindra xuv500 w8 2wd,diesel,individual,manual,first owner,950000
2018,8000,18.6,1197.0,81.83,5.0,hyundai,hyundai i20 1.2 asta dual tone,petrol,individual,manual,first owner,740000
2017,25000,18.12,1196.0,86.8,5.0,ford,ford figo aspire 1.2 ti-vct sports edition,petrol,individual,manual,first owner,570000
2012,60000,22.32,1582.0,126.32,5.0,hyundai,hyundai verna 1.6 sx,diesel,individual,manual,third owner,450000
2019,10000,22.5,999.0,67.0,5.0,datsun,datsun redigo 1.0 t option,petrol,individual,manual,first owner,390000
2009,70000,14.2,1597.0,92.0,5.0,ford,ford ikon 1.6 nxt,petrol,individual,manual,second owner,180000
2015,60000,25.4,624.0,37.48,4.0,tata,tata nano lx,petrol,individual,manual,first owner,130000
2006,70000,17.7,1497.0,78.0,5.0,honda,honda city 2017-2020 gxi,petrol,individual,manual,second owner,270000
1997,25000,16.1,796.0,37.0,4.0,maruti,maruti 800 dx,petrol,individual,manual,third owner,60000
2006,90000,13.9,1599.0,103.2,5.0,hyundai,hyundai verna 1.6 xi abs,petrol,individual,manual,third owner,170000
2015,90000,19.67,1582.0,126.2,5.0,hyundai,hyundai creta 1.6 crdi sx,diesel,individual,manual,first owner,978999
2018,25000,23.84,1199.0,84.0,5.0,tata,tata tiago 1.2 revotron xm,petrol,individual,manual,first owner,490000
2012,60000,23.5,1498.0,88.7,5.0,ford,ford fiesta diesel style,diesel,individual,manual,second owner,280000
2018,25000,23.84,1199.0,84.0,5.0,tata,tata tiago 1.2 revotron xm,petrol,individual,manual,first owner,390000
2013,60000,22.74,796.0,47.3,5.0,maruti,maruti alto 800 vxi,petrol,individual,manual,fourth & above owner,170000
2008,70000,18.0,995.0,62.0,5.0,chevrolet,chevrolet spark 1.0,petrol,individual,manual,first owner,45000
2016,80000,24.52,1248.0,88.5,7.0,maruti,maruti ertiga shvs vdi,diesel,individual,manual,second owner,640000
2015,110000,15.4,2523.0,75.0,9.0,mahindra,mahindra scorpio s2 9 seater,diesel,individual,manual,second owner,650000
2013,115717,12.05,2179.0,120.0,9.0,mahindra,mahindra scorpio lx,diesel,individual,manual,first owner,500000
2008,110000,17.7,1399.0,68.0,5.0,ford,ford fusion plus 1.4 tdci diesel,diesel,individual,manual,second owner,90000
2014,70000,15.05,2179.0,147.9,7.0,tata,tata aria pure lx 4x2,diesel,individual,manual,second owner,480000
2019,4000,21.21,1197.0,81.8,5.0,maruti,maruti swift vxi,petrol,individual,manual,first owner,630000
2011,50000,20.36,1197.0,78.9,5.0,hyundai,hyundai i10 sportz,petrol,individual,manual,first owner,250000
2016,70000,18.9,1197.0,82.0,5.0,hyundai,hyundai grand i10 sportz,petrol,individual,manual,fourth & above owner,330000
2009,70000,20.36,1197.0,78.9,5.0,hyundai,hyundai i10 magna,petrol,individual,manual,second owner,180000
2010,50000,18.5,1197.0,80.0,5.0,hyundai,hyundai i20 magna,petrol,individual,manual,second owner,210000
2016,55000,26.59,1248.0,74.0,5.0,maruti,maruti swift dzire zdi,diesel,individual,manual,first owner,550000
2020,5000,17.0,1198.0,108.5,5.0,tata,tata nexon 1.2 revotron xza plus,petrol,individual,automatic,first owner,950000
2013,100000,15.96,2523.0,62.1,7.0,mahindra,mahindra bolero 2011-2019 zlx,diesel,individual,manual,second owner,430000
2014,23000,20.36,1197.0,78.9,5.0,hyundai,hyundai i10 sportz,petrol,individual,manual,second owner,348000
2014,60000,22.74,796.0,47.3,5.0,maruti,maruti alto 800 lx,petrol,individual,manual,second owner,196000
2010,70000,18.9,1061.0,67.0,5.0,maruti,maruti wagon r lxi minor,petrol,individual,manual,second owner,150000
2005,82000,,,,,hyundai,hyundai santro xing xs erlx euro iii,petrol,individual,manual,fourth & above owner,90000
2009,60000,18.9,1061.0,67.0,5.0,maruti,maruti wagon r lxi minor,petrol,individual,manual,second owner,150000
2019,100000,14.1,2179.0,153.86,7.0,tata,tata safari storme vx varicor 400,diesel,individual,manual,first owner,1250000
2015,90000,20.77,1248.0,88.76,7.0,maruti,maruti ertiga vdi,diesel,individual,manual,third owner,600000
2010,26432,25.4,624.0,37.48,4.0,tata,tata nano lx bsiv,petrol,dealer,manual,first owner,65000
2016,46702,16.8,796.0,34.2,8.0,maruti,maruti omni e 8 str std,petrol,dealer,manual,first owner,220000
2016,46706,16.8,796.0,34.2,8.0,maruti,maruti omni e 8 str std,petrol,dealer,manual,first owner,220000
2006,53523,16.84,1193.0,64.4,5.0,tata,tata indica v2 exeta gls,petrol,dealer,manual,first owner,110000
2012,56365,25.44,936.0,56.3,5.0,chevrolet,chevrolet beat diesel lt,diesel,dealer,manual,first owner,175000
2011,49563,16.2,995.0,62.1,5.0,chevrolet,chevrolet spark 1.0 lt,petrol,dealer,manual,first owner,160000
2004,56432,16.1,796.0,37.0,4.0,maruti,maruti 800 std bsiii,petrol,dealer,manual,first owner,65000
2002,52365,16.1,796.0,37.0,4.0,maruti,maruti 800 ac,petrol,dealer,manual,second owner,60000
2007,53512,19.7,796.0,46.3,5.0,maruti,maruti alto lxi bsiii,petrol,dealer,manual,second owner,120000
2005,53563,,,,,hyundai,hyundai santro xing xg,petrol,dealer,manual,second owner,110000
2013,40000,11.18,2696.0,184.0,7.0,mahindra,mahindra ssangyong rexton rx7,diesel,individual,automatic,first owner,1000000
2010,46533,18.9,998.0,67.1,5.0,maruti,maruti wagon r lxi bs iv,petrol,dealer,manual,first owner,220000
2005,59635,,,,,maruti,maruti omni e 8 str std,petrol,dealer,manual,second owner,105000
2008,58632,14.0,796.0,35.0,5.0,maruti,maruti omni 8 seater bsiv,petrol,dealer,manual,second owner,114999
2008,58632,,,,,maruti,maruti omni lpg std bsiv,lpg,dealer,manual,second owner,110000
2016,80000,16.0,2179.0,140.0,7.0,mahindra,mahindra xuv500 at w6 2wd,diesel,individual,automatic,second owner,850000
2016,70000,24.52,1248.0,88.5,7.0,maruti,maruti ertiga shvs vdi,diesel,individual,manual,first owner,750000
2017,90000,23.01,999.0,67.0,5.0,renault,renault kwid 1.0 rxt optional,petrol,individual,manual,first owner,265000
2014,110000,14.09,1596.0,99.6,5.0,ford,ford classic 1.6 duratec titanium,petrol,individual,manual,second owner,450000
2013,90000,17.21,1493.0,100.0,7.0,mahindra,mahindra quanto c6,diesel,individual,manual,first owner,225000
2015,70000,15.4,2179.0,120.0,7.0,mahindra,mahindra scorpio s10 7 seater,diesel,individual,manual,first owner,1125000
2009,80000,16.6,1197.0,85.0,5.0,maruti,maruti swift vxi with abs,petrol,individual,manual,first owner,270000
2007,78000,19.7,796.0,46.3,5.0,maruti,maruti alto lx,petrol,individual,manual,first owner,130000
2017,45000,16.5,1493.0,70.0,7.0,mahindra,mahindra bolero power plus sle,diesel,individual,manual,first owner,660000
2015,50000,23.95,998.0,67.05,5.0,maruti,maruti alto k10 vxi,petrol,individual,manual,second owner,240000
2017,58000,24.7,796.0,47.3,5.0,maruti,maruti alto 800 lxi,petrol,individual,manual,first owner,275000
2012,120000,12.8,2494.0,102.0,8.0,toyota,toyota innova 2.5 vx 8 str bsiv,diesel,individual,manual,first owner,750000
2007,30000,14.7,1150.0,76.0,5.0,chevrolet,chevrolet aveo u-va 1.2,petrol,individual,manual,second owner,65000
2017,162000,14.1,2179.0,147.94,7.0,tata,tata safari storme ex,diesel,individual,manual,first owner,850000
2016,50000,26.6,998.0,58.16,5.0,maruti,maruti wagon r lxi cng,cng,individual,manual,second owner,300000
2018,25000,18.6,1197.0,81.83,5.0,hyundai,hyundai i20 1.2 magna executive,petrol,individual,manual,second owner,555000
2015,60000,15.4,1997.0,120.0,7.0,mahindra,mahindra scorpio 1.99 s6 plus,diesel,individual,manual,first owner,825000
2010,70000,13.45,1086.0,62.1,5.0,hyundai,hyundai santro xing gls lpg,lpg,individual,manual,third owner,150000
2009,138000,19.3,1248.0,73.9,5.0,maruti,maruti swift dzire vdi,diesel,individual,manual,second owner,185000
2010,70000,20.36,1197.0,78.9,5.0,hyundai,hyundai i10 magna,petrol,individual,manual,second owner,180000
2010,48000,19.7,796.0,46.3,5.0,maruti,maruti alto lxi,petrol,individual,manual,second owner,160000
2012,110000,11.4,2953.0,153.86,7.0,ford,ford endeavour 3.0l 4x2 at,diesel,individual,automatic,first owner,500000
2014,88000,25.2,1248.0,74.0,5.0,maruti,maruti swift vdi bsiv,diesel,individual,manual,second owner,375000
2015,68000,12.99,2494.0,100.6,7.0,toyota,toyota innova 2.5 gx (diesel) 7 seater,diesel,individual,manual,first owner,900000
2017,70000,18.9,1197.0,82.0,5.0,hyundai,hyundai grand i10 sportz,petrol,individual,manual,first owner,459999
2014,80000,20.45,1461.0,83.8,5.0,renault,renault duster 85ps diesel rxl,diesel,individual,manual,first owner,480000
2013,100000,22.9,1248.0,74.0,5.0,maruti,maruti swift vdi,diesel,individual,manual,third owner,320000
2013,96000,22.9,1248.0,74.0,5.0,maruti,maruti swift vdi,diesel,individual,manual,second owner,370000
2005,123219,,,,,hyundai,hyundai santro xing base,petrol,individual,manual,third owner,80000
2002,30000,17.3,993.0,60.0,5.0,maruti,maruti zen lx,petrol,individual,manual,third owner,75000
2016,60000,23.2,1248.0,73.94,5.0,maruti,maruti ritz ldi,diesel,individual,manual,third owner,400000
2005,90000,,,,,honda,honda city 1.5 gxi cvt,petrol,individual,automatic,second owner,250000
2014,65000,25.2,1248.0,74.0,5.0,maruti,maruti swift vdi bsiv,diesel,individual,manual,first owner,425000
2014,48000,23.1,998.0,67.04,5.0,maruti,maruti celerio zxi,petrol,individual,manual,first owner,325000
2016,65300,18.9,1197.0,82.0,5.0,hyundai,hyundai grand i10 magna,petrol,individual,manual,second owner,350000
2018,40000,18.6,1197.0,81.83,5.0,hyundai,hyundai i20 1.2 asta dual tone,petrol,individual,manual,first owner,600000
2012,60000,25.44,936.0,57.6,5.0,chevrolet,chevrolet beat diesel,diesel,individual,manual,second owner,120000
2012,70000,20.92,998.0,67.1,5.0,maruti,maruti alto k10 2010-2014 vxi,petrol,individual,manual,second owner,200000
2008,70000,19.7,796.0,46.3,5.0,maruti,maruti alto lxi bsiii,petrol,individual,manual,third owner,100000
2014,70000,24.0,1120.0,70.0,5.0,hyundai,hyundai grand i10 crdi asta,diesel,individual,manual,second owner,350000
2006,150000,19.7,796.0,46.3,5.0,maruti,maruti alto lxi,petrol,individual,manual,second owner,85000
2019,10000,23.95,998.0,67.05,5.0,maruti,maruti alto k10 vxi optional,petrol,individual,manual,first owner,399000
2014,56000,22.32,1582.0,126.3,5.0,hyundai,hyundai verna 1.6 crdi,diesel,individual,manual,first owner,580000
2017,30000,22.7,799.0,53.64,5.0,datsun,datsun redigo t option,petrol,individual,manual,first owner,290000
2014,50000,18.9,1197.0,82.0,5.0,hyundai,hyundai grand i10 magna,petrol,individual,manual,second owner,380000
2010,120000,20.0,1399.0,68.0,5.0,ford,ford figo diesel exi,diesel,individual,manual,first owner,200000
2018,40000,26.6,998.0,58.16,5.0,maruti,maruti wagon r lxi cng,cng,individual,manual,first owner,390000
2017,27500,18.9,1197.0,81.86,5.0,hyundai,hyundai grand i10 1.2 kappa asta,petrol,individual,manual,first owner,500000
2012,73000,20.77,1248.0,88.76,7.0,maruti,maruti ertiga vdi,diesel,individual,manual,first owner,520000
2017,75000,26.59,1248.0,74.0,5.0,maruti,maruti swift dzire vdi,diesel,individual,manual,first owner,650000
2018,5000,23.01,999.0,67.0,5.0,renault,renault kwid climber 1.0 mt,petrol,individual,manual,first owner,380000
2010,50000,26.2,998.0,58.2,5.0,maruti,maruti wagon r lxi lpg bsiv,lpg,individual,manual,first owner,275000
2015,70000,26.59,1248.0,74.0,5.0,maruti,maruti swift dzire vdi,diesel,individual,manual,first owner,520000
2015,60000,26.59,1248.0,74.0,5.0,maruti,maruti swift dzire vdi,diesel,individual,manual,first owner,610000
2004,110000,18.9,998.0,67.1,5.0,maruti,maruti wagon r lxi,petrol,individual,manual,first owner,85000
2013,95000,20.46,1461.0,83.8,5.0,renault,renault duster 85ps diesel rxl optional,diesel,individual,manual,first owner,490000
2015,34000,21.1,814.0,55.2,5.0,hyundai,hyundai eon era plus,petrol,individual,manual,second owner,229999
2015,25000,18.9,1197.0,82.0,5.0,hyundai,hyundai grand i10 sportz,petrol,individual,manual,first owner,411000
2019,120000,21.94,1196.0,61.7,5.0,maruti,maruti eeco cng 5 seater ac bsiv,cng,individual,manual,second owner,362000
2014,31000,23.59,1364.0,67.06,5.0,toyota,toyota etios cross 1.4l gd,diesel,individual,manual,first owner,550000
2018,70000,26.6,998.0,58.16,5.0,maruti,maruti wagon r lxi cng,cng,individual,manual,first owner,459999
2011,47000,18.5,1197.0,85.8,5.0,maruti,maruti ritz vxi (abs) bs iv,petrol,individual,manual,first owner,190000
2019,5000,20.3,1086.0,68.0,5.0,hyundai,hyundai santro magna amt bsiv,petrol,individual,automatic,first owner,499000
2018,44000,15.37,1196.0,73.0,7.0,maruti,maruti eeco 7 seater standard bsiv,petrol,individual,manual,first owner,358000
2012,120000,23.59,1364.0,67.1,5.0,toyota,toyota etios diesel trd sportivo,diesel,individual,manual,second owner,278000
2014,39395,21.2,1248.0,75.0,5.0,fiat,fiat grande punto evo 1.3 active,diesel,individual,manual,first owner,320000
2013,67000,20.4,1461.0,108.5,5.0,renault,renault fluence 1.5,diesel,individual,manual,second owner,580000
2019,20000,17.4,1497.0,117.6,5.0,honda,honda city vx cvt,petrol,individual,automatic,first owner,1300000
2018,40000,25.8,1498.0,98.6,5.0,honda,honda amaze vx i-dtec,diesel,individual,manual,first owner,825000
2004,120000,13.4,1794.0,125.0,5.0,toyota,toyota corolla ae,petrol,individual,manual,second owner,170000
2014,80000,12.55,2982.0,168.5,7.0,toyota,toyota fortuner 4x4 mt,diesel,individual,manual,second owner,1700000
2018,7000,20.3,1086.0,68.0,5.0,hyundai,hyundai santro sportz bsiv,petrol,individual,manual,first owner,490000
2018,15000,16.0,2179.0,140.0,7.0,mahindra,mahindra xuv500 w4,diesel,individual,manual,first owner,1050000
2016,50000,18.6,1199.0,76.8,5.0,chevrolet,chevrolet beat lt,petrol,individual,manual,first owner,210000
2016,30000,15.4,2179.0,120.0,7.0,mahindra,mahindra scorpio intelli hybrid s10,diesel,individual,manual,first owner,1250000
2012,120000,22.9,1248.0,74.0,5.0,maruti,maruti swift vdi,diesel,individual,manual,second owner,320000
2012,64000,16.52,1991.0,123.7,5.0,chevrolet,chevrolet optra magnum 2.0 lt,diesel,individual,manual,first owner,400000
2013,120000,23.2,1248.0,73.94,5.0,maruti,maruti ritz vdi,diesel,individual,manual,first owner,320000
2012,85000,21.43,1364.0,87.2,5.0,toyota,toyota corolla altis diesel d4dg,diesel,individual,manual,first owner,600000
2012,50000,20.92,998.0,67.1,5.0,maruti,maruti alto k10 2010-2014 vxi,petrol,individual,manual,first owner,275000
2009,59000,19.7,796.0,46.3,5.0,maruti,maruti alto lxi,petrol,individual,manual,second owner,170000
2012,98000,25.44,936.0,57.6,5.0,chevrolet,chevrolet beat diesel lt,diesel,individual,manual,first owner,155000
2012,70000,,,,,tata,tata indica vista quadrajet ls,diesel,individual,manual,first owner,240000
2011,120000,,,,,maruti,maruti swift vdi bsiv,diesel,individual,manual,second owner,320000
2015,140000,20.45,1461.0,83.8,5.0,renault,renault duster 85ps diesel rxl plus,diesel,individual,manual,second owner,620000
2017,50000,18.9,1197.0,81.86,5.0,hyundai,hyundai grand i10 1.2 kappa sportz option,petrol,individual,manual,first owner,530000
2015,40000,23.59,1364.0,67.04,5.0,toyota,toyota etios liva vd,diesel,individual,manual,first owner,550000
2014,90000,26.0,1498.0,98.6,5.0,honda,honda city i dtec sv,diesel,individual,manual,first owner,600000
2014,117000,15.1,2179.0,140.0,7.0,mahindra,mahindra xuv500 w4,diesel,individual,manual,third owner,649000
2014,90000,26.0,1498.0,98.6,5.0,honda,honda city i dtec sv,diesel,individual,manual,first owner,625000
2010,70000,16.0,995.0,63.0,5.0,chevrolet,chevrolet spark 1.0 ps,petrol,individual,manual,first owner,125000
2009,230000,13.58,2499.0,72.4,9.0,chevrolet,chevrolet tavera neo 3 ls 9 str bsiii,diesel,individual,manual,second owner,305000
2010,155000,15.5,1586.0,103.3,5.0,maruti,maruti sx4 zxi mt bsiv leather,petrol,individual,manual,second owner,285000
2015,60000,13.49,2179.0,138.03,5.0,tata,tata xenon xt ex 4x4,diesel,individual,manual,second owner,600000
2016,110000,18.15,1198.0,82.0,6.0,mahindra,mahindra kuv 100 mfalcon g80 k8,petrol,individual,manual,first owner,426000
2010,120000,17.0,1405.0,71.0,5.0,tata,tata indica vista terra 1.4 tdi,diesel,individual,manual,first owner,180000
2011,100000,22.32,1582.0,126.32,5.0,hyundai,hyundai verna 1.6 vgt crdi,diesel,individual,manual,second owner,400000
2010,40000,18.6,1199.0,79.4,5.0,chevrolet,chevrolet beat ls,petrol,individual,manual,second owner,120000
2012,110000,21.12,1248.0,88.8,5.0,tata,tata manza aura (abs) quadrajet bs iv,diesel,individual,manual,second owner,300000
2011,92500,20.92,998.0,67.1,5.0,maruti,maruti alto k10 2010-2014 vxi,petrol,individual,manual,second owner,190000
2017,20000,24.7,796.0,47.3,5.0,maruti,maruti alto 800 lxi,petrol,individual,manual,first owner,310000
2019,15000,25.17,799.0,53.3,5.0,renault,renault kwid rxl,petrol,individual,manual,first owner,380000
2019,14000,16.5,1493.0,70.0,7.0,mahindra,mahindra bolero power plus zlx,diesel,individual,manual,first owner,740000
2016,35000,22.7,799.0,53.64,5.0,datsun,datsun redigo t option,petrol,individual,manual,first owner,260000
2017,32000,23.95,998.0,67.05,5.0,maruti,maruti alto k10 vxi,petrol,individual,manual,second owner,320000
2013,90000,26.6,998.0,58.16,5.0,maruti,maruti wagon r lxi cng,cng,individual,manual,first owner,211000
2018,35000,22.0,1197.0,81.8,5.0,maruti,maruti swift dzire vxi 1.2 bs iv,petrol,individual,manual,first owner,650000
2017,32500,28.4,1248.0,74.02,5.0,maruti,maruti swift dzire vdi,diesel,individual,manual,second owner,651000
2019,14000,23.95,998.0,67.05,5.0,maruti,maruti alto k10 vxi ags,petrol,individual,automatic,first owner,380000
2014,70000,25.44,936.0,56.3,5.0,chevrolet,chevrolet beat diesel lt,diesel,individual,manual,third owner,160000
2019,20000,17.0,1591.0,121.3,5.0,hyundai,hyundai verna vtvt 1.6 at sx option,petrol,individual,automatic,first owner,1270000
2011,300000,26.2,998.0,58.2,5.0,maruti,maruti wagon r duo lxi,lpg,individual,manual,first owner,300000
2015,100000,25.2,1248.0,74.0,5.0,maruti,maruti swift vdi optional,diesel,individual,manual,first owner,405000
2015,64800,15.1,2179.0,140.0,7.0,mahindra,mahindra xuv500 w8 2wd,diesel,individual,manual,first owner,850000
2017,90000,16.5,1493.0,70.0,7.0,mahindra,mahindra bolero power plus zlx,diesel,individual,manual,first owner,680000
2014,80000,19.1,1197.0,82.0,5.0,hyundai,hyundai xcent 1.2 kappa sx option,petrol,individual,manual,first owner,426999
2015,248000,24.8,1396.0,88.7,5.0,hyundai,hyundai verna 1.4 crdi,diesel,individual,manual,first owner,525000
2014,60000,12.99,2494.0,100.6,7.0,toyota,toyota innova 2.5 vx (diesel) 7 seater,diesel,individual,manual,second owner,1019999
2005,120000,12.8,2494.0,102.0,8.0,toyota,toyota innova 2.5 g2,diesel,individual,manual,first owner,245000
2015,120000,22.7,1582.0,126.2,5.0,hyundai,hyundai elantra crdi sx,diesel,individual,manual,first owner,869999
2010,66444,26.2,998.0,58.2,5.0,maruti,maruti wagon r duo lxi,lpg,individual,manual,first owner,160000
2016,86000,24.3,1248.0,88.5,5.0,maruti,maruti vitara brezza vdi option,diesel,individual,manual,first owner,700000
2012,90000,21.64,1461.0,84.8,5.0,nissan,nissan sunny diesel xv,diesel,individual,manual,first owner,300000
2007,218463,12.9,1799.0,130.0,5.0,honda,honda civic 1.8 s at,petrol,individual,automatic,first owner,175000
2012,153000,12.8,2494.0,102.0,8.0,toyota,toyota innova 2.5 vx 8 str,diesel,individual,manual,first owner,960000
2014,70000,16.55,2498.0,105.0,6.0,mahindra,mahindra thar crde ac,diesel,individual,manual,second owner,525000
2015,60000,24.0,1120.0,70.0,5.0,hyundai,hyundai grand i10 crdi sportz,diesel,individual,manual,first owner,345000
2015,50000,18.0,1198.0,86.7,5.0,honda,honda amaze s i-vtech,petrol,individual,manual,first owner,390000
2015,20000,20.63,1198.0,67.0,5.0,datsun,datsun go t option bsiv,petrol,individual,manual,first owner,275000
2014,35000,18.2,1199.0,82.4,5.0,chevrolet,chevrolet sail 1.2 ls abs,petrol,individual,manual,first owner,310000
2017,20000,18.9,1197.0,81.86,5.0,hyundai,hyundai grand i10 1.2 kappa sportz dual tone,petrol,individual,manual,first owner,500000
2013,70000,22.1,1248.0,76.9,5.0,chevrolet,chevrolet sail hatchback lt abs,diesel,individual,manual,first owner,200000
2018,53000,20.14,1498.0,88.0,5.0,volkswagen,volkswagen polo 2015-2019 1.5 tdi highline plus,diesel,individual,manual,first owner,650000
2018,60000,25.6,1498.0,97.9,5.0,honda,honda city i-dtec vx,diesel,individual,manual,first owner,1031000
2018,70000,20.3,998.0,68.05,5.0,hyundai,hyundai eon 1.0 era plus,petrol,individual,manual,first owner,330000
2019,4000,20.3,1086.0,68.0,5.0,hyundai,hyundai santro era,petrol,individual,manual,first owner,399000
2012,103000,20.36,1197.0,78.9,5.0,hyundai,hyundai i10 magna,petrol,individual,manual,first owner,250000
2017,20000,24.0,1186.0,73.97,5.0,hyundai,hyundai grand i10 1.2 crdi sportz option,diesel,individual,manual,first owner,600000
2013,77000,22.9,1248.0,74.0,5.0,maruti,maruti swift vdi,diesel,individual,manual,first owner,375000
2012,90000,20.54,1598.0,103.6,5.0,volkswagen,volkswagen vento diesel highline,diesel,individual,manual,first owner,375000
2013,87185,22.32,1582.0,126.3,5.0,hyundai,hyundai verna 1.6 crdi ex mt,diesel,individual,manual,second owner,445000
2003,167000,18.9,998.0,67.1,5.0,maruti,maruti wagon r lxi,petrol,individual,manual,second owner,55000
2016,77000,22.54,1396.0,88.73,5.0,hyundai,hyundai i20 2015-2017 asta 1.4 crdi,diesel,individual,manual,first owner,611000
2014,110000,24.8,1396.0,88.7,5.0,hyundai,hyundai verna 1.4 crdi,diesel,individual,manual,second owner,459999
2011,120000,17.8,1399.0,68.0,5.0,ford,ford fiesta exi 1.4 tdci ltd,diesel,individual,manual,second owner,275000
2011,170000,11.88,1086.0,62.1,5.0,hyundai,hyundai santro xing gls cng,cng,individual,manual,first owner,185000
2012,100000,22.32,1582.0,126.32,5.0,hyundai,hyundai verna 1.6 sx,diesel,individual,manual,second owner,390000
2007,40000,18.0,995.0,62.0,5.0,chevrolet,chevrolet spark 1.0 lt,petrol,individual,manual,second owner,72000
2007,50000,17.88,1396.0,52.8,5.0,tata,tata indica v2 dl bsiii,diesel,individual,manual,first owner,90000
2015,125000,23.59,1364.0,67.05,5.0,toyota,toyota etios gd,diesel,individual,manual,first owner,500000
2011,137000,26.2,998.0,58.2,5.0,maruti,maruti wagon r lxi cng,cng,individual,manual,first owner,200000
2019,18000,15.1,2179.0,152.87,7.0,mahindra,mahindra xuv500 w9 bsiv,diesel,individual,manual,first owner,1575000
2015,30000,18.9,1197.0,82.0,5.0,hyundai,hyundai grand i10 sportz,petrol,individual,manual,first owner,511000
2009,55000,14.6,1368.0,88.7,5.0,fiat,fiat grande punto 1.4 emotion,petrol,individual,manual,first owner,150000
2020,40000,10.75,2694.0,163.7,8.0,toyota,toyota innova crysta 2.7 gx at 8 str,petrol,individual,automatic,first owner,1500000
2013,80000,22.74,796.0,47.3,5.0,maruti,maruti alto 800 lxi,petrol,individual,manual,second owner,185000
2018,30000,21.4,1197.0,83.1,5.0,maruti,maruti baleno delta 1.2,petrol,individual,manual,first owner,550000
2017,3564,23.95,998.0,67.05,5.0,maruti,maruti alto k10 vxi,petrol,individual,manual,first owner,325000
2015,80000,26.59,1248.0,74.0,5.0,maruti,maruti swift dzire vdi optional,diesel,individual,manual,first owner,525000
2018,13000,17.0,2200.0,139.01,7.0,force,force one sx abs 7 seating,diesel,individual,manual,first owner,1050000
2012,120000,25.0,1396.0,69.0,5.0,tata,tata indigo cs evx,diesel,individual,manual,first owner,300000
2011,90000,18.6,1199.0,79.4,5.0,chevrolet,chevrolet beat lt,petrol,individual,manual,first owner,120000
2011,50000,17.92,1086.0,62.1,5.0,hyundai,hyundai santro xing gls,petrol,individual,manual,third owner,170000
2010,42000,23.03,1396.0,69.0,5.0,tata,tata indigo cs elx bs iv,diesel,individual,manual,first owner,320000
2016,17000,23.1,998.0,67.04,5.0,maruti,maruti celerio zxi at,petrol,individual,automatic,first owner,350000
2018,40000,22.0,1197.0,81.8,5.0,maruti,maruti swift amt vxi,petrol,individual,automatic,first owner,500000
2009,137000,17.0,1405.0,70.0,5.0,tata,tata indigo ls,diesel,individual,manual,second owner,135000
2018,20000,25.17,799.0,53.3,5.0,renault,renault kwid rxl,petrol,individual,manual,first owner,340000
2020,70000,18.9,1197.0,81.86,5.0,hyundai,hyundai grand i10 sportz,petrol,individual,manual,second owner,330000
2011,48756,15.5,1586.0,103.3,5.0,maruti,maruti sx4 vxi bsiv,petrol,individual,manual,second owner,350000
2015,30000,12.55,2982.0,168.5,7.0,toyota,toyota fortuner 4x2 at,diesel,individual,automatic,second owner,1850000
2016,110000,24.4,1120.0,71.0,5.0,hyundai,hyundai xcent 1.1 crdi sx,diesel,individual,manual,first owner,400000
2014,80322,17.8,1399.0,67.0,5.0,ford,ford fiesta classic 1.4 duratorq clxi,diesel,dealer,manual,first owner,325000
2015,35000,15.4,1997.0,120.0,7.0,mahindra,mahindra scorpio 1.99 s4,diesel,individual,manual,first owner,1000000
2012,70000,21.5,1248.0,88.8,5.0,maruti,maruti sx4 zdi leather,diesel,individual,manual,second owner,350000
2012,90000,,,,,toyota,toyota etios gd,diesel,individual,manual,first owner,500000
2015,120000,24.5,1498.0,98.6,7.0,honda,honda mobilio rs i dtec,diesel,individual,manual,second owner,550000
2015,60000,14.0,2179.0,138.1,7.0,tata,tata safari storme vx,diesel,individual,manual,first owner,925000
2010,97000,11.79,2179.0,120.0,8.0,mahindra,mahindra scorpio vlx at airbag bsiv,diesel,individual,automatic,second owner,509999
2011,100000,13.0,2489.0,95.0,8.0,mahindra,mahindra xylo d2,diesel,individual,manual,second owner,250000
2015,36000,17.19,1197.0,81.86,5.0,hyundai,hyundai i20 active 1.2 sx,petrol,individual,manual,first owner,500000
2019,27000,21.38,1396.0,88.7,5.0,hyundai,hyundai creta 1.4 crdi s,diesel,individual,manual,first owner,1050000
2014,50000,23.4,1248.0,74.0,5.0,maruti,maruti swift dzire vdi,diesel,individual,manual,first owner,490000
2020,15000,15.37,1196.0,73.0,5.0,maruti,maruti eeco 5 seater ac bsiv,petrol,individual,manual,first owner,415000
2013,60000,22.74,796.0,47.3,5.0,maruti,maruti alto 800 lxi anniversary edition,petrol,individual,manual,second owner,190000
2018,120000,28.4,1248.0,74.02,5.0,maruti,maruti swift dzire vdi,diesel,individual,manual,first owner,680000
2013,60000,22.74,796.0,47.3,5.0,maruti,maruti alto 800 lxi airbag,petrol,individual,manual,second owner,190000
2013,173000,12.05,2179.0,120.0,7.0,mahindra,mahindra scorpio 2009-2014 sle 7s bsiv,diesel,individual,manual,first owner,479000
2016,60000,22.74,796.0,47.3,5.0,maruti,maruti alto 800 lxi,petrol,individual,manual,second owner,270000
2008,70000,19.81,1086.0,68.05,5.0,hyundai,hyundai i10 era,petrol,individual,manual,third owner,170000
2018,25000,20.73,1373.0,91.1,5.0,maruti,maruti ciaz 1.4 alpha,petrol,individual,manual,first owner,764000
2019,30000,15.96,2523.0,62.1,7.0,mahindra,mahindra bolero 2011-2019 sle,diesel,individual,manual,first owner,710000
2017,35000,24.7,796.0,47.3,5.0,maruti,maruti alto 800 vxi,petrol,individual,manual,first owner,310000
2017,100000,16.5,1493.0,70.0,7.0,mahindra,mahindra bolero power plus slx,diesel,individual,manual,second owner,620000
2017,31000,21.1,814.0,55.2,5.0,hyundai,hyundai eon sportz,petrol,individual,manual,second owner,280000
2015,80000,12.55,2982.0,168.5,7.0,toyota,toyota fortuner 4x2 at,diesel,individual,automatic,second owner,1500000
2016,40000,18.9,1197.0,82.0,5.0,hyundai,hyundai grand i10 asta option,petrol,individual,manual,first owner,450000
2017,10000,17.9,2143.0,136.0,5.0,mercedes-benz,mercedes-benz gla class 200 d sport edition,diesel,individual,automatic,second owner,2199000
2013,50000,11.74,2987.0,254.8,5.0,mercedes-benz,mercedes-benz m-class ml 350 cdi,diesel,individual,automatic,first owner,3600000
2008,60000,15.3,1596.0,99.6,5.0,ford,ford fiesta classic 1.6 sxi duratec,petrol,individual,manual,second owner,285000
2007,210000,12.8,2494.0,102.0,8.0,toyota,toyota innova 2.5 g (diesel) 8 seater bs iv,diesel,individual,manual,second owner,465000
2009,60000,16.07,1995.0,181.0,5.0,bmw,bmw 3 series 320d highline,diesel,individual,automatic,second owner,1100000
2011,110000,20.54,1598.0,103.6,5.0,volkswagen,volkswagen vento diesel highline,diesel,individual,manual,second owner,350000
2017,35000,17.5,1373.0,91.1,7.0,maruti,maruti ertiga bsiv lxi,petrol,individual,manual,first owner,600000
2017,35000,21.4,1197.0,83.1,5.0,maruti,maruti baleno delta 1.2,petrol,individual,manual,first owner,570000
2016,20000,23.95,998.0,67.05,5.0,maruti,maruti alto k10 vxi,petrol,individual,manual,first owner,325000
2016,54000,16.0,1997.0,140.0,7.0,mahindra,mahindra xuv500 at w6 1.99 mhawk,diesel,individual,automatic,first owner,975000
2015,60000,18.6,1197.0,81.83,5.0,hyundai,hyundai i20 2015-2017 sportz option 1.2,petrol,individual,manual,first owner,480000
2014,10300,22.74,796.0,47.3,5.0,maruti,maruti alto 800 base,petrol,individual,manual,first owner,185000
2015,50000,17.01,1582.0,126.2,5.0,hyundai,hyundai creta 1.6 crdi at sx plus,diesel,individual,automatic,first owner,1050000
2019,3000,21.01,1197.0,81.8,5.0,maruti,maruti baleno alpha,petrol,individual,manual,first owner,760000
2019,5000,18.78,999.0,75.0,5.0,volkswagen,volkswagen polo 2015-2019 1.0 mpi trendline,petrol,individual,manual,first owner,570000
2006,145000,,,,,ford,ford fiesta 1.6 sxi abs duratec,petrol,individual,manual,first owner,130000
2018,13000,21.4,1197.0,83.1,5.0,maruti,maruti baleno alpha 1.2,petrol,individual,manual,first owner,700000
2015,30000,15.63,1499.0,110.4,5.0,ford,ford ecosport 1.5 ti vct at titanium bsiv,petrol,individual,automatic,first owner,775000
2007,60000,14.49,2993.0,258.0,5.0,bmw,bmw 7 series 730ld,diesel,individual,automatic,second owner,750000
2010,100000,18.0,995.0,62.0,5.0,chevrolet,chevrolet spark 1.0 ls,petrol,individual,manual,second owner,140000
2016,40000,22.74,796.0,47.3,5.0,maruti,maruti alto 800 base,petrol,individual,manual,first owner,220000
2013,15000,,1086.0,62.1,5.0,hyundai,hyundai santro xing (non-ac),petrol,individual,manual,first owner,184000
2002,275000,,,,,toyota,toyota qualis gs g1,diesel,individual,manual,fourth & above owner,210000
2017,50000,18.6,1197.0,81.83,5.0,hyundai,hyundai i20 2015-2017 sportz 1.2,petrol,individual,manual,second owner,440000
2017,80000,21.19,1396.0,88.73,5.0,hyundai,hyundai i20 active 1.4 sx,diesel,individual,manual,first owner,650000
2017,50000,18.49,1493.0,100.0,7.0,mahindra,mahindra tuv 300 t8 amt,diesel,individual,automatic,first owner,660000
2017,30000,21.94,1196.0,61.7,5.0,maruti,maruti eeco cng 5 seater ac bsiv,cng,individual,manual,first owner,380000
2012,125000,21.43,1364.0,87.2,5.0,toyota,toyota corolla altis diesel d4dg,diesel,individual,manual,second owner,415000
2012,110000,19.81,1086.0,68.05,5.0,hyundai,hyundai i10 magna 1.1l,petrol,individual,manual,first owner,225000
2013,30000,20.77,1248.0,88.76,7.0,maruti,maruti ertiga vdi,diesel,individual,manual,second owner,600000
2014,148000,20.77,1248.0,88.8,7.0,maruti,maruti ertiga zdi,diesel,individual,manual,second owner,620000
2016,35000,18.49,1493.0,100.0,7.0,mahindra,mahindra tuv 300 t6 plus,diesel,individual,manual,first owner,750000
2016,80000,18.9,1197.0,82.0,5.0,hyundai,hyundai grand i10 magna,petrol,individual,manual,second owner,400000
2005,110000,18.9,998.0,67.1,5.0,maruti,maruti wagon r lx,petrol,individual,manual,first owner,110000
2012,95000,19.4,1405.0,70.0,5.0,tata,tata indica vista tdi ls,diesel,individual,manual,second owner,119000
2015,25000,25.8,1498.0,98.6,5.0,honda,honda amaze s i-dtech,diesel,individual,manual,first owner,600000
2011,80000,26.3,998.0,67.1,5.0,maruti,maruti zen estilo lxi green (cng),cng,individual,manual,first owner,200000
2014,60000,23.0,1248.0,88.7,5.0,tata,tata zest quadrajet 1.3 xms,diesel,individual,manual,second owner,280000
2013,100000,15.0,1598.0,105.0,5.0,skoda,skoda rapid 1.6 mpi ambition,petrol,individual,manual,first owner,375000
2016,50000,19.44,1198.0,67.0,7.0,datsun,datsun go plus t option bsiv,petrol,individual,manual,first owner,350000
2017,31000,25.4,1186.0,73.97,5.0,hyundai,hyundai xcent 1.2 crdi sx option,diesel,individual,manual,first owner,620000
2017,120000,26.59,1248.0,74.0,5.0,maruti,maruti swift dzire vdi,diesel,individual,manual,first owner,570000
2012,105000,19.3,1248.0,73.9,5.0,maruti,maruti swift dzire vdi,diesel,individual,manual,second owner,290000
2016,120000,24.52,1248.0,88.5,7.0,maruti,maruti ertiga shvs zdi plus,diesel,individual,manual,first owner,711000
2012,60000,22.9,1248.0,74.0,5.0,maruti,maruti swift vdi,diesel,individual,manual,first owner,370000
2020,15000,23.26,1197.0,88.5,5.0,maruti,maruti dzire lxi,petrol,individual,manual,first owner,550000
2013,150000,18.6,1197.0,85.8,5.0,maruti,maruti swift vxi,petrol,individual,manual,second owner,325000
2018,93000,27.4,1498.0,98.63,5.0,honda,honda amaze vx diesel bsiv,diesel,individual,manual,first owner,670000
2017,42000,19.81,1086.0,68.05,5.0,hyundai,hyundai i10 magna 1.1l,petrol,individual,manual,second owner,385000
2008,80000,17.92,1086.0,62.1,5.0,hyundai,hyundai santro xing gls,petrol,individual,manual,second owner,114999
2010,90000,17.92,1086.0,62.1,5.0,hyundai,hyundai santro xing gls,petrol,individual,manual,first owner,200000
2019,6500,24.3,1248.0,88.5,5.0,maruti,maruti vitara brezza vdi amt,diesel,individual,automatic,first owner,860000
2018,60000,27.39,1248.0,74.0,5.0,maruti,maruti baleno delta 1.3,diesel,individual,manual,first owner,600000
2016,110000,23.95,998.0,67.05,5.0,maruti,maruti alto k10 vxi,petrol,individual,manual,first owner,265000
2015,60000,23.7,1193.0,55.23,5.0,tata,tata indica v2 emax cng glx,cng,individual,manual,second owner,155000
2019,60000,25.1,1248.0,88.5,5.0,maruti,maruti s-cross 2017-2020 delta ddis 200 sh,diesel,individual,manual,first owner,900000
2013,170000,20.77,1248.0,88.76,7.0,maruti,maruti ertiga vdi,diesel,individual,manual,third owner,650000
2004,220000,16.1,796.0,37.0,4.0,maruti,maruti 800 ex,petrol,individual,manual,second owner,70000
2012,80000,22.74,796.0,47.3,5.0,maruti,maruti alto 800 lxi,petrol,individual,manual,first owner,180000
2013,57000,21.1,814.0,55.2,5.0,hyundai,hyundai eon magna plus,petrol,individual,manual,first owner,200000
2014,100000,19.81,1086.0,68.05,5.0,hyundai,hyundai i10 magna 1.1l,petrol,individual,manual,first owner,300000
2015,40000,17.01,1591.0,121.3,5.0,hyundai,hyundai verna 1.6 vtvt s,petrol,individual,manual,first owner,650000
2014,40000,22.74,796.0,47.3,5.0,maruti,maruti alto 800 lxi,petrol,individual,manual,first owner,267000
2018,50000,26.6,998.0,58.16,5.0,maruti,maruti wagon r lxi cng,cng,individual,manual,first owner,450000
2014,90000,18.9,1197.0,82.0,5.0,hyundai,hyundai grand i10 sportz,petrol,individual,manual,second owner,400000
2012,86000,14.0,2498.0,112.0,8.0,mahindra,mahindra xylo d4 bsiv,diesel,individual,manual,first owner,310000
2009,15000,26.0,624.0,35.0,4.0,tata,tata nano cx,petrol,individual,manual,first owner,70000
2017,70000,15.96,2523.0,62.1,7.0,mahindra,mahindra bolero 2011-2019 ex ac,diesel,individual,manual,second owner,675000
2013,120000,14.09,1596.0,99.6,5.0,ford,ford classic 1.6 duratec titanium,petrol,individual,manual,first owner,350000
2014,80000,23.95,998.0,67.05,5.0,maruti,maruti alto k10 vxi,petrol,individual,manual,second owner,240000
2014,80000,19.09,1405.0,69.01,5.0,tata,tata indigo cs lx (tdi) bs-iii,diesel,individual,manual,second owner,185000
2017,50000,21.1,814.0,55.2,5.0,hyundai,hyundai eon era plus,petrol,individual,manual,first owner,250000
2009,100000,19.7,796.0,46.3,5.0,maruti,maruti alto lxi,petrol,individual,manual,first owner,135000
2011,80000,22.32,1582.0,126.32,5.0,hyundai,hyundai verna 1.6 sx,diesel,individual,manual,first owner,500000
2010,108957,13.93,2179.0,138.0,7.0,tata,tata new safari dicor 2.2 vx 4x2,diesel,individual,manual,first owner,300000
2017,68000,23.84,1199.0,84.0,5.0,tata,tata tiago 1.2 revotron xt,petrol,individual,manual,second owner,328000
2015,65000,15.96,2523.0,62.1,7.0,mahindra,mahindra bolero 2011-2019 sle bsiii,diesel,individual,manual,first owner,509999
2015,110000,14.02,2179.0,118.3,8.0,mahindra,mahindra xylo h9,diesel,individual,manual,second owner,575000
2012,50000,12.2,2498.0,112.0,8.0,mahindra,mahindra xylo e8 abs airbag bsiv,diesel,individual,manual,first owner,700000
2008,100000,18.9,1061.0,67.0,5.0,maruti,maruti wagon r lxi minor,petrol,individual,manual,third owner,105000
2008,80000,16.1,796.0,37.0,4.0,maruti,maruti 800 ac,petrol,individual,manual,second owner,60000
2008,80000,19.7,796.0,46.3,5.0,maruti,maruti alto lxi bsiii,petrol,individual,manual,third owner,112999
2015,120000,19.1,1405.0,70.0,5.0,tata,tata indica vista tdi ls,diesel,individual,manual,second owner,229999
2012,150000,20.0,1399.0,68.0,5.0,ford,ford figo diesel zxi,diesel,individual,manual,first owner,325000
2017,20000,18.6,1197.0,81.83,5.0,hyundai,hyundai i20 1.2 spotz,petrol,individual,manual,first owner,650000
2009,80000,17.0,1405.0,70.0,5.0,tata,tata indigo lx,diesel,individual,manual,second owner,85000
2015,93000,24.5,1498.0,98.6,7.0,honda,honda mobilio rs option i dtec,diesel,individual,manual,second owner,570000
2015,134000,25.2,1248.0,74.0,5.0,maruti,maruti swift vdi bsiv,diesel,individual,manual,first owner,525000
2013,90000,18.5,1197.0,82.85,5.0,hyundai,hyundai i20 magna,petrol,individual,manual,second owner,350000
2007,60000,16.6,1197.0,85.0,5.0,maruti,maruti swift vxi with abs,petrol,individual,manual,first owner,250000
2010,120000,14.0,2489.0,95.0,8.0,mahindra,mahindra xylo d2 bs iv,diesel,individual,manual,second owner,300000
2017,30000,17.1,1956.0,170.0,5.0,jeep,jeep compass 2.0 limited option,diesel,individual,manual,first owner,1325000
2017,22200,22.54,1396.0,88.73,5.0,hyundai,hyundai i20 2015-2017 asta 1.4 crdi,diesel,individual,manual,first owner,650000
2018,6000,18.9,1197.0,81.86,5.0,hyundai,hyundai grand i10 1.2 kappa sportz option,petrol,individual,manual,first owner,520000
2016,32000,20.4,1197.0,81.8,5.0,maruti,maruti swift vxi deca,petrol,individual,manual,first owner,500000
2016,90000,25.17,799.0,53.3,5.0,renault,renault kwid rxl,petrol,individual,manual,first owner,220000
2017,78000,28.09,1248.0,88.5,5.0,maruti,maruti ciaz 1.3 alpha,diesel,individual,manual,third owner,650000
2017,12000,17.5,1199.0,88.7,5.0,honda,honda wr-v i-vtec vx,petrol,individual,manual,first owner,819999
2016,120000,19.87,1461.0,83.8,5.0,renault,renault duster 85ps diesel rxl explore,diesel,individual,manual,first owner,645000
2015,40000,24.52,1248.0,88.5,7.0,maruti,maruti ertiga shvs vdi,diesel,individual,manual,first owner,780000
2008,110000,17.7,1497.0,78.0,5.0,honda,honda city 2017-2020 exi,petrol,individual,manual,second owner,215000
2007,260000,12.8,2494.0,102.0,7.0,toyota,toyota innova 2.5 v diesel 7-seater,diesel,individual,manual,third owner,600000
2011,10000,19.7,796.0,46.3,5.0,maruti,maruti alto lx,petrol,individual,manual,first owner,114999
2012,12000,16.84,1193.0,64.4,5.0,tata,tata indica v2 lsi,petrol,individual,manual,first owner,75000
2011,60000,18.6,1199.0,79.4,5.0,chevrolet,chevrolet beat lt,petrol,individual,manual,first owner,120000
2016,41000,25.17,799.0,53.3,5.0,renault,renault kwid rxt optional,petrol,individual,manual,first owner,250000
2018,25000,16.8,796.0,34.2,8.0,maruti,maruti omni e mpi std bs iv,petrol,individual,manual,first owner,200000
2015,30000,19.1,1197.0,82.0,5.0,hyundai,hyundai xcent 1.2 kappa s,petrol,individual,manual,first owner,380000
2018,50000,25.8,1498.0,98.6,5.0,honda,honda amaze s option i-dtec,diesel,individual,manual,first owner,560000
2018,10000,20.89,1197.0,81.8,5.0,maruti,maruti ignis 1.2 zeta bsiv,petrol,individual,manual,first owner,575000
2017,40000,16.5,1493.0,70.0,7.0,mahindra,mahindra bolero power plus sle,diesel,individual,manual,first owner,620000
2012,120000,12.05,2179.0,120.0,8.0,mahindra,mahindra scorpio vlx 2wd airbag bsiii,diesel,individual,manual,first owner,525000
2017,40000,26.59,1248.0,74.0,5.0,maruti,maruti swift dzire vdi,diesel,individual,manual,first owner,635000
2016,80000,19.72,1461.0,108.45,5.0,renault,renault duster adventure edition rxz awd,diesel,individual,manual,first owner,650000
2001,42108,16.1,796.0,37.0,4.0,maruti,maruti 800 std,petrol,individual,manual,first owner,39000
2017,70000,25.83,1498.0,99.0,5.0,ford,ford figo aspire 1.5 tdci titanium opt,diesel,individual,manual,second owner,550000
2009,150000,21.1,1248.0,73.9,5.0,maruti,maruti ritz vdi,diesel,individual,manual,third owner,145000
2007,100000,16.1,1405.0,70.0,5.0,tata,tata indigo ls,diesel,individual,manual,third owner,130000
2017,79000,25.47,1248.0,88.5,7.0,maruti,maruti ertiga zdi plus,diesel,dealer,manual,first owner,825000
2015,91000,12.55,2982.0,168.5,7.0,toyota,toyota fortuner 4x2 at,diesel,dealer,automatic,second owner,1650000
2018,50000,24.3,1248.0,88.5,5.0,maruti,maruti vitara brezza zdi,diesel,dealer,manual,first owner,875000
2016,81000,28.09,1248.0,88.5,5.0,maruti,maruti ciaz zdi plus shvs,diesel,dealer,manual,second owner,650000
2014,51000,14.74,2993.0,270.9,5.0,jaguar,jaguar xf 3.0 litre s premium luxury,diesel,individual,automatic,first owner,2000000
2018,27000,17.05,1995.0,184.0,5.0,bmw,bmw x1 sdrive 20d sportline,diesel,dealer,automatic,first owner,2850000
2018,26000,15.73,1968.0,174.33,5.0,audi,audi q3 35 tdi quattro premium plus,diesel,dealer,automatic,first owner,2800000
2018,17100,22.48,1995.0,187.74,5.0,bmw,bmw 5 series 520d sport line,diesel,dealer,automatic,first owner,3900000
2013,56000,22.1,1248.0,74.0,5.0,chevrolet,chevrolet sail 1.3 ls,diesel,dealer,manual,first owner,246000
2013,60000,24.7,1498.0,98.63,5.0,honda,honda amaze s diesel,diesel,dealer,manual,second owner,325000
2019,22000,16.0,1368.0,160.0,5.0,jeep,jeep compass 1.4 limited,petrol,dealer,automatic,first owner,1450000
2017,30000,15.4,1497.0,117.3,7.0,honda,honda brv i-vtec v cvt,petrol,dealer,automatic,first owner,850000
2015,43001,22.27,1498.0,108.6,5.0,volkswagen,volkswagen vento 1.5 tdi comfortline,diesel,dealer,manual,first owner,560000
2015,60000,25.47,1248.0,88.5,7.0,maruti,maruti ertiga vdi,diesel,dealer,manual,first owner,575000
2019,9000,21.63,998.0,67.04,5.0,maruti,maruti celerio vxi amt,petrol,dealer,automatic,first owner,470000
2014,65000,19.09,1405.0,69.01,5.0,tata,tata indigo cs ls (tdi) bs-iii,diesel,dealer,manual,first owner,221000
2014,95000,12.99,2494.0,100.6,8.0,toyota,toyota innova 2.5 g (diesel) 8 seater,diesel,dealer,manual,first owner,680000
2013,62000,13.1,2499.0,141.0,7.0,ford,ford endeavour 2.5l 4x2,diesel,dealer,manual,first owner,700000
2016,48000,9.0,1984.0,181.0,5.0,volvo,volvo s60 d4 summum,diesel,dealer,automatic,first owner,1950000
2015,72000,17.01,1582.0,126.2,5.0,hyundai,hyundai creta 1.6 crdi at sx plus,diesel,dealer,automatic,first owner,875000
2017,35000,22.0,1582.0,126.2,5.0,hyundai,hyundai verna crdi 1.6 sx option,diesel,individual,manual,third owner,850000
2013,100600,20.46,1461.0,83.8,5.0,renault,renault duster 85ps diesel rxl optional,diesel,individual,manual,third owner,550000
2013,105000,23.4,1248.0,74.0,5.0,maruti,maruti swift dzire vdi,diesel,individual,manual,third owner,480000
2017,90000,15.4,2179.0,120.0,7.0,mahindra,mahindra scorpio intelli hybrid s10 4wd,diesel,individual,manual,first owner,1050000
2016,92385,15.96,2523.0,62.1,7.0,mahindra,mahindra bolero 2011-2019 zlx,diesel,individual,manual,first owner,631000
2015,25000,25.4,624.0,37.5,4.0,tata,tata nano twist xt,petrol,individual,manual,first owner,165000
2010,60000,21.1,1197.0,85.8,5.0,maruti,maruti ritz vxi,petrol,individual,manual,second owner,320000
2012,100000,18.5,1197.0,85.8,5.0,maruti,maruti ritz zxi,petrol,individual,manual,second owner,360000
2004,100000,,,,,hyundai,hyundai santro xing xg at,petrol,individual,automatic,second owner,130000
2006,25000,13.0,1795.0,127.0,5.0,hyundai,hyundai elantra gt,petrol,individual,manual,third owner,175000
2016,120000,22.54,1396.0,88.73,5.0,hyundai,hyundai i20 2015-2017 asta option 1.4 crdi,diesel,individual,manual,first owner,725000
2014,185000,19.5,1248.0,75.0,5.0,fiat,fiat linea classic 1.3 multijet,diesel,individual,manual,third owner,280000
2011,134000,22.07,1199.0,73.9,5.0,volkswagen,volkswagen polo diesel highline 1.2l,diesel,individual,manual,second owner,325000
2014,120000,20.0,1399.0,68.05,5.0,ford,ford figo diesel zxi,diesel,individual,manual,third owner,320000
2018,120000,18.9,1197.0,81.86,5.0,hyundai,hyundai grand i10 1.2 kappa sportz bsiv,petrol,individual,manual,first owner,500000
2014,165000,15.1,2179.0,140.0,7.0,mahindra,mahindra xuv500 w6 2wd,diesel,individual,manual,second owner,825000
2016,120000,23.2,1248.0,73.94,5.0,maruti,maruti ritz ldi,diesel,individual,manual,third owner,350000
2011,89000,23.0,1396.0,90.0,5.0,hyundai,hyundai i20 1.4 crdi sportz,diesel,individual,manual,first owner,470000
2009,120000,19.2,1461.0,65.0,5.0,mahindra,mahindra renault logan 1.5 dle diesel,diesel,individual,manual,third owner,125000
2006,120000,13.1,1795.0,127.0,5.0,hyundai,hyundai elantra gls,petrol,individual,automatic,first owner,140000
2013,50000,25.8,1498.0,98.6,5.0,honda,honda amaze vx i-dtec,diesel,individual,manual,first owner,484999
2018,15000,24.7,796.0,47.3,5.0,maruti,maruti alto 800 lxi,petrol,individual,manual,first owner,308000
2019,13000,18.9,1197.0,81.86,5.0,hyundai,hyundai grand i10 1.2 kappa sportz bsiv,petrol,individual,manual,first owner,570000
2010,240000,11.5,2982.0,171.0,7.0,toyota,toyota fortuner 3.0 diesel,diesel,individual,manual,first owner,900000
2017,45000,16.3,1956.0,170.0,5.0,jeep,jeep compass 2.0 limited 4x4,diesel,individual,manual,first owner,1800000
2005,30000,,,,,mahindra,mahindra jeep mm 550 xdb,diesel,individual,manual,second owner,400000
2018,28000,21.21,1197.0,81.8,5.0,maruti,maruti swift dzire amt vxi,petrol,individual,automatic,first owner,680000
2017,70000,28.4,1248.0,74.02,5.0,maruti,maruti swift dzire zdi,diesel,individual,manual,first owner,700000
2011,116000,14.0,2498.0,112.0,7.0,mahindra,mahindra xylo e4,diesel,individual,manual,first owner,240000
2014,90000,21.1,814.0,55.2,5.0,hyundai,hyundai eon era plus,petrol,individual,manual,first owner,280000
2010,120000,17.0,1405.0,71.0,5.0,tata,tata indica vista aqua 1.4 tdi,diesel,individual,manual,second owner,125000
2009,100000,,,,,ford,ford fiesta 1.4 sxi tdci,diesel,individual,manual,third owner,130000
2013,72500,23.3,1984.0,150.0,5.0,volvo,volvo v40 cross country d3,diesel,individual,automatic,second owner,1200000
2013,120000,20.54,1598.0,103.6,5.0,volkswagen,volkswagen vento diesel highline,diesel,individual,manual,second owner,400000
2014,120000,15.1,2179.0,140.0,7.0,mahindra,mahindra xuv500 w6 2wd,diesel,individual,manual,first owner,850000
2014,83000,22.54,1396.0,88.73,5.0,hyundai,hyundai i20 asta 1.4 crdi,diesel,individual,manual,second owner,475000
2003,40000,14.2,1597.0,92.0,5.0,ford,ford ikon 1.6 exi nxt,petrol,individual,manual,third owner,150000
2018,46000,14.24,2755.0,174.5,7.0,toyota,toyota fortuner 2.8 2wd mt bsiv,diesel,individual,manual,first owner,2900000
2015,137000,12.99,2494.0,100.6,7.0,toyota,toyota innova 2.5 vx (diesel) 7 seater,diesel,individual,manual,first owner,1100000
2017,25000,24.7,796.0,47.3,5.0,maruti,maruti alto 800 lxi,petrol,individual,manual,second owner,285000
2018,50000,24.0,1186.0,73.97,5.0,hyundai,hyundai grand i10 1.2 crdi asta,diesel,individual,manual,first owner,650000
2012,60000,19.0,998.0,66.1,5.0,maruti,maruti a-star vxi,petrol,individual,manual,first owner,275000
2000,100000,16.1,796.0,37.0,4.0,maruti,maruti 800 ac,petrol,individual,manual,second owner,60000
2011,105000,19.2,1461.0,65.0,5.0,mahindra,mahindra logan diesel 1.5 dls,diesel,individual,manual,second owner,229999
2015,20000,23.95,998.0,67.05,5.0,maruti,maruti alto k10 lx,petrol,individual,manual,first owner,300000
2016,50000,24.52,1248.0,88.5,7.0,maruti,maruti ertiga shvs zdi plus,diesel,individual,manual,first owner,940000
2015,120000,26.21,1248.0,88.5,5.0,maruti,maruti ciaz zdi,diesel,individual,manual,second owner,600000
2017,70000,27.39,1248.0,74.0,5.0,maruti,maruti baleno alpha 1.3,diesel,individual,manual,first owner,800000
2017,90000,22.71,1461.0,84.8,5.0,nissan,nissan sunny xv d,diesel,individual,manual,second owner,580000
2018,75000,20.3,1199.0,84.0,5.0,tata,tata tigor 1.2 revotron xt,petrol,individual,manual,first owner,450000
2011,82500,16.52,1991.0,123.7,5.0,chevrolet,chevrolet optra magnum 2.0 ls,diesel,individual,manual,second owner,290000
2014,110000,25.8,1498.0,98.6,5.0,honda,honda amaze vx i-dtec,diesel,individual,manual,first owner,530000
2019,20000,24.0,1396.0,88.76,5.0,hyundai,hyundai verna crdi 1.4 ex,diesel,individual,manual,first owner,960000
2009,110000,17.0,1497.0,118.0,5.0,honda,honda city 1.5 s mt,petrol,individual,manual,third owner,290000
2008,100000,14.8,1998.0,68.0,5.0,mitsubishi,mitsubishi lancer 2.0 l diesel lx,diesel,individual,manual,first owner,160000
2017,52000,21.63,998.0,67.0,5.0,maruti,maruti celerio x zxi option bsiv,petrol,individual,manual,first owner,400000
2017,90000,24.3,1248.0,88.5,5.0,maruti,maruti vitara brezza ldi option,diesel,individual,manual,first owner,700000
2012,90000,20.54,1598.0,103.6,5.0,volkswagen,volkswagen vento diesel highline,diesel,individual,manual,first owner,361000
2013,53000,21.9,1396.0,88.76,5.0,hyundai,hyundai i20 magna 1.4 crdi (diesel),diesel,individual,manual,second owner,390000
2012,180000,18.4,1248.0,75.0,5.0,tata,tata indica vista aqua 1.3 quadrajet bsiv,diesel,individual,manual,first owner,200000
2013,53000,22.9,1248.0,74.0,5.0,maruti,maruti swift vdi,diesel,individual,manual,first owner,500000
2011,50600,19.7,796.0,46.3,5.0,maruti,maruti alto lxi,petrol,individual,manual,first owner,200000
2015,50000,15.85,1499.0,110.4,5.0,ford,ford ecosport 1.5 ti vct mt titanium bsiv,petrol,individual,manual,first owner,680000
2013,52000,24.7,796.0,47.3,5.0,maruti,maruti alto 800 lxi,petrol,dealer,manual,first owner,235000
2018,15000,15.1,2179.0,152.87,7.0,mahindra,mahindra xuv500 w11 option bsiv,diesel,individual,manual,first owner,1700000
2015,50000,16.0,2179.0,140.0,7.0,mahindra,mahindra xuv500 at w10 fwd,diesel,individual,automatic,second owner,1200000
2014,56000,25.1,1498.0,98.6,5.0,honda,honda city i dtec vx,diesel,individual,manual,second owner,630000
2018,82000,25.83,1498.0,99.0,5.0,ford,ford figo aspire 1.5 tdci trend,diesel,individual,manual,first owner,640000
2014,121000,19.1,1197.0,82.0,5.0,hyundai,hyundai xcent 1.2 kappa s,petrol,dealer,manual,first owner,355000
2012,101903,12.05,2179.0,120.0,8.0,mahindra,mahindra scorpio vlx 2wd airbag bsiv,diesel,individual,manual,second owner,560000
2018,120000,23.4,1248.0,74.0,5.0,maruti,maruti swift dzire tour ldi,diesel,individual,manual,first owner,580000
2010,85568,18.5,1399.0,68.0,5.0,ford,ford figo diesel exi option,diesel,dealer,manual,first owner,185000
2019,10000,21.4,1197.0,83.1,5.0,maruti,maruti baleno zeta automatic,petrol,individual,automatic,first owner,660000
2014,10000,20.3,998.0,68.05,5.0,hyundai,hyundai eon 1.0 kappa magna plus,petrol,individual,manual,first owner,220000
2007,60000,17.92,1086.0,62.1,5.0,hyundai,hyundai santro xing gls,petrol,individual,manual,fourth & above owner,150000
2011,80000,13.5,2179.0,115.0,5.0,mahindra,mahindra scorpio m2di,diesel,individual,manual,second owner,484999
2019,10000,21.21,1197.0,81.8,5.0,maruti,maruti swift lxi,petrol,individual,manual,first owner,509999
2014,60000,15.96,2523.0,62.1,7.0,mahindra,mahindra bolero 2011-2019 zlx bsiii,diesel,individual,manual,first owner,515000
2014,42000,11.9,1595.0,120.7,5.0,mercedes-benz,mercedes-benz b class b180 sports,petrol,individual,automatic,first owner,1250000
2014,50000,18.2,1248.0,73.8,8.0,chevrolet,chevrolet enjoy tcdi ls 8 seater,diesel,individual,manual,fourth & above owner,350000
2018,11500,23.95,998.0,67.05,5.0,maruti,maruti alto k10 vxi,petrol,individual,manual,first owner,375000
2019,15000,22.1,1396.0,88.7,5.0,hyundai,hyundai creta 1.4 e plus,diesel,individual,manual,first owner,950000
2015,32000,26.59,1248.0,74.0,5.0,maruti,maruti swift dzire zdi,diesel,individual,manual,first owner,615000
2011,50000,18.6,1197.0,85.8,5.0,maruti,maruti swift lxi,petrol,individual,manual,first owner,275000
2020,5000,13.38,2993.0,265.0,7.0,bmw,bmw x7 xdrive 30d dpe,diesel,individual,automatic,first owner,7200000
2017,10000,15.37,1196.0,73.0,5.0,maruti,maruti eeco 5 seater ac bsiv,petrol,individual,manual,first owner,400000
2019,15000,25.1,1248.0,88.5,5.0,maruti,maruti s-cross 2017-2020 zeta ddis 200 sh,diesel,individual,manual,first owner,930000
2012,100000,19.1,1197.0,85.8,5.0,maruti,maruti swift dzire vxi,petrol,individual,manual,first owner,310000
2012,120000,,,,,toyota,toyota etios gd,diesel,individual,manual,first owner,320000
2016,25000,13.68,2393.0,147.8,7.0,toyota,toyota innova crysta 2.4 vx mt bsiv,diesel,individual,manual,second owner,1670000
2013,70000,23.4,1248.0,74.0,5.0,maruti,maruti swift dzire ldi,diesel,individual,manual,second owner,356000
2013,32000,16.8,1497.0,116.3,5.0,honda,honda city v mt,petrol,individual,manual,first owner,500000
2018,35000,23.84,1199.0,84.0,5.0,tata,tata tiago 1.2 revotron xt,petrol,individual,manual,second owner,409999
2019,50000,24.3,1248.0,88.5,5.0,maruti,maruti vitara brezza zdi plus,diesel,individual,manual,first owner,980000
2005,100000,13.6,2523.0,63.0,7.0,mahindra,mahindra bolero di,diesel,individual,manual,second owner,150000
2019,3100,18.2,1199.0,88.7,5.0,honda,honda jazz vx cvt,petrol,individual,automatic,first owner,750000
2013,60000,13.7,1798.0,157.75,5.0,skoda,skoda superb elegance 1.8 tsi at,petrol,individual,automatic,first owner,500000
2013,170000,22.9,1248.0,74.0,5.0,maruti,maruti swift vdi,diesel,individual,manual,first owner,355000
2011,50000,17.0,1405.0,71.0,5.0,tata,tata indica vista aqua tdi bsiii,diesel,individual,manual,second owner,200000
2008,120000,12.8,2494.0,102.0,8.0,toyota,toyota innova 2.5 g (diesel) 7 seater bs iv,diesel,individual,manual,second owner,370000
2015,20000,19.1,1197.0,82.0,5.0,hyundai,hyundai xcent 1.2 kappa sx option,petrol,individual,manual,first owner,450000
2015,10000,18.9,1197.0,82.0,5.0,hyundai,hyundai grand i10 sportz,petrol,individual,manual,first owner,486000
2011,120000,21.5,1248.0,88.8,5.0,maruti,maruti sx4 celebration diesel,diesel,individual,manual,first owner,242000
2018,25000,18.9,1197.0,81.86,5.0,hyundai,hyundai grand i10 1.2 kappa asta,petrol,individual,manual,first owner,580000
2014,130000,22.77,1498.0,98.59,5.0,ford,ford ecosport 1.5 tdci titanium bsiv,diesel,individual,manual,second owner,500000
2004,120000,,,,,toyota,toyota premio base,petrol,individual,manual,second owner,170000
2013,40000,17.21,1493.0,100.0,7.0,mahindra,mahindra quanto c6,diesel,individual,manual,first owner,300000
2016,60000,18.06,2523.0,63.0,7.0,mahindra,mahindra thar di 4x4 ps,diesel,individual,manual,first owner,710000
2012,70000,20.86,1199.0,75.0,5.0,skoda,skoda fabia 1.2 tdi ambition plus,diesel,individual,manual,third owner,220000
2020,1000,21.21,1197.0,81.8,5.0,maruti,maruti swift amt vxi,petrol,individual,automatic,first owner,654000
2019,10000,14.84,1598.0,103.2,5.0,skoda,skoda rapid 1.6 mpi at ambition bsiv,petrol,individual,automatic,first owner,835000
2010,47000,15.3,1596.0,101.0,5.0,ford,ford fiesta 1.6 zxi abs,petrol,individual,manual,first owner,250000
2019,18000,21.21,1197.0,81.8,5.0,maruti,maruti swift vxi,petrol,individual,manual,first owner,600000
2016,60000,20.85,1197.0,83.14,5.0,maruti,maruti swift dzire vxi,petrol,individual,manual,first owner,459999
2018,20000,23.01,999.0,67.0,5.0,renault,renault kwid 1.0 rxl,petrol,individual,manual,first owner,275000
2017,60000,18.16,1196.0,86.8,5.0,ford,ford figo 1.2p titanium mt,petrol,individual,manual,first owner,408000
2018,25000,15.1,2179.0,152.87,7.0,mahindra,mahindra xuv500 w5 bsiv,diesel,individual,manual,first owner,1200000
2014,52000,19.1,1197.0,81.86,5.0,hyundai,hyundai xcent 1.2 kappa s option,petrol,individual,manual,first owner,375000
2006,44000,19.7,796.0,46.3,5.0,maruti,maruti alto lxi,petrol,individual,manual,first owner,94500
2011,17000,16.47,1198.0,73.9,5.0,volkswagen,volkswagen polo petrol comfortline 1.2l,petrol,individual,manual,first owner,300000
2009,35000,17.0,1497.0,118.0,5.0,honda,honda city 1.5 e mt,petrol,individual,manual,first owner,350000
2011,120000,11.5,2982.0,171.0,7.0,toyota,toyota fortuner 3.0 diesel,diesel,individual,manual,third owner,975000
2015,100000,18.6,1197.0,81.83,5.0,hyundai,hyundai i20 asta 1.2,petrol,individual,manual,first owner,600000
2014,300000,12.99,2494.0,100.6,7.0,toyota,toyota innova 2.5 g (diesel) 7 seater,diesel,individual,manual,second owner,700000
2017,90000,16.5,1493.0,70.0,7.0,mahindra,mahindra bolero power plus zlx,diesel,individual,manual,first owner,640000
2017,186000,19.67,1582.0,126.2,5.0,hyundai,hyundai creta 1.6 crdi sx option,diesel,individual,manual,first owner,1110000
2014,79000,20.77,1248.0,88.76,7.0,maruti,maruti ertiga vdi,diesel,individual,manual,second owner,570000
2010,120000,12.8,2494.0,102.0,7.0,toyota,toyota innova 2.5 e diesel ms 7-seater,diesel,individual,manual,first owner,451999
2016,59300,25.17,799.0,53.3,5.0,renault,renault kwid rxt,petrol,individual,manual,first owner,240000
2014,120000,15.4,2523.0,75.0,7.0,mahindra,mahindra scorpio s2 7 seater,diesel,individual,manual,first owner,680000
2015,60000,22.95,1248.0,74.0,5.0,tata,tata zest quadrajet 1.3 75ps xe,diesel,individual,manual,first owner,350000
2012,60000,15.04,1598.0,103.6,5.0,volkswagen,volkswagen vento petrol highline,petrol,individual,manual,third owner,360000
2010,80000,15.6,1196.0,70.0,5.0,ford,ford figo petrol zxi,petrol,individual,manual,second owner,250000
2019,11500,21.21,1197.0,81.8,5.0,maruti,maruti swift vxi,petrol,individual,manual,first owner,550000
2012,56000,21.1,814.0,55.2,5.0,hyundai,hyundai eon magna plus,petrol,individual,manual,first owner,180000
2016,68000,27.3,1498.0,98.6,5.0,honda,honda jazz 1.5 e i dtec,diesel,individual,manual,first owner,425000
2019,25000,23.84,1199.0,84.0,5.0,tata,tata tiago 1.2 revotron xt,petrol,individual,manual,first owner,409999
2018,25000,23.84,1199.0,84.0,5.0,tata,tata tiago 1.2 revotron xt,petrol,individual,manual,first owner,438999
2014,100000,19.49,1198.0,67.04,5.0,nissan,nissan micra active xl petrol,petrol,individual,manual,first owner,225000
2017,95000,15.96,2523.0,63.0,9.0,mahindra,mahindra bolero power plus plus non ac bsiv ps,diesel,individual,manual,first owner,580000
2008,100000,17.5,1298.0,85.8,5.0,maruti,maruti swift dzire vxi,petrol,individual,manual,first owner,200000
2006,90000,,,,,hyundai,hyundai santro xing base,petrol,individual,manual,second owner,75000
2013,47000,20.3,1248.0,75.0,5.0,fiat,fiat grande punto 1.3 dynamic (diesel),diesel,individual,manual,first owner,250000
2011,175000,21.1,1248.0,73.9,5.0,maruti,maruti ritz ldi,diesel,individual,manual,second owner,170000
2010,60000,17.5,1197.0,85.8,5.0,maruti,maruti swift dzire 1.2 vxi bsiv,petrol,individual,manual,second owner,300000
2005,300000,13.6,2523.0,63.0,7.0,mahindra,mahindra bolero di,diesel,individual,manual,third owner,160000
2014,150000,23.4,1248.0,74.0,5.0,maruti,maruti swift dzire vdi,diesel,individual,manual,third owner,409999
2012,110000,23.0,1396.0,90.0,5.0,hyundai,hyundai i20 1.4 crdi asta,diesel,individual,manual,third owner,350000
2019,25000,25.17,799.0,53.3,5.0,renault,renault kwid rxl,petrol,individual,manual,first owner,310000
2010,95000,19.7,796.0,46.3,5.0,maruti,maruti alto lxi,petrol,individual,manual,third owner,135000
2010,100000,21.1,1248.0,73.9,5.0,maruti,maruti ritz vdi,diesel,individual,manual,first owner,220000
2017,20000,18.9,1197.0,81.86,5.0,hyundai,hyundai grand i10 1.2 kappa sportz bsiv,petrol,individual,manual,first owner,570000
2014,84000,23.4,1248.0,74.0,5.0,maruti,maruti swift dzire vdi,diesel,individual,manual,first owner,500000
2016,40000,22.54,1396.0,88.73,5.0,hyundai,hyundai i20 2015-2017 asta option 1.4 crdi,diesel,individual,manual,first owner,875000
2011,100000,19.1,1405.0,70.0,5.0,tata,tata indica vista tdi lx,diesel,individual,manual,first owner,210000
2011,120000,19.4,1405.0,70.0,5.0,tata,tata indica vista tdi lx,diesel,individual,manual,first owner,210000
2010,80000,13.45,1086.0,62.1,5.0,hyundai,hyundai santro xing gls lpg,lpg,individual,manual,second owner,200000
2011,175000,19.7,796.0,46.3,5.0,maruti,maruti alto lx,petrol,individual,manual,second owner,175000
2017,30000,18.6,1197.0,81.83,5.0,hyundai,hyundai i20 1.2 asta option,petrol,individual,manual,first owner,700000
2019,28000,18.9,1197.0,81.86,5.0,hyundai,hyundai grand i10 1.2 kappa magna at,petrol,individual,automatic,first owner,550000
2019,20000,20.3,1086.0,68.0,5.0,hyundai,hyundai santro era,petrol,individual,manual,second owner,420000
2009,89322,17.0,1197.0,80.0,5.0,hyundai,hyundai i20 asta,petrol,individual,manual,second owner,210000
2013,76000,25.44,936.0,57.6,5.0,chevrolet,chevrolet beat diesel lt,diesel,individual,manual,first owner,175000
2012,70000,19.7,796.0,46.3,5.0,maruti,maruti alto lxi,petrol,individual,manual,second owner,180000
2007,110000,19.7,796.0,46.3,5.0,maruti,maruti alto lx bsiii,petrol,individual,manual,second owner,118000
2007,120000,16.8,1493.0,110.0,5.0,hyundai,hyundai verna crdi,diesel,individual,manual,second owner,170000
2009,110000,18.2,1061.0,64.0,5.0,maruti,maruti zen estilo 1.1 lx bsiii,petrol,individual,manual,second owner,120000
2009,90000,19.7,796.0,46.3,5.0,maruti,maruti alto lxi,petrol,individual,manual,third owner,170000
2018,60000,28.4,1248.0,74.0,5.0,maruti,maruti swift zdi plus,diesel,individual,manual,first owner,700000
2014,48300,15.96,2523.0,62.1,7.0,mahindra,mahindra bolero 2011-2019 sle bsiii,diesel,individual,manual,second owner,500000
2007,63000,18.9,1061.0,67.0,5.0,maruti,maruti wagon r ax minor,petrol,individual,automatic,third owner,80000
2008,110000,17.7,1497.0,78.0,5.0,honda,honda city 2017-2020 exi,petrol,individual,manual,second owner,105000
2016,120000,26.59,1248.0,74.0,5.0,maruti,maruti swift dzire ldi,diesel,individual,manual,third owner,425000
2017,23511,18.6,1197.0,81.83,5.0,hyundai,hyundai i20 2015-2017 sportz 1.2,petrol,individual,manual,first owner,625000
2017,22512,18.6,1197.0,81.83,5.0,hyundai,hyundai i20 1.2 spotz,petrol,individual,manual,first owner,640000
2010,120000,20.36,1197.0,78.9,5.0,hyundai,hyundai i10 magna 1.2 itech se,petrol,individual,manual,first owner,180000
2009,120000,21.1,1248.0,73.9,5.0,maruti,maruti ritz vdi,diesel,individual,manual,first owner,155000
2007,100000,18.9,1061.0,67.0,5.0,maruti,maruti wagon r lx minor,petrol,individual,manual,third owner,85000
2011,70000,20.36,1197.0,78.9,5.0,hyundai,hyundai i10 magna 1.2 itech se,petrol,individual,manual,first owner,250000
2017,15000,17.01,1591.0,121.3,5.0,hyundai,hyundai verna 1.6 vtvt at sx,petrol,individual,automatic,first owner,1000000
2016,16500,20.63,1198.0,67.0,5.0,datsun,datsun go a eps,petrol,individual,manual,first owner,350000
2018,50000,28.4,1248.0,74.02,5.0,maruti,maruti swift dzire zdi,diesel,individual,manual,first owner,740000
2018,19000,22.5,999.0,67.0,5.0,datsun,datsun redigo 1.0 s,petrol,individual,manual,first owner,300000
2017,50000,21.66,1498.0,108.62,5.0,volkswagen,volkswagen ameo 1.5 tdi comfortline,diesel,individual,manual,first owner,550000
2017,70000,15.96,2523.0,62.1,7.0,mahindra,mahindra bolero 2011-2019 slx,diesel,individual,manual,first owner,710000
2017,70000,15.96,2523.0,62.1,7.0,mahindra,mahindra bolero 2011-2019 slx,diesel,individual,manual,first owner,700000
2016,120000,15.96,2523.0,62.1,7.0,mahindra,mahindra bolero 2011-2019 sle bsiii,diesel,individual,manual,first owner,550000
2015,60000,19.2,1086.0,68.05,5.0,hyundai,hyundai i10 sportz 1.1l lpg,lpg,individual,manual,first owner,375000
2015,60000,13.93,2179.0,138.03,7.0,tata,tata safari dicor 2.2 ex 4x2,diesel,individual,manual,first owner,600000
2013,76000,22.9,1248.0,74.0,5.0,maruti,maruti swift vdi,diesel,individual,manual,second owner,380000
1998,80000,16.1,796.0,37.0,4.0,maruti,maruti 800 dx,petrol,individual,manual,fourth & above owner,45000
2010,210000,12.8,2494.0,102.0,8.0,toyota,toyota innova 2.5 g4 diesel 8-seater,diesel,individual,manual,second owner,450000
2015,128000,15.96,2523.0,63.0,9.0,mahindra,mahindra bolero power plus plus ac bsiv ps,diesel,individual,manual,third owner,475000
2019,5000,20.0,999.0,72.0,7.0,renault,renault triber rxz bsiv,petrol,individual,manual,first owner,650000
2011,70000,26.2,998.0,58.2,5.0,maruti,maruti wagon r lxi lpg bsiv,lpg,individual,manual,first owner,200000
2013,85000,22.9,1248.0,74.0,5.0,maruti,maruti swift vdi,diesel,individual,manual,first owner,350000
2018,25000,24.3,1248.0,88.5,5.0,maruti,maruti vitara brezza zdi amt,diesel,individual,automatic,first owner,911999
2018,15000,21.21,1197.0,81.8,5.0,maruti,maruti swift dzire vxi 1.2,petrol,individual,manual,first owner,650000
2012,30000,17.5,1298.0,85.8,5.0,maruti,maruti swift dzire vxi,petrol,individual,manual,first owner,350000
2016,80000,16.8,796.0,34.2,8.0,maruti,maruti omni e mpi std bs iv,petrol,individual,manual,second owner,190000
2019,40000,22.0,1582.0,126.2,5.0,hyundai,hyundai verna crdi 1.6 sx option,diesel,individual,manual,first owner,1200000
2013,160000,15.96,2523.0,62.1,7.0,mahindra,mahindra bolero 2011-2019 ex non ac,diesel,individual,manual,first owner,305000
2015,108000,19.67,1582.0,126.2,5.0,hyundai,hyundai creta 1.6 crdi sx,diesel,individual,manual,first owner,850000
2011,120000,15.0,1896.0,105.0,5.0,volkswagen,volkswagen jetta 2.0 tdi comfortline,diesel,individual,manual,second owner,350000
2010,55000,17.92,1086.0,62.1,5.0,hyundai,hyundai santro xing gls,petrol,individual,manual,fourth & above owner,180000
2008,110000,13.93,2179.0,138.1,7.0,tata,tata new safari dicor gx 4x2 bs iv,diesel,individual,manual,first owner,200000
2011,80000,,,,,toyota,toyota etios gd,diesel,individual,manual,first owner,375000
2012,110000,19.4,1198.0,86.8,5.0,honda,honda brio e mt,petrol,individual,manual,first owner,229999
2006,62900,18.9,998.0,67.1,5.0,maruti,maruti wagon r vxi,petrol,individual,manual,first owner,135000
2011,120000,19.33,1968.0,138.1,5.0,volkswagen,volkswagen jetta 2.0l tdi highline,diesel,individual,manual,second owner,425000
2016,70000,16.0,2179.0,140.0,7.0,mahindra,mahindra xuv500 w10 2wd,diesel,individual,manual,first owner,1350000
2009,70000,10.9,2499.0,143.0,7.0,ford,ford endeavour 4x2 xlt limited edition,diesel,individual,manual,third owner,480000
2017,60000,28.4,1248.0,74.02,5.0,maruti,maruti swift dzire ldi,diesel,individual,manual,first owner,455000
2015,60000,20.51,998.0,67.04,5.0,maruti,maruti wagon r vxi optional,petrol,individual,manual,first owner,320000
2019,4000,18.6,1197.0,81.86,5.0,hyundai,hyundai elite i20 sportz plus bsiv,petrol,individual,manual,first owner,693000
2017,35000,24.3,1248.0,88.5,5.0,maruti,maruti vitara brezza zdi plus,diesel,individual,manual,first owner,830000
2016,13500,18.9,1197.0,82.0,5.0,hyundai,hyundai grand i10 sportz,petrol,individual,manual,first owner,470000
2017,26000,18.0,1497.0,117.3,5.0,honda,honda city i vtec cvt vx,petrol,individual,automatic,first owner,1100000
2016,50000,23.0,1248.0,88.7,5.0,tata,tata zest quadrajet 1.3 xm,diesel,individual,manual,first owner,325000
2014,50000,21.1,814.0,55.2,5.0,hyundai,hyundai eon magna plus,petrol,individual,manual,first owner,215000
2018,25000,22.0,1197.0,81.8,5.0,maruti,maruti swift vxi,petrol,individual,manual,first owner,560000
2017,30000,23.1,998.0,67.04,5.0,maruti,maruti celerio vxi at,petrol,individual,automatic,second owner,400000
1999,140000,,,,,hyundai,hyundai santro gls i - euro i,petrol,individual,manual,third owner,60000
2017,45000,23.0,1498.0,98.96,5.0,ford,ford ecosport 1.5 diesel titanium plus bsiv,diesel,individual,manual,first owner,725000
2014,52442,18.5,1198.0,86.8,5.0,honda,honda brio 1.2 vx mt,petrol,trustmark dealer,manual,second owner,325000
2013,39000,20.36,1197.0,78.9,5.0,hyundai,hyundai i10 magna,petrol,dealer,manual,first owner,229999
2007,42000,11.74,1796.0,186.0,5.0,mercedes-benz,mercedes-benz new c-class c 200 kompressor elegance at,petrol,dealer,automatic,first owner,400000
2015,34156,16.47,1198.0,74.0,5.0,volkswagen,volkswagen polo 1.2 mpi highline,petrol,dealer,manual,first owner,449000
2017,34152,18.9,1197.0,81.86,5.0,hyundai,hyundai grand i10 1.2 kappa sportz bsiv,petrol,dealer,manual,first owner,455000
2015,37000,18.25,1968.0,187.74,5.0,audi,audi a4 35 tdi premium plus,diesel,dealer,automatic,first owner,1750000
2017,98000,11.36,2755.0,171.5,7.0,toyota,toyota innova crysta 2.8 gx at bsiv,diesel,dealer,automatic,first owner,1390000
2019,31000,15.8,1591.0,121.3,5.0,hyundai,hyundai creta 1.6 sx option,petrol,dealer,manual,first owner,1150000
2018,62841,18.6,1197.0,81.83,5.0,hyundai,hyundai i20 1.2 magna executive,petrol,trustmark dealer,manual,first owner,650000
2016,38600,19.67,1582.0,126.2,5.0,hyundai,hyundai creta 1.6 crdi sx,diesel,dealer,manual,first owner,950000
2018,27654,28.4,1248.0,74.02,5.0,maruti,maruti swift dzire amt zdi plus,diesel,dealer,automatic,first owner,698000
2017,48698,19.67,1582.0,126.2,5.0,hyundai,hyundai creta 1.6 crdi sx,diesel,dealer,manual,first owner,975000
2018,32995,20.52,1197.0,81.8,5.0,maruti,maruti wagon r vxi amt 1.2,petrol,dealer,automatic,first owner,445000
2018,60000,22.95,1248.0,74.0,5.0,tata,tata zest quadrajet 1.3 75ps xm,diesel,individual,manual,first owner,539000
2010,110000,17.8,1248.0,75.0,5.0,maruti,maruti swift vdi bsiii,diesel,individual,manual,fourth & above owner,350000
2011,260000,12.05,2179.0,120.0,8.0,mahindra,mahindra scorpio vlx 2wd airbag bsiii,diesel,individual,manual,fourth & above owner,550000
2015,130000,20.45,1461.0,83.8,5.0,renault,renault duster 85ps diesel rxe,diesel,individual,manual,second owner,550000
2011,120000,22.07,1199.0,73.9,5.0,volkswagen,volkswagen polo diesel highline 1.2l,diesel,individual,manual,first owner,330000
2014,80000,21.1,814.0,55.2,5.0,hyundai,hyundai eon era plus,petrol,individual,manual,third owner,220000
2013,60000,18.5,1197.0,85.8,5.0,maruti,maruti ritz zxi,petrol,individual,manual,second owner,415000
2007,75000,19.7,796.0,46.3,5.0,maruti,maruti alto lx bsiii,petrol,individual,manual,first owner,150000
2005,89000,15.3,1341.0,83.0,5.0,hyundai,hyundai getz gls,petrol,individual,manual,second owner,150000
2007,110000,18.1,1493.0,110.0,5.0,hyundai,hyundai verna crdi abs,diesel,individual,manual,first owner,240000
2009,90000,19.7,796.0,46.3,5.0,maruti,maruti alto lx bsiii,petrol,individual,manual,second owner,170000
2015,40000,28.09,1248.0,88.5,5.0,maruti,maruti ciaz zdi plus shvs,diesel,individual,manual,third owner,550000
2017,26000,19.34,1198.0,76.0,5.0,nissan,nissan micra fashion edition xl cvt,petrol,individual,automatic,first owner,500000
2011,120000,13.0,2489.0,95.0,8.0,mahindra,mahindra xylo d2,diesel,individual,manual,second owner,180000
2017,29000,18.15,1198.0,82.0,6.0,mahindra,mahindra kuv 100 mfalcon g80 k4,petrol,individual,manual,first owner,360000
2014,120000,19.1,1197.0,85.8,5.0,maruti,maruti swift dzire vxi,petrol,individual,manual,first owner,400000
2009,70000,13.2,1495.0,94.0,5.0,hyundai,hyundai accent gle,petrol,individual,manual,second owner,120000
2016,100000,24.3,1248.0,88.5,5.0,maruti,maruti vitara brezza zdi plus dual tone,diesel,individual,manual,second owner,765000
2016,90150,24.3,1248.0,88.5,5.0,maruti,maruti vitara brezza zdi plus dual tone,diesel,individual,manual,first owner,919999
2018,90000,23.59,1364.0,67.05,5.0,toyota,toyota platinum etios 1.4 gxd,diesel,individual,manual,first owner,730000
2016,120000,22.95,1248.0,74.0,5.0,tata,tata zest quadrajet 1.3 75ps xm,diesel,individual,manual,first owner,320000
2015,90000,25.8,1498.0,98.6,5.0,honda,honda amaze s i-dtech,diesel,individual,manual,second owner,455000
2015,50000,20.63,1198.0,67.0,5.0,datsun,datsun go t option bsiv,petrol,individual,manual,first owner,350000
2016,110000,18.49,1493.0,100.0,7.0,mahindra,mahindra tuv 300 t8,diesel,individual,manual,first owner,509999
2011,85700,17.0,1405.0,70.0,5.0,tata,tata indigo ls,diesel,individual,manual,second owner,175000
2013,178000,15.96,2523.0,63.0,9.0,mahindra,mahindra bolero 2011-2019 di non ac bs iii silver,diesel,individual,manual,first owner,325000
2011,70000,15.2,1193.0,65.0,5.0,tata,tata indigo cs gls bsiii,petrol,individual,manual,second owner,120000
2014,30000,20.36,1197.0,78.9,5.0,hyundai,hyundai i10 sportz,petrol,individual,manual,second owner,300000
2015,100000,26.0,1498.0,98.6,5.0,honda,honda city i dtec e,diesel,individual,manual,first owner,500000
2016,25339,21.4,1197.0,83.1,5.0,maruti,maruti baleno delta 1.2,petrol,individual,manual,first owner,562000
2014,10000,21.1,814.0,55.2,5.0,hyundai,hyundai eon magna plus,petrol,individual,manual,first owner,250000
2017,35000,20.65,1248.0,88.7,5.0,tata,tata zest quadrajet 1.3 xt,diesel,individual,manual,first owner,484999
2013,35000,20.36,1197.0,78.9,5.0,hyundai,hyundai i10 sportz,petrol,individual,manual,second owner,280000
2015,68000,20.77,1248.0,88.76,7.0,maruti,maruti ertiga vdi,diesel,individual,manual,second owner,571000
2013,40000,18.6,1197.0,85.8,5.0,maruti,maruti swift vxi,petrol,individual,manual,first owner,400000
2015,120000,19.09,1405.0,69.01,5.0,tata,tata indigo cs ls (tdi) bs-iii,diesel,individual,manual,second owner,295000
2006,120000,,,,,mahindra,mahindra bolero lx,diesel,individual,manual,first owner,210000
2011,25000,15.6,1196.0,70.0,5.0,ford,ford figo petrol exi,petrol,individual,manual,first owner,250000
2015,40000,15.96,2523.0,62.1,7.0,mahindra,mahindra bolero 2011-2019 sle,diesel,individual,manual,second owner,610000
2012,60000,22.3,1248.0,74.0,5.0,tata,tata indica vista quadrajet vx,diesel,individual,manual,first owner,175000
2011,70000,20.0,1399.0,68.0,5.0,ford,ford figo diesel titanium,diesel,individual,manual,second owner,204999
2013,80000,15.1,2179.0,140.0,7.0,mahindra,mahindra xuv500 w8 2wd,diesel,individual,manual,second owner,750000
2017,41232,26.59,1248.0,74.0,5.0,maruti,maruti swift dzire vdi optional,diesel,dealer,manual,first owner,589000
2005,200000,12.8,2494.0,102.0,8.0,toyota,toyota innova 2.5 g (diesel) 8 seater bs iv,diesel,individual,manual,second owner,310000
2016,63000,15.3,2956.0,83.8,9.0,tata,tata sumo ex,diesel,dealer,manual,first owner,445000
2015,62000,21.0,1498.0,74.96,7.0,mahindra,mahindra bolero b4,diesel,dealer,manual,first owner,445000
2012,68240,13.93,2956.0,138.1,7.0,tata,tata new safari 3l dicor lx 4x2,diesel,dealer,manual,first owner,450000
2008,78000,15.4,1997.0,120.0,7.0,mahindra,mahindra scorpio 1.99 s10 4wd,diesel,dealer,manual,first owner,450000
2017,38000,,,,,maruti,maruti swift vdi bsiv,diesel,dealer,manual,second owner,525000
2010,35000,18.9,998.0,67.1,5.0,maruti,maruti wagon r vxi,petrol,dealer,manual,first owner,200000
2018,9000,19.1,1197.0,85.8,5.0,maruti,maruti swift dzire lxi,petrol,dealer,manual,first owner,611000
2016,39000,19.67,1582.0,126.2,5.0,hyundai,hyundai creta 1.6 crdi anniversary edition,diesel,dealer,manual,first owner,819999
2016,39000,21.38,1396.0,88.7,5.0,hyundai,hyundai creta 1.4 crdi s,diesel,dealer,manual,first owner,825000
2015,92651,21.7,1498.0,98.96,5.0,ford,ford ecosport 1.5 diesel titanium,diesel,dealer,manual,first owner,599000
2018,28000,16.1,1197.0,85.0,5.0,maruti,maruti swift lxi bsiv,petrol,dealer,manual,first owner,490000
2020,40000,17.57,1193.0,88.7,5.0,tata,tata zest revotron 1.2 xt,petrol,individual,manual,first owner,500000
2017,88754,16.0,2179.0,140.0,7.0,mahindra,mahindra xuv500 w10 2wd,diesel,dealer,manual,first owner,1100000
2019,7000,19.4,1194.0,94.93,5.0,ford,ford aspire titanium bsiv,petrol,individual,manual,first owner,675000
2018,40000,16.0,2179.0,138.0,7.0,mahindra,mahindra xuv500 w9 2wd,diesel,individual,manual,first owner,1350000
2018,20000,18.9,1197.0,81.86,5.0,hyundai,hyundai grand i10 1.2 kappa sportz dual tone,petrol,individual,manual,first owner,570000
2017,50000,24.0,1186.0,73.97,5.0,hyundai,hyundai grand i10 1.2 crdi asta,diesel,individual,manual,first owner,455000
2013,45000,21.1,814.0,55.2,5.0,hyundai,hyundai eon era plus,petrol,individual,manual,second owner,165000
2016,22000,17.8,1497.0,117.3,5.0,honda,honda city i vtec vx option bl,petrol,individual,manual,first owner,925000
2014,100000,25.0,1396.0,69.01,5.0,tata,tata indigo cs elx bs iv,diesel,individual,manual,second owner,215000
2016,23700,20.4,1197.0,81.8,5.0,maruti,maruti swift vxi optional,petrol,individual,manual,first owner,470000
2016,23700,20.4,1197.0,81.8,5.0,maruti,maruti swift vxi deca,petrol,individual,manual,first owner,470000
2017,60000,28.09,1248.0,88.5,5.0,maruti,maruti ciaz zdi plus shvs,diesel,individual,manual,first owner,650000
2017,50000,20.37,1461.0,108.45,5.0,renault,renault captur 1.5 diesel rxt,diesel,individual,manual,first owner,900000
2011,53287,,,,,ford,ford fiesta 1.6 sxi abs duratec,petrol,dealer,manual,first owner,325000
2009,100000,17.8,1399.0,67.0,5.0,ford,ford fiesta classic 1.4 sxi duratorq,diesel,individual,manual,second owner,190000
2017,60000,21.19,1396.0,88.73,5.0,hyundai,hyundai i20 active 1.4 sx with avn,diesel,individual,manual,first owner,715000
2013,60000,25.0,1396.0,69.01,5.0,tata,tata indigo cs evx,diesel,individual,manual,second owner,227999
2015,40000,25.44,936.0,56.3,5.0,chevrolet,chevrolet beat diesel lt,diesel,individual,manual,first owner,200000
2017,110000,26.6,998.0,58.16,5.0,maruti,maruti wagon r lxi cng,cng,individual,manual,first owner,400000
2016,110000,24.52,1248.0,88.5,7.0,maruti,maruti ertiga shvs vdi,diesel,individual,manual,first owner,725000
2014,80000,20.0,1399.0,68.05,5.0,ford,ford figo diesel titanium,diesel,individual,manual,first owner,300000
2016,69500,12.99,2494.0,100.6,8.0,toyota,toyota innova 2.5 gx (diesel) 8 seater,diesel,individual,manual,second owner,1151000
2014,33000,20.63,1198.0,67.0,5.0,datsun,datsun go t bsiv,petrol,individual,manual,first owner,225000
2016,80000,19.81,1086.0,68.05,5.0,hyundai,hyundai i10 magna 1.1l,petrol,individual,manual,first owner,380000
2019,5000,18.6,1197.0,81.86,5.0,hyundai,hyundai elite i20 magna plus bsiv,petrol,individual,manual,first owner,630000
2014,25000,20.36,1197.0,78.9,5.0,hyundai,hyundai i10 magna 1.2 itech se,petrol,individual,manual,first owner,351000
2012,50000,20.86,1199.0,75.0,5.0,skoda,skoda fabia 1.2 tdi active plus,diesel,individual,manual,second owner,199000
2017,50000,17.6,2179.0,147.94,7.0,tata,tata hexa xe,diesel,individual,manual,first owner,850000
2010,120000,18.0,1248.0,75.0,5.0,tata,tata indica vista terra quadrajet 1.3l,diesel,individual,manual,second owner,105000
2010,120000,18.8,1248.0,90.0,5.0,tata,tata manza aura (abs) quadrajet,diesel,individual,manual,third owner,300000
2016,80000,12.99,2494.0,100.6,7.0,toyota,toyota innova 2.5 gx (diesel) 7 seater,diesel,individual,manual,first owner,950000
2015,110000,18.49,1493.0,100.0,7.0,mahindra,mahindra tuv 300 t8,diesel,individual,manual,second owner,430000
2016,80000,10.91,3198.0,197.0,7.0,ford,ford endeavour 3.2 titanium at 4x4,diesel,individual,automatic,first owner,2100000
2018,30000,24.0,1186.0,73.97,5.0,hyundai,hyundai grand i10 1.2 crdi sportz,diesel,individual,manual,first owner,540000
2012,60000,17.8,1086.0,63.0,5.0,hyundai,hyundai santro xing gl lpg,lpg,individual,manual,second owner,175000
2018,44000,17.01,1582.0,126.2,5.0,hyundai,hyundai creta 1.6 crdi at sx plus,diesel,individual,automatic,first owner,1150000
2020,5000,22.05,796.0,47.3,5.0,maruti,maruti alto 800 lxi,petrol,individual,manual,first owner,350000
2019,18000,18.6,1197.0,81.86,5.0,hyundai,hyundai elite i20 petrol asta option,petrol,individual,manual,first owner,690000
2015,80000,22.54,1396.0,88.73,5.0,hyundai,hyundai i20 asta 1.4 crdi,diesel,individual,manual,first owner,535000
2016,100000,24.3,1248.0,88.5,5.0,maruti,maruti vitara brezza zdi plus,diesel,individual,manual,first owner,730000
2016,19000,21.1,814.0,55.2,5.0,hyundai,hyundai eon era plus,petrol,individual,manual,first owner,280000
2019,33000,21.21,1197.0,81.8,5.0,maruti,maruti swift amt zxi,petrol,individual,automatic,first owner,650000
2012,162000,12.8,2494.0,102.0,7.0,toyota,toyota innova 2.5 gx 7 str,diesel,individual,manual,fourth & above owner,520000
2020,65000,20.14,1197.0,81.86,5.0,hyundai,hyundai xcent 1.2 vtvt e,petrol,individual,manual,second owner,360000
2011,170000,19.3,1248.0,73.9,5.0,maruti,maruti swift dzire vdi bsiv,diesel,individual,manual,first owner,250000
2017,40000,21.66,1498.0,108.62,5.0,volkswagen,volkswagen ameo 1.5 tdi trendline,diesel,individual,manual,first owner,575000
2012,120000,19.09,1396.0,69.0,5.0,tata,tata indigo cs ls (tdi) bs iii,diesel,individual,manual,third owner,170000
2017,53000,24.3,1248.0,88.5,5.0,maruti,maruti vitara brezza ldi option,diesel,individual,manual,first owner,711000
2013,90000,18.9,998.0,67.1,5.0,maruti,maruti wagon r vxi bsiii,petrol,individual,manual,first owner,250000
2017,35000,26.59,1248.0,74.0,5.0,maruti,maruti swift dzire vdi optional,diesel,individual,manual,first owner,675000
2016,50000,20.51,998.0,67.04,5.0,maruti,maruti wagon r vxi bs iv,petrol,individual,manual,first owner,325000
2016,20000,22.74,796.0,47.3,5.0,maruti,maruti alto 800 lxi,petrol,individual,manual,first owner,250000
2019,38000,28.4,1248.0,74.0,5.0,maruti,maruti swift amt zdi,diesel,individual,automatic,first owner,740000
2017,73000,12.0,2354.0,187.4,5.0,honda,honda cr-v 2.4l 4wd at avn,petrol,dealer,automatic,first owner,1750000
2017,28050,28.09,1248.0,88.5,5.0,maruti,maruti ciaz 1.3 alpha,diesel,dealer,manual,first owner,800000
2017,58000,12.0,2354.0,187.4,5.0,honda,honda cr-v 2.4l 4wd at avn,petrol,dealer,automatic,first owner,1825000
2017,58000,17.6,2179.0,153.86,7.0,tata,tata hexa xta,diesel,dealer,automatic,first owner,1295000
2014,69000,19.87,1461.0,83.8,5.0,renault,renault duster 85ps diesel rxz,diesel,dealer,manual,first owner,425000
2016,70000,12.0,2987.0,224.0,7.0,mercedes-benz,mercedes-benz gl-class 350 cdi luxury,diesel,dealer,automatic,first owner,4090000
2015,40000,17.6,1582.0,126.2,5.0,hyundai,hyundai creta 1.6 sx automatic diesel,diesel,dealer,automatic,first owner,910000
2011,142000,15.96,2523.0,62.1,7.0,mahindra,mahindra bolero 2011-2019 slx,diesel,individual,manual,first owner,325000
2016,22947,20.4,1197.0,81.8,5.0,maruti,maruti swift vxi deca,petrol,individual,manual,first owner,500000
2013,30000,20.36,1197.0,78.9,5.0,hyundai,hyundai i10 sportz,petrol,individual,manual,second owner,300000
2016,7672,21.1,814.0,55.2,5.0,hyundai,hyundai eon d lite plus,petrol,individual,manual,first owner,270000
2010,36659,19.7,796.0,46.3,5.0,maruti,maruti alto lxi,petrol,individual,manual,first owner,160000
2016,60000,16.8,796.0,34.2,8.0,maruti,maruti omni e mpi std bs iv,petrol,individual,manual,first owner,210000
2014,120000,15.1,2179.0,140.0,7.0,mahindra,mahindra xuv500 w4,diesel,individual,manual,first owner,850000
2014,120000,15.1,2179.0,140.0,7.0,mahindra,mahindra xuv500 w4,diesel,individual,manual,first owner,880000
2010,39000,16.9,1061.0,64.9,5.0,maruti,maruti zen estilo sports,petrol,individual,manual,first owner,150000
2015,45000,18.49,1493.0,100.0,7.0,mahindra,mahindra tuv 300 t8 amt,diesel,individual,automatic,first owner,775000
2009,70000,19.7,796.0,46.3,5.0,maruti,maruti alto lxi,petrol,individual,manual,third owner,160000
2012,100000,20.0,1399.0,68.0,5.0,ford,ford figo diesel exi,diesel,individual,manual,second owner,220000
2017,48000,22.54,1396.0,88.73,5.0,hyundai,hyundai i20 1.4 asta option,diesel,individual,manual,first owner,670000
2018,35000,22.54,1396.0,88.73,5.0,hyundai,hyundai i20 1.4 sportz,diesel,individual,manual,first owner,780000
2017,23000,21.4,1197.0,83.1,5.0,maruti,maruti baleno sigma 1.2,petrol,individual,manual,first owner,515000
2017,14000,22.54,1396.0,88.73,5.0,hyundai,hyundai i20 2015-2017 asta 1.4 crdi,diesel,individual,manual,first owner,800000
2014,60000,15.1,2179.0,140.0,7.0,mahindra,mahindra xuv500 w8 2wd,diesel,individual,manual,first owner,850000
2013,60000,21.1,814.0,55.2,5.0,hyundai,hyundai eon era plus,petrol,individual,manual,second owner,200000
2008,150000,19.4,1422.0,70.0,5.0,skoda,skoda fabia 1.4 tdi ambiente,diesel,individual,manual,third owner,140000
2016,80000,17.01,1591.0,121.3,5.0,hyundai,hyundai verna 1.6 vtvt at sx,petrol,individual,automatic,second owner,800000
2013,35000,20.92,998.0,67.1,5.0,maruti,maruti alto k10 2010-2014 vxi,petrol,individual,manual,first owner,250000
2017,44500,25.1,1248.0,88.5,5.0,maruti,maruti s-cross 2017-2020 zeta ddis 200 sh,diesel,individual,manual,first owner,800000
2015,60000,26.21,1248.0,88.5,5.0,maruti,maruti ciaz zdi plus,diesel,individual,manual,third owner,600000
2012,120000,21.8,1461.0,78.0,5.0,renault,renault fluence diesel e4,diesel,individual,manual,third owner,250000
2016,80000,25.8,1498.0,98.6,5.0,honda,honda amaze s i-dtec,diesel,individual,manual,second owner,500000
2019,9900,11.96,1298.0,80.0,8.0,maruti,maruti gypsy king soft top mpi bsiv,petrol,individual,manual,first owner,750000
2014,68000,22.9,1248.0,74.0,5.0,maruti,maruti swift zdi,diesel,individual,manual,first owner,650000
2012,40000,,,,,toyota,toyota etios liva g,petrol,individual,manual,third owner,350000
2016,60000,21.9,1498.0,98.6,7.0,honda,honda brv i-dtec v mt,diesel,individual,manual,first owner,950000
2015,110000,13.58,2499.0,72.4,10.0,chevrolet,chevrolet tavera neo 3 ls 10 seats bsiii,diesel,individual,manual,second owner,580000
2019,10000,18.9,1197.0,81.86,5.0,hyundai,hyundai grand i10 1.2 kappa sportz dual tone,petrol,individual,manual,first owner,640000
2014,80000,11.79,2179.0,120.0,8.0,mahindra,mahindra scorpio vlx 2wd at bsiii,diesel,individual,automatic,first owner,800000
2011,30000,19.0,998.0,66.1,5.0,maruti,maruti a-star vxi,petrol,individual,manual,first owner,347000
2014,120000,15.1,2179.0,140.0,7.0,mahindra,mahindra xuv500 w8 2wd,diesel,individual,manual,third owner,1000000
2016,35000,21.1,814.0,55.2,5.0,hyundai,hyundai eon sportz,petrol,individual,manual,first owner,300000
2017,40000,20.3,1199.0,84.0,5.0,tata,tata tigor 1.2 revotron xz,petrol,individual,manual,first owner,493000
2014,60000,18.9,1197.0,82.0,5.0,hyundai,hyundai grand i10 magna,petrol,individual,manual,first owner,370000
2008,90000,19.3,1248.0,73.9,5.0,maruti,maruti swift dzire zdi,diesel,individual,manual,fourth & above owner,250000
2017,20000,22.5,999.0,67.0,5.0,datsun,datsun redigo 1.0 t option,petrol,individual,manual,first owner,300000
2017,40000,24.04,999.0,67.0,5.0,renault,renault kwid climber 1.0 amt,petrol,individual,automatic,first owner,450000
2010,124316,20.0,1399.0,68.0,5.0,ford,ford figo diesel titanium,diesel,dealer,manual,second owner,185000
2019,6544,20.0,1497.0,115.0,5.0,mahindra,mahindra xuv300 w8 option dual tone diesel bsiv,diesel,individual,manual,first owner,1225000
2015,50000,12.99,2494.0,100.6,8.0,toyota,toyota innova 2.5 gx (diesel) 8 seater,diesel,individual,manual,first owner,1000000
2016,10000,18.6,1197.0,81.83,5.0,hyundai,hyundai i20 magna 1.2,petrol,individual,manual,first owner,600000
2018,50000,15.1,2179.0,152.87,7.0,mahindra,mahindra xuv500 w7 bsiv,diesel,individual,manual,first owner,1100000
2015,30000,18.9,1197.0,81.86,5.0,hyundai,hyundai grand i10 sportz edition,petrol,individual,manual,second owner,360000
2012,69000,17.5,1298.0,85.8,5.0,maruti,maruti swift dzire vxi,petrol,individual,manual,first owner,285000
2016,49600,25.32,1198.0,77.0,6.0,mahindra,mahindra kuv 100 mfalcon d75 k8,diesel,individual,manual,second owner,350000
2008,30000,19.81,1086.0,68.05,5.0,hyundai,hyundai i10 era,petrol,individual,manual,second owner,130000
2016,198000,18.2,1248.0,73.74,8.0,chevrolet,chevrolet enjoy 1.3 tcdi ltz 8,diesel,individual,manual,first owner,500000
2010,80000,17.0,1197.0,80.0,5.0,hyundai,hyundai i20 asta (o),petrol,individual,manual,first owner,350000
2019,19000,21.4,1197.0,83.1,5.0,maruti,maruti baleno delta automatic,petrol,individual,automatic,first owner,685000
2020,5000,21.94,1196.0,61.7,5.0,maruti,maruti eeco cng 5 seater ac bsiv,cng,individual,manual,first owner,399000
2017,10000,18.9,1197.0,81.86,5.0,hyundai,hyundai grand i10 1.2 kappa magna bsiv,petrol,individual,manual,first owner,525000
2017,40000,17.5,1373.0,91.1,7.0,maruti,maruti ertiga bsiv vxi,petrol,individual,manual,first owner,765000
2012,97000,22.9,1248.0,74.0,5.0,maruti,maruti swift vdi,diesel,individual,manual,third owner,450000
1999,80000,,,,,tata,tata estate std,diesel,individual,manual,third owner,78000
2014,30000,19.69,1198.0,67.04,5.0,nissan,nissan micra active xv,petrol,individual,manual,first owner,390000
2017,120000,24.52,1248.0,88.5,7.0,maruti,maruti ertiga shvs zdi plus,diesel,individual,manual,first owner,940000
2013,120000,19.01,1461.0,108.45,5.0,renault,renault duster 110ps diesel rxz,diesel,individual,manual,second owner,650000
2012,103994,20.0,1399.0,68.0,5.0,ford,ford figo diesel titanium,diesel,individual,manual,fourth & above owner,320000
2003,70000,13.4,1794.0,125.0,5.0,toyota,toyota corolla ae,petrol,individual,manual,second owner,145000
2017,70000,25.83,1498.0,99.0,5.0,ford,ford figo aspire 1.5 tdci titanium,diesel,individual,manual,first owner,670000
2011,115000,21.5,1248.0,88.8,5.0,maruti,maruti sx4 zdi leather,diesel,individual,manual,fourth & above owner,350000
2012,178000,22.3,1248.0,74.0,5.0,tata,tata indica vista quadrajet vx,diesel,individual,manual,second owner,285000
2011,40000,19.0,998.0,67.1,5.0,maruti,maruti zen estilo lx bsiv,petrol,individual,manual,third owner,300000
2011,80000,20.0,1399.0,68.0,5.0,ford,ford figo diesel exi,diesel,individual,manual,first owner,300000
2009,98000,12.07,2967.0,241.4,7.0,audi,audi q7 3.0 tdi quattro,diesel,individual,automatic,fourth & above owner,810000
2009,118000,16.8,1405.0,62.0,5.0,tata,tata indica v2 dls tc,diesel,individual,manual,second owner,90000
2004,100000,19.7,796.0,46.3,5.0,maruti,maruti alto lx,petrol,individual,manual,second owner,100000
2009,120000,17.88,1396.0,52.8,5.0,tata,tata indica v2 2001-2011 dls bsiii,diesel,individual,manual,second owner,90000
2013,120000,13.5,2609.0,115.0,5.0,mahindra,mahindra scorpio gateway 2wd,diesel,individual,manual,second owner,459999
2009,217000,12.8,2494.0,102.0,8.0,toyota,toyota innova 2.5 g (diesel) 8 seater bs iv,diesel,individual,manual,fourth & above owner,525000
2011,65000,18.9,998.0,67.1,5.0,maruti,maruti wagon r ax bsiv,petrol,individual,manual,second owner,250000
2012,41000,20.36,1197.0,78.9,5.0,hyundai,hyundai i10 asta,petrol,individual,manual,second owner,300000
2005,120000,16.1,1298.0,88.2,5.0,maruti,maruti swift zxi abs,petrol,individual,manual,second owner,130000
2011,70000,20.92,998.0,67.1,5.0,maruti,maruti alto k10 lxi,petrol,individual,manual,third owner,199000
2012,90000,20.46,1461.0,83.8,5.0,renault,renault duster 85ps diesel rxl optional,diesel,individual,manual,second owner,545000
2014,80000,20.77,1248.0,88.8,7.0,maruti,maruti ertiga zdi,diesel,individual,manual,second owner,570000
2006,120000,16.9,1497.0,100.0,5.0,honda,honda city 2017-2020 vtec,petrol,individual,manual,second owner,150000
2009,100000,19.7,796.0,46.3,5.0,maruti,maruti alto std,petrol,individual,manual,first owner,114999
2018,35000,20.3,1199.0,84.0,5.0,tata,tata tigor 1.2 revotron xt,petrol,individual,manual,first owner,450000
2019,5000,20.0,999.0,72.0,7.0,renault,renault triber rxt bsiv,petrol,individual,manual,first owner,600000
2016,110000,24.3,1248.0,88.5,5.0,maruti,maruti vitara brezza vdi option,diesel,individual,manual,first owner,610000
2017,20000,18.6,1197.0,81.83,5.0,hyundai,hyundai i20 1.2 asta option,petrol,individual,manual,first owner,690000
2018,15000,17.0,1198.0,108.5,5.0,tata,tata nexon 1.2 revotron xz plus,petrol,individual,manual,first owner,790000
2014,40000,20.92,998.0,67.1,5.0,maruti,maruti alto k10 2010-2014 vxi,petrol,individual,manual,second owner,254999
2016,41000,18.7,1199.0,88.7,5.0,honda,honda jazz 1.2 v i vtec,petrol,individual,manual,first owner,500000
2011,100000,13.6,2523.0,63.0,7.0,mahindra,mahindra bolero slx,diesel,individual,manual,second owner,340000
2007,110000,13.6,2523.0,63.0,7.0,mahindra,mahindra bolero slx,diesel,individual,manual,third owner,245000
2012,120000,17.8,1399.0,67.0,5.0,ford,ford fiesta classic 1.4 duratorq clxi,diesel,individual,manual,third owner,340000
2008,35008,21.79,998.0,67.05,5.0,maruti,maruti wagon r lxi,petrol,dealer,manual,first owner,221000
2017,31100,22.7,799.0,53.64,5.0,datsun,datsun redigo t,petrol,dealer,manual,first owner,270000
2014,42312,24.4,1120.0,71.0,5.0,hyundai,hyundai xcent 1.1 crdi base,diesel,dealer,manual,first owner,455000
2011,72000,17.6,1496.0,88.7,5.0,toyota,toyota etios g safety,petrol,dealer,manual,first owner,300000
2014,54891,23.59,1364.0,67.04,5.0,toyota,toyota etios liva 1.4 gd,diesel,dealer,manual,first owner,480000
2018,30000,22.0,1582.0,126.2,5.0,hyundai,hyundai verna crdi 1.6 at sx plus,diesel,individual,automatic,first owner,1000000
2017,44000,22.69,1995.0,190.0,5.0,bmw,bmw 3 series 320d luxury line plus,diesel,dealer,automatic,first owner,2600000
2017,18890,11.36,2755.0,171.5,7.0,toyota,toyota innova crysta 2.8 zx at bsiv,diesel,dealer,automatic,first owner,1850000
2013,75010,13.73,1995.0,148.0,5.0,renault,renault koleos 2.0 diesel,diesel,dealer,automatic,first owner,1000000
2012,100000,23.08,1461.0,63.1,5.0,renault,renault pulse rxz optional,diesel,dealer,manual,first owner,245000
2019,4337,18.9,1197.0,82.0,5.0,hyundai,hyundai grand i10 magna at,petrol,dealer,automatic,first owner,625000
2018,14495,18.78,999.0,75.0,5.0,volkswagen,volkswagen polo 2015-2019 1.0 mpi trendline,petrol,dealer,manual,first owner,560000
2018,24000,15.1,2179.0,152.87,7.0,mahindra,mahindra xuv500 w9 bsiv,diesel,dealer,manual,first owner,1475000
2010,83585,21.43,1364.0,87.2,5.0,toyota,toyota corolla altis diesel d4dg,diesel,dealer,manual,first owner,425000
2014,31000,17.21,1197.0,103.6,5.0,volkswagen,volkswagen polo gt tsi,petrol,dealer,automatic,second owner,550000
2016,100000,13.68,2393.0,147.8,7.0,toyota,toyota innova crysta 2.4 gx mt bsiv,diesel,dealer,manual,first owner,1475000
2017,48406,19.87,1461.0,83.8,5.0,renault,renault duster 85ps diesel rxl,diesel,dealer,manual,first owner,750000
2016,56239,22.54,1396.0,88.73,5.0,hyundai,hyundai i20 era 1.4 crdi,diesel,dealer,manual,first owner,570000
2015,33243,21.4,1197.0,83.1,5.0,maruti,maruti baleno delta 1.2,petrol,dealer,manual,first owner,585000
2016,26000,19.0,1199.0,88.7,5.0,honda,honda jazz 1.2 s at i vtec,petrol,dealer,automatic,first owner,600000
2012,90000,,,,,toyota,toyota etios gd,diesel,individual,manual,first owner,415000
2016,120000,17.19,1197.0,81.86,5.0,hyundai,hyundai i20 active 1.2 sx with avn,petrol,individual,manual,second owner,530000
2005,15858,13.8,1299.0,70.0,5.0,ford,ford ikon 1.3 flair,petrol,individual,manual,first owner,150000
2017,15000,24.7,796.0,47.3,5.0,maruti,maruti alto 800 lxi,petrol,individual,manual,first owner,310000
2014,50000,13.58,2499.0,72.4,9.0,chevrolet,chevrolet tavera neo 3 lt 9 seats bsiii,diesel,individual,manual,first owner,500000
2013,60000,25.44,936.0,57.6,5.0,chevrolet,chevrolet beat diesel,diesel,individual,manual,second owner,200000
2018,35000,21.04,1461.0,83.8,7.0,renault,renault lodgy 85ps rxe 7 seater,diesel,individual,manual,first owner,900000
2000,90000,12.8,1489.0,35.5,5.0,ambassador,ambassador classic 1500 dsl ac,diesel,individual,manual,second owner,75000
2015,50000,20.4,1197.0,83.11,5.0,maruti,maruti swift lxi optional-o,petrol,individual,manual,first owner,400000
2015,110000,24.5,1498.0,98.6,7.0,honda,honda mobilio rs i dtec,diesel,individual,manual,first owner,650000
2015,87847,28.4,1248.0,74.0,5.0,maruti,maruti swift vdi,diesel,dealer,manual,first owner,480000
2009,35000,19.7,796.0,46.3,5.0,maruti,maruti alto lxi,petrol,individual,manual,first owner,140000
2018,5000,22.0,1197.0,81.8,5.0,maruti,maruti swift vxi 2018,petrol,individual,manual,first owner,550000
2017,29000,20.51,998.0,67.0,5.0,maruti,maruti wagon r amt vxi,petrol,individual,automatic,first owner,380000
2016,20000,19.09,1405.0,69.01,5.0,tata,tata indigo cs ls (tdi) bs-iii,diesel,individual,manual,first owner,440000
2018,15000,21.21,1197.0,81.8,5.0,maruti,maruti swift dzire vxi 1.2,petrol,individual,manual,first owner,630000
2017,40000,25.17,799.0,53.3,5.0,renault,renault kwid rxl,petrol,individual,manual,first owner,250000
2009,17000,19.7,796.0,46.3,5.0,maruti,maruti alto lx,petrol,individual,manual,first owner,120000
2012,120000,21.12,1248.0,88.8,5.0,tata,tata manza aura quadrajet bs iv,diesel,individual,manual,first owner,287000
2016,45000,21.4,1197.0,83.1,5.0,maruti,maruti baleno delta 1.2,petrol,individual,manual,first owner,550000
2016,60000,15.4,1997.0,120.0,7.0,mahindra,mahindra scorpio 1.99 s10 4wd,diesel,individual,manual,third owner,950000
2019,25000,17.0,1956.0,138.1,5.0,tata,tata harrier xz dark edition bsiv,diesel,individual,manual,first owner,1630000
2015,80000,25.01,1498.0,89.75,5.0,ford,ford fiesta 1.5 tdci trend,diesel,individual,manual,second owner,501000
2014,70000,15.96,2523.0,62.1,7.0,mahindra,mahindra bolero 2011-2019 zlx bsiii,diesel,individual,manual,first owner,550000
2016,25000,22.74,796.0,47.3,5.0,maruti,maruti alto 800 lxi,petrol,individual,manual,first owner,300000
2015,50000,20.51,998.0,67.04,5.0,maruti,maruti wagon r vxi bs iv,petrol,individual,manual,third owner,300000
2012,100000,,,,,toyota,toyota etios liva gd,diesel,individual,manual,second owner,280000
2016,15000,18.2,1199.0,82.4,5.0,chevrolet,chevrolet sail 1.2 ls abs,petrol,individual,manual,first owner,550000
2012,100000,15.1,2179.0,140.0,7.0,mahindra,mahindra xuv500 w8 2wd,diesel,individual,manual,second owner,700000
2011,70000,15.64,1193.0,64.1,5.0,tata,tata indigo cs eglx bs iv,petrol,individual,manual,first owner,181000
2009,110000,11.79,2179.0,120.0,8.0,mahindra,mahindra scorpio vls at 2.2 mhawk,diesel,individual,automatic,second owner,365000
2006,9558,,,,,hyundai,hyundai santro xing xo erlx euro ii,petrol,individual,manual,first owner,150000
2017,10000,23.95,998.0,67.1,5.0,maruti,maruti alto k10 vxi ags optional,petrol,individual,automatic,first owner,400000
2010,110000,20.36,1197.0,78.9,5.0,hyundai,hyundai i10 sportz,petrol,individual,manual,first owner,210000
2013,87000,22.32,1582.0,126.32,5.0,hyundai,hyundai verna 1.6 sx,diesel,individual,manual,second owner,500000
2017,9000,13.6,1999.0,177.0,5.0,jaguar,jaguar xe 2016-2019 2.0l diesel prestige,diesel,dealer,automatic,first owner,2711000
2017,120000,17.57,1193.0,88.7,5.0,tata,tata zest revotron 1.2 xt,petrol,individual,manual,first owner,550000
2013,148000,20.77,1248.0,88.8,7.0,maruti,maruti ertiga zdi,diesel,individual,manual,first owner,509999
2013,60000,21.27,1396.0,88.76,5.0,hyundai,hyundai i20 asta 1.4 crdi,diesel,individual,manual,second owner,459999
2015,18000,22.74,796.0,47.3,5.0,maruti,maruti alto 800 lxi,petrol,individual,manual,first owner,310000
2018,80000,22.95,1248.0,74.0,5.0,tata,tata zest quadrajet 1.3 75ps xms,diesel,individual,manual,first owner,775000
2004,96000,19.7,796.0,46.3,5.0,maruti,maruti alto lxi,petrol,individual,manual,third owner,105000
2015,97000,25.8,1498.0,98.6,5.0,honda,honda amaze s i-dtech,diesel,individual,manual,second owner,430000
2013,210000,21.9,1396.0,88.76,5.0,hyundai,hyundai i20 sportz 1.4 crdi,diesel,individual,manual,third owner,360000
2012,60000,20.5,1598.0,105.0,5.0,volkswagen,volkswagen vento diesel breeze,diesel,individual,manual,third owner,400000
2014,90000,23.4,1248.0,74.0,5.0,maruti,maruti swift dzire zdi,diesel,individual,manual,first owner,600000
2019,35000,17.5,1199.0,88.7,5.0,honda,honda wr-v i-vtec vx,petrol,individual,manual,first owner,580000
2012,120000,21.03,1461.0,65.0,5.0,mahindra,mahindra verito 1.5 d2 bsiv,diesel,individual,manual,second owner,140000
2008,100000,19.61,1405.0,70.0,5.0,tata,tata indigo tdi,diesel,individual,manual,first owner,210000
2017,20000,18.9,1197.0,82.0,5.0,hyundai,hyundai grand i10 asta option,petrol,individual,manual,first owner,550000
2013,110000,18.2,1199.0,84.8,5.0,chevrolet,chevrolet sail hatchback petrol ls abs,petrol,individual,manual,second owner,120000
2013,35000,12.99,2494.0,100.6,7.0,toyota,toyota innova 2.5 gx (diesel) 7 seater,diesel,individual,manual,first owner,400000
2018,15000,25.5,1498.0,98.6,5.0,honda,honda wr-v i-dtec vx,diesel,individual,manual,first owner,1035000
2015,90000,26.21,1248.0,88.5,5.0,maruti,maruti ciaz vdi plus,diesel,individual,manual,first owner,625000
2008,40000,20.36,1197.0,78.9,5.0,hyundai,hyundai i10 magna,petrol,individual,manual,first owner,200000
2013,140000,21.02,1248.0,88.76,5.0,tata,tata manza club class quadrajet90 ex,diesel,individual,manual,first owner,316000
2017,110000,24.3,1248.0,88.5,5.0,maruti,maruti vitara brezza zdi,diesel,individual,manual,first owner,813000
2016,55000,11.36,2755.0,171.5,7.0,toyota,toyota innova crysta 2.8 gx at bsiv,diesel,individual,automatic,first owner,1575000
2013,73000,12.99,2494.0,100.0,8.0,toyota,toyota innova 2.5 vx (diesel) 8 seater,diesel,individual,manual,first owner,900000
2015,100000,20.77,1248.0,88.76,7.0,maruti,maruti ertiga vdi,diesel,individual,manual,first owner,650000
2015,32000,25.83,1498.0,99.0,5.0,ford,ford figo aspire 1.5 tdci trend,diesel,individual,manual,second owner,459999
2012,112072,21.64,1461.0,84.8,5.0,nissan,nissan sunny diesel xv,diesel,individual,manual,first owner,290000
2014,30000,20.0,1399.0,68.05,5.0,ford,ford figo diesel exi,diesel,individual,manual,first owner,400000
2016,70000,25.2,1248.0,74.0,5.0,maruti,maruti swift vdi bsiv,diesel,individual,manual,second owner,565000
2011,50000,,,,,volkswagen,volkswagen multivan tdi,diesel,individual,manual,second owner,2150000
2009,80000,18.0,995.0,62.0,5.0,chevrolet,chevrolet spark 1.0 ls,petrol,individual,manual,second owner,150000
2007,110000,16.07,1995.0,181.0,5.0,bmw,bmw 3 series 320d sedan,diesel,individual,automatic,fourth & above owner,480000
2007,80000,18.2,1061.0,64.0,5.0,maruti,maruti zen estilo 1.1 lx bsiii,petrol,individual,manual,second owner,70000
2011,80000,10.93,2497.0,204.0,5.0,mercedes-benz,mercedes-benz e-class e 250 elegance,petrol,individual,automatic,second owner,1190000
2006,100000,,,,,hyundai,hyundai santro gls i - euro ii,petrol,individual,manual,second owner,140000
2018,19000,23.0,1498.0,98.96,5.0,ford,ford ecosport 1.5 diesel titanium plus bsiv,diesel,individual,manual,first owner,900000
2015,40000,22.54,1396.0,88.73,5.0,hyundai,hyundai i20 sportz option 1.4 crdi,diesel,individual,manual,first owner,600000
2015,52269,15.4,2179.0,120.0,7.0,mahindra,mahindra scorpio s10 7 seater,diesel,individual,manual,first owner,1100000
2010,170000,10.9,796.0,32.8,5.0,maruti,maruti omni lpg cargo bsiii w immobiliser,lpg,individual,manual,second owner,120000
2009,140000,,,,,maruti,maruti omni e 8 str std,petrol,individual,manual,first owner,120000
2010,170000,,,,,maruti,maruti omni e 8 str std,petrol,individual,manual,second owner,120000
2009,60000,18.5,1197.0,80.0,5.0,hyundai,hyundai i20 magna,petrol,individual,manual,third owner,229999
2017,15780,17.8,1198.0,86.7,5.0,honda,honda amaze i-vtec privilege edition,petrol,individual,manual,first owner,570000
2014,106000,22.32,1582.0,126.32,5.0,hyundai,hyundai verna 1.6 sx,diesel,individual,manual,first owner,575000
2012,80000,20.54,1598.0,103.6,5.0,volkswagen,volkswagen vento diesel highline,diesel,individual,manual,third owner,280000
2015,74000,21.19,1396.0,88.73,5.0,hyundai,hyundai i20 active 1.4 sx dual tone,diesel,individual,manual,second owner,580000
2018,35000,25.47,1248.0,88.5,7.0,maruti,maruti ertiga vdi,diesel,individual,manual,second owner,875000
2013,70000,22.32,1582.0,126.32,5.0,hyundai,hyundai verna 1.6 sx crdi (o),diesel,individual,manual,third owner,500000
2015,60000,26.21,1248.0,88.5,5.0,maruti,maruti ciaz zdi,diesel,individual,manual,first owner,700000
2016,50000,18.16,1196.0,86.8,5.0,ford,ford figo 1.2p titanium mt,petrol,individual,manual,second owner,388000
2011,80000,20.36,1197.0,78.9,5.0,hyundai,hyundai i10 sportz,petrol,individual,manual,second owner,225000
2011,90000,15.64,1193.0,64.08,5.0,tata,tata indigo cs eglx bs iv,petrol,individual,manual,second owner,90000
2014,114000,19.01,1461.0,108.45,5.0,renault,renault duster 110ps diesel rxz,diesel,individual,manual,first owner,600000
2009,100000,18.5,1197.0,80.0,5.0,hyundai,hyundai i20 magna,petrol,individual,manual,first owner,235000
2011,100000,23.0,1396.0,90.0,5.0,hyundai,hyundai i20 1.4 crdi asta,diesel,individual,manual,second owner,350000
2011,80000,20.36,1197.0,78.9,5.0,hyundai,hyundai i10 sportz,petrol,individual,manual,second owner,235000
2010,35000,19.7,796.0,46.3,5.0,maruti,maruti alto lxi,petrol,individual,manual,first owner,190000
2011,79000,21.12,1248.0,88.8,5.0,tata,tata manza aura (abs) quadrajet bs iv,diesel,individual,manual,first owner,325000
2007,2360457,18.6,1197.0,81.83,5.0,hyundai,hyundai i20 asta 1.2,petrol,individual,manual,second owner,550000
2011,120000,20.54,1598.0,103.6,5.0,volkswagen,volkswagen vento diesel highline,diesel,individual,manual,third owner,300000
2017,10000,20.3,1199.0,84.0,5.0,tata,tata tigor 1.2 revotron xt,petrol,individual,manual,first owner,550000
2013,150000,15.1,2179.0,140.0,7.0,mahindra,mahindra xuv500 w8 awd,diesel,individual,manual,second owner,720000
2011,110000,18.06,1198.0,75.0,5.0,nissan,nissan micra xe,petrol,individual,manual,first owner,110000
2018,10000,24.7,796.0,47.3,5.0,maruti,maruti alto 800 vxi,petrol,individual,manual,first owner,310000
2010,70000,26.2,998.0,58.2,5.0,maruti,maruti wagon r lxi lpg bsiv,lpg,individual,manual,second owner,150000
2012,46000,19.4,1405.0,70.0,5.0,tata,tata indica vista tdi lx,diesel,individual,manual,first owner,260000
2002,120000,13.2,1495.0,94.0,5.0,hyundai,hyundai accent gls,petrol,individual,manual,fourth & above owner,55000
2013,108800,22.9,1248.0,74.0,5.0,maruti,maruti swift vdi,diesel,individual,manual,third owner,450000
2009,70000,20.36,1197.0,78.9,5.0,hyundai,hyundai i10 sportz option,petrol,individual,manual,second owner,199000
2018,35000,15.4,2523.0,75.0,7.0,mahindra,mahindra scorpio s3 9 seater bsiv,diesel,individual,manual,first owner,1000000
2011,72000,20.0,1399.0,68.0,5.0,ford,ford figo diesel exi,diesel,individual,manual,first owner,240000
2018,40000,25.17,799.0,53.3,5.0,renault,renault kwid rxl,petrol,individual,manual,first owner,350000
2014,120000,15.96,2523.0,62.1,7.0,mahindra,mahindra bolero 2011-2019 zlx bsiii,diesel,individual,manual,third owner,530000
2011,35000,18.0,995.0,62.0,5.0,chevrolet,chevrolet spark 1.0 ls,petrol,individual,manual,first owner,150000
2019,12500,18.6,1197.0,81.86,5.0,hyundai,hyundai elite i20 magna plus bsiv,petrol,individual,manual,first owner,625000
2014,80000,18.9,1197.0,82.0,5.0,hyundai,hyundai grand i10 magna,petrol,individual,manual,first owner,378000
2015,210000,25.17,799.0,53.3,5.0,renault,renault kwid rxt,petrol,individual,manual,second owner,210000
2018,100000,28.4,1248.0,74.02,5.0,maruti,maruti swift dzire vdi,diesel,individual,manual,second owner,700000
2011,110000,17.92,1086.0,62.1,5.0,hyundai,hyundai santro xing gl plus,petrol,individual,manual,second owner,156000
2016,103000,16.5,1493.0,70.0,7.0,mahindra,mahindra bolero power plus zlx,diesel,individual,manual,first owner,700000
2010,577414,18.9,1061.0,67.0,5.0,maruti,maruti wagon r lxi minor,petrol,individual,manual,second owner,194000
2006,100000,19.7,796.0,46.3,5.0,maruti,maruti alto lx,petrol,individual,manual,second owner,120000
2015,45000,15.5,1198.0,86.7,5.0,honda,honda amaze s at i-vtech,petrol,individual,automatic,first owner,415000
2015,45000,15.5,1198.0,86.7,5.0,honda,honda amaze s at i-vtech,petrol,individual,automatic,first owner,450000
2014,40000,19.4,1198.0,86.8,5.0,honda,honda brio s mt,petrol,individual,manual,third owner,325000
2014,200000,15.96,2523.0,62.1,9.0,mahindra,mahindra bolero 2011-2019 plus ac,diesel,individual,manual,first owner,525000
2017,100000,21.1,814.0,55.2,5.0,hyundai,hyundai eon magna plus,petrol,individual,manual,first owner,265000
2008,120000,19.7,796.0,35.0,8.0,maruti,maruti omni 8 seater bsii,petrol,individual,manual,second owner,100000
2015,100000,23.0,1248.0,88.7,5.0,tata,tata zest quadrajet 1.3 xm,diesel,individual,manual,first owner,400000
2013,40000,21.9,1396.0,88.8,5.0,hyundai,hyundai i20 magna optional 1.4 crdi,diesel,individual,manual,first owner,345000
2018,15000,16.55,2498.0,105.0,6.0,mahindra,mahindra thar crde,diesel,individual,manual,second owner,850000
2018,15000,20.89,1197.0,81.8,5.0,maruti,maruti ignis 1.2 amt zeta bsiv,petrol,individual,automatic,first owner,620000
2018,10000,21.4,1197.0,83.1,5.0,maruti,maruti baleno alpha 1.2,petrol,individual,manual,second owner,700000
2012,90000,22.3,1248.0,74.0,5.0,tata,tata indica vista quadrajet vx,diesel,individual,manual,first owner,200000
2017,80000,16.5,1493.0,70.0,7.0,mahindra,mahindra bolero power plus lx,diesel,individual,manual,first owner,660000
2015,39000,13.5,2477.0,175.56,7.0,mitsubishi,mitsubishi pajero sport 4x4,diesel,individual,manual,first owner,1700000
2009,60000,17.88,1396.0,52.8,5.0,tata,tata indica v2 dle bsiii,diesel,individual,manual,second owner,90000
2015,28000,15.1,2179.0,140.0,7.0,mahindra,mahindra xuv500 w6 2wd,diesel,individual,manual,second owner,1050000
2010,90000,15.6,1196.0,70.0,5.0,ford,ford figo petrol exi,petrol,individual,manual,second owner,160000
2006,80000,13.5,1799.0,130.0,5.0,honda,honda civic 1.8 (e) mt,petrol,individual,manual,third owner,150000
2010,35000,19.0,998.0,67.1,5.0,maruti,maruti zen estilo lx bsiv,petrol,individual,manual,first owner,200000
2011,185000,21.43,1364.0,87.2,5.0,toyota,toyota corolla altis diesel d4dg,diesel,individual,manual,second owner,365000
2009,110000,15.7,1172.0,67.0,5.0,fiat,fiat punto 1.2 active,petrol,individual,manual,second owner,140000
2016,100000,20.5,1248.0,91.72,5.0,fiat,fiat avventura power up 1.3 active,diesel,individual,manual,first owner,360000
2008,110000,17.7,1497.0,78.0,5.0,honda,honda city 2017-2020 gxi,petrol,individual,manual,second owner,200000
2010,100000,17.5,1896.0,106.0,5.0,skoda,skoda laura ambiente,diesel,individual,manual,second owner,250000
2008,110000,17.5,1896.0,106.0,5.0,skoda,skoda laura ambiente 1.9 pd,diesel,individual,manual,second owner,229999
2011,130000,17.8,1399.0,68.0,5.0,ford,ford fiesta 1.4 zxi tdci abs,diesel,individual,manual,second owner,320000
2003,68300,,,,,hyundai,hyundai santro xing xs erlx euro ii,petrol,individual,manual,third owner,85000
2018,27000,15.8,1591.0,121.3,5.0,hyundai,hyundai creta 1.6 sx,petrol,individual,manual,first owner,1200000
2018,9000,21.4,1197.0,83.1,5.0,maruti,maruti baleno zeta automatic,petrol,individual,automatic,first owner,740000
2019,19000,20.89,1197.0,81.8,5.0,maruti,maruti ignis 1.2 amt zeta bsiv,petrol,individual,automatic,second owner,570000
2013,100000,23.57,1396.0,70.0,5.0,tata,tata indigo cr4,diesel,individual,manual,first owner,250000
2017,20000,20.51,998.0,67.0,5.0,maruti,maruti wagon r amt vxi,petrol,individual,automatic,first owner,430000
2014,35000,21.1,814.0,55.2,5.0,hyundai,hyundai eon era,petrol,individual,manual,first owner,225000
2014,70000,22.54,1396.0,88.73,5.0,hyundai,hyundai i20 sportz 1.4 crdi,diesel,individual,manual,second owner,440000
2016,70000,24.3,1248.0,88.5,5.0,maruti,maruti vitara brezza zdi plus dual tone,diesel,individual,manual,first owner,800000
2015,53000,24.0,1120.0,70.0,5.0,hyundai,hyundai grand i10 crdi sportz,diesel,individual,manual,first owner,450000
2013,105000,23.4,1248.0,74.0,5.0,maruti,maruti swift dzire vdi,diesel,individual,manual,second owner,420000
2011,121941,12.8,2494.0,102.0,8.0,toyota,toyota innova 2.5 ev ps 8 str bsiv,diesel,dealer,manual,first owner,500000
2016,15000,23.84,1199.0,84.0,5.0,tata,tata tiago 1.2 revotron xz,petrol,individual,manual,first owner,350000
2014,100000,14.0,2489.0,95.0,8.0,mahindra,mahindra xylo d2 bsiv,diesel,individual,manual,first owner,280000
2013,152186,20.45,1461.0,83.8,5.0,renault,renault duster 85ps diesel rxl optional with nav,diesel,dealer,manual,second owner,425000
2013,82246,20.36,1197.0,78.9,5.0,hyundai,hyundai i10 magna,petrol,dealer,manual,first owner,295000
2016,20000,20.4,1197.0,81.8,5.0,maruti,maruti swift vxi optional,petrol,individual,manual,first owner,540000
2017,40000,28.4,1248.0,74.02,5.0,maruti,maruti swift dzire zdi,diesel,individual,manual,first owner,754000
2011,89580,12.8,2494.0,102.0,8.0,toyota,toyota innova 2.5 gx 8 str bsiv,diesel,dealer,manual,second owner,650000
2011,250000,12.8,2494.0,102.0,7.0,toyota,toyota innova 2.5 vx 7 str,diesel,individual,manual,second owner,550000
2011,250000,12.8,2494.0,102.0,7.0,toyota,toyota innova 2.5 v diesel 7-seater,diesel,individual,manual,second owner,550000
2019,2789,18.16,1196.0,86.8,5.0,ford,ford figo 1.2p titanium mt,petrol,dealer,manual,first owner,675000
2018,35278,23.8,1499.0,98.97,5.0,ford,ford freestyle titanium plus diesel,diesel,dealer,manual,first owner,700000
2018,2860,23.8,1499.0,98.97,5.0,ford,ford freestyle titanium diesel,diesel,dealer,manual,first owner,795000
2010,200000,12.8,2494.0,102.0,7.0,toyota,toyota innova 2.5 vx 7 str,diesel,individual,manual,first owner,515000
2018,20000,18.15,1198.0,82.0,6.0,mahindra,mahindra kuv 100 g80 k4 plus,petrol,individual,manual,first owner,450000
2008,60000,15.0,1086.0,66.6,5.0,hyundai,hyundai getz 1.1 gvs,petrol,individual,manual,third owner,155000
2011,100000,23.59,1364.0,67.1,5.0,toyota,toyota etios vxd,diesel,individual,manual,second owner,350000
2011,78562,20.0,1399.0,68.0,5.0,ford,ford figo diesel titanium,diesel,dealer,manual,first owner,250000
2011,96000,22.32,1582.0,126.32,5.0,hyundai,hyundai verna 1.6 sx,diesel,individual,manual,fourth & above owner,450000
2003,36088,16.1,796.0,37.0,4.0,maruti,maruti 800 ex bsii,petrol,individual,manual,first owner,55599
2014,50000,22.54,1396.0,88.73,5.0,hyundai,hyundai i20 sportz 1.4 crdi,diesel,individual,manual,first owner,420000
2012,100000,,,,,toyota,toyota etios liva gd sp,diesel,individual,manual,first owner,315000
2018,40000,25.1,1248.0,88.5,5.0,maruti,maruti s-cross 2017-2020 alpha ddis 200 sh,diesel,individual,manual,first owner,750000
2020,10000,19.02,1198.0,67.05,5.0,datsun,datsun go t option,petrol,individual,manual,first owner,450000
2008,60000,17.8,1248.0,75.0,5.0,maruti,maruti swift vdi bsiii,diesel,individual,manual,second owner,175000
2019,10000,17.19,1197.0,81.86,5.0,hyundai,hyundai i20 active sx petrol,petrol,individual,manual,first owner,650000
2018,10000,25.47,1248.0,88.5,7.0,maruti,maruti ertiga zdi plus,diesel,individual,manual,first owner,1050000
2011,35000,22.32,1582.0,126.32,5.0,hyundai,hyundai verna 1.6 sx crdi (o),diesel,individual,manual,second owner,375000
2014,80000,14.74,2199.0,194.3,7.0,hyundai,hyundai santa fe 2wd mt,diesel,individual,manual,first owner,1100000
2019,28000,15.1,2179.0,152.87,7.0,mahindra,mahindra xuv500 w11 bsiv,diesel,individual,manual,first owner,1550000
2017,35000,24.29,1498.0,99.0,5.0,ford,ford figo aspire 1.5 tdci sports edition,diesel,individual,manual,first owner,620000
2017,32000,16.3,1956.0,170.0,5.0,jeep,jeep compass 2.0 limited 4x4,diesel,individual,manual,first owner,1511000
2003,40000,18.9,998.0,67.1,5.0,maruti,maruti wagon r lxi,petrol,individual,manual,first owner,135000
2019,10000,25.17,799.0,53.3,5.0,renault,renault kwid rxl,petrol,individual,manual,first owner,320000
2019,25000,15.1,2179.0,152.87,7.0,mahindra,mahindra xuv500 w11 at bsiv,diesel,individual,automatic,second owner,1650000
2016,50000,23.95,998.0,67.05,5.0,maruti,maruti alto k10 vxi,petrol,individual,manual,first owner,320000
2012,129000,19.3,1248.0,73.9,5.0,maruti,maruti swift dzire zdi bsiv,diesel,individual,manual,first owner,400000
2015,100000,16.0,2179.0,140.0,7.0,mahindra,mahindra xuv500 at w10 fwd,diesel,individual,automatic,second owner,900000
2018,30000,24.7,796.0,47.3,5.0,maruti,maruti alto 800 lxi,petrol,individual,manual,first owner,310000
2018,28000,17.0,1198.0,108.5,5.0,tata,tata nexon 1.2 revotron xm,petrol,individual,manual,second owner,595000
2013,70000,13.87,1598.0,86.0,5.0,mahindra,mahindra verito 1.6 g6 executive bsiii,petrol,individual,manual,first owner,350000
2013,110000,19.1,1405.0,70.0,5.0,tata,tata indica vista tdi lx,diesel,individual,manual,first owner,275000
2019,10000,15.37,1196.0,73.0,5.0,maruti,maruti eeco 5 seater ac bsiv,petrol,individual,manual,first owner,420000
2008,110000,18.1,1493.0,110.0,5.0,hyundai,hyundai verna crdi sx abs,diesel,individual,manual,second owner,250000
2007,100000,17.8,1248.0,75.0,5.0,maruti,maruti swift ldi bsiv,diesel,individual,manual,second owner,250000
2016,60000,16.9,1197.0,82.0,5.0,hyundai,hyundai xcent 1.2 kappa at sx option,petrol,individual,automatic,first owner,525000
2008,110000,10.5,2609.0,120.0,7.0,mahindra,mahindra scorpio lx 2.6 turbo,diesel,individual,manual,third owner,250000
2007,64000,,,,,hyundai,hyundai santro xing xl,petrol,individual,manual,first owner,90000
2017,10000,23.1,998.0,67.04,5.0,maruti,maruti celerio vxi,petrol,individual,manual,first owner,430000
2017,35000,21.4,1197.0,83.1,5.0,maruti,maruti baleno zeta 1.2,petrol,individual,manual,first owner,630000
2018,23000,20.3,1199.0,84.0,5.0,tata,tata tigor 1.2 revotron xz option,petrol,individual,manual,first owner,550000
2019,15000,28.4,1248.0,74.0,5.0,maruti,maruti swift vdi,diesel,individual,manual,second owner,630000
2018,20000,18.49,2179.0,120.0,9.0,mahindra,mahindra tuv 300 plus p4 bsiv,diesel,individual,manual,first owner,850000
2011,90000,13.6,2523.0,63.0,7.0,mahindra,mahindra bolero slx 2wd,diesel,individual,manual,first owner,455000
2011,90000,13.6,2523.0,63.0,7.0,mahindra,mahindra bolero slx 2wd,diesel,individual,manual,first owner,445000
2013,80000,21.9,1396.0,88.76,5.0,hyundai,hyundai i20 sportz 1.4 crdi,diesel,individual,manual,first owner,370000
2016,50000,18.9,1197.0,82.0,5.0,hyundai,hyundai grand i10 sportz,petrol,individual,manual,first owner,500000
2005,50000,,,,,tata,tata indica dls,diesel,individual,manual,second owner,95000
2012,185000,19.4,1405.0,70.0,5.0,tata,tata indica vista tdi lx,diesel,individual,manual,second owner,140000
2019,40000,21.21,1197.0,81.8,5.0,maruti,maruti swift vxi,petrol,individual,manual,first owner,550000
2017,30000,23.01,999.0,67.0,5.0,renault,renault kwid 1.0 rxt optional,petrol,individual,manual,first owner,300000
2011,120000,23.03,1396.0,69.0,5.0,tata,tata indigo cs elx bs iv,diesel,individual,manual,first owner,150000
2011,500000,18.9,998.0,67.1,5.0,maruti,maruti wagon r vxi bs iv,petrol,individual,manual,second owner,229999
2017,46000,15.4,2179.0,120.0,7.0,mahindra,mahindra scorpio intelli hybrid s6 plus,diesel,individual,manual,first owner,880000
2011,120000,11.5,2982.0,171.0,7.0,toyota,toyota fortuner 3.0 diesel,diesel,individual,manual,first owner,900000
2015,80000,15.4,2523.0,75.0,9.0,mahindra,mahindra scorpio s2 9 seater,diesel,individual,manual,first owner,720000
2016,90000,22.54,1396.0,88.73,5.0,hyundai,hyundai i20 magna 1.4 crdi,diesel,individual,manual,second owner,550000
2015,90000,15.4,2523.0,75.0,9.0,mahindra,mahindra scorpio s2 9 seater,diesel,individual,manual,first owner,720000
2006,80000,,,,,hyundai,hyundai santro xing xl,petrol,individual,manual,second owner,70000
2016,70000,25.2,1248.0,74.0,5.0,maruti,maruti swift vdi bsiv,diesel,individual,manual,first owner,535000
2015,91000,24.4,1120.0,71.0,5.0,hyundai,hyundai xcent 1.1 crdi base,diesel,individual,manual,third owner,320000
2015,90000,22.54,1396.0,88.73,5.0,hyundai,hyundai i20 sportz option 1.4 crdi,diesel,individual,manual,first owner,500000
2014,110000,20.77,1248.0,88.76,7.0,maruti,maruti ertiga vdi,diesel,individual,manual,second owner,525000
2019,90000,23.01,999.0,67.0,5.0,renault,renault kwid 1.0 rxt bsiv,petrol,individual,manual,first owner,220000
2018,50000,23.84,1199.0,84.0,5.0,tata,tata tiago 1.2 revotron xt,petrol,individual,manual,first owner,350000
2016,60000,18.49,1493.0,100.0,7.0,mahindra,mahindra tuv 300 mhawk100 t8,diesel,individual,manual,first owner,530000
2013,35000,22.74,796.0,47.3,5.0,maruti,maruti alto 800 lxi,petrol,individual,manual,first owner,215000
2012,100000,20.54,1598.0,103.6,5.0,volkswagen,volkswagen vento diesel highline,diesel,individual,manual,first owner,335000
2015,90000,24.4,1120.0,71.0,5.0,hyundai,hyundai xcent 1.1 crdi base,diesel,individual,manual,second owner,320000
2011,120000,20.0,1399.0,68.0,5.0,ford,ford figo diesel lxi,diesel,individual,manual,second owner,135000
2009,95000,19.0,998.0,66.1,5.0,maruti,maruti a-star vxi,petrol,individual,manual,second owner,175000
2017,35000,15.96,2523.0,62.1,7.0,mahindra,mahindra bolero 2011-2019 zlx,diesel,individual,manual,first owner,800000
2007,38000,15.3,1193.0,65.3,5.0,tata,tata indica gls bs iv,petrol,individual,manual,second owner,78000
2014,56000,17.4,1497.0,117.3,5.0,honda,honda city i vtec vx,petrol,individual,manual,second owner,565000
2017,50000,22.54,1396.0,88.73,5.0,hyundai,hyundai i20 2015-2017 sportz 1.4 crdi,diesel,individual,manual,first owner,575000
2014,70000,21.1,814.0,55.2,5.0,hyundai,hyundai eon era plus,petrol,individual,manual,second owner,170000
2014,30000,22.74,796.0,47.3,5.0,maruti,maruti alto 800 vxi,petrol,individual,manual,first owner,250999
2015,188000,16.0,2179.0,140.0,7.0,mahindra,mahindra xuv500 w10 2wd,diesel,individual,manual,first owner,950000
2014,60000,17.8,1497.0,117.3,5.0,honda,honda city i vtec e,petrol,individual,manual,first owner,650000
2013,133000,14.0,2179.0,138.1,7.0,tata,tata safari storme ex,diesel,individual,manual,first owner,550000
2010,160000,12.8,2494.0,102.0,7.0,toyota,toyota innova 2.5 e diesel ps 7-seater,diesel,individual,manual,first owner,650000
2013,150000,15.1,2179.0,140.0,7.0,mahindra,mahindra xuv500 w8 4wd,diesel,individual,manual,second owner,800000
2020,30000,22.05,796.0,47.3,5.0,maruti,maruti alto 800 vxi,petrol,individual,manual,first owner,250999
2013,60000,22.74,796.0,47.3,5.0,maruti,maruti alto 800 lxi,petrol,individual,manual,second owner,170000
2013,30000,19.09,1396.0,69.0,5.0,tata,tata indigo cs le (tdi) bs-iii,diesel,individual,manual,first owner,250000
2014,80000,13.7,1399.0,98.82,7.0,chevrolet,chevrolet enjoy petrol ls 7 seater,petrol,individual,manual,first owner,312000
2014,20000,22.74,796.0,47.3,5.0,maruti,maruti alto 800 lxi,petrol,individual,manual,first owner,250000
2013,80000,21.1,814.0,55.2,5.0,hyundai,hyundai eon magna plus,petrol,individual,manual,first owner,200000
2016,73000,15.4,2523.0,75.0,7.0,mahindra,mahindra scorpio s2 7 seater,diesel,individual,manual,first owner,670000
2017,50000,21.1,814.0,55.2,5.0,hyundai,hyundai eon d lite plus,petrol,individual,manual,first owner,270000
2012,200000,15.96,2523.0,62.1,7.0,mahindra,mahindra bolero 2011-2019 slx,diesel,individual,manual,first owner,360000
2018,46000,28.4,1248.0,74.0,5.0,maruti,maruti swift vdi,diesel,individual,manual,first owner,630000
2018,50000,23.5,909.0,45.0,8.0,mahindra,mahindra supro lx 8 str,diesel,individual,manual,first owner,400000
2019,15000,19.01,1462.0,103.2,6.0,maruti,maruti xl6 alpha,petrol,individual,manual,first owner,1000000
2017,44000,23.65,1248.0,88.5,5.0,maruti,maruti sx4 s cross 2015-2017 ddis 200 sigma,diesel,dealer,manual,first owner,650000
2010,120000,21.1,1248.0,73.9,5.0,maruti,maruti ritz vdi,diesel,individual,manual,first owner,217000
2012,70000,18.6,1197.0,85.8,5.0,maruti,maruti swift zxi,petrol,individual,manual,second owner,280000
2013,90000,14.09,1596.0,99.6,5.0,ford,ford classic 1.6 duratec lxi,petrol,individual,manual,first owner,350000
2017,42000,16.0,2179.0,140.0,7.0,mahindra,mahindra xuv500 w10 2wd,diesel,individual,manual,second owner,1150000
2016,30000,18.9,1197.0,82.0,5.0,hyundai,hyundai grand i10 magna,petrol,individual,manual,second owner,420000
2017,80000,20.73,1373.0,91.1,5.0,maruti,maruti ciaz 1.4 alpha,petrol,individual,manual,first owner,810000
2011,90000,17.0,1197.0,80.0,5.0,hyundai,hyundai i20 1.2 sportz,petrol,individual,manual,third owner,290000
2012,60000,18.6,1199.0,79.4,5.0,chevrolet,chevrolet beat lt,petrol,individual,manual,first owner,180000
2010,162000,15.37,1196.0,73.0,5.0,maruti,maruti eeco 5 seater ac bsiv,petrol,individual,manual,first owner,160000
2017,70000,23.9,624.0,37.48,4.0,tata,tata nano xe,petrol,individual,manual,third owner,66000
2015,20000,20.51,998.0,67.04,5.0,maruti,maruti wagon r stingray vxi,petrol,individual,manual,second owner,369000
2012,80000,13.93,2179.0,138.1,7.0,tata,tata new safari dicor 2.2 vx 4x2 bs iv,diesel,individual,manual,second owner,300000
2008,90000,13.6,2523.0,63.0,7.0,mahindra,mahindra bolero plus ac,diesel,individual,manual,first owner,350000
2008,120000,19.2,1197.0,80.0,5.0,hyundai,hyundai i10 asta sunroof at,petrol,individual,automatic,second owner,220000
2005,220000,14.8,2499.0,80.0,10.0,chevrolet,chevrolet tavera b3 lt l1 10 seats bsiii,diesel,individual,manual,first owner,160000
2009,100000,17.8,1248.0,75.0,5.0,maruti,maruti swift ldi bsiv,diesel,individual,manual,second owner,221000
2017,35000,17.57,1193.0,88.7,5.0,tata,tata zest revotron 1.2 xt,petrol,individual,manual,first owner,400000
2004,120000,13.4,2362.0,164.7,5.0,toyota,toyota camry v4 (mt),petrol,individual,manual,second owner,250000
2011,120000,13.6,2523.0,63.0,7.0,mahindra,mahindra bolero di bsiii,diesel,individual,manual,fourth & above owner,390000
2012,110000,15.37,1196.0,73.0,5.0,maruti,maruti eeco 5 seater ac bsiv,petrol,individual,manual,first owner,190000
2017,60000,25.17,799.0,53.3,5.0,renault,renault kwid rxt,petrol,individual,manual,first owner,300000
2017,27000,22.54,1396.0,88.73,5.0,hyundai,hyundai i20 1.4 asta dual tone,diesel,individual,manual,first owner,750000
2016,50000,26.59,1248.0,74.0,5.0,maruti,maruti swift dzire vdi,diesel,individual,manual,first owner,650000
2018,40000,17.8,1198.0,86.7,5.0,honda,honda amaze i-vtec privilege edition,petrol,individual,manual,first owner,635000
2013,88000,22.32,1582.0,126.32,5.0,hyundai,hyundai verna 1.6 sx,diesel,individual,manual,second owner,520000
2020,50000,16.36,2179.0,140.0,7.0,mahindra,mahindra scorpio s11 4wd bsiv,diesel,individual,manual,first owner,1500000
2012,80000,22.32,1582.0,126.32,5.0,hyundai,hyundai verna 1.6 sx crdi (o),diesel,individual,manual,second owner,415000
2019,60000,22.54,1396.0,88.76,5.0,hyundai,hyundai elite i20 diesel sportz,diesel,individual,manual,first owner,700000
2017,26000,21.21,1197.0,81.8,5.0,maruti,maruti swift lxi,petrol,individual,manual,second owner,484999
2007,80000,16.6,1388.0,68.0,5.0,ford,ford fiesta 1.4 durasport exi,petrol,individual,manual,second owner,120000
2014,60000,21.1,814.0,55.2,5.0,hyundai,hyundai eon era plus,petrol,individual,manual,second owner,220000
2014,80000,20.36,1197.0,78.9,5.0,hyundai,hyundai i10 magna,petrol,individual,manual,second owner,320000
2011,90000,22.9,1248.0,74.0,5.0,maruti,maruti swift vdi,diesel,individual,manual,second owner,375000
2012,80000,22.32,1582.0,126.32,5.0,hyundai,hyundai verna 1.6 sx crdi (o),diesel,individual,manual,second owner,440000
2019,15000,18.9,1197.0,81.86,5.0,hyundai,hyundai grand i10 1.2 kappa magna at,petrol,individual,automatic,first owner,550000
2017,35000,25.2,1248.0,74.0,5.0,maruti,maruti swift zdi bsiv,diesel,individual,manual,second owner,640000
2014,120000,23.59,1364.0,67.04,5.0,toyota,toyota etios gd,diesel,individual,manual,first owner,420000
2016,63000,24.0,1120.0,70.0,5.0,hyundai,hyundai grand i10 crdi sportz,diesel,individual,manual,third owner,330000
2019,25000,21.66,1498.0,108.62,5.0,volkswagen,volkswagen ameo 1.5 tdi highline plus,diesel,individual,manual,first owner,800000
2011,64500,18.9,998.0,67.1,5.0,maruti,maruti wagon r lxi bs iv,petrol,individual,manual,first owner,240000
2016,100000,25.32,1198.0,77.0,6.0,mahindra,mahindra kuv 100 mfalcon d75 k2 plus,diesel,individual,manual,second owner,360000
2017,40000,23.9,1582.0,126.2,5.0,hyundai,hyundai verna 1.6 crdi sx,diesel,individual,manual,first owner,750000
2017,15000,18.6,1197.0,81.83,5.0,hyundai,hyundai i20 1.2 magna executive,petrol,individual,manual,second owner,570000
2015,25000,23.59,1364.0,67.04,5.0,toyota,toyota etios liva gd,diesel,individual,manual,first owner,450000
2016,82000,18.5,1197.0,85.8,5.0,maruti,maruti ritz lxi,petrol,individual,manual,third owner,270000
2012,87000,20.77,1248.0,88.76,7.0,maruti,maruti ertiga vdi,diesel,individual,manual,first owner,459999
2015,80000,23.95,998.0,67.05,5.0,maruti,maruti alto k10 vxi,petrol,individual,manual,second owner,240000
2012,110000,19.01,1461.0,108.45,5.0,renault,renault duster 110ps diesel rxz,diesel,individual,manual,third owner,320000
2011,148000,21.12,1248.0,88.8,5.0,tata,tata manza aura (abs) quadrajet bs iv,diesel,individual,manual,second owner,149000
2018,40000,16.36,2179.0,140.0,7.0,mahindra,mahindra scorpio s11 bsiv,diesel,individual,manual,first owner,1500000
2011,70000,16.36,1495.0,93.7,5.0,hyundai,hyundai accent executive,petrol,individual,manual,first owner,180000
2012,70000,13.45,1086.0,62.1,5.0,hyundai,hyundai santro xing gls lpg,lpg,individual,manual,second owner,185000
2008,40000,16.1,796.0,37.0,4.0,maruti,maruti 800 ac,petrol,individual,manual,second owner,65000
2010,120000,17.0,1405.0,70.0,5.0,tata,tata indigo lx,diesel,individual,manual,first owner,130000
2012,60000,17.8,1399.0,67.0,5.0,ford,ford fiesta classic 1.4 duratorq clxi,diesel,individual,manual,first owner,330000
2011,90000,18.8,1248.0,90.0,5.0,tata,tata manza aura (abs) quadrajet,diesel,dealer,manual,first owner,190000
2014,68000,22.9,1248.0,74.0,5.0,maruti,maruti swift vdi,diesel,dealer,manual,first owner,501000
2017,24500,25.8,1498.0,98.6,5.0,honda,honda amaze s i-dtec,diesel,dealer,manual,first owner,600000
2012,77000,15.1,2179.0,140.0,7.0,mahindra,mahindra xuv500 w8 4wd,diesel,dealer,manual,second owner,570000
2015,85000,25.8,1498.0,98.6,5.0,honda,honda amaze vx o idtec,diesel,dealer,manual,first owner,450000
2011,45500,16.78,1496.0,88.73,5.0,toyota,toyota etios 1.5 v,petrol,dealer,manual,first owner,285000
2014,67000,28.4,1248.0,74.0,5.0,maruti,maruti swift vdi,diesel,dealer,manual,first owner,490000
2014,77000,28.4,1248.0,74.0,5.0,maruti,maruti swift vdi,diesel,dealer,manual,first owner,500000
2016,47000,21.1,814.0,55.2,5.0,hyundai,hyundai eon magna plus,petrol,dealer,manual,first owner,275000
2017,57000,23.84,1199.0,84.48,5.0,tata,tata tiago xt,petrol,dealer,manual,first owner,440000
2018,71500,22.54,1396.0,88.73,5.0,hyundai,hyundai i20 1.4 asta option,diesel,dealer,manual,first owner,825000
2012,110000,23.59,1364.0,67.04,5.0,toyota,toyota etios liva 1.4 gd,diesel,dealer,manual,first owner,411000
2013,82000,26.59,1248.0,74.0,5.0,maruti,maruti swift dzire vdi,diesel,dealer,manual,second owner,470000
2013,70000,28.4,1248.0,74.0,5.0,maruti,maruti swift vdi,diesel,dealer,manual,second owner,445000
2017,28000,27.39,1248.0,74.0,5.0,maruti,maruti baleno zeta diesel,diesel,dealer,manual,first owner,752000
2016,125000,21.14,1498.0,103.52,5.0,skoda,skoda rapid 1.5 tdi style plus black package,diesel,dealer,manual,second owner,650000
2013,67000,28.4,1248.0,74.0,5.0,maruti,maruti swift vdi,diesel,dealer,manual,second owner,450000
2011,93500,17.0,1497.0,118.0,5.0,honda,honda city 1.5 v mt,petrol,dealer,manual,third owner,350000
2012,8500,22.0,1197.0,81.8,5.0,maruti,maruti swift vvt vxi,petrol,dealer,manual,first owner,511000
2016,80000,27.39,1248.0,74.0,5.0,maruti,maruti baleno zeta 1.3,diesel,dealer,manual,first owner,700000
2007,97000,16.6,1388.0,68.0,5.0,ford,ford fiesta 1.4 duratec exi limited edition,petrol,individual,manual,first owner,142000
2012,90000,13.93,2179.0,138.0,7.0,tata,tata new safari dicor 2.2 vx 4x2,diesel,individual,manual,first owner,725000
2017,30000,18.6,1197.0,81.83,5.0,hyundai,hyundai i20 1.2 asta option,petrol,individual,manual,first owner,630000
2015,50000,18.6,1197.0,81.83,5.0,hyundai,hyundai i20 sportz 1.2,petrol,individual,manual,first owner,480000
2016,30000,23.95,998.0,67.05,5.0,maruti,maruti alto k10 vxi,petrol,individual,manual,first owner,330000
2017,20000,11.96,1298.0,80.0,8.0,maruti,maruti gypsy king soft top mpi bsiv,petrol,individual,manual,first owner,500000
2012,60300,22.07,1199.0,73.9,5.0,volkswagen,volkswagen polo diesel highline 1.2l,diesel,individual,manual,first owner,300000
2015,35000,23.0,1248.0,88.7,5.0,tata,tata zest quadrajet 1.3 xm,diesel,individual,manual,first owner,400000
2011,80000,13.93,2179.0,138.03,7.0,tata,tata safari dicor 2.2 ex 4x2,diesel,individual,manual,first owner,320000
2008,44391,19.81,1086.0,68.05,5.0,hyundai,hyundai i10 magna 1.1l,petrol,individual,manual,second owner,180000
2016,58000,27.39,1248.0,74.0,5.0,maruti,maruti baleno sigma 1.3,diesel,individual,manual,first owner,530000
2015,40000,15.96,2523.0,62.1,7.0,mahindra,mahindra bolero 2011-2019 special edition,diesel,individual,manual,first owner,600000
2017,66000,24.52,1248.0,88.5,7.0,maruti,maruti ertiga shvs zdi,diesel,individual,manual,second owner,780000
2016,110000,26.0,1498.0,98.6,5.0,honda,honda city i dtec sv,diesel,individual,manual,first owner,700000
2013,56315,25.44,936.0,57.6,5.0,chevrolet,chevrolet beat diesel,diesel,individual,manual,first owner,175000
2017,70000,16.5,1493.0,70.0,7.0,mahindra,mahindra bolero power plus sle,diesel,individual,manual,first owner,735000
2013,120000,23.59,1364.0,67.06,5.0,toyota,toyota etios liva gd,diesel,individual,manual,first owner,325000
2006,100000,14.8,2499.0,80.0,10.0,chevrolet,chevrolet tavera ls b3 10 seats bsii,diesel,individual,manual,first owner,225000
2015,90000,23.0,1248.0,88.7,5.0,tata,tata zest quadrajet 1.3 xm,diesel,individual,manual,second owner,350000
2006,120000,17.3,1061.0,57.5,5.0,maruti,maruti wagon r lxi duo bsiii,lpg,individual,manual,third owner,110000
2007,160000,18.2,998.0,67.1,5.0,maruti,maruti zen estilo lxi bsiii,petrol,individual,manual,fourth & above owner,85000
2006,100000,13.4,1794.0,125.0,5.0,toyota,toyota corolla ae,petrol,individual,manual,fourth & above owner,150000
2009,120000,19.3,1248.0,73.9,5.0,maruti,maruti swift dzire vdi,diesel,individual,manual,third owner,225000
2010,100000,18.0,1248.0,75.0,5.0,tata,tata indica vista terra quadrajet 1.3l,diesel,individual,manual,second owner,111000
2007,70000,18.9,1061.0,67.0,5.0,maruti,maruti wagon r vxi minor,petrol,individual,manual,third owner,150000
2017,15151,21.1,814.0,55.2,5.0,hyundai,hyundai eon era plus,petrol,individual,manual,second owner,300000
2015,60000,15.4,1997.0,120.0,7.0,mahindra,mahindra scorpio 1.99 s6 plus,diesel,individual,manual,first owner,630000
2011,100000,19.81,1086.0,68.05,5.0,hyundai,hyundai i10 era,petrol,individual,manual,first owner,206000
2006,110000,18.9,998.0,67.1,5.0,maruti,maruti wagon r lxi,petrol,individual,manual,fourth & above owner,70000
2019,7000,18.9,1197.0,81.86,5.0,hyundai,hyundai grand i10 1.2 kappa magna at,petrol,individual,automatic,first owner,567000
2013,70000,15.85,1499.0,110.4,5.0,ford,ford ecosport 1.5 ti vct mt titanium bsiv,petrol,individual,manual,second owner,500000
2015,128000,18.9,1197.0,82.0,5.0,hyundai,hyundai grand i10 sportz,petrol,individual,manual,first owner,400000
2011,160000,,,,,maruti,maruti swift vdi bsiv,diesel,individual,manual,second owner,340000
2012,120000,12.8,2494.0,102.0,8.0,toyota,toyota innova 2.5 gx 8 str,diesel,individual,manual,second owner,850000
2014,15000,25.2,1248.0,74.0,5.0,maruti,maruti swift vdi bsiv,diesel,individual,manual,first owner,570000
2017,60000,28.4,1248.0,74.02,5.0,maruti,maruti swift dzire vdi,diesel,individual,manual,first owner,699000
2013,80000,19.4,1198.0,86.8,5.0,honda,honda brio exclusive edition,petrol,individual,manual,first owner,355000
2016,80000,26.59,1248.0,74.0,5.0,maruti,maruti swift dzire vdi optional,diesel,individual,manual,first owner,690000
2006,114321,17.8,1399.0,68.0,5.0,ford,ford fiesta 1.4 duratorq zxi,diesel,individual,manual,second owner,180000
2013,120000,19.4,1405.0,70.0,5.0,tata,tata indica vista tdi lx,diesel,individual,manual,first owner,200000
2012,120000,12.05,2179.0,120.0,8.0,mahindra,mahindra scorpio vlx 2wd airbag at bsiv,diesel,individual,manual,second owner,575000
2014,146000,23.59,1364.0,67.06,5.0,toyota,toyota etios liva gd,diesel,individual,manual,first owner,415000
2012,30000,19.2,1086.0,68.05,5.0,hyundai,hyundai i10 magna lpg,lpg,individual,manual,first owner,350000
2017,20000,21.1,814.0,55.2,5.0,hyundai,hyundai eon d lite plus,petrol,individual,manual,first owner,350000
2017,150000,23.59,1364.0,67.05,5.0,toyota,toyota platinum etios 1.4 gd,diesel,individual,manual,first owner,632000
2014,70000,21.94,1196.0,61.7,5.0,maruti,maruti eeco cng 5 seater ac bsiv,cng,individual,manual,second owner,325000
2013,90000,16.3,1797.0,147.5,5.0,hyundai,hyundai elantra sx,petrol,individual,manual,second owner,511000
2010,100000,17.0,1497.0,118.0,5.0,honda,honda city 1.5 v mt,petrol,individual,manual,third owner,300000
2005,188000,18.9,998.0,67.1,5.0,maruti,maruti wagon r lxi,petrol,individual,manual,fourth & above owner,70000
2008,100000,19.81,1086.0,68.05,5.0,hyundai,hyundai i10 sportz 1.1l,petrol,individual,manual,third owner,180000
2017,37333,18.6,1197.0,81.83,5.0,hyundai,hyundai i20 1.2 asta,petrol,individual,manual,first owner,730000
2014,15000,20.77,1248.0,88.76,7.0,maruti,maruti ertiga vdi,diesel,individual,manual,second owner,450000
2012,330000,13.44,2359.0,198.25,5.0,hyundai,hyundai sonata 2.4 gdi mt,petrol,individual,manual,second owner,550000
2017,60000,26.6,998.0,58.16,5.0,maruti,maruti wagon r lxi cng,cng,individual,manual,first owner,420000
2016,80000,23.59,1364.0,67.05,5.0,toyota,toyota etios gd,diesel,individual,manual,second owner,509999
2015,110000,12.99,2494.0,100.6,7.0,toyota,toyota innova 2.5 g (diesel) 7 seater,diesel,individual,manual,first owner,905000
2010,134000,,,,,maruti,maruti swift vdi bsiv,diesel,individual,manual,second owner,240000
2011,72000,19.7,796.0,46.3,5.0,maruti,maruti alto lx,petrol,individual,manual,second owner,140000
2006,140000,12.8,2494.0,102.0,8.0,toyota,toyota innova 2.5 g (diesel) 7 seater bs iv,diesel,individual,manual,second owner,300000
2015,80000,18.5,1197.0,85.8,5.0,maruti,maruti ritz lxi,petrol,individual,manual,second owner,300000
2010,120000,19.3,1248.0,73.9,5.0,maruti,maruti swift dzire vdi,diesel,individual,manual,second owner,225000
2015,90000,12.99,2494.0,100.6,8.0,toyota,toyota innova 2.5 g (diesel) 8 seater,diesel,individual,manual,second owner,860000
2012,100000,20.46,1461.0,83.8,5.0,renault,renault duster 85ps diesel rxl optional,diesel,individual,manual,second owner,400000
2009,90000,17.5,1298.0,85.8,5.0,maruti,maruti swift dzire lxi,petrol,individual,manual,third owner,190000
2013,140000,25.8,1498.0,98.6,5.0,honda,honda amaze vx i-dtec,diesel,individual,manual,third owner,350000
2010,120000,18.0,995.0,62.0,5.0,chevrolet,chevrolet spark 1.0 ls,petrol,individual,manual,first owner,75000
2019,35000,24.3,1248.0,88.5,5.0,maruti,maruti vitara brezza vdi amt,diesel,individual,automatic,first owner,860000
2014,50000,23.95,998.0,67.05,5.0,maruti,maruti alto k10 vxi,petrol,individual,manual,second owner,250000
2017,82000,24.8,1396.0,88.7,5.0,hyundai,hyundai verna 1.4 crdi,diesel,individual,manual,first owner,700000
2014,70000,25.2,1248.0,74.0,5.0,maruti,maruti swift vdi bsiv,diesel,individual,manual,third owner,399000
2016,90000,18.5,1197.0,85.8,5.0,maruti,maruti ritz lxi,petrol,individual,manual,first owner,320000
2014,79000,20.6,1968.0,141.0,5.0,skoda,skoda octavia ambition 2.0 tdi mt,diesel,individual,manual,second owner,1100000
2011,291000,12.8,2494.0,102.0,7.0,toyota,toyota innova 2.5 v diesel 7-seater,diesel,individual,manual,second owner,750000
2010,250000,12.8,2494.0,102.0,7.0,toyota,toyota innova 2.5 v diesel 7-seater,diesel,individual,manual,second owner,750000
2018,20000,15.96,2523.0,63.0,9.0,mahindra,mahindra bolero 2011-2019 plus non ac bsiv ps,diesel,individual,manual,first owner,530000
2017,53000,28.09,1248.0,88.5,5.0,maruti,maruti ciaz zdi plus shvs,diesel,individual,manual,first owner,750000
2017,21500,19.34,1198.0,76.0,5.0,nissan,nissan micra xv cvt,petrol,individual,automatic,first owner,560000
2017,89000,27.28,1047.0,69.0,5.0,tata,tata tiago 1.05 revotorq xz wo alloy,diesel,individual,manual,first owner,450000
2013,35000,19.1,1197.0,85.8,5.0,maruti,maruti swift dzire vxi,petrol,individual,manual,second owner,459999
2013,43000,19.0,998.0,67.1,5.0,maruti,maruti zen estilo lxi bs iv,petrol,individual,manual,second owner,235000
2009,80000,17.92,1086.0,62.1,5.0,hyundai,hyundai santro xing gls,petrol,individual,manual,second owner,180000
2007,80000,17.8,1086.0,63.0,5.0,hyundai,hyundai santro xing xs,petrol,individual,manual,second owner,140000
2014,110000,22.54,1396.0,88.73,5.0,hyundai,hyundai i20 asta 1.4 crdi,diesel,individual,manual,first owner,620000
2012,100000,21.1,814.0,55.2,5.0,hyundai,hyundai eon era,petrol,individual,manual,first owner,190000
2018,25000,21.1,814.0,55.2,5.0,hyundai,hyundai eon sportz,petrol,individual,manual,first owner,380000
2019,20000,23.0,1498.0,98.96,5.0,ford,ford ecosport s diesel bsiv,diesel,individual,manual,first owner,1145000
2017,70000,22.95,1248.0,74.0,5.0,tata,tata zest quadrajet 1.3 75ps xe,diesel,individual,manual,first owner,540000
2011,197000,12.8,2494.0,102.0,7.0,toyota,toyota innova 2.5 v diesel 7-seater,diesel,individual,manual,first owner,800000
2006,100000,14.0,1061.0,64.0,5.0,maruti,maruti wagon r lxi bsiii,petrol,individual,manual,second owner,150000
1995,70000,16.1,796.0,37.0,4.0,maruti,maruti 800 std,petrol,individual,manual,first owner,55000
2015,140000,16.0,2179.0,140.0,7.0,mahindra,mahindra xuv500 w10 2wd,diesel,individual,manual,first owner,919999
2008,86000,,,,,maruti,maruti esteem lx,petrol,individual,manual,second owner,75000
2009,50000,19.7,796.0,46.3,5.0,maruti,maruti alto lxi bsiii,petrol,individual,manual,first owner,135000
2017,40300,23.84,1199.0,84.0,5.0,tata,tata tiago 1.2 revotron xz,petrol,individual,manual,first owner,340000
2010,120000,12.8,2494.0,102.0,8.0,toyota,toyota innova 2.5 g (diesel) 7 seater bs iv,diesel,individual,manual,second owner,525000
2016,25000,23.1,998.0,67.04,5.0,maruti,maruti celerio vxi,petrol,individual,manual,second owner,411000
2010,155000,18.9,998.0,67.1,5.0,maruti,maruti wagon r lxi minor,petrol,individual,manual,third owner,150000
2015,50000,19.0,1199.0,88.7,5.0,honda,honda jazz 1.2 v at i vtec,petrol,individual,automatic,first owner,575000
2017,30030,18.6,1197.0,81.83,5.0,hyundai,hyundai i20 asta option 1.2,petrol,dealer,manual,first owner,595000
2017,29029,19.1,1197.0,82.0,5.0,hyundai,hyundai xcent 1.2 kappa sx option,petrol,dealer,manual,first owner,525000
2012,72072,21.1,1248.0,73.9,5.0,maruti,maruti ritz vdi,diesel,dealer,manual,first owner,335000
2012,54000,20.0,1399.0,68.0,5.0,ford,ford figo diesel exi,diesel,individual,manual,first owner,300000
2012,82082,22.54,1396.0,88.73,5.0,hyundai,hyundai i20 2015-2017 sportz option 1.4 crdi,diesel,dealer,manual,first owner,415000
2016,48000,16.0,2179.0,140.0,7.0,mahindra,mahindra xuv500 w8 2wd,diesel,individual,manual,second owner,925000
2016,20000,17.5,1373.0,91.1,7.0,maruti,maruti ertiga bsiv zxi plus,petrol,individual,manual,first owner,750000
2018,49000,22.0,1582.0,126.2,5.0,hyundai,hyundai verna crdi 1.6 at sx option,diesel,individual,automatic,first owner,1150000
2015,35000,19.44,1198.0,67.0,7.0,datsun,datsun go plus t bsiv,petrol,individual,manual,third owner,260000
2017,67000,33.44,796.0,40.3,4.0,maruti,maruti alto 800 cng lxi,cng,individual,manual,first owner,260000
2011,80600,19.3,1248.0,73.9,5.0,maruti,maruti swift dzire vdi bsiv,diesel,individual,manual,first owner,347000
2013,58609,21.1,814.0,55.2,5.0,hyundai,hyundai eon magna optional,petrol,individual,manual,second owner,195000
2016,33003,15.7,1172.0,67.0,5.0,fiat,fiat punto pure 1.2l fire,petrol,individual,manual,first owner,265000
2016,43000,26.6,998.0,58.16,5.0,maruti,maruti wagon r lxi cng,cng,individual,manual,second owner,320000
2016,16500,18.6,1197.0,81.83,5.0,hyundai,hyundai i20 magna 1.2,petrol,individual,manual,first owner,590000
2012,138000,12.8,2494.0,102.0,8.0,toyota,toyota innova 2.5 gx 8 str bsiv,diesel,individual,manual,second owner,650000
2013,165500,14.0,2523.0,75.0,9.0,mahindra,mahindra scorpio 2009-2014 ex 9s bsiii,diesel,individual,manual,second owner,509999
2011,120000,19.3,1248.0,73.9,5.0,maruti,maruti swift dzire zdi,diesel,individual,manual,second owner,350000
2018,30000,21.5,1497.0,108.5,5.0,tata,tata nexon 1.5 revotorq xm,diesel,individual,manual,first owner,749000
2010,70000,19.09,1396.0,69.0,5.0,tata,tata indigo cs ls (tdi) bs iii,diesel,individual,manual,second owner,150000
2001,80000,,,,,hyundai,hyundai santro le,petrol,individual,manual,second owner,33983
2003,170000,17.3,993.0,60.0,5.0,maruti,maruti zen lx,petrol,individual,manual,third owner,58000
2011,120000,21.0,1461.0,64.1,5.0,mahindra,mahindra verito 1.5 d2 bsiv,diesel,individual,manual,third owner,200000
1998,47990,,,,,mahindra,mahindra jeep mm 540,diesel,individual,manual,second owner,210000
2014,168000,22.3,1248.0,74.0,5.0,tata,tata indica vista quadrajet ls,diesel,individual,manual,second owner,240000
2017,60000,25.8,1498.0,98.6,5.0,honda,honda amaze e i-dtec,diesel,individual,manual,second owner,515000
2008,120000,19.7,796.0,46.3,5.0,maruti,maruti alto lxi,petrol,individual,manual,second owner,145000
2016,5800,20.51,998.0,67.04,5.0,maruti,maruti wagon r vxi optional,petrol,individual,manual,second owner,450000
2010,68700,19.0,998.0,66.1,5.0,maruti,maruti a-star lxi,petrol,individual,manual,third owner,179000
2007,108000,13.9,1599.0,103.2,5.0,hyundai,hyundai verna xi (petrol),petrol,individual,manual,third owner,220000
2018,90000,17.0,1497.0,121.36,5.0,ford,ford ecosport 1.5 petrol titanium plus bsiv,petrol,individual,manual,first owner,850000
2011,60000,16.47,1198.0,73.9,5.0,volkswagen,volkswagen polo petrol highline 1.2l,petrol,individual,manual,second owner,270000
2016,17000,21.1,814.0,55.2,5.0,hyundai,hyundai eon magna plus,petrol,individual,manual,first owner,335000
2018,5000,20.51,998.0,67.04,5.0,maruti,maruti wagon r vxi optional,petrol,individual,manual,first owner,459999
2017,60000,24.3,1248.0,88.5,5.0,maruti,maruti vitara brezza ldi option,diesel,individual,manual,first owner,710000
2015,140000,26.59,1248.0,74.0,5.0,maruti,maruti swift dzire ldi,diesel,individual,manual,second owner,330000
2017,15000,17.1,1956.0,170.0,5.0,jeep,jeep compass 2.0 limited,diesel,individual,manual,first owner,1515000
2018,25000,17.0,1198.0,108.5,5.0,tata,tata nexon 1.2 revotron xz plus,petrol,individual,manual,first owner,750000
2016,50000,16.2,995.0,62.1,5.0,chevrolet,chevrolet spark 1.0 lt,petrol,individual,manual,second owner,160000
2016,60000,25.44,936.0,56.3,5.0,chevrolet,chevrolet beat diesel lt option,diesel,individual,manual,second owner,215000
2012,40000,25.4,624.0,38.0,4.0,tata,tata nano cx bsiii,petrol,individual,manual,second owner,60000
2014,72000,19.1,1197.0,85.8,5.0,maruti,maruti swift dzire vxi,petrol,individual,manual,first owner,480000
2012,195000,21.12,1248.0,88.8,5.0,tata,tata manza aqua quadrajet bs iv,diesel,individual,manual,second owner,140000
2012,70000,21.1,814.0,55.2,5.0,hyundai,hyundai eon d lite,petrol,individual,manual,first owner,200000
2013,83000,23.08,1461.0,63.1,5.0,nissan,nissan micra diesel xl optional,diesel,individual,manual,first owner,400000
2012,100000,21.1,814.0,55.2,5.0,hyundai,hyundai eon era plus,petrol,individual,manual,second owner,180000
2015,25000,20.4,1197.0,81.8,5.0,maruti,maruti swift vxi optional,petrol,individual,manual,first owner,550000
2016,50000,25.2,1248.0,74.0,5.0,maruti,maruti swift vdi optional,diesel,individual,manual,first owner,550000
2012,67000,20.77,1248.0,88.76,7.0,maruti,maruti ertiga vdi,diesel,individual,manual,first owner,550000
2011,30000,19.0,998.0,67.1,5.0,maruti,maruti zen estilo vxi bsiv,petrol,individual,manual,first owner,270000
2013,85000,23.08,1461.0,63.12,5.0,renault,renault pulse rxl,diesel,individual,manual,first owner,315000
2018,25000,16.55,2498.0,105.0,6.0,mahindra,mahindra thar crde,diesel,individual,manual,first owner,875000
2007,170000,12.8,2494.0,102.0,8.0,toyota,toyota innova 2.5 g (diesel) 8 seater bs iv,diesel,individual,manual,first owner,400000
2014,110000,14.0,2523.0,75.0,8.0,mahindra,mahindra scorpio ex,diesel,individual,manual,first owner,540000
2017,60000,26.6,998.0,58.16,5.0,maruti,maruti wagon r lxi cng,cng,individual,manual,first owner,350000
2011,80000,22.32,1582.0,126.32,5.0,hyundai,hyundai verna 1.6 sx crdi (o),diesel,individual,manual,second owner,360000
2014,31000,20.51,998.0,67.04,5.0,maruti,maruti wagon r vxi bs iv,petrol,individual,manual,first owner,300000
2014,100000,24.0,1120.0,70.0,5.0,hyundai,hyundai grand i10 crdi sportz,diesel,individual,manual,first owner,350000
2016,130000,17.45,1493.0,100.0,7.0,mahindra,mahindra nuvosport n8,diesel,individual,manual,first owner,650000
2016,20000,20.51,998.0,67.04,5.0,maruti,maruti wagon r lxi optional,petrol,individual,manual,first owner,350000
2017,60000,22.77,1498.0,98.59,5.0,ford,ford ecosport 1.5 tdci trend plus bsiv,diesel,individual,manual,first owner,700000
2013,102996,23.4,1248.0,74.0,5.0,maruti,maruti swift dzire vdi,diesel,individual,manual,second owner,415000
2015,60000,22.54,1396.0,88.73,5.0,hyundai,hyundai i20 sportz 1.4 crdi,diesel,individual,manual,first owner,550000
2012,129000,15.1,2179.0,140.0,7.0,mahindra,mahindra xuv500 w8 4wd,diesel,individual,manual,third owner,595000
2015,67000,21.2,1248.0,75.0,5.0,fiat,fiat grande punto evo 1.3 dynamic,diesel,individual,manual,first owner,550000
2015,120000,13.0,2494.0,142.0,7.0,toyota,toyota fortuner 2.5 4x2 mt trd sportivo,diesel,individual,manual,first owner,2000000
2010,120000,13.93,2179.0,138.03,7.0,tata,tata safari dicor 2.2 ex 4x2,diesel,individual,manual,fourth & above owner,400000
2015,96500,20.5,1248.0,91.72,5.0,fiat,fiat avventura power up 1.3 emotion,diesel,individual,manual,first owner,500000
2017,52412,18.9,998.0,67.1,5.0,maruti,maruti wagon r lxi bsiii,petrol,dealer,manual,first owner,340000
2012,85472,12.05,2179.0,120.0,8.0,mahindra,mahindra scorpio sle bs iv,diesel,dealer,manual,first owner,480000
2013,87452,22.77,1498.0,98.59,5.0,ford,ford ecosport 1.5 tdci titanium plus bsiv,diesel,dealer,manual,second owner,480000
2018,17000,23.0,1498.0,98.96,5.0,ford,ford ecosport 1.5 diesel ambiente bsiv,diesel,individual,manual,first owner,750000
2008,66530,18.9,1061.0,67.0,5.0,maruti,maruti wagon r lxi minor,petrol,individual,manual,second owner,100000
2013,40000,18.5,1197.0,82.85,5.0,hyundai,hyundai i20 magna,petrol,individual,manual,first owner,290000
2015,96500,20.5,1248.0,91.72,5.0,fiat,fiat avventura power up 1.3 emotion,diesel,individual,manual,first owner,425000
2010,79000,16.8,1497.0,116.3,5.0,honda,honda city v mt,petrol,individual,manual,first owner,285000
2016,50000,18.49,1493.0,100.0,7.0,mahindra,mahindra tuv 300 mhawk100 t8,diesel,individual,manual,first owner,625000
2012,60000,20.3,1248.0,75.0,5.0,fiat,fiat grande punto active (diesel),diesel,individual,manual,second owner,170000
2018,35000,17.57,1193.0,88.7,5.0,tata,tata zest revotron 1.2t xms,petrol,individual,manual,first owner,459999
2015,120000,20.5,1248.0,91.72,5.0,fiat,fiat avventura multijet emotion,diesel,individual,manual,first owner,450000
2019,10000,21.21,1197.0,81.8,5.0,maruti,maruti swift dzire amt vxi,petrol,individual,automatic,first owner,650000
2017,15000,17.19,1197.0,81.86,5.0,hyundai,hyundai i20 active 1.2 s,petrol,individual,manual,first owner,600000
2013,70000,30.46,796.0,47.3,5.0,maruti,maruti alto 800 cng lxi,cng,individual,manual,second owner,178000
2016,5000,22.74,796.0,47.3,5.0,maruti,maruti alto 800 lxi,petrol,individual,manual,first owner,300000
2009,40000,19.7,796.0,46.3,5.0,maruti,maruti alto lxi,petrol,individual,manual,first owner,150000
2019,10000,18.6,1197.0,81.86,5.0,hyundai,hyundai elite i20 petrol magna exective,petrol,individual,manual,first owner,590000
2016,25000,21.1,814.0,55.2,5.0,hyundai,hyundai eon era plus,petrol,individual,manual,first owner,310000
2017,53000,17.57,1193.0,88.7,5.0,tata,tata zest revotron 1.2t xms,petrol,individual,manual,first owner,400000
2014,110000,12.05,2179.0,120.0,9.0,mahindra,mahindra scorpio lx,diesel,individual,manual,second owner,520000
2013,200000,20.07,1461.0,75.0,8.0,ashok,ashok leyland stile le,diesel,individual,manual,second owner,300000
2019,22000,17.0,1197.0,110.0,5.0,mahindra,mahindra xuv300 w8 option bsiv,petrol,individual,manual,first owner,1000000
2003,70000,18.9,998.0,67.1,5.0,maruti,maruti wagon r vxi,petrol,individual,manual,fourth & above owner,65000
2015,75000,25.8,1498.0,98.6,5.0,honda,honda amaze vx i-dtec,diesel,individual,manual,second owner,509999
2012,70000,18.9,998.0,67.1,5.0,maruti,maruti wagon r vxi bsiii,petrol,individual,manual,first owner,221000
2014,64000,15.04,1598.0,103.2,5.0,volkswagen,volkswagen vento 1.6 highline,petrol,individual,manual,third owner,390000
2002,60000,11.96,1298.0,80.0,8.0,maruti,maruti gypsy king soft top mpi bsiv,petrol,individual,manual,first owner,350000
2009,40000,19.7,796.0,46.3,5.0,maruti,maruti alto lxi,petrol,individual,manual,first owner,195000
2010,110000,12.07,2967.0,241.4,7.0,audi,audi q7 3.0 tdi quattro,diesel,individual,automatic,second owner,1750000
2013,60000,12.05,2179.0,120.0,8.0,mahindra,mahindra scorpio vlx 2wd airbag bsiii,diesel,individual,manual,first owner,600000
2015,72000,22.54,1396.0,88.73,5.0,hyundai,hyundai i20 sportz option 1.4 crdi,diesel,individual,manual,first owner,615000
2013,70000,21.9,1396.0,88.76,5.0,hyundai,hyundai i20 magna 1.4 crdi (diesel),diesel,individual,manual,second owner,350000
2012,75000,25.44,936.0,57.6,5.0,chevrolet,chevrolet beat diesel ls,diesel,individual,manual,first owner,140000
2017,32331,22.54,1396.0,88.73,5.0,hyundai,hyundai i20 1.4 sportz,diesel,individual,manual,second owner,650000
2016,70000,19.67,1582.0,126.2,5.0,hyundai,hyundai creta 1.6 crdi sx plus,diesel,individual,manual,first owner,1100000
2010,80000,23.0,1396.0,90.0,5.0,hyundai,hyundai i20 1.4 crdi sportz,diesel,individual,manual,second owner,285000
2011,20000,18.0,995.0,62.0,5.0,chevrolet,chevrolet spark 1.0 lt,petrol,individual,manual,second owner,190000
2012,110000,16.95,1498.0,97.7,5.0,nissan,nissan sunny xl,petrol,individual,manual,first owner,350000
2014,40000,18.9,1197.0,82.0,5.0,hyundai,hyundai grand i10 asta,petrol,individual,manual,second owner,400000
2016,40000,10.75,2694.0,163.7,7.0,toyota,toyota innova crysta 2.7 zx at bsiv,petrol,individual,automatic,first owner,2100000
2015,90000,18.6,1197.0,81.83,5.0,hyundai,hyundai i20 sportz 1.2,petrol,individual,manual,second owner,434999
2014,50000,19.1,1197.0,85.8,5.0,maruti,maruti swift dzire vxi,petrol,individual,manual,second owner,450000
2001,137000,18.5,796.0,53.0,5.0,daewoo,daewoo matiz sd,petrol,individual,manual,first owner,45000
2015,60000,18.6,1197.0,81.83,5.0,hyundai,hyundai i20 asta 1.2,petrol,individual,manual,first owner,450000
2017,30000,25.2,1248.0,74.0,5.0,maruti,maruti swift vdi optional,diesel,individual,manual,first owner,580000
2016,98000,19.67,1582.0,126.2,5.0,hyundai,hyundai creta 1.6 crdi sx,diesel,individual,manual,first owner,900000
2016,50000,24.52,1248.0,88.5,7.0,maruti,maruti ertiga shvs zdi,diesel,individual,manual,first owner,750000
2009,120000,19.09,1396.0,69.0,5.0,tata,tata indigo cs ls (tdi) bs iii,diesel,individual,manual,third owner,140000
2017,30000,18.9,1197.0,81.86,5.0,hyundai,hyundai grand i10 1.2 kappa sportz bsiv,petrol,individual,manual,first owner,525000
2009,120000,19.09,1396.0,69.0,5.0,tata,tata indigo cs ls (tdi) bs iii,diesel,individual,manual,third owner,114999
2016,40000,23.84,1199.0,84.0,5.0,tata,tata tiago 1.2 revotron xz,petrol,individual,manual,first owner,399000
2006,100000,,,,,hyundai,hyundai santro xing xl erlx euro ii,petrol,individual,manual,second owner,150000
2012,90000,19.0,1405.0,71.0,5.0,tata,tata indica v2 turbomax dls bs iv,diesel,individual,manual,second owner,275000
2011,80000,21.9,1396.0,90.0,5.0,hyundai,hyundai i20 1.4 crdi magna,diesel,individual,manual,second owner,340000
2012,120000,21.1,814.0,55.2,5.0,hyundai,hyundai eon lpg era plus,lpg,individual,manual,first owner,222000
2013,200000,11.18,2696.0,184.0,7.0,mahindra,mahindra ssangyong rexton rx7,diesel,individual,automatic,first owner,850000
2007,110000,17.2,1396.0,53.5,5.0,tata,tata indica v2 dls,diesel,individual,manual,second owner,70000
2017,38000,23.84,1199.0,84.0,5.0,tata,tata tiago 1.2 revotron xt,petrol,individual,manual,second owner,430000
2017,35000,23.84,1199.0,84.0,5.0,tata,tata tiago 1.2 revotron xt,petrol,individual,manual,second owner,430000
2014,70000,20.51,998.0,67.04,5.0,maruti,maruti wagon r vxi bs iv,petrol,individual,manual,first owner,320000
2005,125000,,,,,hyundai,hyundai santro xing xg,petrol,individual,manual,fourth & above owner,95000
2012,120000,21.8,1461.0,78.0,5.0,renault,renault fluence diesel e4,diesel,individual,manual,second owner,500000
2012,110000,19.01,1461.0,108.45,5.0,renault,renault duster 110ps diesel rxl,diesel,individual,manual,second owner,500000
2010,140000,18.4,1248.0,75.0,5.0,tata,tata indica vista aura plus 1.3 quadrajet bs iv,diesel,individual,manual,first owner,229999
2009,155000,11.79,2179.0,120.0,8.0,mahindra,mahindra scorpio vls at 2.2 mhawk,diesel,individual,automatic,second owner,600000
2007,120000,,,,,hyundai,hyundai santro xing xl,petrol,individual,manual,second owner,200000
2017,80000,23.08,1461.0,63.1,5.0,renault,renault pulse rxl optional,diesel,individual,manual,second owner,500000
2010,120000,13.6,2523.0,63.0,7.0,mahindra,mahindra bolero slx 2wd,diesel,individual,manual,second owner,315000
2011,80000,18.9,998.0,67.1,5.0,maruti,maruti wagon r vxi minor,petrol,individual,manual,first owner,265000
2015,110000,25.83,1498.0,99.0,5.0,ford,ford figo 1.5d base mt,diesel,individual,manual,second owner,350000
2012,230000,23.57,1396.0,70.0,5.0,tata,tata indigo cr4,diesel,individual,manual,first owner,200000
2011,172000,17.88,1396.0,52.8,5.0,tata,tata indica v2 dle bsiii,diesel,individual,manual,second owner,114999
2014,25000,18.6,1197.0,81.83,5.0,hyundai,hyundai i20 magna 1.2,petrol,individual,manual,first owner,425000
2019,35000,23.0,1498.0,98.96,5.0,ford,ford ecosport 1.5 diesel trend bsiv,diesel,individual,manual,first owner,900000
2014,126000,12.05,2179.0,120.0,7.0,mahindra,mahindra scorpio 2009-2014 sle 7s bsiv,diesel,individual,manual,first owner,550000
2018,30000,25.5,1498.0,98.6,5.0,honda,honda wr-v i-dtec vx,diesel,individual,manual,first owner,900000
2011,97000,19.81,1086.0,68.05,5.0,hyundai,hyundai i10 era,petrol,individual,manual,third owner,165000
2016,120000,19.08,1582.0,126.2,5.0,hyundai,hyundai verna 1.6 crdi at sx option,diesel,individual,automatic,first owner,850000
2016,120000,23.9,1582.0,126.32,5.0,hyundai,hyundai verna 1.6 crdi s option,diesel,individual,manual,first owner,850000
2014,80000,16.55,2498.0,105.0,6.0,mahindra,mahindra thar crde ac,diesel,individual,manual,second owner,550000
2011,60000,19.3,1248.0,73.9,5.0,maruti,maruti swift dzire vdi bsiv,diesel,individual,manual,second owner,500000
2011,60000,19.81,1086.0,68.05,5.0,hyundai,hyundai i10 era,petrol,individual,manual,first owner,160000
2015,60000,25.1,1498.0,98.6,5.0,honda,honda city i dtec vx,diesel,individual,manual,first owner,670000
2014,90000,22.9,1248.0,74.0,5.0,maruti,maruti swift zdi,diesel,individual,manual,first owner,430000
2015,30000,19.1,1197.0,82.0,5.0,hyundai,hyundai xcent 1.2 kappa base,petrol,individual,manual,first owner,375000
2016,35000,18.6,1197.0,81.83,5.0,hyundai,hyundai i20 asta option 1.2,petrol,individual,manual,first owner,650000
2016,35000,26.59,1248.0,74.0,5.0,maruti,maruti swift dzire ldi,diesel,individual,manual,first owner,500000
2017,25000,16.0,2179.0,140.0,7.0,mahindra,mahindra xuv500 w10 2wd,diesel,individual,manual,first owner,1350000
2018,40000,21.66,1498.0,108.62,5.0,volkswagen,volkswagen ameo 1.5 tdi comfortline,diesel,individual,manual,first owner,600000
2017,25000,19.67,1582.0,126.2,5.0,hyundai,hyundai creta 1.6 crdi sx plus,diesel,individual,manual,first owner,1200000
2017,23456,18.9,1197.0,82.0,5.0,hyundai,hyundai grand i10 sportz,petrol,dealer,manual,first owner,550000
2015,39000,16.0,2179.0,140.0,7.0,mahindra,mahindra xuv500 w10 2wd,diesel,dealer,manual,first owner,1225000
2017,15000,17.5,1199.0,88.7,5.0,honda,honda wr-v i-vtec s,petrol,individual,manual,first owner,700000
2013,40000,23.4,1248.0,74.0,5.0,maruti,maruti swift dzire vdi,diesel,individual,manual,first owner,530000
2010,70000,18.6,1199.0,79.4,5.0,chevrolet,chevrolet beat lt,petrol,individual,manual,first owner,150000
2014,40000,19.1,1197.0,85.8,5.0,maruti,maruti swift dzire vxi,petrol,individual,manual,first owner,475000
2008,136500,12.7,2609.0,120.0,8.0,mahindra,mahindra scorpio slx 4wd,diesel,individual,manual,fourth & above owner,375000
2016,70000,25.32,1198.0,77.0,6.0,mahindra,mahindra kuv 100 mfalcon d75 k6 plus,diesel,individual,manual,second owner,425000
2015,90000,25.1,1498.0,98.6,5.0,honda,honda city i dtec vx,diesel,individual,manual,second owner,800000
1996,32000,16.1,796.0,37.0,4.0,maruti,maruti 800 dx,petrol,individual,manual,second owner,40000
2018,8000,20.51,998.0,67.0,5.0,maruti,maruti wagon r amt vxi option,petrol,individual,automatic,second owner,509999
2015,170000,23.59,1364.0,67.04,5.0,toyota,toyota etios liva vd,diesel,individual,manual,first owner,387000
2014,25000,22.74,796.0,47.3,5.0,maruti,maruti alto 800 vxi,petrol,individual,manual,first owner,235000
2000,120000,12.2,1948.0,68.0,10.0,tata,tata sumo se plus bsii,diesel,individual,manual,fourth & above owner,95000
2010,110000,17.8,1248.0,75.0,5.0,maruti,maruti swift vdi bsiii,diesel,individual,manual,third owner,340000
2016,100000,16.0,2179.0,140.0,7.0,mahindra,mahindra xuv500 w6 2wd,diesel,individual,manual,first owner,1000000
2009,115000,13.8,1399.0,68.0,5.0,ford,ford ikon 1.4 tdci duratorq,diesel,individual,manual,second owner,160000
2008,120000,12.7,2609.0,120.0,8.0,mahindra,mahindra scorpio slx 4wd le,diesel,individual,manual,fourth & above owner,365000
2011,265000,20.86,1199.0,75.0,5.0,skoda,skoda fabia 1.2l diesel elegance,diesel,individual,manual,second owner,300000
2008,90000,17.8,1248.0,75.0,5.0,maruti,maruti swift vdi bsiii,diesel,individual,manual,second owner,260000
2018,40000,18.2,1199.0,88.7,5.0,honda,honda jazz v cvt,petrol,individual,automatic,first owner,860000
2008,55000,13.9,1599.0,103.2,5.0,hyundai,hyundai verna 1.6 xi abs,petrol,individual,manual,second owner,114999
2007,90000,19.7,796.0,46.3,5.0,maruti,maruti alto lxi,petrol,individual,manual,second owner,100000
2014,111000,20.34,1498.0,103.2,5.0,volkswagen,volkswagen vento 1.5 tdi highline,diesel,individual,manual,first owner,565000
2013,120000,11.68,2498.0,112.0,7.0,mahindra,mahindra xylo e4 bs iii,diesel,individual,manual,second owner,450000
2017,15000,21.4,1197.0,83.1,5.0,maruti,maruti baleno zeta 1.2,petrol,individual,manual,first owner,625000
2016,30000,22.74,796.0,47.3,5.0,maruti,maruti alto 800 vxi,petrol,individual,manual,second owner,280000
2017,50000,23.95,998.0,67.05,5.0,maruti,maruti alto k10 vxi,petrol,individual,manual,first owner,330000
2015,40000,19.67,1582.0,126.2,5.0,hyundai,hyundai creta 1.6 crdi anniversary edition,diesel,individual,manual,first owner,1300000
2008,50000,15.3,1396.0,70.0,5.0,tata,tata indica v2 glx bsiii,petrol,individual,manual,second owner,65000
2018,45000,23.84,1199.0,84.0,5.0,tata,tata tiago 1.2 revotron xz,petrol,individual,manual,second owner,480000
2016,35000,27.28,1047.0,69.0,5.0,tata,tata tiago 1.05 revotorq xz,diesel,individual,manual,second owner,400000
2009,80000,13.93,2179.0,138.0,7.0,tata,tata new safari dicor 2.2 gx 4x2,diesel,individual,manual,first owner,500000
2012,120000,11.68,2498.0,112.0,7.0,mahindra,mahindra xylo e4 abs bs iv,diesel,individual,manual,first owner,320000
2014,90000,15.1,2179.0,140.0,7.0,mahindra,mahindra xuv500 w8 2wd,diesel,individual,manual,second owner,750000
2017,100000,16.5,1493.0,70.0,7.0,mahindra,mahindra bolero power plus sle,diesel,individual,manual,first owner,620000
2011,120000,19.3,1248.0,73.9,5.0,maruti,maruti swift dzire zdi,diesel,individual,manual,third owner,300000
2018,15000,15.8,1591.0,121.3,5.0,hyundai,hyundai creta 1.6 sx option executive,petrol,individual,manual,first owner,1405000
2017,15000,24.7,796.0,47.3,5.0,maruti,maruti alto 800 lx,petrol,individual,manual,first owner,282000
2017,15000,21.21,1197.0,81.8,5.0,maruti,maruti swift dzire amt vxi,petrol,individual,automatic,first owner,700000
2017,70000,25.83,1498.0,99.0,5.0,ford,ford figo aspire 1.5 tdci titanium,diesel,individual,manual,first owner,700000
2015,135000,22.77,1498.0,98.59,5.0,ford,ford ecosport 1.5 tdci titanium bsiv,diesel,individual,manual,first owner,600000
2012,80000,20.5,1598.0,103.5,5.0,skoda,skoda rapid 1.6 tdi ambition,diesel,individual,manual,second owner,290000
2011,80000,18.1,1991.0,147.9,4.0,chevrolet,chevrolet cruze ltz at,diesel,individual,automatic,second owner,430000
2017,19000,18.6,1197.0,81.83,5.0,hyundai,hyundai i20 1.2 magna executive,petrol,individual,manual,first owner,575000
2017,42000,15.29,1591.0,121.3,5.0,hyundai,hyundai creta 1.6 vtvt e plus,petrol,individual,manual,first owner,875000
2010,77000,18.9,998.0,67.1,5.0,maruti,maruti wagon r lxi bsiii,petrol,individual,manual,first owner,180000
2012,120000,23.2,1248.0,73.94,5.0,maruti,maruti ritz vdi,diesel,individual,manual,first owner,229999
2019,10000,19.56,1197.0,81.8,5.0,toyota,toyota glanza g cvt,petrol,individual,automatic,first owner,800000
2009,110000,16.5,995.0,63.0,5.0,chevrolet,chevrolet spark 1.0 lt option pack w/ airbag,petrol,individual,manual,third owner,60000
2009,110000,15.0,1586.0,104.68,5.0,maruti,maruti sx4 vxi bsiii,petrol,individual,manual,first owner,150000
2007,90000,23.57,1396.0,70.0,5.0,tata,tata indigo grand dicor,diesel,individual,manual,third owner,100000
2015,90000,15.29,1591.0,121.3,5.0,hyundai,hyundai creta 1.6 gamma sx plus,petrol,individual,manual,first owner,900000
2018,50000,22.54,1396.0,88.73,5.0,hyundai,hyundai i20 1.4 asta option,diesel,individual,manual,first owner,850000
2014,50000,25.44,936.0,56.3,5.0,chevrolet,chevrolet beat diesel lt,diesel,individual,manual,first owner,220000
2014,40000,22.74,796.0,47.3,5.0,maruti,maruti alto 800 lxi,petrol,individual,manual,second owner,250000
2012,120000,22.3,1248.0,74.0,5.0,tata,tata indica vista quadrajet ls,diesel,individual,manual,first owner,125000
2017,40000,23.84,1199.0,84.0,5.0,tata,tata tiago 1.2 revotron xt,petrol,individual,manual,first owner,400000
2002,62000,16.1,796.0,37.0,4.0,maruti,maruti 800 std,petrol,individual,manual,first owner,50000
2018,10000,17.0,1591.0,121.3,5.0,hyundai,hyundai verna vtvt 1.6 sx option,petrol,individual,manual,first owner,1000000
2014,160000,25.1,1498.0,98.6,5.0,honda,honda city i dtec vx,diesel,individual,manual,first owner,600000
2010,60000,17.0,1197.0,80.0,5.0,hyundai,hyundai i20 1.2 asta,petrol,individual,manual,first owner,250000
2009,110000,13.6,2523.0,63.0,7.0,mahindra,mahindra bolero sle,diesel,individual,manual,first owner,310000
2005,60000,18.9,998.0,67.1,5.0,maruti,maruti wagon r vxi,petrol,individual,manual,fourth & above owner,120000
2014,78000,11.68,2498.0,112.0,7.0,mahindra,mahindra xylo e4 bs iii,diesel,individual,manual,first owner,390000
2019,30000,20.3,1086.0,68.0,5.0,hyundai,hyundai santro sportz bsiv,petrol,individual,manual,first owner,458000
2018,20000,23.0,1498.0,98.96,5.0,ford,ford ecosport 1.5 diesel titanium bsiv,diesel,individual,manual,first owner,950000
2017,21000,22.0,1197.0,81.8,5.0,maruti,maruti swift dzire vxi 1.2 bs iv,petrol,individual,manual,first owner,650000
2013,70000,22.9,1248.0,74.0,5.0,maruti,maruti swift star vdi,diesel,individual,manual,first owner,400000
2015,70000,18.9,1197.0,82.0,5.0,hyundai,hyundai grand i10 at asta,petrol,individual,automatic,second owner,400000
2006,42500,19.7,796.0,46.3,5.0,maruti,maruti alto lx,petrol,individual,manual,first owner,100000
2012,25000,20.36,1197.0,78.9,5.0,hyundai,hyundai i10 asta,petrol,individual,manual,first owner,350000
2013,80000,13.7,2197.0,138.1,7.0,tata,tata aria prestige 4x2,diesel,individual,manual,second owner,450000
2006,90000,12.7,2609.0,116.6,8.0,mahindra,mahindra scorpio 2.6 dx,diesel,individual,manual,first owner,350000
2010,80000,22.07,1199.0,73.9,5.0,volkswagen,volkswagen polo diesel trendline 1.2l,diesel,individual,manual,fourth & above owner,250000
2013,146000,15.96,2523.0,62.1,7.0,mahindra,mahindra bolero 2011-2019 zlx,diesel,individual,manual,second owner,450000
2013,47200,16.1,796.0,37.0,4.0,maruti,maruti 800 ac bsiii,petrol,individual,manual,third owner,157000
2018,60000,15.1,2179.0,152.87,7.0,mahindra,mahindra xuv500 w11 option bsiv,diesel,individual,manual,first owner,1500000
2007,100000,15.3,1193.0,65.3,5.0,tata,tata indica gls bs iv,petrol,individual,manual,second owner,75000
2010,100000,14.8,2499.0,80.0,10.0,chevrolet,chevrolet tavera b1-10 seats bsii,diesel,individual,manual,second owner,280000
2012,120000,15.3,2956.0,83.8,7.0,tata,tata sumo cx,diesel,individual,manual,fourth & above owner,250999
2010,80000,12.5,1794.0,132.0,5.0,toyota,toyota corolla altis 1.8 sport,petrol,individual,manual,second owner,350000
2016,34000,23.01,999.0,67.0,5.0,renault,renault kwid 1.0 rxt optional,petrol,individual,manual,first owner,300000
2017,50000,19.87,1461.0,83.8,5.0,renault,renault duster 85ps diesel rxs,diesel,individual,manual,first owner,819999
2010,100000,19.61,1405.0,70.0,5.0,tata,tata indigo tdi,diesel,individual,manual,second owner,409999
2008,52000,13.9,1599.0,103.2,5.0,hyundai,hyundai verna 1.6 xi abs,petrol,individual,manual,second owner,275000
2013,110000,20.77,1248.0,88.76,7.0,maruti,maruti ertiga vdi,diesel,individual,manual,first owner,497000
2015,70000,18.6,1197.0,81.83,5.0,hyundai,hyundai i20 asta 1.2,petrol,individual,manual,first owner,500000
2006,120000,14.0,2523.0,83.0,7.0,mahindra,mahindra bolero 2011-2019 camper,diesel,individual,manual,second owner,170000
2019,10000,13.8,2999.0,174.57,7.0,isuzu,isuzu mux 2wd,diesel,individual,automatic,first owner,2700000
2019,30000,23.0,1498.0,98.96,5.0,ford,ford ecosport 1.5 diesel titanium bsiv,diesel,individual,manual,first owner,975000
2018,15000,20.4,1194.0,94.93,5.0,ford,ford aspire trend plus,petrol,individual,manual,first owner,620000
2019,5000,18.0,1497.0,117.6,5.0,honda,honda city i-vtec cvt zx,petrol,individual,automatic,first owner,1227000
2018,40000,23.0,1498.0,98.96,5.0,ford,ford ecosport 1.5 diesel titanium plus bsiv,diesel,individual,manual,first owner,950000
2019,16500,13.96,1451.0,141.0,5.0,mg,mg hector smart dct,petrol,dealer,automatic,first owner,1700000
2014,110000,20.77,1248.0,88.76,7.0,maruti,maruti ertiga vdi,diesel,individual,manual,first owner,545000
2011,72000,22.9,1248.0,74.0,5.0,maruti,maruti swift vdi,diesel,individual,manual,first owner,400000
2015,60000,27.39,1248.0,74.0,5.0,maruti,maruti baleno sigma 1.3,diesel,individual,manual,first owner,562000
2002,120000,14.07,2956.0,83.1,7.0,tata,tata sumo se,diesel,individual,manual,first owner,96000
1999,100000,14.8,1998.0,68.0,5.0,mitsubishi,mitsubishi lancer 2.0 lxd,diesel,individual,manual,third owner,155000
2009,120000,,,,,maruti,maruti swift vdi bsiv,diesel,individual,manual,fourth & above owner,210000
2015,80000,25.01,1498.0,89.75,5.0,ford,ford fiesta 1.5 tdci titanium,diesel,individual,manual,first owner,590000
2016,120000,24.4,1120.0,71.0,5.0,hyundai,hyundai xcent 1.1 crdi s,diesel,individual,manual,second owner,350000
2017,30000,20.89,1197.0,81.8,5.0,maruti,maruti ignis 1.2 zeta bsiv,petrol,individual,manual,first owner,484999
2015,110000,19.1,1405.0,70.0,5.0,tata,tata indica vista tdi ls,diesel,individual,manual,second owner,240000
2008,219000,12.8,2494.0,102.0,8.0,toyota,toyota innova 2.5 g (diesel) 8 seater bs iv,diesel,individual,manual,second owner,500000
2017,80000,24.7,796.0,47.3,5.0,maruti,maruti alto 800 lxi,petrol,individual,manual,first owner,300000
2016,80000,28.09,1248.0,88.5,5.0,maruti,maruti ciaz rs zdi plus shvs,diesel,individual,manual,first owner,750000
2016,35000,20.85,1197.0,83.14,5.0,maruti,maruti swift dzire vxi,petrol,individual,manual,second owner,574000
2013,167000,22.3,1248.0,88.8,5.0,tata,tata indica vista quadrajet 90 vx,diesel,individual,manual,first owner,200000
2016,94000,19.67,1582.0,126.2,5.0,hyundai,hyundai creta 1.6 crdi sx option,diesel,individual,manual,first owner,1100000
2012,80000,17.92,1086.0,62.1,5.0,hyundai,hyundai santro xing gl plus,petrol,individual,manual,first owner,350000
1998,100000,16.1,796.0,37.0,4.0,maruti,maruti 800 dx,petrol,individual,manual,second owner,70000
2005,90000,13.8,1299.0,70.0,5.0,ford,ford ikon 1.3 flair,petrol,individual,manual,second owner,120000
2012,246000,12.99,2494.0,100.0,7.0,toyota,toyota innova 2.5 g (diesel) 7 seater,diesel,individual,manual,second owner,700000
2019,10000,21.4,1197.0,83.1,5.0,maruti,maruti baleno sigma 1.2,petrol,individual,manual,first owner,500000
2016,90000,19.09,1405.0,69.01,5.0,tata,tata indigo cs ls (tdi) bs-iii,diesel,individual,manual,first owner,370000
2019,5200,20.3,1199.0,83.81,5.0,tata,tata tigor 2017-2020 xz plus,petrol,individual,manual,first owner,600000
2006,120000,17.3,993.0,60.0,5.0,maruti,maruti zen lx - bs iii,petrol,individual,manual,second owner,100000
2013,90000,22.9,1248.0,74.0,5.0,maruti,maruti swift vdi,diesel,individual,manual,second owner,409999
2016,50000,18.0,1497.0,117.3,5.0,honda,honda city i vtec cvt sv,petrol,individual,automatic,first owner,750000
2017,5000,18.9,1197.0,81.86,5.0,hyundai,hyundai grand i10 1.2 kappa asta,petrol,individual,manual,first owner,600000
2018,10500,18.15,1198.0,82.0,6.0,mahindra,mahindra kuv 100 g80 k8 dual tone,petrol,individual,manual,first owner,550000
2018,26000,19.6,1461.0,108.45,5.0,renault,renault duster 110ps diesel rxz,diesel,individual,manual,first owner,950000
2014,139000,11.79,2179.0,120.0,8.0,mahindra,mahindra scorpio vlx 2wd abs at bsiii,diesel,individual,automatic,first owner,645000
2014,60000,15.1,2179.0,140.0,7.0,mahindra,mahindra xuv500 w8 2wd,diesel,individual,manual,second owner,750000
2006,40000,11.7,1796.0,178.0,5.0,mercedes-benz,mercedes-benz new c-class c 200 kompressor elegance mt,petrol,individual,manual,first owner,650000
2015,25000,15.85,1499.0,110.4,5.0,ford,ford ecosport 1.5 ti vct mt titanium bsiv,petrol,individual,manual,first owner,800000
2010,60000,14.53,1798.0,138.0,5.0,toyota,toyota corolla altis 1.8 j,petrol,individual,manual,second owner,350000
2015,25000,15.85,1499.0,110.4,5.0,ford,ford ecosport 1.5 ti vct mt titanium bsiv,petrol,individual,manual,first owner,700000
2011,15000,17.5,1298.0,85.8,5.0,maruti,maruti swift dzire zxi,petrol,individual,manual,first owner,335000
2012,110000,19.3,1248.0,73.9,5.0,maruti,maruti swift dzire ldi,diesel,individual,manual,first owner,270000
2001,70000,,,,,hyundai,hyundai santro gls i - euro ii,petrol,individual,manual,second owner,52000
2010,100000,19.3,1248.0,73.9,5.0,maruti,maruti swift dzire zdi,diesel,individual,manual,second owner,320000
2007,120000,17.8,1086.0,63.0,5.0,hyundai,hyundai santro xing xs,petrol,individual,manual,first owner,120000
2010,55000,12.3,1781.0,163.2,5.0,audi,audi a4 1.8 tfsi,petrol,individual,automatic,second owner,730000
2007,120000,15.0,1586.0,104.68,5.0,maruti,maruti sx4 vxi bsiii,petrol,individual,manual,third owner,125000
2007,35000,18.2,1061.0,64.0,5.0,maruti,maruti zen estilo 1.1 lxi bsiii,petrol,individual,manual,first owner,150000
2018,13000,24.7,796.0,47.3,5.0,maruti,maruti alto 800 lxi,petrol,individual,manual,first owner,310000
2015,50000,26.59,1248.0,74.0,5.0,maruti,maruti swift dzire vdi,diesel,individual,manual,first owner,625000
2012,40000,20.36,1197.0,78.9,5.0,hyundai,hyundai i10 magna,petrol,individual,manual,first owner,267000
2016,25000,17.19,1197.0,81.86,5.0,hyundai,hyundai i20 active 1.2 sx dual tone,petrol,individual,manual,first owner,600000
2011,110000,15.37,1196.0,73.0,7.0,maruti,maruti eeco 7 seater standard bsiv,petrol,individual,manual,second owner,180000
2019,5000,23.87,1197.0,88.5,5.0,toyota,toyota glanza g smart hybrid,petrol,individual,manual,first owner,700000
2013,50000,16.1,796.0,37.0,4.0,maruti,maruti 800 ac,petrol,individual,manual,second owner,121000
2014,80000,18.9,1197.0,82.0,5.0,hyundai,hyundai grand i10 asta,petrol,individual,manual,third owner,350000
2012,225000,12.99,2494.0,100.0,8.0,toyota,toyota innova 2.5 g (diesel) 8 seater,diesel,individual,manual,second owner,869999
2008,100000,17.3,1061.0,64.0,5.0,maruti,maruti wagon r lx bsiii,petrol,individual,manual,third owner,80000
2008,93331,19.81,1086.0,68.05,5.0,hyundai,hyundai i10 era 1.1,petrol,individual,manual,second owner,120000
2012,120000,13.5,2179.0,115.0,5.0,mahindra,mahindra scorpio m2di,diesel,individual,manual,second owner,370000
2015,70000,19.01,1461.0,108.5,5.0,nissan,nissan terrano xl 110 ps,diesel,individual,manual,first owner,750000
2015,100000,15.96,2523.0,63.0,9.0,mahindra,mahindra bolero power plus plus non ac bsiv ps,diesel,individual,manual,first owner,484999
2006,90000,13.1,1493.0,82.0,5.0,hyundai,hyundai accent crdi,diesel,individual,manual,second owner,120000
2016,90000,15.04,2755.0,174.5,7.0,toyota,toyota fortuner 2.8 4wd at bsiv,diesel,individual,automatic,first owner,3100000
2002,184000,,,,,hyundai,hyundai santro le,petrol,individual,manual,second owner,35000
2019,6500,21.21,1197.0,81.8,5.0,maruti,maruti swift dzire amt zxi plus,petrol,individual,automatic,first owner,750000
2010,80000,11.96,1298.0,80.0,8.0,maruti,maruti gypsy king st bsiii,petrol,individual,manual,first owner,350000
2008,100000,12.05,2179.0,120.0,7.0,mahindra,mahindra scorpio vls 2.2 mhawk,diesel,individual,manual,third owner,400000
2015,120000,23.59,1364.0,67.05,5.0,toyota,toyota etios vd,diesel,individual,manual,second owner,570000
2012,120000,21.1,814.0,55.2,5.0,hyundai,hyundai eon era plus,petrol,individual,manual,second owner,180000
1998,110000,13.1,1598.0,77.0,5.0,opel,opel astra 1.6,petrol,individual,manual,third owner,68000
2006,150000,18.7,1896.0,66.0,5.0,skoda,skoda octavia classic 1.9 tdi mt,diesel,individual,manual,third owner,280000
2005,120000,16.1,1405.0,70.0,5.0,tata,tata indigo ls,diesel,individual,manual,fourth & above owner,90000
2015,100000,15.26,2143.0,203.2,5.0,mercedes-benz,mercedes-benz m-class ml 250 cdi,diesel,individual,automatic,second owner,2600000
2018,63000,15.3,2956.0,83.83,7.0,tata,tata sumo gold ex,diesel,individual,manual,first owner,700000
2016,40000,17.9,2143.0,136.0,5.0,mercedes-benz,mercedes-benz gla class 200 cdi,diesel,individual,automatic,second owner,1850000
2015,109000,22.7,1498.0,89.84,5.0,ford,ford ecosport 1.5 dv5 mt titanium,diesel,dealer,manual,first owner,685000
2015,114000,25.2,1248.0,73.94,5.0,maruti,maruti swift vdi windsong limited edition,diesel,dealer,manual,first owner,565000
2017,33000,14.7,1798.0,177.5,5.0,skoda,skoda octavia elegance 1.8 tsi at,petrol,dealer,automatic,second owner,1600000
2014,160000,24.0,1120.0,70.0,5.0,hyundai,hyundai grand i10 crdi asta option,diesel,dealer,manual,third owner,395000
2013,101000,21.9,1396.0,88.76,5.0,hyundai,hyundai i20 sportz 1.4 crdi,diesel,dealer,manual,first owner,425000
2019,5400,22.27,1498.0,108.6,5.0,volkswagen,volkswagen vento 1.5 tdi highline bsiv,diesel,dealer,manual,test drive car,1350000
2016,45000,16.38,1995.0,183.0,5.0,hyundai,hyundai tucson 2.0 e-vgt 2wd at gls,diesel,dealer,automatic,second owner,1950000
2018,31000,24.04,999.0,67.0,5.0,renault,renault kwid amt rxl,petrol,dealer,automatic,first owner,535000
2018,31000,23.01,999.0,67.0,5.0,renault,renault kwid 1.0 rxt optional,petrol,dealer,manual,first owner,500000
2016,55000,20.52,1197.0,81.8,5.0,maruti,maruti wagon r vxi opt 1.2,petrol,dealer,manual,first owner,434999
2018,55000,21.9,624.0,37.48,4.0,tata,tata nano xta,petrol,dealer,automatic,first owner,250000
2014,117000,22.32,1582.0,126.32,5.0,hyundai,hyundai verna 1.6 sx,diesel,dealer,manual,first owner,700000
2010,102000,19.62,1995.0,187.74,5.0,bmw,bmw 3 series 320d luxury line,diesel,dealer,automatic,first owner,1100000
2012,108000,17.42,1968.0,175.0,5.0,volkswagen,volkswagen passat 2.0 tdi at highline,diesel,dealer,automatic,first owner,900000
2015,75000,20.52,1197.0,81.8,5.0,maruti,maruti wagon r vxi 1.2,petrol,dealer,manual,first owner,425000
2011,74000,10.0,2148.0,170.0,5.0,mercedes-benz,mercedes-benz e-class e 220 cdi avantgarde,diesel,dealer,automatic,first owner,1600000
2013,158000,24.4,1499.0,98.96,5.0,ford,ford figo titanium diesel,diesel,dealer,manual,first owner,325000
2019,10000,21.5,1497.0,108.5,5.0,tata,tata nexon 1.5 revotorq xza plus,diesel,individual,automatic,first owner,1140000
2017,53000,17.6,2179.0,147.94,7.0,tata,tata hexa xe,diesel,individual,manual,first owner,980000
2017,20000,16.3,1956.0,170.0,5.0,jeep,jeep compass 2.0 limited option 4x4,diesel,individual,manual,second owner,1920000
2020,5000,18.24,999.0,108.6,5.0,volkswagen,volkswagen polo 1.0 tsi highline plus,petrol,individual,manual,first owner,808000
2014,30000,19.1,1197.0,85.8,5.0,maruti,maruti swift dzire vxi,petrol,individual,manual,first owner,550000
2010,64000,19.7,796.0,46.3,5.0,maruti,maruti alto lxi,petrol,individual,manual,first owner,215000
2016,10500,18.16,1196.0,86.8,5.0,ford,ford figo 1.2p titanium opt mt,petrol,individual,manual,first owner,512000
2011,50000,19.7,796.0,46.3,5.0,maruti,maruti alto lxi,petrol,individual,manual,second owner,215000
2012,60000,20.5,1598.0,103.5,5.0,skoda,skoda rapid 1.6 tdi elegance,diesel,individual,manual,first owner,500000
2015,35000,21.14,1498.0,103.52,5.0,skoda,skoda rapid 1.5 tdi elegance black package,diesel,individual,manual,first owner,700000
2012,135000,13.93,2179.0,138.03,7.0,tata,tata safari dicor 2.2 lx 4x2,diesel,individual,manual,first owner,525000
2011,70000,12.05,2179.0,120.0,9.0,mahindra,mahindra scorpio lx bsiv,diesel,individual,manual,second owner,550000
2016,80000,24.3,1248.0,88.5,5.0,maruti,maruti vitara brezza zdi,diesel,individual,manual,first owner,750000
2017,25000,21.63,998.0,67.0,5.0,maruti,maruti celerio x vxi option bsiv,petrol,individual,manual,first owner,395000
2017,5000,18.6,1197.0,81.83,5.0,hyundai,hyundai i20 2015-2017 sportz 1.2,petrol,individual,manual,first owner,675000
2008,80000,17.92,1086.0,62.1,5.0,hyundai,hyundai santro xing gls,petrol,individual,manual,third owner,140000
2011,120000,12.05,2179.0,120.0,8.0,mahindra,mahindra scorpio vlx 2wd bsiv,diesel,individual,manual,second owner,430000
2011,167000,,,,,toyota,toyota etios v,petrol,individual,manual,first owner,270000
2014,10000,20.51,998.0,67.04,5.0,maruti,maruti wagon r lxi bs iv,petrol,individual,manual,first owner,300000
2013,68000,22.1,1248.0,76.9,5.0,chevrolet,chevrolet sail hatchback diesel,diesel,individual,manual,first owner,355000
2015,35000,22.74,796.0,47.3,5.0,maruti,maruti alto 800 vxi,petrol,individual,manual,second owner,180000
2007,50000,15.3,1193.0,65.3,5.0,tata,tata indica gls bs iv,petrol,individual,manual,first owner,125000
2006,80000,,,,,maruti,maruti swift vdi bsiv,diesel,individual,manual,first owner,150000
2006,60898,,,,,hyundai,hyundai santro xing xl,petrol,individual,manual,first owner,95000
2018,29700,25.1,1248.0,88.5,5.0,maruti,maruti s-cross 2017-2020 zeta ddis 200 sh,diesel,individual,manual,first owner,810000
2018,20000,18.6,1368.0,98.63,5.0,hyundai,hyundai i20 1.4 magna at,petrol,individual,automatic,first owner,671000
2018,20000,24.7,796.0,47.3,5.0,maruti,maruti alto 800 vxi,petrol,individual,manual,first owner,295000
2017,40000,24.52,1248.0,88.5,7.0,maruti,maruti ertiga shvs zdi plus,diesel,individual,manual,first owner,850000
2013,90000,22.9,1248.0,74.0,5.0,maruti,maruti swift zdi,diesel,individual,manual,first owner,409999
2015,90000,16.02,1373.0,93.7,7.0,maruti,maruti ertiga vxi,petrol,individual,manual,first owner,600000
2015,80000,15.96,2523.0,62.1,7.0,mahindra,mahindra bolero 2011-2019 zlx,diesel,individual,manual,first owner,600000
2012,60000,18.9,998.0,67.1,5.0,maruti,maruti wagon r lxi bsiii,petrol,individual,manual,third owner,220000
2013,56000,23.4,1248.0,74.0,5.0,maruti,maruti swift dzire vdi,diesel,individual,manual,first owner,550000
2014,50000,14.0,2523.0,75.0,8.0,mahindra,mahindra scorpio ex,diesel,individual,manual,first owner,650000
2014,50000,14.0,2523.0,75.0,9.0,mahindra,mahindra scorpio 2009-2014 ex 2wd 9s,diesel,individual,manual,second owner,655000
2006,74000,13.7,1948.0,68.0,7.0,tata,tata sumo gx 7 str bsii,diesel,individual,manual,first owner,130000
2014,123000,19.01,1461.0,108.45,5.0,renault,renault duster 110ps diesel rxl,diesel,individual,manual,first owner,400000
2007,60000,,,,,maruti,maruti swift 1.3 lxi,petrol,individual,manual,third owner,250000
2009,54000,19.7,796.0,46.3,5.0,maruti,maruti alto lxi,petrol,individual,manual,first owner,155000
2013,50000,15.64,1193.0,64.1,5.0,tata,tata indigo cs egls bs iv,petrol,individual,manual,first owner,250000
2014,80000,18.9,1197.0,82.0,5.0,hyundai,hyundai grand i10 sportz,petrol,individual,manual,second owner,400000
2019,10000,19.02,1198.0,67.05,5.0,datsun,datsun go a option petrol,petrol,individual,manual,first owner,500000
2018,10000,20.3,1086.0,68.0,5.0,hyundai,hyundai santro sportz amt bsiv,petrol,individual,automatic,first owner,565000
2018,40000,23.0,1498.0,98.96,5.0,ford,ford ecosport 1.5 diesel titanium bsiv,diesel,individual,manual,first owner,900000
2017,120000,16.5,1493.0,70.0,7.0,mahindra,mahindra bolero power plus sle,diesel,individual,manual,first owner,650000
2013,45000,15.96,2523.0,62.1,7.0,mahindra,mahindra bolero 2011-2019 zlx,diesel,individual,manual,first owner,600000
2018,35000,28.4,1248.0,74.02,5.0,maruti,maruti swift dzire vdi,diesel,individual,manual,first owner,800000
2015,60000,22.54,1396.0,88.73,5.0,hyundai,hyundai i20 sportz 1.4 crdi,diesel,individual,manual,first owner,575000
2016,40000,17.01,1499.0,110.4,5.0,ford,ford figo 1.5p titanium at,petrol,individual,automatic,first owner,550000
2011,80000,15.5,1586.0,103.3,5.0,maruti,maruti sx4 vxi bsiv,petrol,individual,manual,third owner,190000
2017,37000,23.0,1498.0,98.96,5.0,ford,ford ecosport 1.5 diesel trend plus bsiv,diesel,individual,manual,first owner,750000
2018,22000,21.4,1197.0,83.1,5.0,maruti,maruti baleno delta 1.2,petrol,individual,manual,first owner,625000
2018,60000,22.54,1396.0,88.73,5.0,hyundai,hyundai i20 1.4 asta,diesel,individual,manual,second owner,799000
2013,57000,20.51,998.0,67.04,5.0,maruti,maruti wagon r vxi bs iv,petrol,individual,manual,second owner,300000
2017,27000,20.73,1373.0,91.1,5.0,maruti,maruti ciaz 1.4 alpha,petrol,individual,manual,first owner,850000
2012,70000,18.0,995.0,62.0,5.0,chevrolet,chevrolet spark 1.0 lt,petrol,individual,manual,first owner,130000
2011,40000,20.92,998.0,67.1,5.0,maruti,maruti alto k10 2010-2014 vxi,petrol,individual,manual,second owner,229999
2015,60000,23.1,998.0,67.04,5.0,maruti,maruti celerio zxi,petrol,individual,manual,first owner,400000
2018,35000,16.55,2498.0,105.0,6.0,mahindra,mahindra thar crde,diesel,individual,manual,first owner,900000
2015,70000,15.4,1997.0,120.0,7.0,mahindra,mahindra scorpio 1.99 s4,diesel,individual,manual,first owner,800000
2015,43000,21.1,814.0,55.2,5.0,hyundai,hyundai eon era plus,petrol,individual,manual,second owner,250999
2011,110000,15.0,1368.0,90.0,5.0,tata,tata manza aqua safire,petrol,individual,manual,second owner,250000
2009,100000,15.7,1172.0,67.0,5.0,fiat,fiat punto 1.2 active,petrol,individual,manual,second owner,100000
2016,64000,20.4,1197.0,81.8,5.0,maruti,maruti swift vxi optional,petrol,individual,manual,first owner,450000
2017,96000,19.87,1461.0,83.8,5.0,renault,renault duster 85ps diesel std,diesel,individual,manual,first owner,575000
2013,96000,20.46,1461.0,83.8,5.0,renault,renault duster 85ps diesel rxl optional,diesel,individual,manual,first owner,400000
2019,7600,21.63,998.0,67.0,5.0,maruti,maruti celerio x zxi bsiv,petrol,individual,manual,first owner,480000
2019,7000,21.63,998.0,67.0,5.0,maruti,maruti celerio x zxi bsiv,petrol,individual,manual,first owner,490000
2007,120000,17.0,1405.0,70.0,5.0,tata,tata indigo lx,diesel,individual,manual,second owner,150000
2017,50000,22.95,1248.0,74.0,5.0,tata,tata bolt quadrajet xm,diesel,individual,manual,first owner,600000
2015,50000,24.4,1120.0,71.0,5.0,hyundai,hyundai xcent 1.1 crdi sx option,diesel,individual,manual,second owner,500000
2015,80000,23.0,1248.0,88.7,5.0,tata,tata zest quadrajet 1.3 anniversary edition,diesel,individual,manual,first owner,425000
2003,200000,13.1,1493.0,82.0,5.0,hyundai,hyundai accent dls,diesel,individual,manual,second owner,108000
2015,190000,12.99,2494.0,100.6,7.0,toyota,toyota innova 2.5 zx diesel 7 seater bsiii,diesel,individual,manual,first owner,1030000
2015,34000,20.51,998.0,67.04,5.0,maruti,maruti wagon r vxi optional,petrol,individual,manual,first owner,360000
2012,80000,16.47,1198.0,73.9,5.0,volkswagen,volkswagen polo petrol comfortline 1.2l,petrol,individual,manual,second owner,290000
2003,20000,15.9,1527.0,57.0,5.0,maruti,maruti esteem di,diesel,individual,manual,first owner,70000
2012,70000,15.3,2956.0,83.8,7.0,tata,tata sumo cx,diesel,individual,manual,second owner,320000
2014,29340,22.32,1582.0,126.32,5.0,hyundai,hyundai verna 1.6 sx crdi (o),diesel,individual,manual,first owner,755000
2011,120000,20.0,1399.0,68.0,5.0,ford,ford figo diesel lxi,diesel,individual,manual,first owner,215000
2011,200000,12.8,2494.0,102.0,7.0,toyota,toyota innova 2.5 g4 diesel 7-seater,diesel,individual,manual,second owner,735000
2007,70000,19.81,1086.0,68.05,5.0,hyundai,hyundai i10 era,petrol,individual,manual,second owner,190000
2014,80800,12.99,2494.0,100.6,8.0,toyota,toyota innova 2.5 vx (diesel) 8 seater,diesel,individual,manual,second owner,1365000
2018,24265,18.7,1199.0,88.7,5.0,honda,honda jazz 1.2 vx i vtec,petrol,dealer,manual,first owner,675000
2014,81000,23.4,1248.0,74.0,5.0,maruti,maruti swift dzire vdi,diesel,dealer,manual,first owner,438999
2015,240000,19.98,1461.0,108.5,7.0,renault,renault lodgy stepway 110ps rxz 7s,diesel,individual,manual,first owner,550000
2013,35000,19.1,1197.0,85.8,5.0,maruti,maruti swift dzire vxi,petrol,individual,manual,first owner,409999
2019,15000,25.17,799.0,53.3,5.0,renault,renault kwid rxt optional,petrol,individual,manual,first owner,350000
2012,49000,25.44,936.0,57.6,5.0,chevrolet,chevrolet beat diesel,diesel,individual,manual,third owner,135000
2016,56900,13.68,2393.0,147.8,8.0,toyota,toyota innova crysta 2.4 gx mt 8s bsiv,diesel,individual,manual,second owner,1490000
2014,70000,25.2,1248.0,74.0,5.0,maruti,maruti swift vdi bsiv,diesel,individual,manual,second owner,520000
2010,180000,19.3,1248.0,73.9,5.0,maruti,maruti swift dzire vdi,diesel,individual,manual,first owner,315000
2010,50000,19.0,998.0,66.1,5.0,maruti,maruti a-star lxi,petrol,individual,manual,first owner,235000
2005,50000,13.2,1495.0,94.0,5.0,hyundai,hyundai accent gle,petrol,individual,manual,third owner,80500
2013,88200,23.2,1248.0,73.94,5.0,maruti,maruti ritz vdi,diesel,individual,manual,first owner,375000
2006,93000,16.1,1197.0,85.0,5.0,maruti,maruti swift vxi bsiv,petrol,individual,manual,second owner,189000
2017,120000,25.8,1498.0,98.6,5.0,honda,honda amaze e option i-dtec,diesel,individual,manual,first owner,550000
2011,110000,17.8,1399.0,68.0,5.0,ford,ford fiesta exi 1.4 tdci ltd,diesel,individual,manual,second owner,260000
2015,40000,23.95,998.0,67.05,5.0,maruti,maruti alto k10 vxi,petrol,individual,manual,first owner,300000
2010,120000,17.0,1497.0,118.0,5.0,honda,honda city 1.5 s inspire,petrol,individual,manual,second owner,350000
1999,100000,,,,,maruti,maruti omni lpg std bsiv,lpg,individual,manual,fourth & above owner,70000
2019,10000,24.3,1248.0,88.5,5.0,maruti,maruti vitara brezza zdi,diesel,individual,manual,first owner,892000
2012,70000,20.3,1248.0,92.0,5.0,fiat,fiat grande punto sport 90bhp,diesel,individual,manual,second owner,285000
2012,60000,19.2,1086.0,68.05,5.0,hyundai,hyundai i10 magna lpg,lpg,individual,manual,first owner,300000
2016,90000,28.09,1248.0,88.5,5.0,maruti,maruti ciaz vdi shvs,diesel,individual,manual,first owner,620000
2017,90000,24.3,1248.0,88.5,5.0,maruti,maruti vitara brezza zdi,diesel,individual,manual,first owner,750000
2016,35000,22.74,796.0,47.3,5.0,maruti,maruti alto 800 lxi,petrol,individual,manual,first owner,270000
2012,40000,17.92,1086.0,62.1,5.0,hyundai,hyundai santro xing gls,petrol,individual,manual,second owner,300000
2011,80000,23.03,1396.0,69.0,5.0,tata,tata indigo cs elx bs iv,diesel,individual,manual,first owner,220000
2012,99000,15.5,1586.0,103.3,5.0,maruti,maruti sx4 vxi bsiv,petrol,individual,manual,second owner,260000
2019,7500,21.21,1197.0,81.8,5.0,maruti,maruti swift amt vxi,petrol,individual,automatic,first owner,600000
2015,60000,23.9,624.0,37.48,4.0,tata,tata nano xe,petrol,individual,manual,first owner,80000
2016,40800,21.1,814.0,55.2,5.0,hyundai,hyundai eon magna plus,petrol,individual,manual,first owner,300000
2015,70000,17.57,1193.0,88.7,5.0,tata,tata zest revotron 1.2t xm,petrol,individual,manual,first owner,300000
2016,100000,18.15,1198.0,82.0,5.0,mahindra,mahindra kuv 100 mfalcon g80 k8 5str,petrol,individual,manual,first owner,400000
2016,8588,22.0,1197.0,81.8,5.0,maruti,maruti swift vxi bsiv,petrol,individual,manual,first owner,550000
2019,40000,25.6,1498.0,97.9,5.0,honda,honda city i-dtec v,diesel,individual,manual,first owner,1200000
2015,60000,25.83,1498.0,99.0,5.0,ford,ford figo 1.5d trend mt,diesel,individual,manual,first owner,500000
2005,80000,15.9,1298.0,85.0,5.0,maruti,maruti esteem vxi - bsiii,petrol,individual,manual,third owner,93000
2014,110000,26.0,1498.0,98.6,5.0,honda,honda city i dtec sv,diesel,individual,manual,first owner,500000
2018,150000,23.59,1364.0,67.05,5.0,toyota,toyota platinum etios 1.4 gxd,diesel,individual,manual,first owner,670000
2012,120000,12.8,2494.0,102.0,7.0,toyota,toyota innova 2.5 vx 7 str,diesel,individual,manual,second owner,750000
2017,30000,23.95,998.0,67.05,5.0,maruti,maruti alto k10 vxi,petrol,individual,manual,first owner,370000
2012,70000,16.1,796.0,37.0,4.0,maruti,maruti 800 std,petrol,individual,manual,second owner,100000
2016,50000,19.81,1086.0,68.05,5.0,hyundai,hyundai i10 sportz 1.1l,petrol,individual,manual,first owner,425000
2006,305000,12.8,2494.0,102.0,8.0,toyota,toyota innova 2.5 v diesel 8-seater,diesel,individual,manual,fourth & above owner,370000
2012,158500,,,,,toyota,toyota etios gd,diesel,individual,manual,third owner,400000
2009,212000,11.57,2179.0,138.1,7.0,tata,tata new safari dicor 2.2 ex 4x2,diesel,individual,manual,third owner,229999
2016,35000,24.52,1248.0,88.5,7.0,maruti,maruti ertiga shvs vdi,diesel,individual,manual,first owner,850000
2018,22000,21.03,1461.0,65.0,5.0,mahindra,mahindra verito 1.5 d4 bsiv,diesel,individual,manual,first owner,750000
2010,50000,10.71,1948.0,90.0,14.0,tata,tata winger deluxe - flat roof (non-ac),diesel,individual,manual,first owner,235000
2017,70000,25.5,1498.0,98.6,5.0,honda,honda wr-v i-dtec s,diesel,individual,manual,first owner,700000
2016,56000,24.0,1120.0,70.0,5.0,hyundai,hyundai grand i10 crdi magna,diesel,individual,manual,first owner,480000
2016,50000,22.95,1248.0,74.0,5.0,tata,tata zest quadrajet 1.3 75ps xm,diesel,individual,manual,first owner,475000
2015,120000,21.14,1498.0,103.52,5.0,skoda,skoda rapid 1.5 tdi ambition,diesel,individual,manual,first owner,610000
2011,120000,12.8,2494.0,102.0,8.0,toyota,toyota innova 2.5 g4 diesel 8-seater,diesel,individual,manual,second owner,650000
2017,70000,25.5,1498.0,98.6,5.0,honda,honda wr-v i-dtec s,diesel,individual,manual,first owner,800000
2015,120000,11.57,2179.0,138.1,7.0,tata,tata new safari dicor 2.2 ex 4x2,diesel,individual,manual,first owner,520000
2014,90000,25.0,1396.0,69.0,5.0,tata,tata indica v2 els,diesel,individual,manual,first owner,160000
2018,70000,25.1,1248.0,88.5,5.0,maruti,maruti s-cross 2017-2020 zeta ddis 200 sh,diesel,individual,manual,first owner,1000000
2015,120000,20.77,1248.0,88.76,7.0,maruti,maruti ertiga vdi,diesel,individual,manual,second owner,700000
2017,70000,25.8,1498.0,98.6,5.0,honda,honda amaze s i-dtec,diesel,individual,manual,second owner,590000
2002,80000,18.9,998.0,67.1,5.0,maruti,maruti wagon r vxi,petrol,individual,manual,second owner,140000
2017,100000,18.49,1493.0,100.0,7.0,mahindra,mahindra tuv 300 mhawk100 t8,diesel,individual,manual,second owner,725000
2017,157000,13.68,2393.0,147.8,7.0,toyota,toyota innova crysta 2.4 zx mt bsiv,diesel,individual,manual,first owner,1680000
2015,50000,26.59,1248.0,74.0,5.0,maruti,maruti swift dzire vdi,diesel,individual,manual,first owner,550000
2012,90000,23.2,1248.0,73.94,5.0,maruti,maruti ritz vdi,diesel,individual,manual,second owner,240000
2013,65000,14.6,2231.0,184.0,7.0,chevrolet,chevrolet captiva 2.2 lt,diesel,individual,manual,first owner,667000
2017,50000,27.3,1498.0,98.6,5.0,honda,honda jazz 1.5 s i dtec,diesel,individual,manual,first owner,670000
2015,110000,26.59,1248.0,74.0,5.0,maruti,maruti swift dzire vdi,diesel,individual,manual,first owner,550000
2015,30000,23.1,998.0,67.04,5.0,maruti,maruti celerio zxi,petrol,individual,manual,first owner,400000
2014,80000,22.32,1582.0,126.32,5.0,hyundai,hyundai verna 1.6 sx,diesel,individual,manual,second owner,545000
2015,70000,16.02,1373.0,93.7,7.0,maruti,maruti ertiga lxi,petrol,individual,manual,first owner,599000
2016,100000,21.38,1396.0,88.7,5.0,hyundai,hyundai creta 1.4 crdi s,diesel,individual,manual,first owner,725000
2015,120000,17.4,1497.0,117.3,5.0,honda,honda city i vtec v,petrol,individual,manual,second owner,525000
2011,85000,21.1,1248.0,73.9,5.0,maruti,maruti ritz vdi,diesel,individual,manual,second owner,204999
2012,110000,21.0,1199.0,75.0,5.0,skoda,skoda fabia scout 1.2 tdi,diesel,individual,manual,first owner,190000
2015,60000,24.0,1120.0,70.0,5.0,hyundai,hyundai grand i10 crdi sportz,diesel,individual,manual,fourth & above owner,310000
2016,90000,24.0,1120.0,70.0,5.0,hyundai,hyundai grand i10 crdi sportz,diesel,individual,manual,second owner,380000
2012,110000,20.92,998.0,67.1,5.0,maruti,maruti alto k10 2010-2014 vxi,petrol,individual,manual,third owner,204000
2018,25000,20.3,998.0,68.05,5.0,hyundai,hyundai eon 1.0 era plus,petrol,individual,manual,first owner,350000
2013,100000,20.54,1598.0,103.6,5.0,volkswagen,volkswagen vento diesel highline,diesel,individual,manual,first owner,350000
2012,120000,20.0,1399.0,68.0,5.0,ford,ford figo diesel titanium,diesel,individual,manual,second owner,175000
2011,90000,20.54,1598.0,103.6,5.0,volkswagen,volkswagen vento diesel highline,diesel,individual,manual,first owner,340000
2017,35000,17.4,1497.0,117.6,5.0,honda,honda city i-vtec vx,petrol,individual,manual,first owner,950000
2017,35000,17.8,1497.0,117.3,5.0,honda,honda city i vtec v,petrol,individual,manual,first owner,894999
2014,101200,15.3,2956.0,83.83,7.0,tata,tata sumo gold ex,diesel,individual,manual,second owner,350000
2005,90000,12.8,1396.0,85.0,5.0,tata,tata indigo glx,petrol,individual,manual,second owner,100000
2016,76000,26.59,1248.0,74.0,5.0,maruti,maruti swift dzire vdi,diesel,individual,manual,first owner,550000
2004,60000,16.1,1405.0,70.0,5.0,tata,tata indigo lx,diesel,individual,manual,third owner,100000
2016,90000,16.0,2179.0,140.0,7.0,mahindra,mahindra xuv500 w6 2wd,diesel,individual,manual,first owner,800000
2013,80000,15.96,2523.0,62.1,7.0,mahindra,mahindra bolero 2011-2019 zlx bsiii,diesel,individual,manual,second owner,525000
2008,179150,11.57,2179.0,138.1,7.0,tata,tata new safari dicor 2.2 ex 4x2,diesel,individual,manual,second owner,500000
2003,62000,16.1,796.0,37.0,4.0,maruti,maruti 800 std mpfi,petrol,individual,manual,first owner,42000
2009,160000,17.5,1197.0,85.8,5.0,maruti,maruti swift dzire 1.2 lxi bsiv,petrol,individual,manual,third owner,190000
2019,35000,28.4,1248.0,74.02,5.0,maruti,maruti swift dzire vdi,diesel,individual,manual,first owner,694000
2016,120000,16.0,2179.0,140.0,7.0,mahindra,mahindra xuv500 at w6 2wd,diesel,individual,automatic,first owner,861999
2017,50000,25.8,1498.0,98.6,5.0,honda,honda amaze sx i-dtec,diesel,individual,manual,first owner,650000
2011,70000,19.3,1248.0,73.9,5.0,maruti,maruti swift dzire zdi,diesel,individual,manual,second owner,310000
2013,97000,22.9,1248.0,74.0,5.0,maruti,maruti swift vdi,diesel,individual,manual,first owner,360000
2011,90000,19.3,1248.0,73.9,5.0,maruti,maruti swift dzire ldi,diesel,individual,manual,second owner,240000
2012,84487,15.1,2179.0,140.0,7.0,mahindra,mahindra xuv500 w8 awd,diesel,individual,manual,fourth & above owner,500000
2010,100000,12.8,2494.0,102.0,7.0,toyota,toyota innova 2.5 gx 7 str,diesel,individual,manual,second owner,475000
2007,60000,19.7,796.0,46.3,5.0,maruti,maruti alto lx,petrol,individual,manual,third owner,100000
2009,110000,15.0,1586.0,104.68,5.0,maruti,maruti sx4 zxi bsiii,petrol,individual,manual,third owner,200000
2006,264000,12.8,2494.0,102.0,8.0,toyota,toyota innova 2.5 g2,diesel,individual,manual,first owner,430000
2010,146000,14.0,2498.0,112.0,7.0,mahindra,mahindra xylo e4 bs iv,diesel,individual,manual,fourth & above owner,245000
2014,70000,23.4,1248.0,74.0,5.0,maruti,maruti swift dzire vdi,diesel,individual,manual,first owner,450000
2017,51146,24.3,1248.0,88.5,5.0,maruti,maruti vitara brezza vdi option,diesel,individual,manual,first owner,800000
2011,40000,21.1,1197.0,85.8,5.0,maruti,maruti ritz lxi,petrol,individual,manual,first owner,215000
2017,50000,24.3,1248.0,88.5,5.0,maruti,maruti vitara brezza vdi option,diesel,individual,manual,first owner,760000
2015,80000,20.14,1498.0,88.8,5.0,volkswagen,volkswagen polo 1.5 tdi comfortline,diesel,individual,manual,first owner,416000
2011,120000,18.9,998.0,67.1,5.0,maruti,maruti wagon r lxi bsiii,petrol,individual,manual,first owner,195000
2017,23000,24.7,796.0,47.3,5.0,maruti,maruti alto 800 vxi,petrol,individual,manual,first owner,325000
2010,70000,20.92,998.0,67.1,5.0,maruti,maruti alto k10 lxi,petrol,individual,manual,second owner,145000
2018,23000,28.4,1248.0,74.0,5.0,maruti,maruti swift vdi,diesel,individual,manual,first owner,675000
2016,30000,20.51,998.0,67.04,5.0,maruti,maruti wagon r vxi optional,petrol,individual,manual,second owner,340000
2011,50000,19.0,1248.0,90.0,5.0,tata,tata manza aura plus quadrajet bs iv,diesel,individual,manual,first owner,340000
2014,40000,16.8,796.0,34.2,5.0,maruti,maruti omni mpi std bsiv,petrol,individual,manual,first owner,260000
2015,50000,22.74,796.0,47.3,5.0,maruti,maruti alto 800 lxi,petrol,individual,manual,first owner,300000
2007,60000,16.1,796.0,37.0,4.0,maruti,maruti 800 ac,petrol,individual,manual,second owner,75000
2011,80000,19.4,1405.0,70.0,5.0,tata,tata indica vista tdi lx,diesel,individual,manual,first owner,350000
2010,150000,21.12,1248.0,88.8,5.0,tata,tata manza aura (abs) quadrajet bs iv,diesel,individual,manual,third owner,170000
2018,40000,19.0,1197.0,85.8,5.0,maruti,maruti swift dzire tour s cng,petrol,individual,manual,first owner,600000
2010,25000,16.8,1497.0,118.0,5.0,honda,honda city 1.5 v at,petrol,individual,automatic,first owner,800000
2018,120000,17.0,2650.0,80.84,7.0,force,force one ex,diesel,individual,manual,second owner,850000
2014,120000,15.1,2179.0,140.0,7.0,mahindra,mahindra xuv500 w6 2wd,diesel,individual,manual,second owner,980000
2011,298000,13.1,2499.0,141.0,7.0,ford,ford endeavour 2.5l 4x2,diesel,individual,manual,second owner,850000
2012,270000,14.07,2956.0,68.4,7.0,tata,tata sumo gold gx bsiii,diesel,individual,manual,third owner,340000
2018,50000,24.3,1248.0,88.5,5.0,maruti,maruti vitara brezza zdi amt,diesel,individual,automatic,second owner,900000
2010,120000,19.3,1248.0,73.9,5.0,maruti,maruti swift dzire vdi,diesel,individual,manual,second owner,310000
2013,60000,20.77,1248.0,88.8,7.0,maruti,maruti ertiga zdi,diesel,individual,manual,third owner,600000
2008,149000,19.3,1248.0,73.9,5.0,maruti,maruti swift dzire zdi,diesel,individual,manual,second owner,270000
2019,5000,20.3,1086.0,68.0,5.0,hyundai,hyundai santro sportz bsiv,petrol,individual,manual,first owner,509999
2013,70000,19.4,1405.0,70.0,5.0,tata,tata indica vista tdi lx,diesel,individual,manual,second owner,225000
2015,55000,20.36,1197.0,78.9,5.0,hyundai,hyundai i10 magna,petrol,individual,manual,first owner,280000
2016,100000,27.28,1047.0,69.0,5.0,tata,tata tiago 1.05 revotorq xz wo alloy,diesel,individual,manual,first owner,490000
2013,120000,15.96,2523.0,62.1,9.0,mahindra,mahindra bolero 2011-2019 plus ac,diesel,individual,manual,first owner,440000
2014,291977,14.0,2179.0,138.1,7.0,tata,tata safari storme ex,diesel,individual,manual,first owner,500000
2005,85000,11.1,2354.0,158.8,5.0,honda,honda cr-v 2.4l 4wd,petrol,individual,manual,third owner,476999
2015,70000,17.19,1197.0,81.86,5.0,hyundai,hyundai i20 active 1.2 s,petrol,individual,manual,third owner,590000
2010,120000,13.1,2499.0,141.0,7.0,ford,ford endeavour 2.5l 4x2 mt,diesel,individual,manual,first owner,500000
2015,40000,22.77,1498.0,98.59,5.0,ford,ford ecosport 1.5 tdci titanium bsiv,diesel,individual,manual,first owner,600000
2016,70000,15.4,1997.0,120.0,7.0,mahindra,mahindra scorpio 1.99 s4,diesel,individual,manual,first owner,750000
2017,39000,19.59,1995.0,187.74,5.0,bmw,bmw 3 series 320d gt luxury line,diesel,dealer,automatic,first owner,2950000
2019,10000,18.12,1995.0,190.0,5.0,bmw,bmw 5 series 520d luxury line,diesel,dealer,automatic,first owner,5200000
2019,36800,20.14,1498.0,88.0,5.0,volkswagen,volkswagen polo 1.5 tdi comfortline,diesel,dealer,manual,first owner,695000
2018,52200,26.59,1248.0,74.0,5.0,maruti,maruti swift dzire vdi optional,diesel,dealer,manual,first owner,690000
2016,78000,24.0,1186.0,73.97,5.0,hyundai,hyundai grand i10 1.2 crdi magna,diesel,dealer,manual,first owner,409999
2020,16000,17.0,1956.0,167.67,5.0,tata,tata harrier xz plus,diesel,dealer,manual,first owner,1650000
2016,30000,15.73,1968.0,174.33,5.0,audi,audi q3 2.0 tdi quattro premium plus,diesel,dealer,automatic,first owner,2375000
2017,29000,24.0,1186.0,73.97,5.0,hyundai,hyundai grand i10 1.2 crdi sportz,diesel,dealer,manual,second owner,525000
2019,25000,16.3,1956.0,170.63,5.0,jeep,jeep compass 2.0 limited plus 4x4,diesel,dealer,manual,first owner,2150000
2013,60000,15.1,2179.0,140.0,7.0,mahindra,mahindra xuv500 w8 2wd,diesel,individual,manual,second owner,540000
2017,60000,12.55,2982.0,168.5,7.0,toyota,toyota fortuner 4x4 at,diesel,dealer,automatic,second owner,2750000
2016,112000,15.4,1997.0,120.0,7.0,mahindra,mahindra scorpio 1.99 s10 4wd,diesel,dealer,manual,second owner,1000000
2018,15000,18.25,1968.0,187.74,5.0,audi,audi a4 35 tdi premium plus,diesel,dealer,automatic,first owner,2900000
2017,40000,18.49,1493.0,100.0,7.0,mahindra,mahindra tuv 300 mhawk100 t8,diesel,dealer,manual,first owner,725000
2018,36000,28.09,1248.0,88.5,5.0,maruti,maruti ciaz alpha diesel,diesel,dealer,manual,first owner,975000
2016,60000,21.79,998.0,67.05,5.0,maruti,maruti wagon r vxi,petrol,dealer,manual,first owner,355000
2008,120000,11.1,2354.0,158.8,5.0,honda,honda cr-v 2.4l 4wd mt,petrol,individual,manual,first owner,400000
2015,48000,24.7,796.0,47.3,5.0,maruti,maruti alto 800 vxi bsiv,petrol,dealer,manual,first owner,265000
2018,40000,20.14,1498.0,88.0,5.0,volkswagen,volkswagen polo 2015-2019 1.5 tdi highline plus,diesel,dealer,manual,first owner,650000
2017,60000,28.09,1248.0,88.5,5.0,maruti,maruti ciaz 1.3 alpha,diesel,individual,manual,first owner,720000
2016,25000,17.01,1591.0,121.3,5.0,hyundai,hyundai verna 1.6 vtvt s,petrol,individual,manual,first owner,850000
2015,42000,23.95,998.0,67.05,5.0,maruti,maruti alto k10 vxi,petrol,individual,manual,first owner,290000
2010,35000,10.93,2497.0,204.0,5.0,mercedes-benz,mercedes-benz e-class e 250 elegance,petrol,individual,automatic,second owner,1200000
2016,90000,18.49,1493.0,100.0,7.0,mahindra,mahindra tuv 300 t8 amt,diesel,individual,automatic,second owner,600000
2011,90000,21.1,1248.0,73.9,5.0,maruti,maruti ritz vdi,diesel,individual,manual,second owner,300000
2012,110000,23.08,1461.0,63.12,5.0,renault,renault pulse rxl,diesel,individual,manual,second owner,225000
2009,70000,19.3,1248.0,73.9,5.0,maruti,maruti swift dzire vdi,diesel,individual,manual,second owner,240000
2014,80000,22.32,1582.0,126.32,5.0,hyundai,hyundai verna 1.6 sx,diesel,individual,manual,first owner,700000
2014,70000,25.2,1248.0,74.0,5.0,maruti,maruti swift vdi bsiv,diesel,individual,manual,second owner,470000
2016,80000,21.19,1396.0,88.73,5.0,hyundai,hyundai i20 active 1.4 sx dual tone,diesel,individual,manual,first owner,800000
2012,90000,19.01,1461.0,108.45,5.0,renault,renault duster 110ps diesel rxz,diesel,individual,manual,first owner,450000
2007,90000,17.2,1396.0,53.5,5.0,tata,tata indica v2 dle bsii,diesel,individual,manual,third owner,90000
2010,120000,21.43,1364.0,87.2,5.0,toyota,toyota corolla altis diesel d4dg,diesel,individual,manual,second owner,450000
2012,107500,,,,,toyota,toyota etios liva gd,diesel,individual,manual,second owner,400000
2017,62000,11.36,2755.0,171.5,7.0,toyota,toyota innova crysta 2.8 gx at bsiv,diesel,dealer,automatic,first owner,1465000
2016,79000,19.67,1582.0,126.2,5.0,hyundai,hyundai creta 1.6 crdi sx plus,diesel,dealer,manual,first owner,925000
2016,60000,13.68,2393.0,147.8,7.0,toyota,toyota innova crysta 2.4 gx mt bsiv,diesel,dealer,manual,second owner,1385000
2015,20000,12.55,2982.0,168.5,7.0,toyota,toyota fortuner 4x4 mt,diesel,individual,manual,first owner,2000000
2004,248200,16.1,1405.0,70.0,5.0,tata,tata indigo ls,diesel,individual,manual,second owner,80000
2007,110000,10.5,2179.0,120.0,7.0,mahindra,mahindra scorpio slx 2.6 turbo 8 str,diesel,individual,manual,second owner,300000
2009,100000,19.3,1248.0,73.9,5.0,maruti,maruti swift dzire vdi,diesel,individual,manual,first owner,360000
2010,70000,16.2,1493.0,110.0,5.0,hyundai,hyundai verna transform crdi vgt sx abs,diesel,individual,manual,second owner,320000
1994,100000,12.8,1995.0,52.0,5.0,ambassador,ambassador classic 2000 dsz ac ps,diesel,individual,manual,second owner,99000
2016,50000,24.52,1248.0,88.5,7.0,maruti,maruti ertiga shvs zdi,diesel,individual,manual,second owner,780000
2013,139000,20.77,1248.0,88.76,7.0,maruti,maruti ertiga vdi,diesel,individual,manual,first owner,620000
2006,120000,13.1,1781.0,149.5,5.0,skoda,skoda octavia rs 1.8 turbo petrol mt,petrol,individual,manual,third owner,100000
2014,35000,16.7,1172.0,64.1,5.0,tata,tata indica vista safire glx,petrol,individual,manual,second owner,210000
2019,7720,20.0,999.0,71.0,7.0,renault,renault triber rxz,petrol,individual,manual,first owner,786000
2014,50000,15.1,2179.0,140.0,7.0,mahindra,mahindra xuv500 w8 awd,diesel,individual,manual,first owner,1000000
2002,60000,20.8,1527.0,58.0,5.0,maruti,maruti zen d,diesel,individual,manual,second owner,120000
2016,100000,20.8,1461.0,64.1,5.0,mahindra,mahindra verito vibe 1.5 dci d6,diesel,individual,manual,first owner,750000
2016,57882,18.6,1197.0,81.83,5.0,hyundai,hyundai i20 magna 1.2,petrol,individual,manual,first owner,550000
2018,142000,14.1,2179.0,147.94,5.0,tata,tata safari storme lx,diesel,individual,manual,first owner,875000
2018,140000,14.1,2179.0,147.94,5.0,tata,tata safari storme lx,diesel,individual,manual,third owner,890000
2015,30000,15.96,2523.0,62.1,7.0,mahindra,mahindra bolero 2011-2019 slx,diesel,individual,manual,first owner,550000
2018,10000,19.83,1198.0,67.0,5.0,datsun,datsun go t petrol,petrol,individual,manual,first owner,400000
2015,30000,23.1,998.0,67.04,5.0,maruti,maruti celerio vxi,petrol,individual,manual,second owner,290000
2012,90000,19.09,1396.0,69.0,5.0,tata,tata indigo cs ls (tdi) bs iii,diesel,individual,manual,first owner,150000
2015,35000,15.37,1196.0,73.0,7.0,maruti,maruti eeco 7 seater standard bsiv,petrol,individual,manual,second owner,300000
2009,25000,,,,,maruti,maruti swift 1.3 vxi,petrol,individual,manual,first owner,220000
2019,5000,20.3,1086.0,68.0,5.0,hyundai,hyundai santro magna bsiv,petrol,individual,manual,first owner,500000
2013,50000,21.02,1248.0,88.8,5.0,tata,tata manza club class quadrajet90 ls,diesel,individual,manual,first owner,250000
2013,80000,23.03,1396.0,69.0,5.0,tata,tata indigo ecs lx bsiv,diesel,individual,manual,first owner,220000
2009,242000,12.8,2494.0,102.0,7.0,toyota,toyota innova 2.5 gx 7 str,diesel,individual,manual,fourth & above owner,650000
2018,22000,17.09,2993.0,261.4,4.0,bmw,bmw 6 series gt 630d luxury line,diesel,individual,automatic,first owner,5500000
2017,30000,28.4,1248.0,74.02,5.0,maruti,maruti swift dzire amt zdi plus,diesel,dealer,automatic,first owner,875000
2019,9000,18.6,1197.0,81.83,5.0,hyundai,hyundai i20 asta option 1.2,petrol,dealer,manual,first owner,785000
2017,30000,17.5,1199.0,88.7,5.0,honda,honda wr-v i-vtec vx,petrol,dealer,manual,first owner,819999
2016,60000,21.76,1995.0,188.0,5.0,bmw,bmw 3 series gt luxury line,diesel,dealer,automatic,first owner,2950000
2016,27000,13.68,2393.0,147.51,7.0,toyota,toyota innova crysta 2.4 zx mt,diesel,dealer,manual,first owner,1925000
2017,39000,25.5,1498.0,98.6,5.0,honda,honda wr-v i-dtec vx,diesel,dealer,manual,first owner,885000
2015,64000,16.05,1499.0,110.4,5.0,ford,ford ecosport 1.5 ti vct at titanium be bsiv,petrol,dealer,automatic,first owner,680000
2017,42000,23.0,1498.0,98.96,5.0,ford,ford ecosport 1.5 diesel titanium plus bsiv,diesel,dealer,manual,first owner,960000
2012,45000,18.5,1198.0,86.8,5.0,honda,honda brio 1.2 vx mt,petrol,dealer,manual,first owner,385000
2019,15000,17.0,1956.0,167.67,5.0,tata,tata harrier xz,diesel,dealer,manual,first owner,1650000
2018,55000,18.49,1493.0,100.0,7.0,mahindra,mahindra tuv 300 mhawk100 t8,diesel,dealer,manual,first owner,890000
2015,64000,11.4,2953.0,153.86,7.0,ford,ford endeavour 3.0l 4x4 at,diesel,dealer,automatic,first owner,1275000
2018,27000,17.09,2993.0,261.4,4.0,bmw,bmw 6 series gt 630d luxury line,diesel,dealer,automatic,first owner,6000000
2019,15000,20.28,1462.0,103.25,5.0,maruti,maruti ciaz delta automatic bsiv,petrol,dealer,automatic,first owner,1025000
2016,69000,17.2,1197.0,103.6,5.0,volkswagen,volkswagen polo gt tsi,petrol,dealer,automatic,first owner,675000
2017,80000,22.0,1197.0,81.8,5.0,maruti,maruti swift dzire zxi plus bs iv,petrol,dealer,manual,first owner,700000
2016,60000,22.77,1498.0,98.59,5.0,ford,ford ecosport 1.5 tdci titanium plus bsiv,diesel,dealer,manual,first owner,780000
2017,70000,22.32,1582.0,126.32,5.0,hyundai,hyundai verna 1.6 sx crdi (o),diesel,dealer,manual,first owner,1050000
2015,105000,13.22,2967.0,241.4,5.0,audi,audi q5 45 tdi quattro technology,diesel,dealer,automatic,second owner,2700000
2016,100000,22.95,1248.0,74.0,5.0,tata,tata bolt quadrajet xe,diesel,individual,manual,first owner,400000
2011,100000,15.96,2523.0,62.1,9.0,mahindra,mahindra bolero 2011-2019 plus non ac,diesel,individual,manual,first owner,400000
2009,90000,19.7,796.0,46.3,5.0,maruti,maruti alto lx bsiii,petrol,individual,manual,second owner,85000
2018,35000,17.6,2179.0,153.86,7.0,tata,tata hexa xm,diesel,individual,manual,first owner,1300000
2018,11500,18.49,1493.0,100.0,7.0,mahindra,mahindra tuv 300 mhawk100 t8,diesel,individual,manual,first owner,819999
2015,40000,18.49,1493.0,100.0,7.0,mahindra,mahindra tuv 300 t6 plus amt,diesel,individual,automatic,first owner,620000
2018,50000,23.01,999.0,67.0,5.0,renault,renault kwid 1.0 rxl,petrol,individual,manual,first owner,260000
2015,55380,18.9,1197.0,82.0,5.0,hyundai,hyundai grand i10 asta,petrol,dealer,manual,first owner,484999
2015,13500,14.74,2993.0,270.9,5.0,jaguar,jaguar xf diesel,diesel,dealer,automatic,first owner,2500000
2017,18816,17.0,1198.0,73.75,5.0,volkswagen,volkswagen ameo 1.2 mpi highline plus 16,petrol,dealer,manual,first owner,650000
2017,33019,13.68,2393.0,147.8,7.0,toyota,toyota innova crysta 2.4 zx mt bsiv,diesel,dealer,manual,first owner,1748999
2017,18000,15.6,1497.0,116.3,5.0,honda,honda city v at,petrol,dealer,automatic,first owner,925000
2017,47747,28.09,1248.0,88.5,5.0,maruti,maruti ciaz s 1.3,diesel,dealer,manual,first owner,810000
2013,70000,12.99,2494.0,100.0,8.0,toyota,toyota innova 2.5 g (diesel) 8 seater,diesel,individual,manual,second owner,910000
2016,60000,17.88,1405.0,48.21,5.0,tata,tata indica v2 dlx bsiii,diesel,individual,manual,second owner,300000
2004,80000,17.3,993.0,60.0,5.0,maruti,maruti zen lxi - bs iii,petrol,individual,manual,second owner,120000
2015,45900,18.6,1197.0,81.83,5.0,hyundai,hyundai i20 era 1.2,petrol,individual,manual,second owner,490000
2013,70000,25.8,1498.0,98.6,5.0,honda,honda amaze s i-dtech,diesel,individual,manual,first owner,425000
2011,40000,19.7,796.0,46.3,5.0,maruti,maruti alto lxi,petrol,individual,manual,first owner,155000
2013,90000,12.05,2179.0,120.0,8.0,mahindra,mahindra scorpio sle bsiv,diesel,individual,manual,second owner,490000
2010,105000,19.7,796.0,46.3,5.0,maruti,maruti alto lxi bsiii,petrol,individual,manual,first owner,132000
2018,30000,22.54,1396.0,88.76,5.0,hyundai,hyundai elite i20 diesel sportz,diesel,individual,manual,first owner,750000
2011,20000,18.9,998.0,67.1,5.0,maruti,maruti wagon r vxi bs iv with abs,petrol,individual,manual,first owner,225000
2011,80000,20.36,1197.0,78.9,5.0,hyundai,hyundai i10 sportz,petrol,individual,manual,first owner,240000
2004,90000,18.9,998.0,67.1,5.0,maruti,maruti wagon r vxi,petrol,individual,manual,third owner,33351
2010,80000,18.0,995.0,62.0,5.0,chevrolet,chevrolet spark 1.0,petrol,individual,manual,second owner,80000
2004,120000,16.1,796.0,37.0,4.0,maruti,maruti 800 std,petrol,individual,manual,first owner,40000
2019,50000,21.9,1498.0,98.6,7.0,honda,honda brv i-dtec v mt,diesel,individual,manual,second owner,1100000
2016,80000,24.4,1120.0,71.0,5.0,hyundai,hyundai xcent 1.1 crdi s,diesel,individual,manual,second owner,380000
2011,120000,11.57,2179.0,138.1,7.0,tata,tata new safari dicor 2.2 ex 4x2,diesel,individual,manual,second owner,300000
2014,50000,22.74,796.0,47.3,5.0,maruti,maruti alto 800 lxi anniversary edition,petrol,individual,manual,first owner,240000
2011,70000,22.9,1248.0,74.0,5.0,maruti,maruti swift vdi,diesel,individual,manual,first owner,325000
2016,130000,25.32,1198.0,77.0,6.0,mahindra,mahindra kuv 100 mfalcon d75 k6,diesel,individual,manual,first owner,400000
2017,50000,21.04,1461.0,83.8,8.0,renault,renault lodgy stepway 85ps rxz 8s,diesel,individual,manual,first owner,800000
2018,80000,23.0,1498.0,98.96,5.0,ford,ford ecosport 1.5 diesel titanium bsiv,diesel,individual,manual,first owner,950000
2013,120000,22.9,1248.0,74.0,5.0,maruti,maruti swift vdi,diesel,individual,manual,fourth & above owner,300000
2017,59000,18.15,1198.0,82.0,5.0,mahindra,mahindra kuv 100 mfalcon g80 k8 5str aw,petrol,individual,manual,first owner,530000
2013,100000,18.2,1248.0,73.8,7.0,chevrolet,chevrolet enjoy tcdi ltz 7 seater,diesel,individual,manual,third owner,350000
2008,50000,11.0,2359.0,165.0,5.0,hyundai,hyundai sonata 2.4l at,petrol,individual,automatic,first owner,168000
2016,45000,25.17,799.0,53.3,5.0,renault,renault kwid rxt,petrol,individual,manual,second owner,240000
2010,80000,19.3,1248.0,73.9,5.0,maruti,maruti swift dzire vdi,diesel,individual,manual,fourth & above owner,220000
2008,80000,18.9,1061.0,67.0,5.0,maruti,maruti wagon r lxi minor,petrol,individual,manual,fourth & above owner,110000
2016,100000,24.3,1248.0,88.5,5.0,maruti,maruti vitara brezza zdi plus,diesel,individual,manual,first owner,850000
2018,24000,13.68,2393.0,147.8,8.0,toyota,toyota innova crysta 2.4 vx mt 8s bsiv,diesel,individual,manual,first owner,2064000
2018,25000,25.1,1248.0,88.5,5.0,maruti,maruti s-cross 2017-2020 delta ddis 200 sh,diesel,individual,manual,first owner,950000
2013,68697,21.1,814.0,55.2,5.0,hyundai,hyundai eon magna plus,petrol,individual,manual,third owner,200000
2017,30000,25.2,1248.0,74.0,5.0,maruti,maruti swift vdi optional,diesel,individual,manual,first owner,660000
2013,40000,25.8,1498.0,98.6,5.0,honda,honda amaze vx i-dtec,diesel,individual,manual,second owner,420000
2010,29000,16.5,1172.0,65.0,5.0,tata,tata indica vista aura 1.2 safire (abs) 90hp bs iv,petrol,individual,manual,first owner,150000
2013,68000,25.44,936.0,57.6,5.0,chevrolet,chevrolet beat diesel ls,diesel,individual,manual,second owner,175000
2018,15000,18.1,1199.0,88.7,5.0,honda,honda amaze s cvt i-vtec,petrol,individual,automatic,first owner,750000
2014,70000,23.2,1248.0,73.94,5.0,maruti,maruti ritz vdi,diesel,individual,manual,first owner,425000
2015,126000,21.43,1364.0,87.2,5.0,toyota,toyota corolla altis d-4d g,diesel,individual,manual,third owner,790000
2011,300000,12.8,2494.0,102.0,7.0,toyota,toyota innova 2.5 v diesel 7-seater,diesel,individual,manual,third owner,830000
2015,94000,24.5,1498.0,98.6,7.0,honda,honda mobilio rs i dtec,diesel,individual,manual,second owner,650000
2015,129000,21.43,1364.0,87.2,5.0,toyota,toyota corolla altis d-4d j,diesel,individual,manual,third owner,780000
2010,55000,19.81,1086.0,68.05,5.0,hyundai,hyundai i10 magna 1.1l,petrol,individual,manual,second owner,180000
2019,40000,23.0,1498.0,98.96,5.0,ford,ford ecosport 1.5 diesel trend plus bsiv,diesel,individual,manual,first owner,869999
2011,50000,21.12,1248.0,88.8,5.0,tata,tata manza aura (abs) quadrajet bs iv,diesel,individual,manual,first owner,275000
2017,25000,18.6,1197.0,81.83,5.0,hyundai,hyundai i20 1.2 asta option,petrol,individual,manual,second owner,630000
2008,60000,13.4,1794.0,125.0,5.0,toyota,toyota corolla h2,petrol,individual,manual,second owner,150000
2016,25000,22.74,796.0,47.3,5.0,maruti,maruti alto 800 lxi,petrol,individual,manual,first owner,315000
2011,70000,23.57,1396.0,70.0,5.0,tata,tata indigo cr4,diesel,individual,manual,second owner,189000
2014,120000,23.4,1248.0,74.0,5.0,maruti,maruti swift dzire vdi,diesel,individual,manual,first owner,580000
2009,153000,,,,,fiat,fiat punto 1.3 emotion,diesel,individual,manual,second owner,150000
2018,35000,24.3,1248.0,88.5,5.0,maruti,maruti vitara brezza vdi,diesel,individual,manual,first owner,825000
2016,60000,14.1,2179.0,148.0,7.0,tata,tata safari storme vx,diesel,individual,manual,second owner,650000
2004,62000,13.0,1343.0,90.0,5.0,honda,honda city 1.3 exi,petrol,individual,manual,second owner,50000
2011,120000,16.25,1198.0,73.9,5.0,skoda,skoda fabia 1.2 mpi ambition,petrol,individual,manual,second owner,200000
2013,120000,15.42,1405.0,70.0,7.0,tata,tata venture lx 7 str,diesel,individual,manual,third owner,135000
2017,80000,22.54,1396.0,88.73,5.0,hyundai,hyundai i20 2015-2017 sportz 1.4 crdi,diesel,individual,manual,first owner,680000
2017,80000,22.54,1396.0,88.73,5.0,hyundai,hyundai i20 1.4 sportz,diesel,individual,manual,first owner,670000
2010,60000,16.73,1995.0,218.0,5.0,bmw,bmw 5 series 525d,diesel,individual,automatic,first owner,1000000
2010,80000,20.92,998.0,67.1,5.0,maruti,maruti alto k10 2010-2014 vxi,petrol,individual,manual,second owner,240000
2014,147279,17.0,2200.0,139.01,7.0,force,force one sx abs 7 seating,diesel,individual,manual,second owner,555000
2013,98000,20.5,1598.0,103.5,5.0,skoda,skoda rapid 1.6 tdi ambition plus,diesel,individual,manual,first owner,455000
2018,25000,28.4,1248.0,74.02,5.0,maruti,maruti swift dzire vdi,diesel,individual,manual,first owner,750000
2016,90000,26.59,1248.0,74.0,5.0,maruti,maruti swift dzire amt zdi,diesel,individual,automatic,first owner,700000
2016,22000,21.9,624.0,37.48,4.0,tata,tata nano xta,petrol,individual,automatic,first owner,220000
2014,120000,25.0,1396.0,69.0,5.0,tata,tata indica v2 elx,diesel,individual,manual,first owner,160000
2013,100000,22.1,1248.0,76.9,5.0,chevrolet,chevrolet sail hatchback diesel,diesel,individual,manual,second owner,225000
2008,120000,19.09,1396.0,69.0,5.0,tata,tata indigo cs lx (tdi) bs iii,diesel,individual,manual,second owner,140000
2014,70000,23.4,1248.0,74.0,5.0,maruti,maruti swift dzire vdi,diesel,individual,manual,second owner,600000
2015,24700,16.0,2179.0,140.0,7.0,mahindra,mahindra xuv500 w10 2wd,diesel,individual,manual,first owner,1000000
2008,100000,18.0,995.0,62.0,5.0,chevrolet,chevrolet spark 1.0 ls,petrol,individual,manual,third owner,65000
2019,10000,20.89,1197.0,81.8,5.0,maruti,maruti ignis 1.2 delta bsiv,petrol,individual,manual,first owner,500000
2017,43526,16.0,2179.0,140.0,7.0,mahindra,mahindra xuv500 w6 2wd,diesel,dealer,manual,first owner,1150000
2012,55885,16.25,1198.0,75.0,5.0,skoda,skoda fabia 1.2 mpi ambition plus,petrol,dealer,manual,first owner,320000
2019,16034,21.7,1498.0,98.96,5.0,ford,ford ecosport 1.5 diesel titanium,diesel,dealer,manual,first owner,950000
2012,156040,20.0,1399.0,68.0,5.0,ford,ford figo diesel exi,diesel,dealer,manual,first owner,250000
2004,93415,13.1,2499.0,141.0,7.0,ford,ford endeavour 2.5l 4x2 mt,diesel,dealer,manual,first owner,400000
2008,122000,18.48,1995.0,177.0,5.0,bmw,bmw 5 series 520d,diesel,individual,automatic,second owner,1100000
2017,20000,27.39,1248.0,74.0,5.0,maruti,maruti baleno delta 1.3,diesel,individual,manual,first owner,600000
2017,46000,22.0,1197.0,81.8,5.0,maruti,maruti swift vvt vxi,petrol,individual,manual,first owner,509999
2016,50000,15.41,1598.0,103.2,5.0,skoda,skoda rapid 1.6 mpi active bsiv,petrol,individual,manual,third owner,395000
2018,5000,21.79,998.0,67.05,5.0,maruti,maruti wagon r vxi,petrol,individual,manual,first owner,469000
2017,42000,24.7,796.0,47.3,5.0,maruti,maruti alto 800 lx optional,petrol,individual,manual,first owner,250000
2011,68519,16.2,995.0,62.1,5.0,chevrolet,chevrolet spark 1.0 lt,petrol,dealer,manual,first owner,130000
2019,30000,23.0,1498.0,98.96,5.0,ford,ford ecosport 1.5 diesel titanium plus bsiv,diesel,individual,manual,first owner,906000
2011,85000,20.0,1399.0,68.0,5.0,ford,ford figo diesel zxi,diesel,individual,manual,first owner,160000
2012,88000,17.5,1298.0,85.8,5.0,maruti,maruti swift dzire vxi,petrol,individual,manual,first owner,300000
2010,100000,14.0,796.0,37.5,5.0,maruti,maruti 800 uniq,petrol,individual,manual,fourth & above owner,60000
2014,100000,19.1,1197.0,85.8,5.0,maruti,maruti swift dzire vxi,petrol,individual,manual,second owner,400000
2018,22966,23.84,1199.0,84.48,5.0,tata,tata tiago xt,petrol,dealer,manual,first owner,450000
2014,80000,15.96,2523.0,62.1,7.0,mahindra,mahindra bolero 2011-2019 slx,diesel,individual,manual,second owner,465000
2012,80000,22.9,1248.0,74.0,5.0,maruti,maruti swift vdi,diesel,individual,manual,second owner,325000
2008,70000,19.7,796.0,46.3,5.0,maruti,maruti alto lxi,petrol,individual,manual,second owner,150000
2014,2350,21.1,814.0,55.2,5.0,hyundai,hyundai eon era plus,petrol,individual,manual,first owner,250000
2011,50000,19.7,796.0,46.3,5.0,maruti,maruti alto lxi,petrol,individual,manual,first owner,175000
2010,58000,19.7,796.0,46.3,5.0,maruti,maruti alto lxi,petrol,individual,manual,first owner,175000
2006,80000,16.9,1497.0,100.0,5.0,honda,honda city 2017-2020 vtec,petrol,individual,manual,second owner,150000
2018,60000,16.5,1493.0,70.0,7.0,mahindra,mahindra bolero power plus slx,diesel,individual,manual,first owner,797000
2019,35000,18.6,1197.0,81.86,5.0,hyundai,hyundai elite i20 asta option bsiv,petrol,individual,manual,first owner,800000
2019,59872,15.96,2523.0,62.1,7.0,mahindra,mahindra bolero 2011-2019 slx,diesel,individual,manual,first owner,750000
2011,140000,13.5,2179.0,115.0,5.0,mahindra,mahindra scorpio m2di,diesel,individual,manual,second owner,400000
2012,110000,19.7,796.0,46.3,5.0,maruti,maruti alto lx,petrol,individual,manual,first owner,160000
2016,91182,15.96,2523.0,62.1,7.0,mahindra,mahindra bolero 2011-2019 slx 2wd bsiii,diesel,individual,manual,first owner,700000
2010,60000,19.7,796.0,46.3,5.0,maruti,maruti alto lxi,petrol,individual,manual,third owner,160000
2012,100000,21.27,1396.0,88.76,5.0,hyundai,hyundai i20 asta 1.4 crdi,diesel,individual,manual,first owner,400000
2013,120000,23.59,1364.0,67.06,5.0,toyota,toyota etios liva gd,diesel,individual,manual,first owner,451000
2002,80000,16.1,796.0,37.0,4.0,maruti,maruti 800 std bsiii,petrol,individual,manual,first owner,40000
2012,70000,21.12,1248.0,88.8,5.0,tata,tata manza aura (abs) quadrajet bs iv,diesel,individual,manual,third owner,300000
2017,59500,23.1,998.0,67.04,5.0,maruti,maruti celerio zxi optional,petrol,individual,manual,second owner,421000
2000,100000,10.9,796.0,,8.0,maruti,maruti omni cng,cng,individual,manual,second owner,80000
2016,45000,24.3,1248.0,88.5,5.0,maruti,maruti vitara brezza zdi plus dual tone,diesel,individual,manual,first owner,950000
2011,75500,23.0,1396.0,90.0,5.0,hyundai,hyundai i20 1.4 crdi asta,diesel,individual,manual,second owner,395000
2016,46000,24.3,1248.0,88.5,5.0,maruti,maruti vitara brezza zdi plus dual tone,diesel,individual,manual,second owner,950000
2013,60000,22.74,796.0,47.3,5.0,maruti,maruti alto 800 lxi,petrol,individual,manual,first owner,270000
2009,60000,15.0,1396.0,100.0,5.0,hyundai,hyundai i20 1.4 asta (at),petrol,individual,automatic,second owner,360000
2008,152500,17.8,1248.0,75.0,5.0,maruti,maruti swift ldi bsiii,diesel,individual,manual,first owner,235000
2014,60000,13.0,2143.0,201.1,5.0,mercedes-benz,mercedes-benz e-class e250 cdi avantgrade,diesel,individual,automatic,second owner,1850000
2017,69123,17.1,1956.0,170.0,5.0,jeep,jeep compass 2.0 limited option,diesel,dealer,manual,first owner,1650000
2012,26000,19.4,1198.0,86.8,5.0,honda,honda brio v mt,petrol,individual,manual,first owner,376000
2017,77524,22.7,1498.0,89.84,5.0,ford,ford ecosport 1.5 dv5 mt titanium optional,diesel,dealer,manual,first owner,875000
2014,40523,18.5,1197.0,82.85,5.0,hyundai,hyundai i20 sportz 1.2,petrol,dealer,manual,second owner,459999
2018,39000,28.4,1248.0,74.0,5.0,maruti,maruti swift vdi,diesel,dealer,manual,first owner,755000
2019,7800,15.26,1798.0,187.74,5.0,audi,audi a6 35 tfsi matrix,petrol,dealer,automatic,test drive car,6223000
2019,11500,15.26,1798.0,187.74,5.0,audi,audi a6 35 tfsi matrix,petrol,dealer,automatic,test drive car,5923000
2019,23600,15.26,1798.0,187.74,5.0,audi,audi a6 35 tfsi matrix,petrol,dealer,automatic,test drive car,6523000
2010,220000,11.5,2982.0,171.0,7.0,toyota,toyota fortuner 3.0 diesel,diesel,individual,manual,second owner,1050000
2004,218000,,,,,toyota,toyota qualis gs c1,diesel,individual,manual,second owner,215000
2015,120000,15.1,2179.0,140.0,7.0,mahindra,mahindra xuv500 w8 4wd,diesel,individual,manual,second owner,1050000
2018,25000,21.4,1197.0,83.1,5.0,maruti,maruti baleno alpha automatic,petrol,individual,automatic,first owner,800000
2015,31000,25.2,1248.0,74.0,5.0,maruti,maruti swift vdi bsiv,diesel,individual,manual,second owner,600000
2017,42000,21.4,1197.0,83.1,5.0,maruti,maruti baleno sigma 1.2,petrol,individual,manual,first owner,530000
2015,80000,20.85,1197.0,83.14,5.0,maruti,maruti swift dzire vxi,petrol,individual,manual,first owner,450000
2011,60000,20.92,998.0,67.1,5.0,maruti,maruti alto k10 2010-2014 vxi,petrol,individual,manual,first owner,235000
2013,240000,23.4,1248.0,74.0,5.0,maruti,maruti swift dzire zdi,diesel,individual,manual,first owner,550000
2013,35000,14.3,1598.0,103.5,5.0,skoda,skoda rapid 1.6 mpi at elegance,petrol,individual,automatic,second owner,395000
2008,120000,12.2,1948.0,68.0,9.0,tata,tata sumo cx 9 seater,diesel,individual,manual,first owner,150000
2015,120000,20.34,1498.0,103.2,5.0,volkswagen,volkswagen vento 1.5 tdi comfortline,diesel,individual,manual,second owner,515000
2008,60000,12.8,1995.0,52.0,5.0,ambassador,ambassador grand 1500 dsz bsiii,diesel,individual,manual,second owner,122000
2009,35000,19.81,1086.0,68.05,5.0,hyundai,hyundai i10 magna 1.1l,petrol,individual,manual,third owner,160000
2007,120000,19.7,796.0,46.3,5.0,maruti,maruti alto lx,petrol,individual,manual,second owner,110000
2014,70000,25.2,1248.0,74.0,5.0,maruti,maruti swift ldi bsiv,diesel,individual,manual,first owner,360000
2009,110000,,,,,maruti,maruti swift vdi bsiv,diesel,individual,manual,first owner,210000
2011,90000,16.2,1493.0,110.0,5.0,hyundai,hyundai verna transform sx vgt crdi,diesel,individual,manual,third owner,260000
2007,60000,19.7,796.0,46.3,5.0,maruti,maruti alto lxi,petrol,individual,manual,second owner,128000
2015,80000,23.9,1582.0,126.2,5.0,hyundai,hyundai verna 1.6 crdi s,diesel,individual,manual,second owner,600000
2010,151000,11.5,2982.0,171.0,7.0,toyota,toyota fortuner 3.0 diesel,diesel,individual,manual,second owner,800000
2019,25000,28.4,1248.0,74.02,5.0,maruti,maruti swift dzire vdi,diesel,individual,manual,first owner,675000
2010,50000,15.0,1586.0,104.68,5.0,maruti,maruti sx4 zxi bsiii,petrol,individual,manual,first owner,300000
2009,80000,16.1,796.0,37.0,4.0,maruti,maruti 800 ac,petrol,individual,manual,first owner,125000
2017,25000,18.9,1197.0,82.0,5.0,hyundai,hyundai grand i10 asta option,petrol,individual,manual,first owner,550000
2007,80000,19.7,796.0,46.3,5.0,maruti,maruti alto lxi,petrol,individual,manual,third owner,150000
2017,80000,15.4,2179.0,120.0,7.0,mahindra,mahindra scorpio intelli hybrid s6 plus,diesel,individual,manual,first owner,891000
2015,70000,12.99,2494.0,100.6,7.0,toyota,toyota innova 2.5 vx (diesel) 7 seater,diesel,individual,manual,first owner,1050000
2018,15000,21.1,998.0,100.5,5.0,maruti,maruti baleno rs 1.0 petrol,petrol,individual,manual,first owner,750000
2012,27500,18.5,1197.0,82.9,5.0,hyundai,hyundai i20 magna optional 1.2,petrol,individual,manual,first owner,380000
2013,110000,12.99,2494.0,100.6,8.0,toyota,toyota innova 2.5 vx (diesel) 8 seater,diesel,individual,manual,second owner,800000
2010,120000,15.7,1390.0,75.0,5.0,mahindra,mahindra logan petrol 1.4 gle,petrol,individual,manual,first owner,200000
2016,70000,28.09,1248.0,88.5,5.0,maruti,maruti ciaz vdi option shvs,diesel,individual,manual,first owner,700000
2002,290000,13.1,2446.0,75.0,10.0,toyota,toyota qualis fs b3,diesel,individual,manual,first owner,229999
2010,74000,12.8,2354.0,177.6,5.0,honda,honda accord 2.4 mt,petrol,individual,manual,second owner,300000
2015,120000,24.2,1498.0,98.6,7.0,honda,honda mobilio s i dtec,diesel,individual,manual,first owner,670000
2007,140000,17.7,1497.0,78.0,5.0,honda,honda city 2017-2020 gxi,petrol,individual,manual,first owner,210000
2017,40000,20.89,1197.0,81.8,5.0,maruti,maruti ignis 1.2 delta bsiv,petrol,individual,manual,first owner,370000
2019,20000,21.4,1197.0,83.1,5.0,maruti,maruti baleno delta automatic,petrol,individual,automatic,first owner,600000
2020,15000,24.3,1248.0,88.5,5.0,maruti,maruti vitara brezza vdi,diesel,individual,manual,first owner,810000
2006,35000,,,,,fiat,fiat palio 1.2,petrol,individual,manual,first owner,80000
2019,16000,23.84,1199.0,84.0,5.0,tata,tata tiago 1.2 revotron xe,petrol,individual,manual,first owner,346000
2005,130000,13.0,1343.0,90.0,5.0,honda,honda city 1.3 exi,petrol,individual,manual,first owner,55000
2012,118000,13.93,2179.0,138.03,7.0,tata,tata safari dicor 2.2 ex 4x2,diesel,individual,manual,second owner,250000
2006,44000,16.1,1298.0,88.2,5.0,maruti,maruti swift zxi bsiii,petrol,individual,manual,second owner,120000
2013,50000,20.77,1248.0,88.8,7.0,maruti,maruti ertiga zdi,diesel,individual,manual,second owner,600000
2016,60000,15.37,1196.0,73.0,5.0,maruti,maruti eeco 5 seater ac bsiv,petrol,individual,manual,first owner,330000
2014,147000,18.6,1197.0,81.83,5.0,hyundai,hyundai i20 sportz option 1.2,petrol,individual,manual,second owner,400000
2004,40000,16.8,1405.0,62.0,5.0,tata,tata indica v2 dls tc,diesel,individual,manual,second owner,100000
2014,100000,19.1,1197.0,85.8,5.0,maruti,maruti swift dzire vxi,petrol,individual,manual,third owner,450000
2017,55000,24.52,1248.0,88.5,7.0,maruti,maruti ertiga shvs zdi plus,diesel,individual,manual,first owner,800000
2015,40000,27.62,793.0,47.0,5.0,maruti,maruti celerio zdi,diesel,individual,manual,second owner,340000
2010,64000,21.1,1248.0,73.9,5.0,maruti,maruti ritz vdi,diesel,individual,manual,third owner,225000
2002,100000,17.3,993.0,60.0,5.0,maruti,maruti zen lxi,petrol,individual,manual,second owner,55000
2016,50000,24.52,1248.0,88.5,7.0,maruti,maruti ertiga shvs zdi plus,diesel,individual,manual,first owner,900000
2014,30000,9.0,1984.0,181.0,5.0,volvo,volvo s60 d4 summum,diesel,individual,automatic,first owner,2500000
2018,30000,20.51,998.0,67.04,5.0,maruti,maruti wagon r vxi plus,petrol,individual,manual,first owner,465000
2004,150000,17.3,993.0,60.0,5.0,maruti,maruti zen lxi,petrol,individual,manual,first owner,70000
2016,24177,17.57,1193.0,88.7,5.0,tata,tata zest revotron 1.2 xt,petrol,individual,manual,first owner,400000
2012,80000,16.1,1405.0,70.0,5.0,tata,tata indigo lx,diesel,individual,manual,first owner,185000
2006,150000,18.9,998.0,67.1,5.0,maruti,maruti wagon r lxi,petrol,individual,manual,second owner,140000
2015,120000,21.04,1461.0,83.8,7.0,renault,renault lodgy 85ps rxe 7 seater,diesel,individual,manual,second owner,415000
2012,121779,12.05,2179.0,120.0,8.0,mahindra,mahindra scorpio vlx 2wd airbag bsiv,diesel,individual,manual,first owner,532000
2017,56000,27.39,1248.0,74.0,5.0,maruti,maruti baleno delta 1.3,diesel,individual,manual,first owner,600000
2008,100000,15.0,1586.0,104.68,5.0,maruti,maruti sx4 vxi bsiii,petrol,individual,manual,fourth & above owner,150000
2018,12000,20.4,1197.0,81.8,5.0,maruti,maruti swift lxi option,petrol,individual,manual,first owner,459999
2017,15381,24.3,1248.0,88.5,5.0,maruti,maruti vitara brezza zdi,diesel,individual,manual,first owner,800000
2011,5000,13.6,2523.0,63.0,7.0,mahindra,mahindra bolero slx 4wd bsiii,diesel,individual,manual,first owner,310000
2014,40000,19.01,1461.0,108.5,5.0,nissan,nissan terrano xv premium 110 ps,diesel,individual,manual,first owner,475000
2016,35000,26.6,998.0,58.16,5.0,maruti,maruti wagon r lxi cng,cng,individual,manual,second owner,310000
2018,10000,23.95,998.0,67.05,5.0,maruti,maruti alto k10 lxi,petrol,individual,manual,first owner,350000
2019,10000,16.0,2179.0,140.0,7.0,mahindra,mahindra xuv500 w10 awd,diesel,individual,manual,first owner,1800000
2018,25000,22.0,1197.0,81.8,5.0,maruti,maruti swift amt zxi bsiv,petrol,individual,automatic,first owner,640000
2017,50000,20.51,998.0,67.0,5.0,maruti,maruti wagon r amt vxi,petrol,individual,automatic,first owner,350000
2018,30000,17.0,1198.0,108.5,5.0,tata,tata nexon 1.2 revotron xe,petrol,individual,manual,first owner,600000
2015,23000,23.9,1582.0,126.2,5.0,hyundai,hyundai verna 1.6 crdi sx,diesel,individual,manual,first owner,575000
2019,15000,16.55,2498.0,105.0,6.0,mahindra,mahindra thar crde abs,diesel,individual,manual,first owner,974000
2018,5000,20.51,998.0,67.0,5.0,maruti,maruti wagon r amt vxi,petrol,individual,automatic,second owner,445000
2015,15000,20.77,1248.0,88.76,7.0,maruti,maruti ertiga vdi,diesel,individual,manual,second owner,580000
2020,20000,22.1,1396.0,88.7,5.0,hyundai,hyundai creta 1.4 ex diesel,diesel,individual,manual,first owner,1050000
2015,50000,22.77,1498.0,98.59,5.0,ford,ford ecosport 1.5 tdci titanium bsiv,diesel,individual,manual,first owner,600000
2017,40000,18.16,1196.0,86.8,5.0,ford,ford figo 1.2p ambiente mt,petrol,individual,manual,second owner,370000
2007,70000,18.2,1061.0,64.0,5.0,maruti,maruti zen estilo 1.1 vxi bsiii,petrol,individual,manual,third owner,150000
2017,15000,23.1,998.0,67.04,5.0,maruti,maruti celerio zxi optional,petrol,individual,manual,first owner,483000
2016,10000,18.9,1197.0,82.0,5.0,hyundai,hyundai grand i10 magna,petrol,individual,manual,first owner,470000
2018,25000,24.3,1248.0,88.5,5.0,maruti,maruti vitara brezza zdi plus dual tone,diesel,individual,manual,first owner,950000
2013,50000,17.01,1591.0,121.3,5.0,hyundai,hyundai verna 1.6 vtvt,petrol,individual,manual,third owner,450000
2011,70000,17.6,1496.0,88.7,5.0,toyota,toyota etios vx,petrol,individual,manual,first owner,345000
2020,5000,20.89,1197.0,81.8,5.0,maruti,maruti ignis zeta amt,petrol,individual,automatic,first owner,600000
2009,60000,19.0,998.0,66.1,5.0,maruti,maruti a-star vxi,petrol,individual,manual,first owner,300000
2007,74800,18.2,998.0,67.1,5.0,maruti,maruti zen estilo vxi bsiii,petrol,individual,manual,second owner,160000
2004,80000,16.1,796.0,37.0,4.0,maruti,maruti 800 ac bsiii,petrol,individual,manual,second owner,120000
2012,270000,21.94,1196.0,61.7,5.0,maruti,maruti eeco cng 5 seater ac bsiv,cng,individual,manual,first owner,220000
2018,120000,20.3,998.0,68.05,5.0,hyundai,hyundai eon 1.0 era plus,petrol,individual,manual,first owner,340000
2007,120000,17.7,1497.0,78.0,5.0,honda,honda city 2017-2020 exi,petrol,individual,manual,second owner,138000
2000,250000,,,,,toyota,toyota qualis fs f7,diesel,individual,manual,fourth & above owner,100000
2010,80000,17.5,1298.0,85.8,5.0,maruti,maruti swift dzire vxi,petrol,individual,manual,third owner,231000
2013,120000,15.1,2179.0,140.0,7.0,mahindra,mahindra xuv500 w8 4wd,diesel,individual,manual,second owner,800000
2019,20000,17.0,1197.0,108.6,5.0,mahindra,mahindra xuv300 w8,petrol,individual,manual,first owner,960000
2009,70000,18.9,1061.0,67.0,5.0,maruti,maruti wagon r lxi minor,petrol,individual,manual,second owner,120000
2012,40000,18.9,998.0,67.1,5.0,maruti,maruti wagon r vxi bs iv,petrol,individual,manual,first owner,270000
2011,100000,21.1,1197.0,85.8,5.0,maruti,maruti ritz lxi,petrol,individual,manual,second owner,200000
2012,123000,18.6,1197.0,85.8,5.0,maruti,maruti swift vxi,petrol,individual,manual,first owner,328000
2012,77000,22.32,1582.0,126.32,5.0,hyundai,hyundai verna 1.6 sx crdi (o),diesel,individual,manual,first owner,432000
2019,7000,18.78,999.0,75.0,5.0,volkswagen,volkswagen polo 1.0 mpi trendline bsiv,petrol,individual,manual,first owner,565000
2017,70000,15.37,1196.0,73.0,5.0,maruti,maruti eeco 5 seater ac bsiv,petrol,individual,manual,first owner,390000
2017,30000,25.83,1498.0,99.0,5.0,ford,ford figo 1.5d titanium mt,diesel,individual,manual,first owner,600000
2011,120000,23.0,1396.0,90.0,5.0,hyundai,hyundai i20 1.4 crdi sportz,diesel,individual,manual,third owner,250000
2011,70000,18.0,995.0,62.0,5.0,chevrolet,chevrolet spark 1.0 lt,petrol,individual,manual,first owner,165000
2011,105000,17.0,1497.0,118.0,5.0,honda,honda city 1.5 s mt,petrol,individual,manual,first owner,421000
2012,109322,16.36,1495.0,93.7,5.0,hyundai,hyundai accent executive,petrol,individual,manual,second owner,225000
2013,120000,21.64,1461.0,84.8,5.0,nissan,nissan sunny diesel xv,diesel,individual,manual,first owner,350000
2018,24000,17.1,1956.0,170.0,5.0,jeep,jeep compass 2.0 limited,diesel,individual,manual,first owner,1757000
2015,70000,27.39,1248.0,74.0,5.0,maruti,maruti baleno zeta 1.3,diesel,individual,manual,second owner,600000
2018,35000,24.0,1199.0,83.81,5.0,tata,tata tiago nrg petrol,petrol,individual,manual,first owner,515000
1999,80000,16.1,796.0,37.0,4.0,maruti,maruti 800 ac,petrol,individual,manual,third owner,80000
2017,70000,23.65,1248.0,88.5,5.0,maruti,maruti sx4 s cross 2015-2017 ddis 200 zeta,diesel,individual,manual,second owner,800000
2004,100000,10.5,2179.0,120.0,7.0,mahindra,mahindra scorpio 2.6 slx turbo 7 seater,diesel,individual,manual,fourth & above owner,120000
2017,40000,20.51,998.0,67.04,5.0,maruti,maruti wagon r stingray vxi optional,petrol,individual,manual,first owner,475000
2015,20000,20.51,998.0,67.0,5.0,maruti,maruti wagon r amt vxi,petrol,individual,automatic,first owner,400000
2004,90000,,,,,hyundai,hyundai santro xing xg at erlx euro ii,petrol,individual,automatic,second owner,80000
2011,60000,20.3,1248.0,75.0,5.0,fiat,fiat grande punto 1.3 dynamic (diesel),diesel,individual,manual,first owner,300000
2011,475000,13.5,2179.0,115.0,5.0,mahindra,mahindra scorpio m2di,diesel,individual,manual,third owner,400000
2009,70000,17.3,1061.0,64.0,5.0,maruti,maruti wagon r lx bsiii,petrol,individual,manual,second owner,235000
2015,40000,20.51,998.0,67.04,5.0,maruti,maruti wagon r vxi bs iv,petrol,individual,manual,second owner,350000
2017,34000,28.4,1248.0,74.02,5.0,maruti,maruti swift dzire vdi,diesel,individual,manual,second owner,625000
2014,120000,15.1,2179.0,140.0,7.0,mahindra,mahindra xuv500 w6 2wd,diesel,individual,manual,first owner,525000
2018,10000,20.3,1199.0,84.0,5.0,tata,tata tigor 1.2 revotron xz,petrol,individual,manual,first owner,550000
2015,80000,15.96,2523.0,62.1,7.0,mahindra,mahindra bolero 2011-2019 slx,diesel,individual,manual,second owner,550000
2006,100000,17.7,1497.0,78.0,5.0,honda,honda city 2017-2020 gxi,petrol,individual,manual,second owner,200000
2011,120000,13.0,2489.0,95.0,8.0,mahindra,mahindra xylo d2,diesel,individual,manual,first owner,350000
2006,100000,17.7,1497.0,78.0,5.0,honda,honda city 2017-2020 gxi,petrol,individual,manual,second owner,220000
2016,25000,18.9,1197.0,82.0,5.0,hyundai,hyundai grand i10 sportz,petrol,individual,manual,first owner,412000
2009,52000,18.9,1061.0,67.0,5.0,maruti,maruti wagon r lxi minor,petrol,individual,manual,second owner,126000
2013,63000,23.4,1248.0,74.0,5.0,maruti,maruti swift dzire vdi,diesel,individual,manual,first owner,430000
2009,90000,19.0,998.0,66.1,5.0,maruti,maruti a-star vxi,petrol,individual,manual,second owner,130000
2017,60000,23.84,1199.0,84.0,5.0,tata,tata tiago 1.2 revotron xm,petrol,individual,manual,first owner,350000
2011,35000,19.7,796.0,46.3,5.0,maruti,maruti alto lx,petrol,individual,manual,first owner,220000
2011,80000,13.6,2523.0,63.0,7.0,mahindra,mahindra bolero di,diesel,individual,manual,first owner,380000
2010,110000,20.0,1399.0,68.0,5.0,ford,ford figo diesel zxi,diesel,individual,manual,second owner,200000
2017,61000,26.59,1248.0,74.0,5.0,maruti,maruti swift dzire vdi,diesel,individual,manual,first owner,620000
2013,66000,14.7,796.0,37.0,8.0,maruti,maruti omni limited edition,petrol,individual,manual,first owner,150000
2018,80000,20.62,1198.0,67.0,7.0,datsun,datsun go plus anniversary edition,petrol,individual,manual,first owner,450000
2017,27000,19.67,1582.0,126.2,5.0,hyundai,hyundai creta 1.6 crdi sx plus,diesel,individual,manual,second owner,1150000
2018,60000,18.15,1198.0,82.0,6.0,mahindra,mahindra kuv 100 g80 k8 dual tone,petrol,individual,manual,first owner,500000
2011,139000,18.9,998.0,67.1,5.0,maruti,maruti wagon r vxi bs iv,petrol,individual,manual,first owner,246000
2017,60000,21.94,1196.0,61.7,5.0,maruti,maruti eeco cng 5 seater ac bsiv,cng,individual,manual,first owner,400000
2008,10000,16.1,796.0,37.0,4.0,maruti,maruti 800 ac,petrol,individual,manual,second owner,65000
2016,30000,21.7,1498.0,98.96,5.0,ford,ford ecosport 1.5 diesel titanium,diesel,individual,manual,first owner,725000
2014,125000,22.32,1582.0,126.32,5.0,hyundai,hyundai verna 1.6 sx crdi (o) at,diesel,individual,automatic,first owner,736000
2018,45000,28.4,1248.0,74.02,5.0,maruti,maruti swift dzire vdi,diesel,individual,manual,first owner,700000
2011,30000,18.0,995.0,62.0,5.0,chevrolet,chevrolet spark 1.0 lt,petrol,individual,manual,first owner,150000
2010,80500,19.7,796.0,46.3,5.0,maruti,maruti alto lxi,petrol,individual,manual,second owner,180000
2014,200000,23.59,1364.0,67.04,5.0,toyota,toyota etios liva vxd,diesel,individual,manual,first owner,409999
2013,60000,15.96,2523.0,62.1,7.0,mahindra,mahindra bolero 2011-2019 slx,diesel,individual,manual,first owner,550000
2004,18000,16.1,796.0,37.0,4.0,maruti,maruti 800 ac uniq,petrol,individual,manual,second owner,50000
2006,110000,20.8,1527.0,58.0,5.0,maruti,maruti zen d,diesel,individual,manual,second owner,80000
2005,90000,19.7,796.0,46.3,5.0,maruti,maruti alto lx,petrol,individual,manual,second owner,110000
2006,120000,17.7,1497.0,78.0,5.0,honda,honda city 2017-2020 gxi,petrol,individual,manual,second owner,180000
2009,120000,12.07,2967.0,241.4,7.0,audi,audi q7 3.0 tdi quattro,diesel,individual,automatic,third owner,1025000
2017,40000,17.6,2179.0,153.86,7.0,tata,tata hexa xta,diesel,individual,automatic,first owner,1300000
2018,18000,21.66,1498.0,108.62,5.0,volkswagen,volkswagen ameo 1.5 tdi comfortline,diesel,individual,manual,first owner,560000
2017,70000,24.3,1248.0,88.5,5.0,maruti,maruti vitara brezza ldi option,diesel,individual,manual,first owner,650000
2018,29000,15.1,2179.0,152.87,7.0,mahindra,mahindra xuv500 w7 bsiv,diesel,individual,manual,first owner,1150000
2016,65755,21.4,1197.0,83.1,5.0,maruti,maruti baleno delta 1.2,petrol,individual,manual,first owner,480000
2019,2600,23.0,1498.0,98.96,5.0,ford,ford ecosport 1.5 diesel titanium bsiv,diesel,individual,manual,first owner,960000
2017,46000,16.0,2179.0,140.0,7.0,mahindra,mahindra xuv500 at w6 2wd,diesel,individual,automatic,first owner,1050000
2017,15000,21.1,814.0,55.2,5.0,hyundai,hyundai eon era plus,petrol,individual,manual,second owner,310000
2014,60000,23.4,1248.0,74.0,5.0,maruti,maruti swift dzire vdi,diesel,individual,manual,first owner,500000
2017,15500,23.95,998.0,67.1,5.0,maruti,maruti alto k10 vxi ags optional,petrol,individual,automatic,first owner,350000
2015,120000,25.8,1498.0,98.6,5.0,honda,honda amaze s i-dtech,diesel,individual,manual,first owner,365000
2008,120000,14.8,1998.0,68.0,5.0,mitsubishi,mitsubishi lancer 2.0 gld,diesel,individual,manual,third owner,165000
2007,120000,14.6,2956.0,63.0,10.0,tata,tata spacio gold-10/6 str bsii,diesel,individual,manual,third owner,100000
2007,80000,13.6,2523.0,63.0,7.0,mahindra,mahindra bolero slx,diesel,individual,manual,second owner,240000
2019,40000,17.3,1497.0,121.0,7.0,mahindra,mahindra marazzo m2 bsiv,diesel,individual,manual,first owner,925000
2018,15000,18.16,1196.0,86.8,5.0,ford,ford figo aspire 1.2 ti-vct trend,petrol,individual,manual,first owner,590000
2013,110000,13.7,2179.0,138.1,7.0,tata,tata aria pride,diesel,individual,manual,second owner,525000
2014,80000,12.99,2494.0,100.6,8.0,toyota,toyota innova 2.5 g (diesel) 8 seater,diesel,individual,manual,second owner,720000
2017,50000,19.6,1461.0,108.45,5.0,renault,renault duster 110ps diesel rxl amt,diesel,individual,automatic,first owner,850000
2010,110000,11.79,2179.0,120.0,8.0,mahindra,mahindra scorpio vls at 2.2 mhawk,diesel,individual,automatic,first owner,490000
2013,100000,25.8,1498.0,98.6,5.0,honda,honda amaze s i-dtech,diesel,individual,manual,first owner,325000
2019,20000,22.0,1582.0,126.2,5.0,hyundai,hyundai verna crdi 1.6 at sx option,diesel,individual,automatic,first owner,1200000
2012,135000,15.96,2523.0,62.1,7.0,mahindra,mahindra bolero 2011-2019 zlx,diesel,individual,manual,first owner,450000
2014,50700,19.09,1405.0,69.01,5.0,tata,tata indigo cs ls (tdi) bs-iii,diesel,individual,manual,first owner,300000
2013,70000,22.07,1199.0,73.9,5.0,volkswagen,volkswagen polo diesel highline 1.2l,diesel,individual,manual,second owner,365000
2007,120000,11.7,1796.0,178.0,5.0,mercedes-benz,mercedes-benz new c-class 200 k at,petrol,individual,automatic,first owner,500000
2014,112000,12.99,2494.0,100.6,8.0,toyota,toyota innova 2.5 vx (diesel) 8 seater,diesel,individual,manual,second owner,900000
2018,35000,24.0,1186.0,73.97,5.0,hyundai,hyundai grand i10 1.2 crdi sportz,diesel,individual,manual,first owner,700000
2017,50000,19.6,1461.0,108.45,5.0,renault,renault duster 110ps diesel rxz,diesel,individual,manual,first owner,880000
2014,121000,12.99,2494.0,100.6,7.0,toyota,toyota innova 2.5 gx (diesel) 7 seater,diesel,individual,manual,third owner,700000
2009,120000,12.05,2179.0,120.0,7.0,mahindra,mahindra scorpio 2009-2014 sle 7s bsiii,diesel,individual,manual,second owner,380000
2006,90000,13.4,1794.0,125.0,5.0,toyota,toyota corolla h2,petrol,individual,manual,third owner,150000
2014,70000,26.3,998.0,67.1,5.0,maruti,maruti zen estilo lxi green (cng),cng,individual,manual,second owner,235000
2018,20000,23.01,999.0,67.0,5.0,renault,renault kwid 1.0 rxt optional,petrol,individual,manual,first owner,320000
2015,60000,20.45,1461.0,83.8,5.0,renault,renault duster 85ps diesel rxl,diesel,individual,manual,first owner,550000
2016,40000,18.12,1995.0,190.0,5.0,bmw,bmw 5 series 520d luxury line,diesel,individual,automatic,first owner,3200000
2013,440000,12.99,2494.0,100.6,7.0,toyota,toyota innova 2.5 vx (diesel) 7 seater,diesel,individual,manual,second owner,750000
2017,60000,18.49,1493.0,100.0,7.0,mahindra,mahindra tuv 300 t6 plus,diesel,individual,manual,first owner,645000
2015,110000,20.51,998.0,67.04,5.0,maruti,maruti wagon r vxi bs iv,petrol,individual,manual,first owner,300000
2016,152000,21.19,1396.0,88.73,5.0,hyundai,hyundai i20 active 1.4,diesel,individual,manual,first owner,580000
2011,220000,17.0,1197.0,80.0,5.0,hyundai,hyundai i20 1.2 asta,petrol,individual,manual,fourth & above owner,220000
2013,70000,15.96,2523.0,62.1,7.0,mahindra,mahindra bolero 2011-2019 zlx bsiii,diesel,individual,manual,first owner,451000
2018,50000,17.0,1198.0,108.5,5.0,tata,tata nexon 1.2 revotron xz plus,petrol,individual,manual,first owner,850000
2011,125000,19.3,1248.0,73.9,5.0,maruti,maruti swift dzire vdi,diesel,individual,manual,first owner,300000
2016,60000,18.16,1196.0,86.8,5.0,ford,ford figo 1.2p trend mt,petrol,individual,manual,first owner,350000
2014,90000,21.94,1196.0,63.0,5.0,maruti,maruti eeco cng htr 5-str,cng,individual,manual,first owner,300000
2017,30000,21.94,1196.0,63.0,5.0,maruti,maruti eeco cng htr 5-str,cng,individual,manual,first owner,390000
2016,90000,12.99,2494.0,100.6,8.0,toyota,toyota innova 2.5 vx (diesel) 8 seater,diesel,individual,manual,first owner,1200000
2017,20000,17.0,1198.0,73.75,5.0,volkswagen,volkswagen ameo 1.2 mpi comfortline,petrol,individual,manual,first owner,550000
2012,110000,22.9,1248.0,74.0,5.0,maruti,maruti swift vdi,diesel,individual,manual,third owner,300000
2012,150000,20.54,1598.0,103.6,5.0,volkswagen,volkswagen vento diesel highline,diesel,individual,manual,second owner,300000
2012,110000,23.0,1396.0,90.0,5.0,hyundai,hyundai i20 1.4 crdi sportz,diesel,individual,manual,first owner,350000
2015,120000,19.67,1582.0,126.2,5.0,hyundai,hyundai creta 1.6 crdi sx option,diesel,individual,manual,second owner,880000
2010,120000,13.2,1495.0,93.7,5.0,hyundai,hyundai accent executive cng,cng,individual,manual,second owner,160000
2012,80000,15.3,2956.0,83.8,7.0,tata,tata sumo gx,diesel,individual,manual,fourth & above owner,250000
2016,110000,21.19,1396.0,88.73,5.0,hyundai,hyundai i20 active 1.4 sx,diesel,individual,manual,first owner,660000
2015,40000,17.57,1193.0,88.7,5.0,tata,tata zest revotron 1.2t xms,petrol,individual,manual,first owner,450000
2012,110000,19.7,1598.0,103.6,5.0,volkswagen,volkswagen polo gt tdi,diesel,individual,manual,second owner,400000
2019,20000,16.36,2179.0,120.0,7.0,mahindra,mahindra scorpio s7 120,diesel,individual,manual,first owner,1300000
2013,230000,20.0,1399.0,68.1,5.0,ford,ford figo diesel celebration edition,diesel,individual,manual,first owner,229999
2010,60000,18.6,1199.0,79.4,5.0,chevrolet,chevrolet beat lt,petrol,individual,manual,first owner,140000
2012,35000,19.0,998.0,67.1,5.0,maruti,maruti zen estilo lxi bs iv,petrol,individual,manual,second owner,195000
2015,45000,17.19,1197.0,81.86,5.0,hyundai,hyundai i20 active base petrol,petrol,individual,manual,first owner,500000
2012,45000,25.4,624.0,38.0,4.0,tata,tata nano cx bsiii,petrol,individual,manual,first owner,60000
2016,25000,17.57,1193.0,88.7,5.0,tata,tata zest revotron 1.2t xm,petrol,individual,manual,first owner,400000
2014,10000,18.6,1197.0,81.83,5.0,hyundai,hyundai i20 magna 1.2,petrol,individual,manual,first owner,400000
2018,19000,20.51,998.0,67.04,5.0,maruti,maruti wagon r vxi optional,petrol,individual,manual,first owner,380000
2019,10000,21.4,1197.0,83.1,5.0,maruti,maruti baleno delta 1.2,petrol,individual,manual,first owner,579000
2019,25000,18.15,1198.0,82.0,6.0,mahindra,mahindra kuv 100 g80 k2,petrol,individual,manual,first owner,400000
2012,30000,20.36,1197.0,78.9,5.0,hyundai,hyundai i10 magna 1.2 itech se,petrol,individual,manual,first owner,270000
2014,90000,15.96,2523.0,62.1,7.0,mahindra,mahindra bolero 2011-2019 slx 2wd bsiii,diesel,individual,manual,first owner,500000
2017,20000,23.84,1199.0,84.0,5.0,tata,tata tiago 1.2 revotron xt,petrol,individual,manual,first owner,475000
2018,48000,19.87,1461.0,83.14,5.0,nissan,nissan terrano xl d option,diesel,individual,manual,first owner,850000
2009,120000,12.05,2179.0,120.0,7.0,mahindra,mahindra scorpio 2006-2009 vlx 2wd 7 str bsiii,diesel,individual,manual,first owner,475000
2012,210000,19.3,1248.0,73.9,5.0,maruti,maruti swift dzire ldi bsiv,diesel,individual,manual,second owner,370000
2010,200400,19.81,1086.0,68.05,5.0,hyundai,hyundai i10 magna 1.1l,petrol,individual,manual,second owner,187000
2008,110000,20.36,1197.0,78.9,5.0,hyundai,hyundai i10 magna,petrol,individual,manual,second owner,195000
2014,38000,13.93,2179.0,138.03,7.0,tata,tata safari dicor 2.2 lx 4x2,diesel,individual,manual,first owner,459999
2004,90000,13.4,1794.0,125.0,5.0,toyota,toyota corolla ae,petrol,individual,manual,second owner,135000
2017,43000,24.52,1248.0,88.5,7.0,maruti,maruti ertiga shvs zdi plus,diesel,individual,manual,first owner,850000
2018,25000,20.3,1086.0,68.0,5.0,hyundai,hyundai santro asta bsiv,petrol,individual,manual,first owner,500000
2016,26000,20.51,998.0,67.04,5.0,maruti,maruti wagon r vxi bs iv,petrol,individual,manual,second owner,385000
2006,120000,16.8,1493.0,110.0,5.0,hyundai,hyundai verna crdi sx,diesel,individual,manual,second owner,135000
2008,70000,19.7,796.0,46.3,5.0,maruti,maruti alto lxi,petrol,individual,manual,third owner,120000
2006,60000,11.9,2354.0,144.0,5.0,honda,honda accord vti-l mt,petrol,individual,manual,third owner,200000
2007,120000,13.93,2956.0,138.1,7.0,tata,tata new safari 3l dicor lx 4x2,diesel,individual,manual,second owner,200000
2016,20000,20.73,1373.0,91.1,5.0,maruti,maruti ciaz zxi,petrol,individual,manual,first owner,700000
2013,25000,23.57,1396.0,70.0,5.0,tata,tata indigo cr4,diesel,individual,manual,first owner,290000
2017,60000,28.4,1248.0,74.02,5.0,maruti,maruti swift dzire zdi plus,diesel,individual,manual,first owner,725000
2008,80000,12.2,1948.0,68.0,10.0,tata,tata sumo ex 10/7 str bsiii,diesel,individual,manual,first owner,200000
2014,80000,16.8,796.0,34.2,8.0,maruti,maruti omni e mpi std bs iv,petrol,individual,manual,first owner,155000
2019,17000,15.0,1991.0,194.4,5.0,mercedes-benz,mercedes-benz e-class exclusive e 200 bsiv,petrol,dealer,automatic,first owner,5200000
2018,10000,22.48,1995.0,187.74,5.0,bmw,bmw 5 series 520d sport line,diesel,dealer,automatic,first owner,4000000
2019,3500,18.15,998.0,118.35,5.0,hyundai,hyundai venue sx plus turbo dct bsiv,petrol,dealer,automatic,first owner,1125000
2016,46000,18.25,1968.0,187.74,5.0,audi,audi a4 35 tdi premium plus,diesel,dealer,automatic,first owner,1898999
2017,52000,12.0,2354.0,187.4,5.0,honda,honda cr-v 2.4l 4wd at avn,petrol,dealer,automatic,first owner,1650000
2011,20000,18.6,1197.0,85.8,5.0,maruti,maruti swift vxi,petrol,individual,manual,second owner,280000
2019,25000,20.3,1199.0,84.0,5.0,tata,tata tigor 1.2 revotron xe,petrol,individual,manual,first owner,450000
2006,70000,15.9,1298.0,85.0,5.0,maruti,maruti esteem lx - bsiii,petrol,individual,manual,second owner,135000
2014,40000,15.1,2179.0,140.0,7.0,mahindra,mahindra xuv500 w4,diesel,individual,manual,first owner,650000
2020,7300,21.01,1197.0,81.8,5.0,maruti,maruti baleno delta,petrol,individual,manual,first owner,650000
2018,25000,28.09,1248.0,88.5,5.0,maruti,maruti ciaz 1.3 sigma,diesel,individual,manual,first owner,750000
2010,100000,19.7,796.0,46.3,5.0,maruti,maruti alto lxi,petrol,individual,manual,first owner,150000
2017,35000,25.32,1198.0,77.0,6.0,mahindra,mahindra kuv 100 mfalcon d75 k8,diesel,individual,manual,first owner,500000
2012,100000,,,,,toyota,toyota etios gd,diesel,individual,manual,first owner,311000
2013,80000,22.32,1582.0,126.32,5.0,hyundai,hyundai verna 1.6 sx,diesel,individual,manual,second owner,425000
2010,60000,20.36,1197.0,78.9,5.0,hyundai,hyundai i10 magna,petrol,individual,manual,first owner,260000
2014,110000,20.14,1498.0,88.8,5.0,volkswagen,volkswagen polo 1.5 tdi highline,diesel,individual,manual,second owner,400000
2017,70000,22.54,1396.0,88.73,5.0,hyundai,hyundai i20 2015-2017 magna 1.4 crdi,diesel,individual,manual,second owner,575000
2008,40000,,1086.0,62.0,5.0,hyundai,hyundai santro xing gl,petrol,individual,manual,first owner,175000
2010,90000,21.4,1586.0,103.3,5.0,maruti,maruti sx4 green vxi (cng),cng,individual,manual,second owner,250000
2012,95000,19.7,1598.0,103.6,5.0,volkswagen,volkswagen polo gt tdi,diesel,individual,manual,first owner,400000
2011,200000,13.6,2523.0,63.0,7.0,mahindra,mahindra bolero slx 2wd bsiii,diesel,individual,manual,second owner,350000
2015,30000,25.2,1248.0,74.0,5.0,maruti,maruti swift vdi bsiv,diesel,individual,manual,first owner,484999
2013,70000,20.14,1498.0,88.5,5.0,volkswagen,volkswagen crosspolo 1.5 tdi,diesel,individual,manual,second owner,350000
2014,80000,12.55,2982.0,168.7,7.0,toyota,toyota fortuner 4x2 at trd sportivo,diesel,individual,automatic,second owner,1400000
2012,100000,19.3,1248.0,73.9,5.0,maruti,maruti swift dzire vdi,diesel,individual,manual,third owner,250000
2017,70000,28.4,1248.0,74.02,5.0,maruti,maruti swift dzire zdi plus,diesel,individual,manual,first owner,655000
2016,15000,18.6,1199.0,76.8,5.0,chevrolet,chevrolet beat ls,petrol,individual,manual,first owner,300000
2018,21000,25.83,1498.0,99.0,5.0,ford,ford figo aspire 1.5 tdci titanium,diesel,individual,manual,first owner,650000
2014,35000,20.52,1197.0,81.8,5.0,maruti,maruti wagon r vxi 1.2,petrol,individual,manual,first owner,300000
2016,25000,18.7,1199.0,88.7,5.0,honda,honda jazz 1.2 vx i vtec,petrol,individual,manual,first owner,475000
2017,30000,23.84,1199.0,84.0,5.0,tata,tata tiago 1.2 revotron xz wo alloy,petrol,individual,manual,first owner,450000
2019,10000,28.4,1248.0,74.02,5.0,maruti,maruti swift dzire vdi,diesel,individual,manual,first owner,754000
2013,40000,20.36,1197.0,78.9,5.0,hyundai,hyundai i10 sportz,petrol,individual,manual,first owner,300000
2014,25000,21.1,814.0,55.2,5.0,hyundai,hyundai eon magna plus,petrol,individual,manual,first owner,250000
2018,15000,28.4,1248.0,74.02,5.0,maruti,maruti swift dzire vdi,diesel,individual,manual,first owner,725000
2008,70000,19.7,796.0,46.3,5.0,maruti,maruti alto lxi,petrol,individual,manual,first owner,95000
2018,7800,20.3,1086.0,68.0,5.0,hyundai,hyundai santro sportz bsiv,petrol,individual,manual,first owner,475000
2014,55000,14.0,2179.0,138.1,7.0,tata,tata safari storme lx,diesel,individual,manual,first owner,575000
2016,30000,23.84,1199.0,84.0,5.0,tata,tata tiago 1.2 revotron xt,petrol,individual,manual,first owner,350000
2013,125000,15.96,2523.0,62.1,7.0,mahindra,mahindra bolero 2011-2019 slx,diesel,individual,manual,second owner,330000
2016,50000,20.4,1197.0,81.8,5.0,maruti,maruti swift vxi deca,petrol,individual,manual,first owner,482000
2017,40000,22.77,1498.0,98.59,5.0,ford,ford ecosport 1.5 tdci ambiente bsiv,diesel,individual,manual,fourth & above owner,625000
2017,30000,23.84,1199.0,84.0,5.0,tata,tata tiago 1.2 revotron xm option,petrol,individual,manual,first owner,380000
2016,30000,18.6,1199.0,76.8,5.0,chevrolet,chevrolet beat lt,petrol,individual,manual,first owner,310000
2009,35000,17.5,1298.0,85.8,5.0,maruti,maruti swift dzire vxi,petrol,individual,manual,first owner,280000
2018,30000,14.99,1498.0,104.5,5.0,renault,renault duster petrol rxs cvt,petrol,individual,automatic,first owner,900000
2010,60000,18.9,1061.0,67.0,5.0,maruti,maruti wagon r vxi minor,petrol,individual,manual,first owner,250000
2017,39000,17.01,1591.0,121.3,5.0,hyundai,hyundai verna 1.6 vtvt s,petrol,individual,manual,first owner,750000
2019,15000,23.01,999.0,67.0,5.0,renault,renault kwid 1.0 rxt optional,petrol,individual,manual,first owner,420000
2019,5000,19.5,1199.0,88.76,5.0,honda,honda amaze s petrol bsiv,petrol,individual,manual,first owner,670000
2016,9750,19.81,1086.0,68.05,5.0,hyundai,hyundai i10 magna 1.1l,petrol,individual,manual,second owner,420000
2016,110000,13.68,2393.0,147.8,7.0,toyota,toyota innova crysta 2.4 zx mt bsiv,diesel,individual,manual,first owner,1800000
2018,35000,17.5,1199.0,88.7,5.0,honda,honda wr-v i-vtec vx,petrol,individual,manual,first owner,900000
2015,10000,15.1,2179.0,140.0,7.0,mahindra,mahindra xuv500 w6 2wd,diesel,individual,manual,first owner,1200000
2003,157138,10.5,2179.0,120.0,7.0,mahindra,mahindra scorpio 2.6 slx turbo 7 seater,diesel,individual,manual,third owner,195000
2007,120000,16.8,1493.0,110.0,5.0,hyundai,hyundai verna crdi,diesel,individual,manual,fourth & above owner,185000
2008,110000,19.81,1086.0,68.05,5.0,hyundai,hyundai i10 magna 1.1l,petrol,individual,manual,fourth & above owner,185000
2018,46000,15.1,2179.0,152.87,7.0,mahindra,mahindra xuv500 w9 bsiv,diesel,individual,manual,first owner,1525000
2006,102000,16.1,1298.0,88.2,5.0,maruti,maruti swift vxi bsiii w/ abs,petrol,individual,manual,third owner,215000
2015,50000,22.74,796.0,47.3,5.0,maruti,maruti alto 800 base,petrol,individual,manual,second owner,210000
2016,110000,13.68,2393.0,147.8,7.0,toyota,toyota innova crysta 2.4 vx mt bsiv,diesel,individual,manual,second owner,1700000
1991,120000,,,,,maruti,maruti omni lpg std bsiv,lpg,individual,manual,second owner,55000
2009,285000,12.8,2494.0,102.0,8.0,toyota,toyota innova 2.5 g (diesel) 7 seater bs iv,diesel,individual,manual,third owner,530000
2015,50000,17.4,1497.0,117.3,5.0,honda,honda city i vtec vx option,petrol,individual,manual,first owner,800000
2014,70000,25.2,1248.0,74.0,5.0,maruti,maruti swift vdi bsiv,diesel,individual,manual,second owner,570000
2012,120000,21.5,1248.0,88.8,5.0,maruti,maruti sx4 vdi,diesel,individual,manual,second owner,350000
2011,93000,21.9,1396.0,90.0,5.0,hyundai,hyundai i20 1.4 crdi magna,diesel,individual,manual,second owner,350000
2018,50000,16.5,1493.0,70.0,7.0,mahindra,mahindra bolero power plus slx,diesel,individual,manual,first owner,750000
2011,100000,15.37,1196.0,73.0,7.0,maruti,maruti eeco 7 seater standard bsiv,petrol,individual,manual,second owner,160000
2010,70000,15.7,1405.0,70.0,5.0,tata,tata indigo cs ls dicor,diesel,individual,manual,third owner,150000
2008,90000,,,,,maruti,maruti swift vdi bsiv,diesel,individual,manual,third owner,250000
2019,5000,18.9,1197.0,81.86,5.0,hyundai,hyundai grand i10 1.2 kappa sportz bsiv,petrol,individual,manual,first owner,562000
2012,27000,20.36,1197.0,78.9,5.0,hyundai,hyundai i10 magna,petrol,individual,manual,first owner,290000
2014,122000,15.1,2179.0,140.0,7.0,mahindra,mahindra xuv500 w6 2wd,diesel,individual,manual,second owner,600000
2015,74000,24.4,1120.0,71.0,5.0,hyundai,hyundai xcent 1.1 crdi s,diesel,individual,manual,second owner,401000
2011,30000,20.92,998.0,67.1,5.0,maruti,maruti alto k10 2010-2014 vxi,petrol,individual,manual,first owner,225000
2020,10000,18.76,1462.0,103.26,5.0,maruti,maruti vitara brezza zxi plus at dual tone,petrol,individual,automatic,first owner,737000
2014,80000,23.1,998.0,67.04,5.0,maruti,maruti celerio lxi,petrol,individual,manual,first owner,300000
2008,120000,17.0,1405.0,70.0,5.0,tata,tata indigo lx,diesel,individual,manual,first owner,85000
2010,120000,16.2,1493.0,110.0,5.0,hyundai,hyundai verna transform vgt crdi,diesel,individual,manual,second owner,195000
2017,127991,25.5,1498.0,98.6,5.0,honda,honda wr-v i-dtec s,diesel,dealer,manual,first owner,675000
1999,198000,14.8,1998.0,68.0,5.0,mitsubishi,mitsubishi lancer 2.0 gld,diesel,individual,manual,second owner,150000
2010,65000,15.64,1193.0,64.1,5.0,tata,tata indigo ecs glx,petrol,individual,manual,first owner,290000
2002,90000,,,,,maruti,maruti esteem lxi,petrol,individual,manual,third owner,95000
2018,20000,28.09,1248.0,88.5,5.0,maruti,maruti ciaz 1.3 zeta,diesel,individual,manual,first owner,889000
2016,60000,17.0,1198.0,73.75,5.0,volkswagen,volkswagen ameo 1.2 mpi comfortline,petrol,individual,manual,first owner,400000
2018,13120,25.17,799.0,53.3,5.0,renault,renault kwid rxt optional,petrol,individual,manual,first owner,390000
2017,87500,17.1,1956.0,170.0,5.0,jeep,jeep compass 2.0 longitude bsiv,diesel,individual,manual,first owner,1550000
2014,125000,22.32,1582.0,126.32,5.0,hyundai,hyundai verna 1.6 sx crdi (o),diesel,individual,manual,first owner,600000
2018,25000,17.4,1197.0,81.86,5.0,hyundai,hyundai elite i20 asta option cvt bsiv,petrol,individual,automatic,first owner,800000
2013,120000,20.77,1248.0,88.8,7.0,maruti,maruti ertiga zdi,diesel,individual,manual,third owner,600000
2015,35000,17.01,1591.0,121.3,5.0,hyundai,hyundai verna 1.6 vtvt sx,petrol,individual,manual,first owner,795000
2016,25000,22.54,1396.0,88.73,5.0,hyundai,hyundai i20 asta option 1.4 crdi,diesel,individual,manual,first owner,735000
2005,120000,16.4,1896.0,90.0,5.0,skoda,skoda octavia l and k 1.9 tdi mt,diesel,individual,manual,third owner,250000
2018,25000,24.04,999.0,67.0,5.0,renault,renault kwid amt,petrol,individual,automatic,first owner,400000
2014,140000,14.0,2489.0,95.0,8.0,mahindra,mahindra xylo d2 bsiv,diesel,individual,manual,first owner,395000
2005,79000,13.1,1493.0,82.0,5.0,hyundai,hyundai accent crdi,diesel,individual,manual,second owner,130000
2015,125000,21.04,1461.0,83.8,8.0,renault,renault lodgy 85ps rxe,diesel,individual,manual,first owner,600000
2016,80000,21.19,1396.0,88.73,5.0,hyundai,hyundai i20 active 1.4 sx,diesel,individual,manual,first owner,720000
2011,110000,16.8,1497.0,116.4,5.0,honda,honda city s,petrol,individual,manual,third owner,450000
2010,80000,16.2,1493.0,110.0,5.0,hyundai,hyundai verna transform sx vgt crdi,diesel,individual,manual,second owner,220000
2014,100000,22.32,1582.0,126.32,5.0,hyundai,hyundai verna 1.6 sx,diesel,individual,manual,second owner,545000
2011,100000,20.54,1598.0,103.6,5.0,volkswagen,volkswagen vento diesel highline,diesel,individual,manual,second owner,370000
2010,78000,13.6,2523.0,63.0,7.0,mahindra,mahindra bolero lx non ac bsiii,diesel,individual,manual,first owner,450000
2018,15000,17.4,1197.0,81.86,5.0,hyundai,hyundai i20 petrol cvt asta,petrol,individual,automatic,first owner,750000
2015,70000,15.4,2179.0,120.0,7.0,mahindra,mahindra scorpio s10 7 seater,diesel,individual,manual,first owner,1100000
2019,5000,21.4,1197.0,83.1,5.0,maruti,maruti baleno alpha 1.2,petrol,individual,manual,first owner,711000
2016,75000,23.95,998.0,67.05,5.0,maruti,maruti alto k10 vxi,petrol,individual,manual,first owner,285000
2020,5500,21.01,1197.0,81.8,5.0,maruti,maruti baleno alpha,petrol,individual,manual,first owner,749000
2016,80000,19.64,1461.0,108.45,5.0,renault,renault duster 110ps diesel rxl,diesel,individual,manual,second owner,550000
2010,120000,19.3,1248.0,73.9,5.0,maruti,maruti swift dzire vdi,diesel,individual,manual,second owner,300000
2017,70000,27.39,1248.0,74.0,5.0,maruti,maruti baleno sigma 1.3,diesel,individual,manual,first owner,625000
2017,80000,17.19,1197.0,81.86,5.0,hyundai,hyundai i20 active 1.2 sx,petrol,individual,manual,second owner,650000
2014,120000,22.32,1582.0,126.32,5.0,hyundai,hyundai verna 1.6 sx crdi (o),diesel,individual,manual,third owner,575000
2016,75000,26.59,1248.0,74.0,5.0,maruti,maruti swift dzire vdi,diesel,individual,manual,second owner,631000
2010,80000,16.2,1493.0,110.0,5.0,hyundai,hyundai verna transform vgt crdi,diesel,individual,manual,second owner,220000
2017,40000,20.3,1199.0,84.0,5.0,tata,tata tigor 1.2 revotron xz option,petrol,individual,manual,second owner,600000
1997,100000,,,,,mahindra,mahindra jeep cl 500 mdi,diesel,individual,manual,fourth & above owner,160000
2012,120000,23.5,1498.0,88.7,5.0,ford,ford fiesta diesel style,diesel,individual,manual,first owner,390000
2007,110000,12.7,2609.0,116.6,8.0,mahindra,mahindra scorpio 2.6 turbo 7 str,diesel,individual,manual,fourth & above owner,375000
2010,110000,23.0,1396.0,90.0,5.0,hyundai,hyundai i20 asta 1.4 crdi (diesel),diesel,individual,manual,first owner,340000
2019,2000,27.28,1047.0,69.0,5.0,tata,tata tiago 2019-2020 xz plus diesel,diesel,individual,manual,first owner,670000
2014,80000,23.4,1248.0,74.0,5.0,maruti,maruti swift dzire vdi,diesel,individual,manual,second owner,530000
2015,38000,23.95,998.0,67.05,5.0,maruti,maruti alto k10 vxi ags,petrol,individual,automatic,second owner,350000
2014,46000,21.63,998.0,67.04,5.0,maruti,maruti celerio zxi optional,petrol,dealer,manual,first owner,415000
2014,102000,24.2,1498.0,93.87,7.0,maruti,maruti ertiga 1.5 zdi,diesel,dealer,manual,first owner,700000
2012,96000,19.62,1998.0,190.0,5.0,bmw,bmw x1 sdrive20d m sport,diesel,dealer,automatic,second owner,925000
2017,20000,22.0,999.0,67.0,5.0,renault,renault kwid 1.0 rxt amt opt,petrol,dealer,automatic,first owner,375000
2015,16000,19.1,1197.0,85.8,5.0,maruti,maruti swift dzire vxi,petrol,dealer,manual,first owner,575000
2013,23000,17.0,1197.0,80.0,5.0,hyundai,hyundai i20 1.2 sportz,petrol,dealer,manual,first owner,425000
2011,25000,18.16,1196.0,86.8,5.0,ford,ford figo 1.2p ambiente mt,petrol,dealer,manual,first owner,245000
2015,35000,17.7,1497.0,113.42,5.0,hyundai,hyundai verna sx opt,petrol,dealer,manual,second owner,540000
2011,90000,14.94,2143.0,204.0,5.0,mercedes-benz,mercedes-benz new c-class c 250 cdi elegance,diesel,dealer,automatic,first owner,1000000
2013,37000,20.36,1197.0,78.9,5.0,hyundai,hyundai i10 sportz 1.2,petrol,dealer,manual,first owner,291000
2017,34000,21.4,1197.0,83.1,5.0,maruti,maruti baleno delta 1.2,petrol,dealer,manual,second owner,600000
2012,60000,17.7,1497.0,113.42,5.0,hyundai,hyundai verna sx,petrol,dealer,manual,first owner,355000
2010,50000,20.36,1197.0,78.9,5.0,hyundai,hyundai i10 magna,petrol,dealer,manual,first owner,225000
2013,37000,13.7,1399.0,98.79,7.0,chevrolet,chevrolet enjoy 1.4 ltz 7,petrol,dealer,manual,first owner,350000
2012,38000,24.7,796.0,47.3,5.0,maruti,maruti alto 800 lxi,petrol,dealer,manual,second owner,200000
2017,40000,,,,,ford,ford figo aspire facelift,diesel,individual,manual,first owner,600000
2012,57000,17.7,1497.0,113.42,5.0,hyundai,hyundai verna sx opt,petrol,dealer,manual,first owner,434999
2014,62200,17.0,1197.0,80.0,5.0,hyundai,hyundai i20 1.2 sportz,petrol,dealer,manual,first owner,440000
2013,77000,21.1,1248.0,73.9,5.0,maruti,maruti ritz vdi,diesel,dealer,manual,first owner,390000
1997,110000,16.1,796.0,37.0,4.0,maruti,maruti 800 std,petrol,individual,manual,second owner,50000
2014,25000,15.4,2179.0,120.0,9.0,mahindra,mahindra scorpio s4 9 seater,diesel,individual,manual,first owner,999000
2005,188000,12.3,1948.0,90.0,7.0,tata,tata sumo ex tc,diesel,individual,manual,first owner,225000
2010,150000,19.7,796.0,46.3,5.0,maruti,maruti alto std,petrol,individual,manual,third owner,85000
2012,40000,21.1,814.0,55.2,5.0,hyundai,hyundai eon sportz,petrol,individual,manual,first owner,150000
2014,120000,19.01,1461.0,108.45,5.0,renault,renault duster adventure edition,diesel,individual,manual,first owner,500000
2011,70000,20.36,1197.0,78.9,5.0,hyundai,hyundai i10 sportz option,petrol,individual,manual,third owner,220000
2017,60000,21.38,1396.0,88.7,5.0,hyundai,hyundai creta 1.4 crdi base,diesel,individual,manual,first owner,957000
2006,250000,12.8,2494.0,102.0,7.0,toyota,toyota innova 2.5 g4 diesel 7-seater,diesel,individual,manual,first owner,1050000
2018,35000,22.5,999.0,67.0,5.0,datsun,datsun redigo 1.0 s,petrol,individual,manual,first owner,320000
2016,15000,23.95,998.0,67.05,5.0,maruti,maruti alto k10 vxi,petrol,individual,manual,first owner,300000
2010,98000,17.8,1248.0,75.0,5.0,maruti,maruti swift vdi bsiii w/ abs,diesel,individual,manual,first owner,270000
2011,62000,16.36,1495.0,93.7,5.0,hyundai,hyundai accent executive,petrol,individual,manual,third owner,170000
2010,90000,18.3,1991.0,147.9,5.0,chevrolet,chevrolet cruze ltz,diesel,individual,manual,second owner,270000
2013,110000,18.6,1199.0,79.4,5.0,chevrolet,chevrolet beat ls,petrol,individual,manual,second owner,140000
2010,90000,20.36,1197.0,78.9,5.0,hyundai,hyundai i10 magna,petrol,individual,manual,third owner,170000
2019,10000,17.3,1497.0,121.0,7.0,mahindra,mahindra marazzo m8,diesel,individual,manual,first owner,1450000
2019,25000,20.0,1497.0,115.0,5.0,mahindra,mahindra xuv300 w8 option diesel bsiv,diesel,individual,manual,first owner,1200000
2019,13000,22.54,1396.0,88.76,5.0,hyundai,hyundai elite i20 sportz plus diesel,diesel,individual,manual,first owner,834000
2017,80000,27.28,1047.0,69.0,5.0,tata,tata tiago 1.05 revotorq xt,diesel,individual,manual,first owner,450000
2014,40000,20.14,1498.0,88.8,5.0,volkswagen,volkswagen polo 1.5 tdi comfortline,diesel,individual,manual,third owner,575000
2019,20000,28.4,1248.0,74.02,5.0,maruti,maruti swift dzire zdi plus,diesel,individual,manual,first owner,900000
2008,87540,16.6,796.0,35.5,5.0,maruti,maruti 800 ac lpg,lpg,individual,manual,third owner,149000
2007,84000,16.0,995.0,60.0,5.0,chevrolet,chevrolet spark 1.0 ps lpg,lpg,individual,manual,third owner,100000
2011,160000,20.86,1199.0,75.0,5.0,skoda,skoda fabia 1.2l diesel elegance,diesel,individual,manual,third owner,325000
2012,100000,20.54,1598.0,103.6,5.0,volkswagen,volkswagen vento diesel comfortline,diesel,individual,manual,second owner,400000
2017,35000,20.3,998.0,68.05,5.0,hyundai,hyundai eon 1.0 era plus,petrol,individual,manual,second owner,250000
2010,60000,12.9,1598.0,102.5,5.0,chevrolet,chevrolet optra magnum 1.6 lt petrol,petrol,individual,manual,second owner,225000
2012,70000,18.6,1388.0,67.0,5.0,ford,ford fiesta classic 1.4 duratorq lxi,diesel,individual,manual,first owner,300000
2015,60000,20.5,1248.0,91.72,5.0,fiat,fiat avventura power up 1.3 emotion,diesel,individual,manual,second owner,459999
2016,35000,22.77,1498.0,98.59,5.0,ford,ford ecosport 1.5 tdci titanium plus bsiv,diesel,individual,manual,second owner,825000
2012,231438,18.4,1248.0,75.0,5.0,tata,tata indica vista aqua 1.3 quadrajet bsiv,diesel,individual,manual,second owner,150000
2016,71000,27.39,1248.0,74.0,5.0,maruti,maruti baleno alpha 1.3,diesel,individual,manual,first owner,710000
2008,90000,,,,,maruti,maruti swift 1.3 zxi,petrol,individual,manual,first owner,200000
2016,70000,23.2,1248.0,73.94,5.0,maruti,maruti ritz vdi,diesel,individual,manual,first owner,425000
2007,80000,16.1,796.0,37.0,4.0,maruti,maruti 800 std,petrol,individual,manual,first owner,45000
2011,239451,13.6,2523.0,63.0,7.0,mahindra,mahindra bolero slx 2wd bsiii,diesel,individual,manual,second owner,380000
2000,50000,,,,,mahindra,mahindra marshal di,diesel,individual,manual,first owner,150000
2009,90000,21.1,1248.0,73.9,5.0,maruti,maruti ritz vdi,diesel,individual,manual,first owner,240000
2016,154000,19.67,1582.0,126.2,5.0,hyundai,hyundai creta 1.6 crdi sx,diesel,individual,manual,first owner,1150000
2013,109000,19.64,1461.0,108.45,5.0,renault,renault duster 110ps diesel rxz plus,diesel,individual,manual,second owner,520000
2016,120000,26.59,1248.0,74.0,5.0,maruti,maruti swift dzire vdi,diesel,individual,manual,second owner,675000
2006,77000,,,,,tata,tata indica dls,diesel,individual,manual,first owner,170000
2012,100000,26.2,998.0,58.2,5.0,maruti,maruti wagon r lxi cng,cng,individual,manual,third owner,297000
2009,110000,11.57,2179.0,138.1,7.0,tata,tata new safari dicor 2.2 lx 4x2,diesel,individual,manual,first owner,250000
2005,200000,13.1,1493.0,82.0,5.0,hyundai,hyundai accent crdi,diesel,individual,manual,second owner,200000
2008,120000,,,,,maruti,maruti swift vdi bsiv,diesel,individual,manual,fourth & above owner,225000
2016,39000,20.51,998.0,67.04,5.0,maruti,maruti wagon r stingray vxi,petrol,individual,manual,third owner,380000
2005,96000,16.1,796.0,37.0,4.0,maruti,maruti 800 ac,petrol,individual,manual,fourth & above owner,40000
2014,90000,20.54,1598.0,103.6,5.0,volkswagen,volkswagen vento konekt diesel highline,diesel,individual,manual,first owner,575000
2010,135000,17.8,1248.0,75.0,5.0,maruti,maruti swift vdi bsiii,diesel,individual,manual,second owner,300000
2018,90000,27.28,1047.0,69.0,5.0,tata,tata tiago 1.05 revotorq xe,diesel,individual,manual,first owner,450000
2003,90000,16.1,796.0,37.0,4.0,maruti,maruti 800 std mpfi,petrol,individual,manual,fourth & above owner,45000
2010,426000,12.8,2494.0,102.0,7.0,toyota,toyota innova 2.5 vx (diesel) 7 seater bs iv,diesel,individual,manual,first owner,950000
2017,35000,28.4,1248.0,74.02,5.0,maruti,maruti swift dzire vdi,diesel,individual,manual,first owner,745000
2016,120000,24.4,1120.0,71.0,5.0,hyundai,hyundai xcent 1.1 crdi s,diesel,individual,manual,first owner,509999
2009,110000,20.36,1197.0,78.9,5.0,hyundai,hyundai i10 magna,petrol,individual,manual,first owner,142000
2009,50000,19.0,998.0,66.1,5.0,maruti,maruti a-star vxi,petrol,individual,manual,first owner,185000
2012,77000,20.4,1248.0,91.7,5.0,fiat,fiat linea emotion (diesel),diesel,individual,manual,first owner,300000
2007,120000,17.7,1497.0,78.0,5.0,honda,honda city 2017-2020 gxi,petrol,individual,manual,second owner,210000
2008,120000,13.9,1599.0,103.2,5.0,hyundai,hyundai verna xi (petrol),petrol,individual,manual,second owner,260000
2013,190000,23.4,1248.0,74.0,5.0,maruti,maruti swift dzire ldi,diesel,individual,manual,second owner,430000
2013,110000,12.05,2179.0,120.0,8.0,mahindra,mahindra scorpio sle bsiii,diesel,individual,manual,second owner,600000
2010,30000,15.6,1196.0,70.0,5.0,ford,ford figo petrol exi,petrol,individual,manual,first owner,400000
2012,182000,24.8,1396.0,88.7,5.0,hyundai,hyundai verna 1.4 crdi,diesel,individual,manual,second owner,400000
2017,60000,28.4,1248.0,74.02,5.0,maruti,maruti swift dzire vdi,diesel,individual,manual,first owner,669000
2019,40000,20.14,1197.0,81.86,5.0,hyundai,hyundai xcent 1.2 vtvt s,petrol,individual,manual,first owner,509999
2016,112000,22.54,1396.0,88.73,5.0,hyundai,hyundai i20 asta option 1.4 crdi,diesel,individual,manual,first owner,616000
2013,80000,12.05,2179.0,120.0,8.0,mahindra,mahindra scorpio sle bsiii,diesel,individual,manual,second owner,530000
2010,90000,16.8,1493.0,110.0,5.0,hyundai,hyundai verna crdi sx,diesel,individual,manual,second owner,190000
2015,140000,25.1,1498.0,98.6,5.0,honda,honda city i dtec vx,diesel,individual,manual,second owner,700000
2012,188000,14.0,2179.0,120.0,8.0,tata,tata sumo mkii cx bs iv,diesel,individual,manual,second owner,250000
2014,60000,20.36,1197.0,78.9,5.0,hyundai,hyundai i10 magna,petrol,individual,manual,second owner,225000
2017,30000,18.9,1197.0,81.86,5.0,hyundai,hyundai grand i10 1.2 kappa magna bsiv,petrol,individual,manual,first owner,470000
2019,40000,24.3,1248.0,88.5,5.0,maruti,maruti vitara brezza zdi plus,diesel,individual,manual,first owner,900000
2013,70000,25.44,936.0,57.6,5.0,chevrolet,chevrolet beat diesel ls,diesel,individual,manual,first owner,170000
2013,100000,19.09,1396.0,69.0,5.0,tata,tata indigo cs lx (tdi) bs iii,diesel,individual,manual,first owner,140000
2011,44000,16.0,995.0,63.0,5.0,chevrolet,chevrolet spark 1.0 ps,petrol,individual,manual,second owner,95000
2016,110000,18.5,1197.0,85.8,5.0,maruti,maruti ritz lxi,petrol,individual,manual,second owner,280000
2012,215000,12.05,2179.0,120.0,7.0,mahindra,mahindra scorpio 2009-2014 vlx 2wd 7s bsiv,diesel,individual,manual,first owner,470000
2011,80000,21.1,814.0,55.2,5.0,hyundai,hyundai eon era,petrol,individual,manual,second owner,129000
2012,70000,25.44,936.0,57.6,5.0,chevrolet,chevrolet beat diesel lt,diesel,individual,manual,second owner,165000
2016,25000,17.19,1197.0,81.86,5.0,hyundai,hyundai i20 active 1.2 s,petrol,individual,manual,first owner,600000
2012,31000,18.9,998.0,67.1,5.0,maruti,maruti wagon r vxi bsiii,petrol,individual,manual,first owner,260000
2005,50000,18.9,998.0,67.1,5.0,maruti,maruti wagon r vxi,petrol,individual,manual,third owner,70000
2015,120000,18.6,1197.0,81.83,5.0,hyundai,hyundai i20 asta 1.2,petrol,individual,manual,second owner,515000
2012,60000,20.0,1399.0,68.0,5.0,ford,ford figo diesel lxi,diesel,individual,manual,first owner,225000
2011,60000,19.3,1248.0,73.9,5.0,maruti,maruti swift dzire ldi,diesel,individual,manual,second owner,270000
2011,110000,13.93,2179.0,138.03,7.0,tata,tata safari dicor 2.2 ex 4x2,diesel,individual,manual,third owner,225000
2012,70000,22.32,1582.0,126.32,5.0,hyundai,hyundai verna 1.6 sx crdi (o),diesel,individual,manual,first owner,459999
2009,110000,19.7,796.0,46.3,5.0,maruti,maruti alto lx,petrol,individual,manual,second owner,115999
2013,77300,21.14,1498.0,103.52,5.0,skoda,skoda rapid 1.5 tdi active,diesel,dealer,manual,first owner,475000
2013,91500,10.0,2148.0,170.0,5.0,mercedes-benz,mercedes-benz e-class e 220 cdi avantgarde,diesel,dealer,automatic,first owner,1925000
2011,75000,25.0,1396.0,69.0,5.0,tata,tata indica v2 2001-2011 elx,diesel,dealer,manual,second owner,165000
2015,45000,28.4,1248.0,74.0,5.0,maruti,maruti swift vdi,diesel,dealer,manual,first owner,550000
2017,61260,24.3,1248.0,88.5,5.0,maruti,maruti vitara brezza zdi,diesel,dealer,manual,first owner,861000
2019,26000,23.0,1498.0,98.96,5.0,ford,ford ecosport 1.5 diesel titanium plus bsiv,diesel,dealer,manual,first owner,1050000
2018,17601,16.25,1968.0,148.0,7.0,skoda,skoda kodiaq 2.0 tdi style,diesel,dealer,automatic,first owner,3251000
2017,43000,22.54,1396.0,88.73,5.0,hyundai,hyundai i20 1.4 asta,diesel,dealer,manual,first owner,750000
2018,4773,22.0,1197.0,81.8,5.0,maruti,maruti swift zxi bsiv,petrol,dealer,manual,first owner,730000
2017,31000,21.66,1498.0,103.52,5.0,skoda,skoda rapid 1.5 tdi at style plus,diesel,dealer,automatic,first owner,860000
2017,57900,21.9,1498.0,98.6,7.0,honda,honda brv i-dtec v mt,diesel,dealer,manual,first owner,940000
2019,8600,17.3,1497.0,121.0,7.0,mahindra,mahindra marazzo m2 bsiv,diesel,dealer,manual,first owner,1075000
2016,52000,23.65,1248.0,88.5,5.0,maruti,maruti sx4 s cross 2015-2017 ddis 200 zeta,diesel,dealer,manual,first owner,775000
2013,62000,22.0,1197.0,81.8,5.0,maruti,maruti swift zxi,petrol,dealer,manual,first owner,411000
2012,155000,12.8,2494.0,102.0,8.0,toyota,toyota innova 2.5 v diesel 8-seater,diesel,dealer,manual,first owner,911000
2016,66000,20.14,1498.0,88.8,5.0,volkswagen,volkswagen polo 1.5 tdi highline,diesel,dealer,manual,first owner,540000
2016,78010,21.66,1498.0,103.52,5.0,skoda,skoda rapid 1.5 tdi at ambition,diesel,dealer,automatic,first owner,660000
2018,83844,24.52,1248.0,88.5,7.0,maruti,maruti ertiga shvs vdi,diesel,dealer,manual,first owner,875000
2015,23999,23.1,998.0,67.04,5.0,maruti,maruti celerio vxi at,petrol,dealer,automatic,first owner,411000
2016,52000,27.39,1248.0,74.0,5.0,maruti,maruti baleno delta diesel,diesel,dealer,manual,first owner,635000
2012,145000,22.9,1248.0,74.0,5.0,maruti,maruti swift vdi,diesel,individual,manual,third owner,350000
2018,70000,18.49,1493.0,100.0,7.0,mahindra,mahindra tuv 300 mhawk100 t8 dual tone,diesel,individual,manual,second owner,800000
2015,25000,16.8,796.0,34.2,5.0,maruti,maruti omni mpi std bsiv,petrol,individual,manual,second owner,180000
2014,120000,24.2,1498.0,98.6,7.0,honda,honda mobilio v i dtec,diesel,individual,manual,first owner,490000
2010,55000,19.0,998.0,67.1,5.0,maruti,maruti zen estilo lxi bs iv,petrol,individual,manual,first owner,180000
2013,91400,19.34,1198.0,76.0,5.0,nissan,nissan micra xv cvt,petrol,individual,automatic,second owner,310000
2012,48000,13.2,1495.0,93.7,5.0,hyundai,hyundai accent executive cng,cng,individual,manual,first owner,275000
2014,80000,18.2,1248.0,73.8,7.0,chevrolet,chevrolet enjoy tcdi ltz 7 seater,diesel,individual,manual,second owner,450000
2017,50000,25.32,1198.0,77.0,6.0,mahindra,mahindra kuv 100 mfalcon d75 k6,diesel,individual,manual,first owner,500000
2010,185000,16.2,1493.0,110.0,5.0,hyundai,hyundai verna transform sx vgt crdi at bs iii,diesel,individual,automatic,fourth & above owner,245000
2011,125000,20.54,1598.0,103.6,5.0,volkswagen,volkswagen vento diesel highline,diesel,individual,manual,fourth & above owner,275000
2006,178500,17.7,1497.0,78.0,5.0,honda,honda city 2017-2020 gxi,petrol,individual,manual,third owner,200000
2017,66953,16.0,2179.0,140.0,7.0,mahindra,mahindra xuv500 w10 2wd,diesel,individual,manual,first owner,1500000
2012,166000,23.08,1461.0,63.1,5.0,nissan,nissan micra diesel xv premium,diesel,individual,manual,second owner,229999
2011,131000,20.54,1598.0,103.6,5.0,volkswagen,volkswagen vento diesel comfortline,diesel,individual,manual,fourth & above owner,280000
2009,50000,18.9,1061.0,67.0,5.0,maruti,maruti wagon r lxi minor,petrol,individual,manual,second owner,125000
2015,25000,25.2,1248.0,74.0,5.0,maruti,maruti swift zdi bsiv,diesel,individual,manual,first owner,600000
2018,20000,18.2,1199.0,88.7,5.0,honda,honda jazz v,petrol,individual,manual,first owner,600000
2016,60000,18.5,1198.0,86.8,5.0,honda,honda brio 1.2 vx mt,petrol,individual,manual,second owner,411000
2010,170000,15.37,1196.0,73.0,5.0,maruti,maruti eeco 5 seater ac bsiv,petrol,individual,manual,third owner,150000
2015,70000,26.21,1248.0,88.5,5.0,maruti,maruti ciaz zdi plus,diesel,individual,manual,first owner,630000
2013,110000,17.11,1968.0,174.33,5.0,audi,audi a4 2.0 tdi 177 bhp premium plus,diesel,individual,automatic,first owner,1200000
2019,45000,22.0,1197.0,81.8,5.0,maruti,maruti swift dzire amt vxi bs iv,petrol,individual,automatic,first owner,700000
2010,60000,14.0,2498.0,112.0,7.0,mahindra,mahindra xylo e4 bs iv,diesel,individual,manual,second owner,250000
2016,32000,18.2,1248.0,73.74,8.0,chevrolet,chevrolet enjoy 1.3 tcdi lt 8,diesel,individual,manual,first owner,535000
2016,60000,18.49,1493.0,100.0,7.0,mahindra,mahindra tuv 300 t4,diesel,individual,manual,first owner,600000
2003,120000,13.1,1493.0,82.0,5.0,hyundai,hyundai accent viva crdi,diesel,individual,manual,fourth & above owner,145000
2015,143000,25.83,1498.0,99.0,5.0,ford,ford figo aspire 1.5 tdci trend,diesel,individual,manual,first owner,400000
2015,100000,26.59,1248.0,74.0,5.0,maruti,maruti swift dzire vdi,diesel,individual,manual,first owner,600000
2018,50000,21.63,998.0,67.0,5.0,maruti,maruti celerio x vxi,petrol,individual,manual,first owner,459999
2018,30000,22.54,1396.0,88.73,5.0,hyundai,hyundai i20 1.4 asta option,diesel,individual,manual,first owner,800000
2017,25000,21.94,1196.0,61.7,5.0,maruti,maruti eeco cng 5 seater ac bsiv,cng,individual,manual,first owner,370000
2012,102000,12.8,2494.0,102.0,8.0,toyota,toyota innova 2.5 gx 8 str bsiv,diesel,individual,manual,second owner,800000
2013,90000,23.08,1461.0,63.12,5.0,renault,renault pulse rxl optional,diesel,individual,manual,first owner,290000
2018,62000,28.4,1248.0,74.0,5.0,maruti,maruti swift vdi,diesel,individual,manual,first owner,671000
2012,80000,19.09,1396.0,69.0,5.0,tata,tata indigo ecs lx tdi bsiii,diesel,individual,manual,fourth & above owner,140000
2011,15000,19.7,796.0,46.3,5.0,maruti,maruti alto std,petrol,individual,manual,third owner,141000
2009,70000,19.7,796.0,46.3,5.0,maruti,maruti alto lx,petrol,individual,manual,second owner,125000
2013,90000,19.4,1405.0,70.0,5.0,tata,tata indica vista tdi ls,diesel,individual,manual,second owner,150000
2007,100000,18.9,1061.0,67.0,5.0,maruti,maruti wagon r lx minor,petrol,individual,manual,third owner,125000
2018,25000,18.9,1197.0,81.86,5.0,hyundai,hyundai grand i10 1.2 kappa sportz bsiv,petrol,individual,manual,second owner,600000
2017,40000,22.54,1396.0,88.73,5.0,hyundai,hyundai i20 1.4 sportz,diesel,individual,manual,first owner,700000
2017,70000,22.54,1396.0,88.73,5.0,hyundai,hyundai i20 1.4 asta option,diesel,individual,manual,first owner,700000
2017,40000,28.4,1248.0,74.02,5.0,maruti,maruti swift dzire vdi,diesel,individual,manual,first owner,740000
2011,200000,17.0,1405.0,71.0,5.0,tata,tata indica vista aqua 1.4 tdi,diesel,individual,manual,second owner,140000
2018,35000,22.0,1582.0,126.2,5.0,hyundai,hyundai verna crdi 1.6 sx option,diesel,individual,manual,first owner,1150000
2007,155000,18.7,1896.0,66.0,5.0,skoda,skoda octavia classic 1.9 tdi mt,diesel,individual,manual,first owner,300000
2011,110000,17.6,1496.0,88.73,5.0,toyota,toyota etios g,petrol,individual,manual,first owner,300000
2015,110000,21.64,1461.0,84.8,5.0,renault,renault scala diesel rxe,diesel,individual,manual,first owner,530000
2017,80000,24.0,1186.0,73.97,5.0,hyundai,hyundai grand i10 1.2 crdi sportz option,diesel,individual,manual,second owner,530000
2011,50000,17.92,1086.0,62.1,5.0,hyundai,hyundai santro xing gls,petrol,individual,manual,second owner,210000
2007,90000,19.7,796.0,46.3,5.0,maruti,maruti alto lxi,petrol,individual,manual,second owner,130000
2008,80000,17.3,1061.0,57.5,5.0,maruti,maruti wagon r lxi duo bsiii,lpg,individual,manual,second owner,148000
2008,120000,14.3,1968.0,140.0,5.0,volkswagen,volkswagen passat highline dsg s,diesel,individual,automatic,first owner,585000
2011,105000,21.9,1396.0,90.0,5.0,hyundai,hyundai i20 1.4 crdi magna,diesel,individual,manual,second owner,270000
2013,40000,20.36,1197.0,78.9,5.0,hyundai,hyundai i10 magna 1.2 itech se,petrol,individual,manual,first owner,375000
2014,141000,15.1,2179.0,140.0,7.0,mahindra,mahindra xuv500 w6 2wd,diesel,individual,manual,second owner,725000
2005,15000,,,,,mahindra,mahindra bolero lx,diesel,individual,manual,second owner,350000
2007,150000,18.1,1493.0,110.0,5.0,hyundai,hyundai verna crdi abs,diesel,individual,manual,second owner,180000
2014,80000,23.2,1248.0,73.94,5.0,maruti,maruti ritz vdi,diesel,individual,manual,second owner,425000
2018,25000,23.0,1498.0,98.96,5.0,ford,ford ecosport 1.5 diesel titanium bsiv,diesel,individual,manual,first owner,900000
2017,51000,14.07,2956.0,69.01,7.0,tata,tata sumo gold cx bsiii,diesel,individual,manual,first owner,570000
2017,40000,25.0,1396.0,69.0,5.0,tata,tata indica v2 els,diesel,individual,manual,first owner,290000
2011,40000,20.0,1399.0,68.0,5.0,ford,ford figo diesel zxi,diesel,individual,manual,second owner,229999
2012,70000,20.0,1399.0,68.0,5.0,ford,ford figo diesel exi,diesel,individual,manual,first owner,300000
2010,110000,21.1,1248.0,73.9,5.0,maruti,maruti ritz vdi,diesel,individual,manual,third owner,220000
2011,80000,18.3,1991.0,147.9,5.0,chevrolet,chevrolet cruze ltz,diesel,individual,manual,second owner,409999
2013,136000,18.2,1248.0,73.8,7.0,chevrolet,chevrolet enjoy tcdi lt 7 seater,diesel,individual,manual,second owner,355000
2013,120000,19.01,1461.0,108.45,5.0,renault,renault duster rxl awd,diesel,individual,manual,first owner,695000
2010,120000,19.3,1248.0,73.9,5.0,maruti,maruti swift dzire vdi bsiv,diesel,individual,manual,second owner,320000
2017,120000,18.49,1493.0,100.0,7.0,mahindra,mahindra tuv 300 t8,diesel,individual,manual,first owner,710000
2004,120000,16.8,1405.0,62.0,5.0,tata,tata indica v2 dls tc,diesel,individual,manual,second owner,85000
2010,210000,12.2,1994.0,105.3,9.0,chevrolet,chevrolet tavera neo 3 lt 9 seats bsiv,diesel,individual,manual,fourth & above owner,409999
2015,90000,20.14,1498.0,88.8,5.0,volkswagen,volkswagen polo 1.5 tdi highline,diesel,individual,manual,first owner,550000
2007,100750,16.1,1298.0,88.2,5.0,maruti,maruti swift zxi abs,petrol,individual,manual,second owner,215000
2006,140000,14.4,1599.0,94.0,5.0,hyundai,hyundai accent gls 1.6 abs,petrol,individual,manual,second owner,110000
2007,110000,17.7,1497.0,78.0,5.0,honda,honda city 2017-2020 exi,petrol,individual,manual,third owner,170000
2018,40000,17.0,1198.0,108.5,5.0,tata,tata nexon 1.2 revotron xz plus,petrol,individual,manual,second owner,850000
2010,148000,23.0,1396.0,90.0,5.0,hyundai,hyundai i20 asta 1.4 crdi (diesel),diesel,individual,manual,second owner,350000
2005,190000,,,,,hyundai,hyundai santro at,petrol,individual,automatic,second owner,120000
2015,155000,22.3,1248.0,74.0,5.0,tata,tata indica vista quadrajet ls,diesel,individual,manual,second owner,250000
2015,70000,25.83,1498.0,99.0,5.0,ford,ford figo aspire 1.5 tdci titanium,diesel,individual,manual,first owner,433000
2010,100000,11.5,2982.0,171.0,7.0,toyota,toyota fortuner 3.0 diesel,diesel,individual,manual,first owner,1200000
2015,45000,21.1,814.0,55.2,5.0,hyundai,hyundai eon d lite plus,petrol,individual,manual,first owner,300000
1998,40000,17.3,993.0,60.0,5.0,maruti,maruti zen lx bsii,petrol,individual,manual,second owner,70000
2017,90000,15.96,2523.0,62.1,7.0,mahindra,mahindra bolero 2011-2019 ex ac,diesel,individual,manual,second owner,760000
2014,20000,21.1,814.0,55.2,5.0,hyundai,hyundai eon era plus,petrol,individual,manual,first owner,250000
2013,120000,17.92,1086.0,62.1,5.0,hyundai,hyundai santro xing gl plus,petrol,individual,manual,second owner,187000
2013,90000,22.9,1248.0,74.0,5.0,maruti,maruti swift vdi,diesel,individual,manual,second owner,335000
2016,80000,20.85,1197.0,83.14,5.0,maruti,maruti swift dzire vxi,petrol,individual,manual,second owner,488000
2008,110000,15.6,1586.0,104.68,5.0,maruti,maruti sx4 zxi with leather bsiii,petrol,individual,manual,third owner,111000
2015,70000,26.21,1248.0,88.5,5.0,maruti,maruti ciaz vdi plus,diesel,individual,manual,first owner,600000
2020,5000,21.21,1197.0,81.8,5.0,maruti,maruti swift vxi,petrol,individual,manual,first owner,570000
2007,75000,17.8,1086.0,63.0,5.0,hyundai,hyundai santro xing xs,petrol,individual,manual,second owner,110000
2014,50000,18.6,1197.0,85.8,5.0,maruti,maruti swift zxi,petrol,individual,manual,first owner,434999
2014,70000,21.1,814.0,55.2,5.0,hyundai,hyundai eon era plus,petrol,individual,manual,first owner,229999
2014,90000,20.45,1461.0,83.8,5.0,nissan,nissan terrano xl plus 85 ps,diesel,individual,manual,second owner,490000
2011,100000,17.5,1298.0,85.8,5.0,maruti,maruti swift dzire vxi,petrol,individual,manual,second owner,300000
2017,90000,17.8,1199.0,76.8,5.0,chevrolet,chevrolet beat lt,petrol,individual,manual,first owner,350000
2013,110000,15.1,2179.0,140.0,7.0,mahindra,mahindra xuv500 w6 2wd,diesel,individual,manual,second owner,750000
2017,35000,24.7,796.0,47.3,5.0,maruti,maruti alto 800 lxi,petrol,individual,manual,first owner,310000
2014,130000,20.77,1248.0,88.8,7.0,maruti,maruti ertiga zdi,diesel,individual,manual,first owner,620000
2013,188000,22.9,1248.0,74.0,5.0,maruti,maruti swift vdi,diesel,individual,manual,second owner,400000
2008,80000,17.2,1396.0,53.5,5.0,tata,tata indica v2 dlx,diesel,individual,manual,second owner,67000
2015,80000,25.83,1498.0,99.0,5.0,ford,ford figo 1.5d titanium mt,diesel,individual,manual,first owner,480000
2008,48676,19.7,796.0,35.0,8.0,maruti,maruti omni mpi std bsiii 8-str w/ immobiliser,petrol,individual,manual,first owner,110000
2006,60000,,,,,hyundai,hyundai santro xing xl erlx euro ii,petrol,individual,manual,third owner,105000
2018,40000,20.62,1198.0,67.0,7.0,datsun,datsun go plus anniversary edition,petrol,individual,manual,first owner,475000
2012,120000,,,,,toyota,toyota etios liva gd,diesel,individual,manual,second owner,275000
2003,70000,,,,,tata,tata indica dlx,diesel,individual,manual,first owner,40000
2018,15000,24.7,796.0,47.3,5.0,maruti,maruti alto 800 vxi,petrol,individual,manual,second owner,300000
2007,70000,19.7,796.0,46.3,5.0,maruti,maruti alto lxi,petrol,individual,manual,first owner,100000
2011,80000,17.0,1405.0,71.0,5.0,tata,tata indica vista terra tdi bsiii,diesel,individual,manual,second owner,70000
2017,60000,22.77,1498.0,98.59,5.0,ford,ford ecosport 1.5 tdci titanium bsiv,diesel,individual,manual,first owner,900000
2017,120000,23.59,1364.0,67.04,5.0,toyota,toyota etios 1.4 vxd,diesel,individual,manual,second owner,650000
2003,120000,,,,,hyundai,hyundai santro dx,petrol,individual,manual,third owner,55000
2000,180000,17.3,993.0,60.0,5.0,maruti,maruti zen lxi,petrol,individual,manual,fourth & above owner,50000
2016,70000,18.9,1197.0,82.0,5.0,hyundai,hyundai grand i10 asta,petrol,individual,manual,first owner,550000
2013,250000,20.46,1461.0,83.8,5.0,renault,renault duster 85ps diesel rxl optional,diesel,individual,manual,first owner,475000
2019,15000,20.3,1086.0,68.0,5.0,hyundai,hyundai santro era,petrol,individual,manual,first owner,425000
2017,65000,28.09,1248.0,88.5,5.0,maruti,maruti ciaz zdi plus shvs,diesel,individual,manual,first owner,900000
2015,90000,18.6,1197.0,81.83,5.0,hyundai,hyundai i20 sportz 1.2,petrol,individual,manual,first owner,516000
2011,70000,16.5,1172.0,65.0,5.0,tata,tata indica vista aura 1.2 safire (abs) 90hp bs iv,petrol,individual,manual,second owner,150000
2016,30000,20.51,998.0,67.04,5.0,maruti,maruti wagon r lxi bs iv,petrol,individual,manual,first owner,400000
2016,79500,15.4,2179.0,120.0,7.0,mahindra,mahindra scorpio s4 plus,diesel,individual,manual,first owner,800000
2007,90000,17.8,1086.0,63.0,5.0,hyundai,hyundai santro xing xs,petrol,individual,manual,third owner,165000
2015,110000,20.45,1461.0,83.8,5.0,nissan,nissan terrano xl 85 ps,diesel,individual,manual,first owner,1000000
2015,110000,26.59,1248.0,74.0,5.0,maruti,maruti swift dzire vdi,diesel,individual,manual,first owner,440000
2011,153000,22.32,1582.0,126.32,5.0,hyundai,hyundai verna 1.6 sx crdi (o),diesel,individual,manual,first owner,390000
2008,200185,16.6,1388.0,68.0,5.0,ford,ford fiesta 1.4 duratec zxi,petrol,individual,manual,first owner,136000
2013,149000,23.4,1248.0,74.0,5.0,maruti,maruti swift dzire zdi,diesel,individual,manual,first owner,475000
2016,100000,25.83,1498.0,99.0,5.0,ford,ford figo 1.5d titanium mt,diesel,individual,manual,first owner,515000
2012,90000,15.42,1405.0,70.0,7.0,tata,tata venture ex 7 str,diesel,individual,manual,second owner,175000
2012,80000,21.5,1248.0,88.8,5.0,maruti,maruti sx4 zdi leather,diesel,individual,manual,fourth & above owner,380000
2012,150000,,,,,toyota,toyota etios liva gd sp,diesel,individual,manual,first owner,405000
2018,12000,20.89,1197.0,81.8,5.0,maruti,maruti ignis 1.2 delta bsiv,petrol,individual,manual,first owner,535000
2011,40000,20.36,1197.0,78.9,5.0,hyundai,hyundai i10 magna,petrol,individual,manual,second owner,215000
1997,100000,17.3,993.0,60.0,5.0,maruti,maruti zen lxi,petrol,individual,manual,second owner,70000
2017,27000,18.9,1197.0,81.86,5.0,hyundai,hyundai grand i10 1.2 kappa magna bsiv,petrol,individual,manual,first owner,445000
2015,120000,20.51,998.0,67.04,5.0,maruti,maruti wagon r vxi bs iv,petrol,individual,manual,first owner,335000
2014,49025,15.37,1196.0,73.0,5.0,maruti,maruti eeco 5 seater ac bsiv,petrol,individual,manual,first owner,300000
2015,15000,25.4,624.0,37.5,4.0,tata,tata nano twist xe,petrol,individual,manual,first owner,110000
2014,90000,23.95,998.0,67.05,5.0,maruti,maruti alto k10 lxi,petrol,individual,manual,second owner,240000
2016,90000,23.84,1199.0,84.0,5.0,tata,tata tiago 1.2 revotron xe,petrol,individual,manual,first owner,300000
2010,90000,14.49,2993.0,258.0,5.0,bmw,bmw 7 series 730ld,diesel,individual,automatic,second owner,2000000
2007,80000,17.2,1396.0,53.5,5.0,tata,tata indica v2 dle bsii,diesel,individual,manual,third owner,50000
2009,195000,14.8,2499.0,80.0,10.0,chevrolet,chevrolet tavera b1-10 seats bsii,diesel,individual,manual,second owner,295000
2006,90000,10.5,2179.0,120.0,8.0,mahindra,mahindra scorpio 2.6 crde,diesel,individual,manual,third owner,310000
1997,80000,16.1,796.0,37.0,4.0,maruti,maruti 800 ac,petrol,individual,manual,third owner,29999
2016,70000,24.3,1248.0,88.5,5.0,maruti,maruti vitara brezza ldi option,diesel,individual,manual,first owner,640000
2012,35000,17.5,1197.0,85.8,5.0,maruti,maruti swift dzire 1.2 vxi bsiv,petrol,individual,manual,first owner,350000
2013,120000,19.1,1197.0,85.8,5.0,maruti,maruti swift dzire vxi,petrol,individual,manual,first owner,385000
2013,100000,23.4,1248.0,74.0,5.0,maruti,maruti swift dzire vdi,diesel,individual,manual,second owner,409999
2016,40000,16.0,2179.0,140.0,7.0,mahindra,mahindra xuv500 at w10 awd,diesel,individual,automatic,first owner,1300000
2009,60000,15.3,1596.0,101.0,5.0,ford,ford fiesta 1.6 duratec exi,petrol,individual,manual,third owner,210000
2007,110000,10.5,2179.0,120.0,7.0,mahindra,mahindra scorpio slx 2.6 turbo 8 str,diesel,individual,manual,first owner,300000
2008,112000,10.5,2609.0,120.0,9.0,mahindra,mahindra scorpio 2006-2009 lx 2.6 turbo 9 str,diesel,individual,manual,first owner,450000
2011,70000,20.0,1399.0,68.0,5.0,ford,ford figo diesel zxi,diesel,individual,manual,second owner,170000
2014,140000,25.1,1498.0,98.6,5.0,honda,honda city i dtec vx,diesel,individual,manual,first owner,650000
1997,94000,15.9,1298.0,85.0,5.0,maruti,maruti esteem ax,petrol,individual,automatic,fourth & above owner,125000
2012,70000,19.7,796.0,46.3,5.0,maruti,maruti alto lxi,petrol,individual,manual,first owner,145000
2018,27000,20.14,1498.0,88.0,5.0,volkswagen,volkswagen polo 2015-2019 1.5 tdi highline plus,diesel,individual,manual,first owner,681000
2015,173000,25.1,1498.0,98.6,5.0,honda,honda city i dtec vx,diesel,individual,manual,first owner,635000
2010,80000,19.7,796.0,46.3,5.0,maruti,maruti alto lxi bsiii,petrol,individual,manual,second owner,140000
2016,86000,26.0,1498.0,98.6,5.0,honda,honda city i dtec vx,diesel,individual,manual,third owner,750000
2015,80000,26.0,1498.0,98.6,5.0,honda,honda city i dtec v,diesel,individual,manual,second owner,611000
2007,120000,19.7,796.0,46.3,5.0,maruti,maruti alto lxi,petrol,individual,manual,third owner,110000
2006,100000,16.0,1061.0,64.0,5.0,maruti,maruti wagon r ax bsiii,petrol,individual,automatic,second owner,100000
2014,120000,22.3,1248.0,74.0,5.0,tata,tata indica vista quadrajet vx tech,diesel,individual,manual,first owner,225000
2010,190000,16.2,1493.0,110.0,5.0,hyundai,hyundai verna transform crdi vgt sx abs,diesel,individual,manual,third owner,250000
2011,120000,14.0,2523.0,75.0,8.0,mahindra,mahindra scorpio ex,diesel,individual,manual,second owner,385000
2012,70000,19.7,796.0,46.3,5.0,maruti,maruti alto lxi,petrol,individual,manual,first owner,135000
2006,100000,19.7,796.0,46.3,5.0,maruti,maruti alto lx,petrol,individual,manual,second owner,65000
2016,120000,23.95,998.0,67.05,5.0,maruti,maruti alto k10 vxi,petrol,individual,manual,first owner,260000
2014,120000,23.4,1248.0,74.0,5.0,maruti,maruti swift dzire vdi,diesel,individual,manual,second owner,465000
2007,80000,,,,,maruti,maruti swift 1.3 vxi,petrol,individual,manual,fourth & above owner,150000
2017,20000,18.15,1198.0,82.0,6.0,mahindra,mahindra kuv 100 mfalcon g80 k8 dual tone,petrol,individual,manual,second owner,430000
2009,81000,17.0,1197.0,80.0,5.0,hyundai,hyundai i20 asta,petrol,individual,manual,fourth & above owner,200000
2011,90000,18.6,1199.0,79.4,5.0,chevrolet,chevrolet beat ls,petrol,individual,manual,second owner,125000
2001,60000,16.1,796.0,37.0,4.0,maruti,maruti 800 std,petrol,individual,manual,second owner,45000
2012,40000,18.6,1199.0,79.4,5.0,chevrolet,chevrolet beat ls,petrol,individual,manual,second owner,124000
2007,80000,15.3,1193.0,65.3,5.0,tata,tata indica gls bs iv,petrol,individual,manual,third owner,80000
2014,35000,22.8,1373.0,80.9,7.0,maruti,maruti ertiga vxi cng limited edition,cng,individual,manual,first owner,545000
2019,20000,25.47,1248.0,88.5,7.0,maruti,maruti ertiga zdi plus,diesel,individual,manual,first owner,1050000
2015,50000,18.2,1199.0,82.4,5.0,chevrolet,chevrolet sail 1.2 ls,petrol,individual,manual,first owner,200000
2015,77000,16.0,2179.0,140.0,7.0,mahindra,mahindra xuv500 at w10 fwd,diesel,individual,automatic,second owner,1100000
2014,50000,15.1,2179.0,140.0,7.0,mahindra,mahindra xuv500 w6 2wd,diesel,individual,manual,first owner,750000
2016,13500,23.84,1199.0,84.0,5.0,tata,tata tiago 1.2 revotron xz,petrol,individual,manual,first owner,425000
2016,38000,24.7,796.0,47.3,5.0,maruti,maruti alto 800 lxi optional,petrol,individual,manual,first owner,300000
2019,14000,25.47,1248.0,88.5,7.0,maruti,maruti ertiga zdi plus,diesel,individual,manual,first owner,1200000
2009,70000,13.5,1799.0,130.0,5.0,honda,honda civic 1.8 v mt,petrol,individual,manual,first owner,240000
2016,55000,25.32,1198.0,77.0,6.0,mahindra,mahindra kuv 100 mfalcon d75 k8,diesel,individual,manual,second owner,450000
2006,150000,18.9,998.0,67.1,5.0,maruti,maruti wagon r lxi,petrol,individual,manual,fourth & above owner,80000
2013,160000,15.96,2523.0,62.1,7.0,mahindra,mahindra bolero 2011-2019 slx 2wd bsiii,diesel,individual,manual,first owner,500000
2013,50000,22.1,1248.0,76.9,5.0,chevrolet,chevrolet sail hatchback diesel base,diesel,individual,manual,first owner,295000
2008,120000,19.09,1396.0,69.0,5.0,tata,tata indigo cs le (tdi) bs-iii,diesel,individual,manual,third owner,100000
2013,76460,22.32,1582.0,126.32,5.0,hyundai,hyundai verna 1.6 sx,diesel,individual,manual,first owner,700000
2011,125000,20.0,1399.0,68.0,5.0,ford,ford figo diesel titanium,diesel,individual,manual,second owner,180000
2012,110000,20.8,1461.0,65.0,5.0,mahindra,mahindra verito 1.5 d2 bsiii,diesel,individual,manual,second owner,225000
2017,25000,21.1,814.0,55.2,5.0,hyundai,hyundai eon era plus,petrol,individual,manual,first owner,310000
2015,30000,26.0,1498.0,98.6,5.0,honda,honda city i dtec sv,diesel,individual,manual,first owner,625000
2013,70000,19.2,1086.0,68.05,5.0,hyundai,hyundai i10 magna lpg,lpg,individual,manual,second owner,275000
2013,110000,19.81,1086.0,68.05,5.0,hyundai,hyundai i10 era,petrol,individual,manual,second owner,245000
2010,200000,19.0,998.0,67.1,5.0,maruti,maruti zen estilo vxi bsiv,petrol,individual,manual,first owner,160000
2014,80000,21.1,814.0,55.2,5.0,hyundai,hyundai eon era plus,petrol,individual,manual,first owner,250000
2014,76000,25.8,1498.0,98.6,5.0,honda,honda amaze e i-dtech,diesel,individual,manual,first owner,450000
2007,150000,17.2,1396.0,53.5,5.0,tata,tata indica v2 dls,diesel,individual,manual,second owner,85000
2018,35000,13.68,2393.0,147.8,7.0,toyota,toyota innova crysta 2.4 vx mt bsiv,diesel,individual,manual,first owner,1938000
2016,40000,18.6,1197.0,81.83,5.0,hyundai,hyundai i20 2015-2017 magna 1.2,petrol,individual,manual,first owner,550000
2015,110000,22.77,1498.0,98.59,5.0,ford,ford ecosport 1.5 tdci trend plus bsiv,diesel,individual,manual,first owner,551000
2019,60000,20.14,1197.0,81.86,5.0,hyundai,hyundai xcent 1.2 vtvt e,petrol,individual,manual,first owner,500000
2018,15000,17.8,1198.0,86.7,5.0,honda,honda amaze s i-vtec,petrol,individual,manual,first owner,585000
2013,120000,16.36,1495.0,93.7,5.0,hyundai,hyundai accent executive,petrol,individual,manual,first owner,172000
2012,100000,22.32,1582.0,126.32,5.0,hyundai,hyundai verna 1.6 sx,diesel,individual,manual,second owner,360000
2017,24000,27.28,1047.0,69.0,5.0,tata,tata tiago 1.05 revotorq xt option,diesel,individual,manual,second owner,350000
2018,53000,23.0,1498.0,98.96,5.0,ford,ford ecosport 1.5 diesel trend plus bsiv,diesel,individual,manual,first owner,700000
2011,40000,19.7,796.0,46.3,5.0,maruti,maruti alto lxi,petrol,individual,manual,third owner,148000
2016,47370,21.94,1196.0,63.0,5.0,maruti,maruti eeco cng htr 5-str,cng,individual,manual,first owner,330000
2007,120000,18.7,1896.0,66.0,5.0,skoda,skoda octavia ambiente 1.9 tdi mt,diesel,individual,manual,second owner,110000
2015,100000,25.2,1248.0,73.94,5.0,maruti,maruti swift vdi windsong limited edition,diesel,individual,manual,first owner,450000
2009,80000,11.5,1991.0,147.9,7.0,chevrolet,chevrolet captiva lt,diesel,individual,manual,second owner,260000
2011,91000,20.36,1197.0,78.9,5.0,hyundai,hyundai i10 sportz,petrol,individual,manual,second owner,200000
2019,20000,32.26,998.0,58.3,4.0,maruti,maruti alto k10 lxi cng,cng,individual,manual,first owner,430000
2013,80000,12.05,2179.0,120.0,8.0,mahindra,mahindra scorpio sle bsiii,diesel,individual,manual,second owner,550000
2013,80000,23.2,1248.0,73.94,5.0,maruti,maruti ritz ldi,diesel,individual,manual,first owner,245000
2016,80000,21.94,1196.0,61.7,5.0,maruti,maruti eeco cng 5 seater ac bsiv,cng,individual,manual,first owner,320000
2008,110000,13.2,1495.0,94.0,5.0,hyundai,hyundai accent gle cng,cng,individual,manual,third owner,120000
2013,120000,22.7,1582.0,126.24,5.0,hyundai,hyundai elantra crdi sx,diesel,individual,manual,first owner,615000
2013,90000,17.2,1968.0,138.1,5.0,skoda,skoda superb elegance 2.0 tdi cr at,diesel,individual,automatic,first owner,600000
2010,120000,14.3,1798.0,160.0,5.0,volkswagen,volkswagen passat 1.8 tsi mt,petrol,individual,manual,second owner,300000
2016,45217,25.83,1498.0,99.0,5.0,ford,ford figo 1.5d trend mt,diesel,dealer,manual,first owner,400000
2017,60000,17.01,1582.0,126.2,5.0,hyundai,hyundai creta 1.6 crdi at sx plus,diesel,individual,automatic,second owner,1000000
2012,70000,13.44,2359.0,198.25,5.0,hyundai,hyundai sonata 2.4 gdi mt,petrol,individual,manual,second owner,525000
2013,133000,20.3,1248.0,75.0,5.0,fiat,fiat grande punto 1.3 emotion (diesel),diesel,individual,manual,first owner,300000
2011,117000,20.3,1248.0,75.0,5.0,fiat,fiat grande punto 1.3 emotion (diesel),diesel,individual,manual,second owner,220000
2015,173000,16.0,2179.0,140.0,7.0,mahindra,mahindra xuv500 w8 4wd,diesel,individual,manual,first owner,850000
2011,35000,17.0,1497.0,118.0,5.0,honda,honda city 1.5 v mt,petrol,individual,manual,first owner,500000
2003,70000,13.2,1495.0,94.0,5.0,hyundai,hyundai accent gle,petrol,individual,manual,second owner,59000
2011,60000,19.7,796.0,46.3,5.0,maruti,maruti alto lx,petrol,individual,manual,third owner,130000
2016,120000,16.2,1199.0,74.0,5.0,volkswagen,volkswagen polo 1.2 mpi comfortline,petrol,individual,manual,second owner,375000
2009,163000,,,,,ford,ford fiesta 1.4 sxi tdci,diesel,dealer,manual,first owner,180000
2011,222300,22.07,1199.0,73.9,5.0,volkswagen,volkswagen polo diesel trendline 1.2l,diesel,individual,manual,first owner,220000
2013,100000,12.99,2494.0,100.57,7.0,toyota,toyota innova 2.5 ev (diesel) ps 7 seater bs iv,diesel,individual,manual,second owner,625000
2013,120000,23.2,1248.0,73.94,5.0,maruti,maruti ritz ldi,diesel,individual,manual,first owner,295000
2011,160000,,,,,maruti,maruti swift vdi bsiv,diesel,individual,manual,first owner,350000
2010,90000,14.0,1948.0,90.0,9.0,tata,tata sumo mkii turbo 2.0 lx,diesel,individual,manual,first owner,235000
2012,330000,13.44,2359.0,198.25,5.0,hyundai,hyundai sonata 2.4 gdi mt,petrol,individual,manual,second owner,500000
2017,20000,22.0,1197.0,81.8,5.0,maruti,maruti swift vvt vxi,petrol,individual,manual,first owner,509999
2020,16000,33.0,796.0,47.3,5.0,maruti,maruti alto 800 lxi cng,cng,individual,manual,first owner,370000
2016,30000,18.9,1197.0,82.0,5.0,hyundai,hyundai grand i10 sportz,petrol,individual,manual,second owner,370000
2009,50000,,,,,maruti,maruti swift 1.3 vxi,petrol,individual,manual,first owner,180000
2012,210000,17.21,1493.0,100.0,7.0,mahindra,mahindra quanto c8,diesel,individual,manual,first owner,300000
2015,20000,19.81,1086.0,68.05,5.0,hyundai,hyundai i10 sportz 1.1l,petrol,individual,manual,first owner,350000
2018,20000,23.01,999.0,67.0,5.0,renault,renault kwid 1.0 rxt optional,petrol,individual,manual,first owner,395000
2015,100000,12.99,2494.0,100.6,8.0,toyota,toyota innova 2.5 g (diesel) 8 seater,diesel,individual,manual,first owner,850000
2015,40000,12.99,2494.0,100.6,7.0,toyota,toyota innova 2.5 vx (diesel) 7 seater,diesel,individual,manual,first owner,1150000
2016,35000,14.74,2993.0,270.9,5.0,jaguar,jaguar xf 3.0 litre s premium luxury,diesel,individual,automatic,first owner,3500000
2012,120000,20.54,1598.0,103.6,5.0,volkswagen,volkswagen vento diesel highline,diesel,individual,manual,second owner,280000
2018,50000,18.49,1493.0,100.0,7.0,mahindra,mahindra tuv 300 t10,diesel,individual,manual,second owner,775000
2012,100000,22.32,1582.0,126.32,5.0,hyundai,hyundai verna 1.6 sx,diesel,individual,manual,second owner,420000
2010,91000,17.0,1497.0,118.0,5.0,honda,honda city 1.5 v mt exclusive,petrol,individual,manual,second owner,310000
2017,50000,17.1,1956.0,170.0,5.0,jeep,jeep compass 2.0 longitude option bsiv,diesel,individual,manual,first owner,1550000
2015,67000,20.4,1248.0,91.7,5.0,fiat,fiat linea 1.3 multijet active,diesel,individual,manual,first owner,375000
2015,40000,18.9,1197.0,82.0,5.0,hyundai,hyundai grand i10 sportz,petrol,individual,manual,first owner,500000
2013,100000,23.2,1248.0,73.94,5.0,maruti,maruti ritz zdi,diesel,individual,manual,second owner,300000
2008,120000,17.7,1497.0,78.0,5.0,honda,honda city 2017-2020 gxi,petrol,individual,manual,second owner,155000
2013,185000,23.4,1248.0,74.0,5.0,maruti,maruti swift dzire ldi,diesel,individual,manual,first owner,350000
2016,75000,16.0,2179.0,140.0,7.0,mahindra,mahindra xuv500 at w6 2wd,diesel,individual,automatic,third owner,950000
2015,80000,24.0,1120.0,70.0,5.0,hyundai,hyundai grand i10 crdi magna,diesel,individual,manual,third owner,350000
2019,30000,12.4,1999.0,147.9,5.0,isuzu,isuzu d-max v-cross z prestige,diesel,individual,automatic,first owner,1900000
2020,5000,17.0,1198.0,108.5,5.0,tata,tata nexon 1.2 revotron xm,petrol,individual,manual,first owner,537000
2019,10000,18.78,999.0,75.0,5.0,volkswagen,volkswagen polo 2015-2019 1.0 mpi comfortline,petrol,individual,manual,first owner,585000
2002,60000,,,,,hyundai,hyundai santro lp - euro ii,petrol,individual,manual,first owner,56000
2012,140000,20.77,1248.0,88.76,7.0,maruti,maruti ertiga vdi,diesel,individual,manual,first owner,350000
2019,19000,18.6,1197.0,81.86,5.0,hyundai,hyundai elite i20 sportz plus bsiv,petrol,individual,manual,first owner,700000
2017,44600,24.52,1248.0,88.5,7.0,maruti,maruti ertiga shvs vdi,diesel,dealer,manual,first owner,849000
2014,28080,,1197.0,103.25,5.0,volkswagen,volkswagen polo gt tsi bsiv,petrol,dealer,automatic,first owner,574000
2014,28800,18.6,1197.0,81.83,5.0,hyundai,hyundai i20 magna 1.2,petrol,dealer,manual,first owner,484999
2018,21900,20.71,799.0,53.26,5.0,renault,renault kwid rxt,petrol,dealer,manual,first owner,360000
2014,28100,,1197.0,103.25,5.0,volkswagen,volkswagen polo gt tsi bsiv,petrol,dealer,automatic,first owner,575000
2014,110000,26.0,1498.0,98.6,5.0,honda,honda city i dtec s,diesel,individual,manual,second owner,550000
2016,100000,22.54,1396.0,88.73,5.0,hyundai,hyundai i20 asta 1.4 crdi,diesel,individual,manual,first owner,700000
2019,7673,28.4,1248.0,74.02,5.0,maruti,maruti swift dzire amt vdi,diesel,individual,automatic,first owner,825000
2008,100000,18.9,1061.0,67.0,5.0,maruti,maruti wagon r lxi minor,petrol,individual,manual,second owner,114999
2009,75000,15.0,1368.0,90.0,5.0,tata,tata manza aqua safire,petrol,individual,manual,second owner,150000
2018,50000,28.4,1248.0,74.02,5.0,maruti,maruti swift dzire amt zdi plus,diesel,individual,automatic,first owner,851000
2014,40000,17.43,1396.0,105.5,5.0,hyundai,hyundai verna 1.4 vtvt,petrol,individual,manual,first owner,550000
2016,40000,24.52,1248.0,88.5,7.0,maruti,maruti ertiga shvs vdi,diesel,individual,manual,first owner,890000
2012,100000,18.5,1197.0,80.0,5.0,hyundai,hyundai i20 1.2 magna,petrol,individual,manual,second owner,265000
2014,110000,15.4,1997.0,120.0,7.0,mahindra,mahindra scorpio 1.99 s10,diesel,individual,manual,first owner,900000
2013,96272,25.44,936.0,57.6,5.0,chevrolet,chevrolet beat diesel ls,diesel,individual,manual,first owner,210000
2015,74000,18.88,1995.0,184.0,5.0,bmw,bmw 3 series 320d prestige,diesel,individual,automatic,first owner,1650000
2011,168000,12.8,2494.0,102.0,7.0,toyota,toyota innova 2.5 ev diesel ms 7 str bsiii,diesel,individual,manual,second owner,750000
2015,22500,20.51,998.0,67.04,5.0,maruti,maruti wagon r vxi bs iv,petrol,individual,manual,first owner,400000
2020,7400,24.3,1248.0,88.5,5.0,maruti,maruti vitara brezza zdi amt,diesel,individual,automatic,first owner,925000
2011,70000,17.5,1298.0,85.8,5.0,maruti,maruti swift dzire vxi,petrol,individual,manual,third owner,275000
2009,67000,18.9,1061.0,67.0,5.0,maruti,maruti wagon r lxi minor,petrol,individual,manual,first owner,175000
2009,110000,17.7,1399.0,68.0,5.0,ford,ford fusion 1.4 tdci diesel,diesel,individual,manual,third owner,155000
2012,175000,21.5,1248.0,88.8,5.0,maruti,maruti sx4 vdi,diesel,individual,manual,second owner,325000
2014,120000,12.05,2179.0,120.0,9.0,mahindra,mahindra scorpio lx bsiv,diesel,individual,manual,first owner,700000
2008,120000,17.5,1396.0,70.0,5.0,tata,tata indica v2 dicor dlg bs-iii,diesel,individual,manual,third owner,50000
2012,370000,12.05,2179.0,120.0,9.0,mahindra,mahindra scorpio lx,diesel,individual,manual,first owner,450000
2014,150360,22.32,1582.0,126.32,5.0,hyundai,hyundai verna 1.6 sx crdi (o),diesel,individual,manual,first owner,645000
2017,15000,24.7,1047.0,69.0,5.0,tata,tata tigor 1.05 revotorq xz,diesel,individual,manual,first owner,597000
2018,30000,24.04,999.0,67.0,5.0,renault,renault kwid amt,petrol,individual,automatic,second owner,400000
2009,150000,17.8,1248.0,75.0,5.0,maruti,maruti swift vdi bsiii,diesel,individual,manual,first owner,300000
2015,100000,25.2,1248.0,74.0,5.0,maruti,maruti swift vdi bsiv,diesel,individual,manual,second owner,573000
2011,70000,20.92,998.0,67.1,5.0,maruti,maruti alto k10 lxi,petrol,individual,manual,first owner,180000
2011,40000,26.0,624.0,35.0,4.0,tata,tata nano lx,petrol,individual,manual,first owner,70000
2008,154000,12.8,2494.0,102.0,8.0,toyota,toyota innova 2.5 g (diesel) 8 seater bs iv,diesel,individual,manual,third owner,500000
2004,110000,14.4,1599.0,94.0,5.0,hyundai,hyundai accent gls 1.6 abs,petrol,individual,manual,second owner,110000
2013,120000,20.77,1248.0,88.76,7.0,maruti,maruti ertiga vdi,diesel,individual,manual,second owner,450000
2013,145000,15.3,2956.0,83.83,7.0,tata,tata sumo gold gx,diesel,individual,manual,first owner,310000
2017,30000,25.32,1198.0,77.0,6.0,mahindra,mahindra kuv 100 d75 k8,diesel,individual,manual,first owner,400000
2014,90000,22.9,1248.0,74.0,5.0,maruti,maruti swift zdi,diesel,individual,manual,second owner,390000
2011,110000,19.7,796.0,46.3,5.0,maruti,maruti alto lxi,petrol,individual,manual,fourth & above owner,122000
2016,70000,15.4,1997.0,120.0,7.0,mahindra,mahindra scorpio 1.99 s4,diesel,individual,manual,first owner,741000
2012,40000,23.0,1396.0,90.0,5.0,hyundai,hyundai i20 1.4 crdi sportz,diesel,individual,manual,second owner,330000
2010,166000,12.05,2179.0,120.0,8.0,mahindra,mahindra scorpio sle bsiv,diesel,individual,manual,third owner,300000
2011,100000,20.36,1197.0,78.9,5.0,hyundai,hyundai i10 sportz,petrol,individual,manual,third owner,215000
2009,75000,18.9,1061.0,67.0,5.0,maruti,maruti wagon r lxi minor,petrol,individual,manual,third owner,150000
2013,42130,21.1,814.0,55.2,5.0,hyundai,hyundai eon era,petrol,individual,manual,first owner,250000
2010,53000,21.1,1197.0,85.8,5.0,maruti,maruti ritz lxi,petrol,individual,manual,second owner,180000
2006,106000,17.3,993.0,60.0,5.0,maruti,maruti zen lxi,petrol,individual,manual,second owner,150000
2005,96000,13.4,1794.0,125.0,5.0,toyota,toyota corolla dx,petrol,individual,manual,second owner,275000
2019,10000,21.01,1197.0,81.8,5.0,maruti,maruti baleno sigma,petrol,individual,manual,first owner,556000
2016,37000,20.85,1197.0,83.14,5.0,maruti,maruti swift dzire vxi optional,petrol,individual,manual,first owner,550000
2018,20000,16.0,2179.0,138.0,7.0,mahindra,mahindra xuv500 at w9 2wd,diesel,individual,automatic,first owner,1500000
2017,35000,17.71,1197.0,78.9,5.0,toyota,toyota etios liva 1.2 v dual tone,petrol,individual,manual,first owner,549000
2016,50000,18.6,1197.0,81.83,5.0,hyundai,hyundai i20 2015-2017 asta 1.2,petrol,individual,manual,first owner,630000
2020,5000,,2523.0,70.0,2.0,mahindra,mahindra bolero pik-up fb 1.7t,diesel,individual,manual,first owner,679000
2011,85000,,,,,maruti,maruti swift 1.3 zxi,petrol,individual,manual,first owner,320000
2017,47000,19.67,1582.0,126.2,5.0,hyundai,hyundai creta 1.6 crdi sx,diesel,individual,manual,second owner,1125000
2017,71000,27.39,1248.0,74.0,5.0,maruti,maruti baleno alpha 1.3,diesel,individual,manual,first owner,680000
2017,50000,25.6,1498.0,97.9,5.0,honda,honda city i-dtec zx,diesel,individual,manual,first owner,1050000
2015,57000,23.0,1248.0,88.7,5.0,tata,tata zest quadrajet 1.3 xms,diesel,individual,manual,first owner,450000
2010,43000,18.9,998.0,67.1,5.0,maruti,maruti wagon r vxi bs iv,petrol,individual,manual,first owner,210000
2014,60000,23.4,1248.0,74.0,5.0,maruti,maruti swift dzire vdi,diesel,individual,manual,first owner,470000
2014,60000,19.1,1197.0,85.8,5.0,maruti,maruti swift dzire vxi,petrol,individual,manual,first owner,470000
2015,40000,22.54,1396.0,88.73,5.0,hyundai,hyundai i20 asta 1.4 crdi,diesel,individual,manual,first owner,550000
2011,60000,19.0,998.0,66.1,5.0,maruti,maruti a-star vxi,petrol,individual,manual,first owner,204999
2015,30000,18.0,1497.0,117.3,5.0,honda,honda city i vtec cvt vx,petrol,individual,automatic,first owner,950000
2015,160000,22.54,1396.0,88.73,5.0,hyundai,hyundai i20 asta option 1.4 crdi,diesel,individual,manual,second owner,550000
2007,147500,12.8,2494.0,102.0,7.0,toyota,toyota innova 2.5 e diesel ps 7-seater,diesel,individual,manual,second owner,270000
2013,90000,22.07,1199.0,73.9,5.0,volkswagen,volkswagen polo diesel trendline 1.2l,diesel,individual,manual,third owner,280000
2015,70000,28.09,1248.0,88.5,5.0,maruti,maruti ciaz zdi plus shvs,diesel,individual,manual,second owner,630000
2007,70000,17.7,1497.0,78.0,5.0,honda,honda city 2017-2020 exi,petrol,individual,manual,first owner,220000
2014,120000,14.95,2489.0,93.7,7.0,mahindra,mahindra xylo d4,diesel,individual,manual,first owner,320000
2013,75000,21.1,814.0,55.2,5.0,hyundai,hyundai eon era plus,petrol,individual,manual,second owner,225000
2010,85000,17.0,1497.0,118.0,5.0,honda,honda city 1.5 v mt,petrol,individual,manual,second owner,380000
2012,70000,19.3,1248.0,73.9,5.0,maruti,maruti swift dzire vdi,diesel,individual,manual,third owner,380000
2017,29000,22.0,1498.0,108.495,5.0,volkswagen,volkswagen ameo 1.5 tdi highline 16 alloy,diesel,individual,manual,first owner,600000
2014,40000,13.1,2499.0,141.0,7.0,ford,ford endeavour 2.5l 4x2 mt,diesel,individual,manual,second owner,620000
2012,90000,19.08,1582.0,126.32,5.0,hyundai,hyundai verna sx crdi at,diesel,individual,automatic,first owner,500000
2015,40000,18.49,1493.0,100.0,7.0,mahindra,mahindra tuv 300 t8 amt,diesel,individual,automatic,first owner,700000
2015,138000,22.77,1498.0,98.59,5.0,ford,ford ecosport 1.5 tdci titanium plus bsiv,diesel,individual,manual,first owner,550000
2016,70000,25.2,1248.0,74.0,5.0,maruti,maruti swift vdi optional,diesel,individual,manual,first owner,600000
2019,30000,19.44,999.0,75.0,5.0,volkswagen,volkswagen ameo 1.0 mpi comfortline,petrol,individual,manual,second owner,550000
2013,125000,22.32,1582.0,126.3,5.0,hyundai,hyundai verna 1.6 crdi,diesel,individual,manual,third owner,475000
2015,120000,26.0,1498.0,98.6,5.0,honda,honda city i dtec s,diesel,individual,manual,second owner,615000
2013,180000,23.4,1248.0,74.0,5.0,maruti,maruti swift dzire ldi,diesel,individual,manual,second owner,385000
2015,20000,17.57,1193.0,88.7,5.0,tata,tata zest revotron 1.2t xms,petrol,individual,manual,first owner,500000
2012,80000,19.87,1461.0,83.8,5.0,renault,renault duster 85ps diesel rxl option,diesel,individual,manual,first owner,450000
2014,110000,12.99,2494.0,100.6,7.0,toyota,toyota innova 2.5 z diesel 7 seater,diesel,individual,manual,second owner,969999
2013,80000,22.32,1582.0,126.32,5.0,hyundai,hyundai verna 1.6 sx crdi (o),diesel,individual,manual,second owner,580000
2017,40000,23.59,1364.0,67.05,5.0,toyota,toyota platinum etios 1.4 gxd,diesel,individual,manual,first owner,550000
2018,30000,17.5,1199.0,88.7,5.0,honda,honda wr-v i-vtec s,petrol,individual,manual,first owner,780000
2014,80000,25.01,1498.0,89.75,5.0,ford,ford fiesta 1.5 tdci titanium,diesel,individual,manual,first owner,500000
2011,140000,20.0,1968.0,108.5,5.0,skoda,skoda laura ambiente 2.0 tdi cr mt,diesel,individual,manual,second owner,270000
2017,25000,23.95,998.0,67.05,5.0,maruti,maruti alto k10 vxi,petrol,individual,manual,first owner,335000
2017,20000,28.4,1248.0,74.02,5.0,maruti,maruti swift dzire vdi,diesel,individual,manual,first owner,755000
2017,30000,21.1,814.0,55.2,5.0,hyundai,hyundai eon magna plus,petrol,individual,manual,first owner,340000
2009,80000,10.93,3498.0,272.0,5.0,mercedes-benz,mercedes-benz e-class e350 petrol,petrol,individual,automatic,third owner,1000000
2018,46000,19.67,1582.0,126.2,5.0,hyundai,hyundai creta 1.6 crdi sx,diesel,individual,manual,first owner,1237000
2013,70000,22.07,1199.0,73.9,5.0,volkswagen,volkswagen polo diesel highline 1.2l,diesel,individual,manual,second owner,350000
2000,56194,16.1,796.0,37.0,4.0,maruti,maruti 800 std,petrol,individual,manual,fourth & above owner,31000
2018,40000,22.0,1197.0,81.8,5.0,maruti,maruti swift zxi plus,petrol,individual,manual,first owner,695000
2015,40000,22.74,796.0,47.3,5.0,maruti,maruti alto 800 vxi,petrol,individual,manual,first owner,270000
2016,120000,24.52,1248.0,88.5,7.0,maruti,maruti ertiga shvs vdi,diesel,individual,manual,first owner,790000
2016,120000,25.2,1248.0,74.0,5.0,maruti,maruti swift vdi optional,diesel,individual,manual,first owner,590000
2017,120000,21.21,1197.0,81.8,5.0,maruti,maruti swift dzire amt vxi,petrol,individual,automatic,first owner,635000
2015,110000,15.96,2523.0,62.1,7.0,mahindra,mahindra bolero 2011-2019 zlx,diesel,individual,manual,second owner,540000
2012,67000,23.08,1461.0,63.12,5.0,renault,renault pulse rxz,diesel,individual,manual,second owner,265000
2014,50000,23.4,1248.0,74.0,5.0,maruti,maruti swift dzire zdi,diesel,individual,manual,first owner,600000
2012,100000,22.32,1582.0,126.3,5.0,hyundai,hyundai verna 1.6 crdi,diesel,individual,manual,second owner,409999
2015,80000,23.59,1364.0,67.05,5.0,toyota,toyota etios gd,diesel,individual,manual,second owner,525000
2011,50000,18.5,1399.0,68.0,5.0,ford,ford figo diesel exi option,diesel,individual,manual,first owner,150000
2007,70000,15.9,1298.0,85.0,5.0,maruti,maruti esteem lxi - bsiii,petrol,individual,manual,third owner,55000
2011,70000,14.0,796.0,35.0,5.0,maruti,maruti omni 5 seater bsiv,petrol,individual,manual,second owner,130000
2017,50000,24.3,1248.0,88.5,5.0,maruti,maruti vitara brezza zdi plus dual tone,diesel,individual,manual,first owner,925000
2017,65000,21.04,1461.0,83.8,7.0,renault,renault lodgy 85ps rxe 7 seater,diesel,individual,manual,second owner,690000
2012,200000,20.77,1248.0,88.76,7.0,maruti,maruti ertiga vdi,diesel,individual,manual,second owner,560000
2018,7500,28.09,1248.0,88.5,5.0,maruti,maruti ciaz zeta diesel,diesel,individual,manual,first owner,950000
2017,65000,21.04,1461.0,83.8,7.0,renault,renault lodgy 85ps rxe 7 seater,diesel,individual,manual,second owner,695000
2013,35000,18.6,1197.0,85.8,5.0,maruti,maruti swift vxi,petrol,individual,manual,second owner,450000
2013,60000,16.2,2993.0,235.0,5.0,bmw,bmw 5 series 530d,diesel,individual,automatic,first owner,2000000
2009,71000,16.1,1197.0,85.0,5.0,maruti,maruti swift vxi bsiv,petrol,individual,manual,first owner,229999
2017,30000,23.95,998.0,67.05,5.0,maruti,maruti alto k10 lxi,petrol,individual,manual,first owner,300000
2012,50000,19.7,796.0,46.3,5.0,maruti,maruti alto lxi,petrol,individual,manual,second owner,200000
2008,80000,14.84,2143.0,170.0,5.0,mercedes-benz,mercedes-benz new c-class c 220 cdi elegance at,diesel,individual,automatic,second owner,725000
2011,90000,18.06,1198.0,75.0,5.0,nissan,nissan micra xv,petrol,individual,manual,second owner,235000
2017,13000,18.6,1197.0,81.83,5.0,hyundai,hyundai i20 2015-2017 sportz 1.2,petrol,individual,manual,first owner,666000
2000,100000,16.1,796.0,37.0,4.0,maruti,maruti 800 ac,petrol,individual,manual,third owner,65000
2004,80000,,,,,hyundai,hyundai santro xing xg,petrol,individual,manual,third owner,85000
2018,30000,25.5,1498.0,98.6,5.0,honda,honda wr-v i-dtec vx,diesel,individual,manual,first owner,834000
2012,120000,15.96,2523.0,62.1,7.0,mahindra,mahindra bolero 2011-2019 slx,diesel,individual,manual,first owner,430000
2010,120000,17.8,1248.0,75.0,5.0,maruti,maruti swift vdi bsiii,diesel,individual,manual,second owner,360000
2014,70000,21.1,814.0,55.2,5.0,hyundai,hyundai eon era plus,petrol,individual,manual,first owner,240000
2016,210000,25.2,1248.0,74.0,5.0,maruti,maruti swift vdi deca,diesel,individual,manual,first owner,210000
2010,148000,19.09,1396.0,69.0,5.0,tata,tata indigo ecs le tdi bsiii,diesel,individual,manual,second owner,135000
2017,54188,18.49,1493.0,100.0,7.0,mahindra,mahindra tuv 300 t6 plus,diesel,individual,manual,first owner,700000
2017,60000,18.49,1493.0,100.0,7.0,mahindra,mahindra tuv 300 t6 plus,diesel,individual,manual,first owner,750000
2012,90000,20.5,1598.0,103.5,5.0,skoda,skoda rapid 1.6 tdi elegance,diesel,individual,manual,first owner,425000
2011,100000,18.6,1199.0,79.4,5.0,chevrolet,chevrolet beat lt,petrol,individual,manual,third owner,150000
2014,40000,21.1,814.0,55.2,5.0,hyundai,hyundai eon d lite plus,petrol,individual,manual,first owner,215000
2014,35000,20.63,1198.0,67.0,5.0,datsun,datsun go t bsiv,petrol,individual,manual,first owner,225000
2017,20000,23.01,999.0,67.0,5.0,renault,renault kwid climber 1.0 mt,petrol,individual,manual,first owner,330000
2007,144000,10.9,796.0,32.8,5.0,maruti,maruti omni lpg cargo bsiii w immobiliser,lpg,individual,manual,second owner,54000
2014,54043,18.9,1197.0,81.86,5.0,hyundai,hyundai grand i10 at sportz,petrol,dealer,automatic,first owner,374000
2012,66657,22.32,1582.0,126.32,5.0,hyundai,hyundai verna 1.6 sx crdi (o) at,diesel,dealer,automatic,first owner,549000
2016,42000,19.09,1405.0,69.01,5.0,tata,tata indigo cs ls (tdi) bs-iii,diesel,individual,manual,second owner,390000
2013,35582,18.5,1197.0,82.85,5.0,hyundai,hyundai i20 asta optional with sunroof 1.2,petrol,dealer,manual,first owner,455999
2013,54327,17.2,1197.0,103.6,5.0,volkswagen,volkswagen polo gt tsi,petrol,dealer,automatic,second owner,453000
2016,7949,17.0,1198.0,73.75,5.0,volkswagen,volkswagen ameo 1.2 mpi highline,petrol,dealer,manual,first owner,579000
2010,59734,16.95,1197.0,78.9,5.0,hyundai,hyundai i10 sportz 1.2 at,petrol,dealer,automatic,first owner,258000
2012,49185,16.8,1497.0,116.4,5.0,honda,honda city s,petrol,dealer,manual,first owner,428000
2011,56389,20.36,1197.0,78.9,5.0,hyundai,hyundai i10 magna,petrol,dealer,manual,first owner,262000
2013,58245,16.47,1198.0,73.9,5.0,volkswagen,volkswagen polo petrol highline 1.2l,petrol,dealer,manual,first owner,389000
2015,36422,18.44,1198.0,75.0,5.0,nissan,nissan micra xl optional,petrol,dealer,manual,first owner,346000
2011,42535,16.7,1198.0,88.8,5.0,honda,honda jazz basic,petrol,dealer,manual,first owner,339000
2011,40736,16.95,1197.0,78.9,5.0,hyundai,hyundai i10 sportz at,petrol,dealer,automatic,first owner,272000
2012,56246,18.6,1197.0,85.8,5.0,maruti,maruti swift vxi,petrol,dealer,manual,first owner,369000
2011,55403,18.6,1197.0,85.8,5.0,maruti,maruti swift lxi,petrol,dealer,manual,first owner,277000
2018,30000,20.3,1199.0,84.0,5.0,tata,tata tigor 1.2 revotron xz,petrol,individual,manual,first owner,535000
2015,67000,23.95,998.0,67.05,5.0,maruti,maruti alto k10 vxi,petrol,individual,manual,first owner,265000
2013,70000,17.01,1591.0,121.3,5.0,hyundai,hyundai verna 1.6 vtvt,petrol,individual,manual,first owner,400000
2014,90000,24.0,1120.0,70.0,5.0,hyundai,hyundai grand i10 crdi asta,diesel,individual,manual,second owner,459999
2019,7500,18.6,1197.0,81.86,5.0,hyundai,hyundai elite i20 petrol sportz,petrol,individual,manual,first owner,667000
2011,80000,11.57,2179.0,138.1,7.0,tata,tata new safari dicor 2.2 ex 4x2,diesel,individual,manual,second owner,300000
2012,186000,23.57,1396.0,70.0,5.0,tata,tata indigo cr4,diesel,individual,manual,first owner,229999
2016,110000,25.0,1396.0,69.0,5.0,tata,tata indica v2 els,diesel,individual,manual,second owner,200000
2005,120000,17.8,1399.0,68.0,5.0,ford,ford fiesta 1.4 tdci exi,diesel,individual,manual,third owner,150000
2012,105358,17.8,1399.0,67.0,5.0,ford,ford fiesta classic 1.4 duratorq clxi,diesel,individual,manual,third owner,280000
2014,70000,18.6,1197.0,81.83,5.0,hyundai,hyundai i20 sportz option 1.2,petrol,individual,manual,second owner,590000
2010,49200,19.81,1086.0,68.05,5.0,hyundai,hyundai i10 era,petrol,individual,manual,second owner,142000
2017,40000,17.4,1497.0,117.6,5.0,honda,honda city i-vtec vx,petrol,individual,manual,first owner,850000
2014,40000,24.2,1498.0,98.6,7.0,honda,honda mobilio v i dtec,diesel,individual,manual,second owner,600000
2017,40000,18.49,1493.0,100.0,7.0,mahindra,mahindra tuv 300 t8,diesel,individual,manual,first owner,700000
2013,70000,18.6,1199.0,79.4,5.0,chevrolet,chevrolet beat ls,petrol,individual,manual,first owner,200000
2016,110000,19.67,1582.0,126.2,5.0,hyundai,hyundai creta 1.6 crdi sx,diesel,individual,manual,first owner,900000
2014,100000,23.95,998.0,67.05,5.0,maruti,maruti alto k10 vxi,petrol,individual,manual,first owner,220000
2018,10000,18.9,1197.0,81.86,5.0,hyundai,hyundai grand i10 1.2 kappa sportz at,petrol,individual,automatic,second owner,650000
2017,70000,15.04,2755.0,174.5,7.0,toyota,toyota fortuner 2.8 4wd at bsiv,diesel,individual,automatic,first owner,3100000
2016,100600,13.68,2393.0,147.8,8.0,toyota,toyota innova crysta 2.4 vx mt 8s bsiv,diesel,individual,manual,second owner,1500000
2012,50000,16.09,1995.0,184.0,5.0,bmw,bmw x3 xdrive20d,diesel,individual,automatic,first owner,1800000
2014,136000,15.1,2179.0,140.0,7.0,mahindra,mahindra xuv500 w8 4wd,diesel,individual,manual,first owner,800000
2017,48000,17.9,2143.0,136.0,5.0,mercedes-benz,mercedes-benz gla class 200 cdi sport,diesel,individual,automatic,second owner,2100000
2010,110000,17.8,1399.0,68.0,5.0,ford,ford fiesta 1.4 zxi tdci le,diesel,individual,manual,third owner,250000
2012,86000,19.01,1461.0,108.45,5.0,renault,renault duster 110ps diesel rxz,diesel,individual,manual,first owner,550000
2009,141000,19.7,796.0,46.3,5.0,maruti,maruti alto lxi,petrol,individual,manual,second owner,125000
2011,80000,17.0,1497.0,118.0,5.0,honda,honda city 1.5 s mt,petrol,individual,manual,third owner,450000
2015,140000,16.0,2179.0,140.0,7.0,mahindra,mahindra xuv500 w10 2wd,diesel,individual,manual,first owner,850000
2014,65000,23.4,1248.0,74.0,5.0,maruti,maruti swift dzire zdi,diesel,individual,manual,second owner,459999
2014,110000,23.4,1248.0,74.0,5.0,maruti,maruti swift dzire vdi,diesel,individual,manual,second owner,434999
2008,100000,17.0,1405.0,70.0,5.0,tata,tata indigo lx,diesel,individual,manual,second owner,120000
2015,80000,25.2,1248.0,74.0,5.0,maruti,maruti swift vdi optional,diesel,individual,manual,first owner,600000
2008,90000,18.9,998.0,67.1,5.0,maruti,maruti wagon r vxi bs iv,petrol,individual,manual,second owner,135000
2016,35000,22.54,1396.0,88.73,5.0,hyundai,hyundai i20 2015-2017 asta option 1.4 crdi,diesel,individual,manual,first owner,780000
2008,195000,19.7,796.0,46.3,5.0,maruti,maruti alto lxi bsiii,petrol,individual,manual,second owner,100000
2017,60000,22.54,1396.0,88.73,5.0,hyundai,hyundai i20 2015-2017 sportz 1.4 crdi,diesel,individual,manual,first owner,650000
2004,50000,16.1,796.0,37.0,4.0,maruti,maruti 800 ac,petrol,individual,manual,first owner,50000
2012,100000,22.32,1582.0,126.32,5.0,hyundai,hyundai verna 1.6 vgt crdi,diesel,individual,manual,second owner,425000
2015,70000,20.4,1248.0,91.7,5.0,fiat,fiat linea 1.3 multijet emotion,diesel,individual,manual,first owner,500000
2017,30000,25.2,1248.0,74.0,5.0,maruti,maruti swift vdi bsiv,diesel,individual,manual,first owner,590000
2016,27000,23.1,998.0,67.04,5.0,maruti,maruti celerio zxi,petrol,individual,manual,first owner,459999
2020,5000,21.21,1197.0,81.8,5.0,maruti,maruti swift zxi plus,petrol,individual,manual,first owner,578000
2012,110000,20.77,1248.0,88.76,7.0,maruti,maruti ertiga vdi,diesel,individual,manual,second owner,550000
2013,80000,16.8,1497.0,116.3,5.0,honda,honda city corporate edition,petrol,individual,manual,second owner,465000
2018,80000,16.5,1493.0,70.0,7.0,mahindra,mahindra bolero power plus zlx,diesel,individual,manual,first owner,890000
2014,110000,20.8,1461.0,65.0,5.0,mahindra,mahindra verito 1.5 d6 bsiii,diesel,individual,manual,first owner,250000
2015,60000,26.59,1248.0,74.0,5.0,maruti,maruti swift dzire vdi,diesel,individual,manual,first owner,615000
2014,60000,20.77,1248.0,88.8,7.0,maruti,maruti ertiga zdi,diesel,individual,manual,second owner,684000
2014,64000,20.77,1248.0,88.8,7.0,maruti,maruti ertiga zdi,diesel,individual,manual,second owner,680000
2014,120000,20.45,1461.0,83.8,5.0,renault,renault duster 85ps diesel rxe,diesel,individual,manual,first owner,500000
2014,120000,20.45,1461.0,83.8,5.0,renault,renault duster 85ps diesel rxe,diesel,individual,manual,first owner,520000
2012,140000,,,,,toyota,toyota etios gd sp,diesel,individual,manual,second owner,390000
2012,135000,,,,,toyota,toyota etios gd sp,diesel,individual,manual,third owner,434999
2010,166000,,,,,maruti,maruti swift vdi bsiv,diesel,individual,manual,second owner,350000
2018,60000,24.4,1498.0,98.63,5.0,ford,ford freestyle trend diesel bsiv,diesel,individual,manual,first owner,675000
2011,81500,14.84,2143.0,167.62,5.0,mercedes-benz,mercedes-benz new c-class c 220 cdi be avantgare,diesel,individual,automatic,second owner,1350000
2011,80000,15.8,2148.0,170.0,5.0,mercedes-benz,mercedes-benz new c-class 250 cdi classic,diesel,individual,automatic,first owner,1350000
2019,15000,20.0,1497.0,115.0,5.0,mahindra,mahindra xuv300 w8 option diesel bsiv,diesel,individual,manual,first owner,1200000
2011,60000,19.3,1248.0,73.9,5.0,maruti,maruti swift dzire vdi bsiv,diesel,individual,manual,first owner,265000
2016,40000,16.2,1199.0,74.0,5.0,volkswagen,volkswagen polo 1.2 mpi comfortline,petrol,individual,manual,second owner,395000
2016,40000,16.2,1199.0,74.0,5.0,volkswagen,volkswagen polo 1.2 mpi comfortline,petrol,individual,manual,second owner,385000
2009,70000,18.9,1061.0,67.0,5.0,maruti,maruti wagon r lxi minor,petrol,individual,manual,second owner,142000
2009,35000,19.81,1086.0,68.05,5.0,hyundai,hyundai i10 era,petrol,individual,manual,first owner,160000
2012,50000,19.09,1396.0,69.0,5.0,tata,tata indigo cs lx (tdi) bs iii,diesel,individual,manual,third owner,180000
2019,3177,18.5,1194.0,94.93,5.0,ford,ford figo titanium blu,petrol,dealer,manual,first owner,700000
2015,39414,18.9,1197.0,81.86,5.0,hyundai,hyundai grand i10 magna,petrol,dealer,manual,first owner,400000
2012,30078,15.3,1396.0,70.0,5.0,tata,tata indica v2 glx bsiii,petrol,dealer,manual,first owner,200000
2012,44588,21.1,814.0,55.2,5.0,hyundai,hyundai eon magna plus option,petrol,dealer,manual,first owner,250000
2015,49907,21.63,998.0,67.04,5.0,maruti,maruti celerio zxi,petrol,dealer,manual,first owner,400000
2013,67082,21.21,1197.0,81.8,5.0,maruti,maruti swift vxi,petrol,dealer,manual,second owner,371000
2016,112879,23.0,1498.0,98.96,5.0,ford,ford ecosport 1.5 diesel titanium bsiv,diesel,dealer,manual,second owner,570000
2013,80000,19.4,1198.0,86.8,5.0,honda,honda brio s mt,petrol,individual,manual,second owner,300000
2017,25000,18.6,1197.0,81.83,5.0,hyundai,hyundai i20 1.2 asta,petrol,individual,manual,first owner,620000
2018,10200,17.4,1497.0,117.6,5.0,honda,honda city i-vtec v,petrol,individual,manual,first owner,949000
2018,60000,16.5,1493.0,70.0,7.0,mahindra,mahindra bolero 2011-2019 mhawk d70 zlx,diesel,individual,manual,first owner,750000
2017,20000,23.1,998.0,67.04,5.0,maruti,maruti celerio vxi,petrol,individual,manual,second owner,350000
2017,60000,16.0,2179.0,140.0,7.0,mahindra,mahindra xuv500 w10 2wd,diesel,individual,manual,first owner,1250000
2016,30000,23.01,999.0,67.0,5.0,renault,renault kwid 1.0,petrol,individual,manual,third owner,270000
2013,40000,21.1,814.0,55.2,5.0,hyundai,hyundai eon magna plus,petrol,individual,manual,second owner,235000
2016,60000,20.4,1197.0,81.8,5.0,maruti,maruti swift vxi optional,petrol,individual,manual,first owner,500000
2012,111000,19.7,796.0,46.3,5.0,maruti,maruti alto lxi,petrol,individual,manual,first owner,220000
2014,70000,23.4,1248.0,74.0,5.0,maruti,maruti swift dzire ldix limited edition,diesel,individual,manual,second owner,380000
2010,100000,20.92,998.0,67.1,5.0,maruti,maruti alto k10 2010-2014 vxi,petrol,individual,manual,third owner,160000
2017,25000,20.3,998.0,68.05,5.0,hyundai,hyundai eon 1.0 era plus,petrol,individual,manual,first owner,339000
2011,100000,15.3,1596.0,99.6,5.0,ford,ford fiesta classic 1.6 duratec clxi,petrol,individual,manual,first owner,229999
2016,35000,25.32,1198.0,77.0,6.0,mahindra,mahindra kuv 100 mfalcon d75 k2 plus,diesel,individual,manual,first owner,400000
2018,25000,25.4,1186.0,73.97,5.0,hyundai,hyundai xcent 1.2 crdi e plus,diesel,individual,manual,first owner,470000
2003,58000,16.1,796.0,37.0,4.0,maruti,maruti 800 std,petrol,individual,manual,first owner,45000
2019,20000,19.4,1194.0,94.93,5.0,ford,ford aspire titanium bsiv,petrol,individual,manual,first owner,575000
2019,1300,22.5,999.0,67.0,5.0,datsun,datsun redigo sv 1.0,petrol,individual,manual,first owner,325000
1997,120000,16.1,796.0,37.0,4.0,maruti,maruti 800 ac,petrol,individual,manual,second owner,50000
2014,15000,20.51,998.0,67.04,5.0,maruti,maruti wagon r vxi bs iv,petrol,individual,manual,first owner,350000
2016,25000,25.17,799.0,53.3,5.0,renault,renault kwid rxt optional,petrol,individual,manual,first owner,300000
2014,150000,19.01,1461.0,108.5,5.0,nissan,nissan terrano xl 110 ps,diesel,individual,manual,first owner,540000
2018,10000,23.1,998.0,67.04,5.0,maruti,maruti celerio zxi optional mt bsiv,petrol,individual,manual,first owner,580000
2015,70000,19.67,1582.0,126.2,5.0,hyundai,hyundai creta 1.6 crdi sx option,diesel,individual,manual,first owner,1000000
2017,80000,22.95,1248.0,74.0,5.0,tata,tata zest quadrajet 1.3 75ps xm,diesel,individual,manual,first owner,459999
2015,50000,25.2,1248.0,74.0,5.0,maruti,maruti swift vdi bsiv,diesel,individual,manual,first owner,635000
2014,83000,22.32,1582.0,126.32,5.0,hyundai,hyundai verna 1.6 sx,diesel,individual,manual,third owner,650000
2013,116000,23.4,1248.0,74.0,5.0,maruti,maruti swift dzire vdi,diesel,individual,manual,second owner,525000
2015,60000,15.8,1172.0,67.1,5.0,fiat,fiat grande punto evo 1.2 dynamic,petrol,individual,manual,third owner,350000
2008,175802,19.3,1248.0,73.9,5.0,maruti,maruti swift dzire zdi,diesel,individual,manual,third owner,320000
2006,192000,12.8,2494.0,102.0,8.0,toyota,toyota innova 2.5 g (diesel) 8 seater bs iv,diesel,individual,manual,fourth & above owner,450000
2011,73840,15.04,1598.0,103.6,5.0,volkswagen,volkswagen vento petrol trendline,petrol,individual,manual,first owner,227000
2011,162000,13.6,2523.0,63.0,8.0,mahindra,mahindra bolero di dx 8 seater,diesel,individual,manual,second owner,325000
2018,20000,23.0,999.0,67.0,5.0,datsun,datsun redigo amt 1.0 s,petrol,individual,automatic,first owner,275000
2013,75000,18.9,1197.0,82.0,5.0,hyundai,hyundai grand i10 magna,petrol,individual,manual,third owner,300000
2011,320000,12.05,2179.0,120.0,8.0,mahindra,mahindra scorpio sle bsiii,diesel,individual,manual,third owner,400000
2015,120000,20.34,1498.0,103.2,5.0,volkswagen,volkswagen vento 1.5 tdi highline,diesel,individual,manual,second owner,550000
2017,40000,21.66,1498.0,108.6,5.0,skoda,skoda rapid monte carlo 1.5 tdi at bsiv,diesel,individual,automatic,first owner,900000
2010,20000,19.7,796.0,46.3,5.0,maruti,maruti alto lxi bsiii,petrol,individual,manual,first owner,165000
2014,70000,21.1,814.0,55.2,5.0,hyundai,hyundai eon magna plus,petrol,individual,manual,first owner,210000
2016,30000,19.64,1461.0,108.45,5.0,renault,renault duster 110ps diesel rxl explore,diesel,individual,manual,first owner,650000
2014,120000,15.1,2179.0,140.0,7.0,mahindra,mahindra xuv500 w8 2wd,diesel,individual,manual,first owner,680000
2019,25000,23.01,999.0,67.0,5.0,renault,renault kwid 1.0 rxt bsiv,petrol,individual,manual,first owner,390000
2016,80000,25.17,799.0,53.3,5.0,renault,renault kwid rxl,petrol,individual,manual,first owner,260000
2013,67000,19.1,1197.0,85.8,5.0,maruti,maruti swift dzire vxi,petrol,individual,manual,first owner,450000
2008,120000,19.81,1086.0,68.05,5.0,hyundai,hyundai i10 era,petrol,individual,manual,second owner,130000
2019,9000,24.3,1248.0,88.5,5.0,maruti,maruti vitara brezza zdi,diesel,individual,manual,first owner,890000
2014,60000,11.0,2982.0,170.3,7.0,toyota,toyota land cruiser prado vx l,diesel,individual,automatic,first owner,3500000
2014,80000,25.1,1498.0,98.6,5.0,honda,honda city i dtec vx,diesel,individual,manual,second owner,750000
2011,120000,12.2,2499.0,80.0,10.0,chevrolet,chevrolet tavera neo ls b3 - 10 seats bsiii,diesel,individual,manual,second owner,350000
2019,24857,16.5,1799.0,139.46,5.0,honda,honda civic zx,petrol,dealer,automatic,test drive car,2000000
2017,26442,20.3,998.0,68.05,5.0,hyundai,hyundai eon 1.0 era plus,petrol,individual,manual,first owner,270000
2017,35000,17.5,1373.0,91.1,7.0,maruti,maruti ertiga bsiv vxi,petrol,individual,manual,first owner,700000
2010,28000,19.7,796.0,46.3,5.0,maruti,maruti alto lxi,petrol,individual,manual,second owner,130000
2015,80000,20.77,1248.0,88.8,7.0,maruti,maruti ertiga zdi,diesel,individual,manual,first owner,650000
2005,39000,19.7,796.0,46.3,5.0,maruti,maruti alto lx,petrol,individual,manual,first owner,55000
2017,20000,20.51,998.0,67.0,5.0,maruti,maruti wagon r amt vxi plus,petrol,individual,automatic,first owner,475000
2013,50000,21.64,1461.0,84.8,5.0,nissan,nissan sunny diesel xl,diesel,individual,manual,first owner,325000
2017,40000,19.0,1199.0,88.7,5.0,honda,honda jazz 1.2 v at i vtec privilege,petrol,individual,automatic,first owner,615000
2015,15000,18.9,1197.0,82.0,5.0,hyundai,hyundai grand i10 sportz,petrol,individual,manual,first owner,390000
2019,15000,22.0,1197.0,81.8,5.0,maruti,maruti swift amt zxi plus bsiv,petrol,individual,automatic,first owner,650000
2015,30000,20.4,1197.0,81.8,5.0,maruti,maruti swift vxi optional,petrol,individual,manual,first owner,440000
2014,70000,26.0,1498.0,98.6,5.0,honda,honda city i dtec v,diesel,individual,manual,first owner,600000
2012,80000,16.2,995.0,62.1,5.0,chevrolet,chevrolet spark 1.0 lt,petrol,individual,manual,first owner,170000
2013,80000,15.96,2523.0,63.0,9.0,mahindra,mahindra bolero 2011-2019 di - ac bs iii,diesel,individual,manual,first owner,499000
2015,120000,12.99,2494.0,100.6,7.0,toyota,toyota innova 2.5 vx (diesel) 7 seater,diesel,individual,manual,first owner,1300000
2016,80000,23.9,1582.0,126.2,5.0,hyundai,hyundai verna 1.6 crdi s,diesel,individual,manual,first owner,800000
2020,5000,21.21,1197.0,81.8,5.0,maruti,maruti swift vxi,petrol,individual,manual,first owner,600000
2017,50000,18.5,1198.0,86.8,5.0,honda,honda brio 1.2 e mt,petrol,individual,manual,first owner,400000
2017,65000,26.59,1248.0,74.0,5.0,maruti,maruti swift dzire vdi,diesel,individual,manual,first owner,700000
2017,35000,27.39,1248.0,74.0,5.0,maruti,maruti baleno alpha 1.3,diesel,individual,manual,first owner,800000
2015,90000,27.3,1498.0,98.6,5.0,honda,honda jazz 1.5 v i dtec,diesel,individual,manual,first owner,600000
2016,100000,25.2,1248.0,74.0,5.0,maruti,maruti swift vdi bsiv,diesel,individual,manual,first owner,580000
2016,15000,25.17,799.0,53.3,5.0,renault,renault kwid rxt,petrol,individual,manual,first owner,350000
2011,147000,20.0,1399.0,68.0,5.0,ford,ford figo diesel zxi,diesel,individual,manual,first owner,204999
2017,20000,16.0,2179.0,140.0,7.0,mahindra,mahindra xuv500 w10 2wd,diesel,individual,manual,first owner,1350000
2009,120000,23.0,1396.0,90.0,5.0,hyundai,hyundai i20 asta 1.4 crdi (diesel),diesel,individual,manual,second owner,310000
2011,250000,12.8,2494.0,102.0,7.0,toyota,toyota innova 2.5 v diesel 7-seater,diesel,individual,manual,second owner,700000
2016,69000,25.83,1498.0,99.0,5.0,ford,ford figo 1.5d titanium opt mt,diesel,individual,manual,second owner,459999
2017,80000,28.09,1248.0,88.5,5.0,maruti,maruti ciaz zdi plus shvs,diesel,individual,manual,first owner,860000
2012,97000,19.0,1086.0,68.1,5.0,hyundai,hyundai i10 lpg,lpg,individual,manual,third owner,275000
2016,15000,25.17,799.0,53.3,5.0,renault,renault kwid rxt optional,petrol,individual,manual,first owner,390000
2005,50800,19.7,796.0,46.3,5.0,maruti,maruti alto lx bsiii,petrol,dealer,manual,second owner,110000
2018,30000,17.09,2993.0,261.4,4.0,bmw,bmw 6 series gt 630d luxury line,diesel,individual,automatic,first owner,5830000
2018,40142,24.4,1120.0,71.0,5.0,hyundai,hyundai xcent 1.1 crdi sx option,diesel,dealer,manual,first owner,665000
2019,9400,18.6,1197.0,81.83,5.0,hyundai,hyundai i20 1.2 asta,petrol,dealer,manual,first owner,721000
2016,62000,25.32,1198.0,77.0,5.0,mahindra,mahindra kuv 100 d75 k6 plus 5str,diesel,dealer,manual,first owner,390000
2019,12584,16.55,2498.0,105.0,6.0,mahindra,mahindra thar crde,diesel,dealer,manual,first owner,975000
2019,4300,18.6,1197.0,81.86,5.0,hyundai,hyundai elite i20 sportz plus dual tone bsiv,petrol,dealer,manual,first owner,685000
2019,14548,21.21,1197.0,81.8,5.0,maruti,maruti swift vxi,petrol,dealer,manual,first owner,595000
2018,44772,23.0,1498.0,98.96,5.0,ford,ford ecosport 1.5 diesel titanium plus bsiv,diesel,dealer,manual,second owner,900000
2018,48500,25.47,1248.0,88.5,7.0,maruti,maruti ertiga zdi plus,diesel,dealer,manual,first owner,950000
2017,28782,18.6,1197.0,81.83,5.0,hyundai,hyundai i20 2015-2017 magna 1.2,petrol,dealer,manual,first owner,570000
2018,28451,18.6,1197.0,81.83,5.0,hyundai,hyundai i20 asta 1.2,petrol,dealer,manual,first owner,700000
2018,36500,24.3,1248.0,88.5,5.0,maruti,maruti vitara brezza zdi,diesel,dealer,manual,first owner,910000
2018,44885,26.59,1248.0,74.0,5.0,maruti,maruti swift dzire vdi optional,diesel,dealer,manual,first owner,751000
2009,110000,17.0,1405.0,71.0,5.0,tata,tata indica vista terra 1.4 tdi,diesel,individual,manual,second owner,135000
2017,41000,20.5,1582.0,126.2,5.0,hyundai,hyundai creta 1.6 sx diesel,diesel,dealer,manual,first owner,975000
2019,50000,24.52,1248.0,88.5,7.0,maruti,maruti ertiga shvs vdi,diesel,dealer,manual,first owner,925000
2016,66000,20.77,1248.0,88.8,7.0,maruti,maruti ertiga zdi,diesel,dealer,manual,first owner,725000
2013,65000,20.77,1248.0,88.76,7.0,maruti,maruti ertiga vdi,diesel,dealer,manual,first owner,550000
2014,76000,22.54,1396.0,88.73,5.0,hyundai,hyundai i20 diesel asta option,diesel,dealer,manual,first owner,550000
2013,95000,12.8,2494.0,102.0,7.0,toyota,toyota innova 2.5 v diesel 7-seater,diesel,dealer,manual,first owner,750000
2013,55000,17.0,1497.0,118.0,5.0,honda,honda city 1.5 v mt,petrol,dealer,manual,second owner,475000
2017,65000,19.02,1198.0,67.05,7.0,datsun,datsun go plus t,petrol,dealer,manual,first owner,325000
2017,76000,25.47,1248.0,88.5,7.0,maruti,maruti ertiga vdi,diesel,dealer,manual,first owner,725000
2018,47000,16.02,1373.0,93.7,7.0,maruti,maruti ertiga vxi,petrol,dealer,manual,second owner,775000
2017,70000,23.4,1248.0,74.0,5.0,maruti,maruti swift dzire vdi,diesel,dealer,manual,first owner,625000
2009,56000,,,,,hyundai,hyundai santro gls i - euro ii,petrol,dealer,manual,second owner,195000
2014,89000,22.9,1248.0,74.0,5.0,maruti,maruti swift zdi,diesel,dealer,manual,first owner,470000
2017,98000,13.68,2393.0,147.51,7.0,toyota,toyota innova crysta 2.4 vx mt,diesel,dealer,manual,first owner,1750000
2016,90000,13.68,2393.0,147.51,7.0,toyota,toyota innova crysta 2.4 vx mt,diesel,dealer,manual,first owner,1650000
2013,57000,22.9,1248.0,74.0,5.0,maruti,maruti swift vdi,diesel,individual,manual,first owner,380000
2017,70000,26.59,1248.0,74.0,5.0,maruti,maruti swift dzire vdi,diesel,individual,manual,first owner,650000
2016,49200,21.1,814.0,55.2,5.0,hyundai,hyundai eon era plus,petrol,individual,manual,first owner,275000
2009,125000,13.5,1799.0,130.0,5.0,honda,honda civic 1.8 v mt,petrol,individual,manual,second owner,220000
2008,60000,19.81,1086.0,68.05,5.0,hyundai,hyundai i10 era,petrol,individual,manual,second owner,200000
2015,120000,15.37,1196.0,73.0,5.0,maruti,maruti eeco 5 seater ac bsiv,petrol,individual,manual,second owner,315000
2004,110000,19.7,796.0,46.3,5.0,maruti,maruti alto lxi,petrol,individual,manual,third owner,90000
2007,70000,18.9,1061.0,67.0,5.0,maruti,maruti wagon r lxi minor,petrol,individual,manual,second owner,120000
2006,168000,18.9,998.0,67.1,5.0,maruti,maruti wagon r lxi,petrol,individual,manual,second owner,90000
2018,30000,16.0,2179.0,140.0,7.0,mahindra,mahindra xuv500 w10 2wd,diesel,individual,manual,first owner,1500000
2015,60000,24.0,1120.0,70.0,5.0,hyundai,hyundai grand i10 crdi sportz,diesel,individual,manual,first owner,370000
2016,131111,25.2,1248.0,74.0,5.0,maruti,maruti swift vdi bsiv,diesel,individual,manual,first owner,595000
2007,120000,19.2,1461.0,65.0,5.0,mahindra,mahindra renault logan 1.5 dle diesel,diesel,individual,manual,second owner,150000
2012,58400,19.3,1248.0,73.9,5.0,maruti,maruti swift dzire vdi,diesel,individual,manual,second owner,400000
2016,23400,23.95,998.0,67.1,5.0,maruti,maruti alto k10 vxi airbag,petrol,individual,manual,second owner,310000
2018,50000,23.1,998.0,67.04,5.0,maruti,maruti celerio vxi mt bsiv,petrol,individual,manual,first owner,385000
2005,158107,,,,,maruti,maruti swift 1.3 lxi,petrol,individual,manual,second owner,105000
2014,90000,15.1,2179.0,140.0,7.0,mahindra,mahindra xuv500 w8 2wd,diesel,individual,manual,first owner,750000
2019,3010,20.3,1086.0,68.0,5.0,hyundai,hyundai santro sportz amt bsiv,petrol,individual,automatic,first owner,521000
2010,80000,21.12,1248.0,88.8,5.0,tata,tata manza aqua quadrajet bs iv,diesel,individual,manual,first owner,180000
2011,155000,17.8,1399.0,68.0,5.0,ford,ford fiesta exi 1.4 tdci ltd,diesel,individual,manual,second owner,220000
1998,70000,16.1,796.0,37.0,4.0,maruti,maruti 800 ac,petrol,individual,manual,second owner,40000
2018,4000,18.9,1197.0,81.86,5.0,hyundai,hyundai grand i10 1.2 kappa magna bsiv,petrol,individual,manual,first owner,540000
2007,35000,19.7,796.0,46.3,5.0,maruti,maruti alto lxi bsiii,petrol,individual,manual,second owner,140000
2003,121000,17.3,993.0,60.0,5.0,maruti,maruti zen vxi,petrol,individual,manual,first owner,200000
2015,110000,22.77,1498.0,98.59,5.0,ford,ford ecosport 1.5 tdci titanium bsiv,diesel,individual,manual,second owner,650000
2010,170000,17.8,1399.0,68.0,5.0,ford,ford fiesta 1.4 sxi tdci abs,diesel,individual,manual,second owner,229999
2010,175000,17.8,1248.0,75.0,5.0,maruti,maruti swift vdi bsiii,diesel,individual,manual,third owner,305000
2008,163000,17.8,1399.0,68.0,5.0,ford,ford fiesta 1.4 zxi tdci le,diesel,individual,manual,first owner,200000
2008,163000,17.8,1399.0,68.0,5.0,ford,ford fiesta 1.4 zxi tdci abs,diesel,individual,manual,first owner,200000
2010,77088,14.0,2489.0,95.0,8.0,mahindra,mahindra xylo d2 bs iv,diesel,individual,manual,first owner,465000
2011,110000,23.08,1461.0,63.1,5.0,nissan,nissan micra diesel xv,diesel,individual,manual,third owner,210000
2016,136511,15.96,2523.0,62.1,7.0,mahindra,mahindra bolero 2011-2019 slx,diesel,individual,manual,first owner,570000
2015,80000,16.02,1373.0,93.7,7.0,maruti,maruti ertiga zxi,petrol,individual,manual,first owner,570000
2015,60000,16.02,1373.0,93.7,7.0,maruti,maruti ertiga zxi,petrol,individual,manual,first owner,650000
2016,36000,20.85,1197.0,83.14,5.0,maruti,maruti swift dzire zxi,petrol,individual,manual,first owner,620000
2012,65000,18.9,998.0,67.1,5.0,maruti,maruti wagon r vxi bs iv,petrol,individual,manual,second owner,250000
2011,50000,17.05,1995.0,184.0,5.0,bmw,bmw x1 sdrive20d,diesel,individual,automatic,first owner,1000000
2012,60000,26.2,998.0,58.2,5.0,maruti,maruti wagon r duo lxi,lpg,individual,manual,first owner,300000
2013,82500,20.3,1248.0,75.0,5.0,fiat,fiat grande punto 1.3 emotion (diesel),diesel,individual,manual,first owner,300000
2018,30000,23.0,1498.0,98.96,5.0,ford,ford ecosport 1.5 diesel titanium bsiv,diesel,individual,manual,second owner,810000
2011,100000,18.3,1991.0,147.9,5.0,chevrolet,chevrolet cruze ltz,diesel,individual,manual,third owner,270000
2015,70000,26.59,1248.0,74.0,5.0,maruti,maruti swift dzire ldi optional,diesel,individual,manual,second owner,470000
2017,85000,20.65,1248.0,88.7,5.0,tata,tata zest quadrajet 1.3 xt,diesel,individual,manual,first owner,400000
2014,60000,20.51,998.0,67.04,5.0,maruti,maruti wagon r stingray vxi,petrol,individual,manual,second owner,300000
2015,20000,22.74,796.0,47.3,5.0,maruti,maruti alto 800 base,petrol,individual,manual,third owner,170000
2014,80000,19.01,1461.0,108.45,5.0,renault,renault duster 110ps diesel rxz optional with nav,diesel,individual,manual,first owner,455999
2009,100000,13.0,2489.0,95.0,8.0,mahindra,mahindra xylo d2,diesel,individual,manual,second owner,121000
2002,75000,,,,,hyundai,hyundai santro ls zipplus,petrol,individual,manual,second owner,35000
2005,100000,,,,,maruti,maruti swift 1.3 lxi,petrol,individual,manual,first owner,85000
2016,80000,24.3,1248.0,88.5,5.0,maruti,maruti vitara brezza vdi option,diesel,individual,manual,second owner,650000
2017,35000,17.57,1193.0,88.7,5.0,tata,tata bolt revotron xe,petrol,individual,manual,first owner,350000
2013,139000,25.44,936.0,57.6,5.0,chevrolet,chevrolet beat diesel,diesel,individual,manual,first owner,125000
2005,90000,19.7,796.0,46.3,5.0,maruti,maruti alto ax,petrol,individual,automatic,second owner,80000
2009,120000,,,,,maruti,maruti omni e 8 str std,petrol,individual,manual,first owner,120000
2008,100000,17.7,1497.0,78.0,5.0,honda,honda city 2017-2020 gxi,petrol,individual,manual,first owner,250000
2011,90000,20.54,1598.0,103.6,5.0,volkswagen,volkswagen vento diesel trendline,diesel,individual,manual,first owner,225000
2007,105000,13.6,2523.0,63.0,7.0,mahindra,mahindra bolero slx,diesel,individual,manual,second owner,215000
2017,40000,25.4,1186.0,73.97,5.0,hyundai,hyundai xcent 1.2 crdi e plus,diesel,individual,manual,second owner,450000
2017,90000,20.14,1197.0,81.86,5.0,hyundai,hyundai xcent 1.2 vtvt s,petrol,individual,manual,first owner,509999
2015,36710,22.74,796.0,47.3,5.0,maruti,maruti alto 800 lxi,petrol,individual,manual,second owner,245000
2016,28180,23.65,1248.0,88.5,5.0,maruti,maruti sx4 s cross 2015-2017 ddis 200 alpha,diesel,dealer,manual,first owner,620000
2019,15000,17.0,1956.0,138.1,5.0,tata,tata harrier xz bsiv,diesel,individual,manual,first owner,1700000
2019,4000,19.72,1198.0,67.0,7.0,datsun,datsun go plus t vdc,petrol,individual,manual,first owner,590000
2014,30000,23.2,1248.0,73.94,5.0,maruti,maruti ritz vdi,diesel,individual,manual,first owner,370000
2013,15000,18.6,1197.0,85.8,5.0,maruti,maruti swift vxi,petrol,individual,manual,first owner,350000
2017,20000,21.4,1197.0,83.1,5.0,maruti,maruti baleno alpha 1.2,petrol,individual,manual,first owner,580000
2018,56000,18.9,1197.0,81.86,5.0,hyundai,hyundai grand i10 1.2 kappa sportz bsiv,petrol,individual,manual,first owner,450000
2017,19000,17.19,1197.0,81.86,5.0,hyundai,hyundai i20 active 1.2 s,petrol,individual,manual,first owner,600000
2016,30000,12.62,2198.0,158.0,7.0,ford,ford endeavour 2.2 titanium at 4x2,diesel,individual,automatic,first owner,2400000
2017,70000,18.6,1197.0,81.83,5.0,hyundai,hyundai i20 1.2 magna executive,petrol,individual,manual,first owner,450000
2009,30000,19.09,1396.0,69.0,5.0,tata,tata indigo cs lx (tdi) bs iii,diesel,individual,manual,first owner,150000
2019,15000,15.37,1196.0,73.0,5.0,maruti,maruti eeco 5 seater ac bsiv,petrol,individual,manual,first owner,400000
2013,85000,22.74,796.0,47.3,5.0,maruti,maruti alto 800 lxi,petrol,individual,manual,first owner,185000
2018,50000,22.0,1197.0,81.8,5.0,maruti,maruti swift amt vxi,petrol,individual,automatic,first owner,625000
2019,20000,17.19,1197.0,81.86,5.0,hyundai,hyundai i20 active sx petrol,petrol,individual,manual,first owner,700000
2017,25000,20.51,998.0,67.04,5.0,maruti,maruti wagon r vxi optional,petrol,individual,manual,first owner,390000
2018,25000,17.0,1198.0,108.5,5.0,tata,tata nexon 1.2 revotron xm,petrol,individual,manual,first owner,625000
2014,50000,19.1,1197.0,85.8,5.0,maruti,maruti swift dzire vxi,petrol,individual,manual,first owner,400000
2011,150000,23.0,1396.0,90.0,5.0,hyundai,hyundai i20 1.4 crdi asta,diesel,individual,manual,fourth & above owner,380000
2009,90000,14.53,1794.0,138.1,5.0,toyota,toyota corolla altis 1.8 vl at,petrol,individual,automatic,first owner,400000
2019,100000,17.57,1193.0,88.7,5.0,tata,tata zest revotron 1.2t xms,petrol,individual,manual,first owner,620000
2008,180000,17.8,1399.0,67.0,5.0,ford,ford fiesta classic 1.4 sxi duratorq,diesel,individual,manual,second owner,190000
2013,50000,22.74,796.0,47.3,5.0,maruti,maruti alto 800 lxi,petrol,individual,manual,second owner,210000
2012,80000,23.2,1248.0,73.94,5.0,maruti,maruti ritz vdi,diesel,individual,manual,third owner,270000
1999,100000,17.3,993.0,60.0,5.0,maruti,maruti zen std,petrol,individual,manual,third owner,45000
2014,93000,21.1,814.0,55.2,5.0,hyundai,hyundai eon d lite plus,petrol,individual,manual,second owner,220000
2014,11500,15.96,2523.0,63.0,9.0,mahindra,mahindra bolero 2011-2019 di - ac bs iii,diesel,individual,manual,first owner,550000
2013,120000,18.5,1197.0,82.85,5.0,hyundai,hyundai i20 asta 1.2,petrol,individual,manual,first owner,370000
2006,100000,,,,,hyundai,hyundai santro xing xg at erlx euro ii,petrol,individual,automatic,second owner,95000
2015,50000,14.95,2489.0,93.7,9.0,mahindra,mahindra xylo d2 maxx,diesel,individual,manual,first owner,650000
2012,120000,16.8,1497.0,116.3,5.0,honda,honda city v mt,petrol,individual,manual,first owner,550000
2010,100000,17.8,1399.0,68.0,5.0,ford,ford fiesta 1.4 sxi tdci abs,diesel,individual,manual,second owner,225000
2004,57000,16.1,796.0,37.0,4.0,maruti,maruti 800 std,petrol,individual,manual,second owner,40000
2016,60000,21.1,814.0,55.2,5.0,hyundai,hyundai eon era plus,petrol,individual,manual,first owner,280000
2017,44077,17.01,1499.0,110.5,5.0,ford,ford figo aspire 1.5 ti-vct titanium,petrol,dealer,automatic,first owner,570000
2017,90000,24.7,796.0,47.3,5.0,maruti,maruti alto 800 lxi,petrol,individual,manual,second owner,290000
2018,50000,21.19,1396.0,88.73,5.0,hyundai,hyundai i20 active 1.4 s,diesel,individual,manual,second owner,720000
2017,60000,22.77,1498.0,98.59,5.0,ford,ford ecosport 1.5 tdci trend plus bsiv,diesel,individual,manual,first owner,800000
2012,20000,19.81,1086.0,68.05,5.0,hyundai,hyundai i10 era,petrol,individual,manual,third owner,265000
2010,90000,19.7,796.0,46.3,5.0,maruti,maruti alto lx bsiii,petrol,individual,manual,third owner,135000
2016,70000,25.83,1498.0,99.0,5.0,ford,ford figo 1.5d ambiente mt,diesel,individual,manual,second owner,350000
2008,80000,,,,,maruti,maruti swift 1.3 vxi,petrol,individual,manual,second owner,200000
2016,80000,18.2,1248.0,73.74,8.0,chevrolet,chevrolet enjoy 1.3 tcdi ls 8,diesel,individual,manual,first owner,490000
2012,72000,22.32,1582.0,126.32,5.0,hyundai,hyundai verna 1.6 sx,diesel,individual,manual,second owner,450000
2016,50000,15.4,1997.0,120.0,7.0,mahindra,mahindra scorpio 1.99 s8,diesel,individual,manual,first owner,950000
2012,90000,17.5,1298.0,85.8,5.0,maruti,maruti swift dzire zxi,petrol,individual,manual,second owner,355000
2019,17000,18.6,1197.0,81.86,5.0,hyundai,hyundai elite i20 petrol asta,petrol,individual,manual,first owner,700000
2012,70000,12.05,2179.0,120.0,8.0,mahindra,mahindra scorpio vlx 2wd bsiii,diesel,individual,manual,first owner,459999
2012,74000,22.07,1199.0,73.9,5.0,volkswagen,volkswagen polo diesel highline 1.2l,diesel,individual,manual,second owner,350000
2006,60000,19.7,796.0,46.3,5.0,maruti,maruti alto lx bsiii,petrol,individual,manual,second owner,85000
2016,15000,22.74,796.0,47.3,5.0,maruti,maruti alto 800 lx,petrol,individual,manual,first owner,290000
2019,72000,25.5,1498.0,98.6,5.0,honda,honda wr-v i-dtec vx,diesel,individual,manual,first owner,1000000
2008,25000,16.84,1193.0,64.4,5.0,tata,tata indica v2 lsi,petrol,individual,manual,second owner,85000
2003,114000,19.7,796.0,46.3,5.0,maruti,maruti alto lxi,petrol,individual,manual,first owner,65000
2005,120000,13.0,1493.0,100.0,5.0,honda,honda city 1.5 exi,petrol,individual,manual,first owner,75000
2003,250000,18.7,1896.0,66.0,5.0,skoda,skoda octavia ambiente 1.9 tdi mt,diesel,individual,manual,second owner,100000
2009,55768,17.0,1405.0,71.0,5.0,tata,tata indica vista terra 1.4 tdi,diesel,individual,manual,first owner,170000
2017,40000,18.9,1197.0,81.86,5.0,hyundai,hyundai grand i10 1.2 kappa magna at,petrol,individual,automatic,first owner,525000
2020,70000,21.79,998.0,67.05,5.0,maruti,maruti wagon r lxi,petrol,individual,manual,second owner,265000
2018,50000,20.3,1199.0,84.0,5.0,tata,tata tigor 1.2 revotron xz,petrol,individual,manual,first owner,459999
2017,20000,23.95,998.0,67.05,5.0,maruti,maruti alto k10 vxi,petrol,individual,manual,first owner,250000
2013,70000,23.4,1248.0,74.0,5.0,maruti,maruti swift dzire vdi,diesel,individual,manual,second owner,395000
2014,60000,18.9,1197.0,82.0,5.0,hyundai,hyundai grand i10 asta option,petrol,individual,manual,first owner,375000
2009,120000,17.0,1405.0,71.0,5.0,tata,tata indica vista aqua 1.4 tdi,diesel,individual,manual,first owner,120000
2011,110000,21.1,1248.0,73.9,5.0,maruti,maruti ritz vdi,diesel,individual,manual,second owner,290000
2017,60000,23.84,1199.0,84.0,5.0,tata,tata tiago 1.2 revotron xz,petrol,individual,manual,first owner,409999
2009,30000,16.5,995.0,63.0,5.0,chevrolet,chevrolet spark 1.0 lt option pack w/ airbag,petrol,individual,manual,first owner,200000
2018,35000,21.13,1498.0,108.6,5.0,skoda,skoda rapid 1.5 tdi ambition bsiv,diesel,individual,manual,first owner,900000
2003,50000,16.1,796.0,37.0,4.0,maruti,maruti 800 std,petrol,individual,manual,third owner,50000
2012,100000,19.01,1461.0,108.45,5.0,renault,renault duster 110ps diesel rxz,diesel,individual,manual,first owner,450000
2012,80000,15.1,2179.0,140.0,7.0,mahindra,mahindra xuv500 w8 4wd,diesel,individual,manual,third owner,650000
2014,84000,20.14,1498.0,88.5,5.0,volkswagen,volkswagen crosspolo 1.5 tdi,diesel,individual,manual,second owner,300000
2014,60000,25.01,1498.0,89.75,5.0,ford,ford fiesta 1.5 tdci ambiente,diesel,individual,manual,first owner,425000
1998,50000,17.3,993.0,60.0,5.0,maruti,maruti zen vxi,petrol,individual,manual,second owner,55000
2011,60000,20.36,1197.0,78.9,5.0,hyundai,hyundai i10 magna 1.2 itech se,petrol,individual,manual,second owner,200000
2015,100000,16.0,2179.0,140.0,7.0,mahindra,mahindra xuv500 w10 2wd,diesel,individual,manual,first owner,975000
2013,70000,15.96,2523.0,62.1,7.0,mahindra,mahindra bolero 2011-2019 slx,diesel,individual,manual,first owner,450000
2014,82500,15.96,2523.0,62.1,7.0,mahindra,mahindra bolero 2011-2019 zlx,diesel,individual,manual,second owner,600000
2014,76000,15.96,2523.0,62.1,9.0,mahindra,mahindra bolero 2011-2019 plus ac,diesel,individual,manual,first owner,550000
2011,87000,18.0,1248.0,75.0,5.0,tata,tata indica vista terra quadrajet 1.3l bs iv,diesel,individual,manual,first owner,180000
2010,120000,14.0,2498.0,112.0,7.0,mahindra,mahindra xylo e4,diesel,individual,manual,first owner,300000
2016,70000,17.57,1193.0,88.7,5.0,tata,tata zest revotron 1.2t xm,petrol,individual,manual,second owner,350000
2014,90000,23.4,1248.0,74.0,5.0,maruti,maruti swift dzire vdi,diesel,individual,manual,first owner,465000
2010,188000,21.12,1248.0,88.8,5.0,tata,tata manza aura (abs) quadrajet bs iv,diesel,individual,manual,second owner,200000
2014,120000,18.2,1248.0,73.8,8.0,chevrolet,chevrolet enjoy tcdi ls 8 seater,diesel,individual,manual,second owner,350000
2015,80000,17.4,1497.0,117.3,5.0,honda,honda city i vtec v,petrol,individual,manual,first owner,650000
2010,123278,20.36,1197.0,78.9,5.0,hyundai,hyundai i10 magna,petrol,individual,manual,second owner,150000
2014,100000,26.0,1498.0,98.6,5.0,honda,honda city i dtec v,diesel,individual,manual,second owner,560000
2015,90000,21.19,1396.0,88.73,5.0,hyundai,hyundai i20 active 1.4 sx with avn,diesel,individual,manual,first owner,625000
2012,110000,20.0,1399.0,68.0,5.0,ford,ford figo diesel titanium,diesel,individual,manual,first owner,220000
2013,110000,20.0,1399.0,68.1,5.0,ford,ford figo diesel celebration edition,diesel,individual,manual,first owner,250000
2018,70000,20.65,1248.0,88.7,5.0,tata,tata zest quadrajet 1.3 xt,diesel,individual,manual,first owner,575000
2015,65000,15.1,2179.0,140.0,7.0,mahindra,mahindra xuv500 w8 awd,diesel,individual,manual,first owner,1050000
2015,70000,16.36,2179.0,187.7,5.0,jaguar,jaguar xf 2.2 litre luxury,diesel,individual,automatic,second owner,3000000
2012,90000,11.57,2179.0,138.1,7.0,tata,tata new safari dicor 2.2 lx 4x2,diesel,individual,manual,third owner,200000
2016,50000,22.74,796.0,47.3,5.0,maruti,maruti alto 800 vxi,petrol,individual,manual,first owner,262000
2018,33000,21.1,814.0,55.2,5.0,hyundai,hyundai eon era plus,petrol,individual,manual,first owner,299000
2015,26500,22.74,796.0,47.3,5.0,maruti,maruti alto 800 lxi,petrol,individual,manual,first owner,250000
2011,60000,17.92,1086.0,62.1,5.0,hyundai,hyundai santro xing gls,petrol,individual,manual,fourth & above owner,140000
2013,70000,23.4,1248.0,74.0,5.0,maruti,maruti swift dzire vdi,diesel,individual,manual,third owner,360000
2015,80000,20.63,1198.0,67.06,5.0,datsun,datsun go a,petrol,individual,manual,first owner,210000
2017,60000,22.54,1396.0,88.73,5.0,hyundai,hyundai i20 1.4 sportz,diesel,individual,manual,first owner,600000
2011,100000,19.5,1199.0,75.0,5.0,skoda,skoda fabia 1.2l diesel ambiente,diesel,individual,manual,first owner,210000
2011,80000,20.54,1598.0,103.6,5.0,volkswagen,volkswagen vento diesel comfortline,diesel,individual,manual,second owner,300000
2016,35000,18.9,1197.0,82.0,5.0,hyundai,hyundai grand i10 asta,petrol,individual,manual,first owner,450000
2018,35000,10.91,3198.0,197.0,7.0,ford,ford endeavour 3.2 titanium at 4x4,diesel,individual,automatic,first owner,3200000
2019,10000,18.9,1197.0,81.86,5.0,hyundai,hyundai grand i10 1.2 kappa sportz bsiv,petrol,individual,manual,first owner,550000
2011,80000,18.0,1248.0,75.0,5.0,tata,tata indica vista aura 1.3 quadrajet (abs),diesel,individual,manual,first owner,100000
2012,50000,21.1,814.0,55.2,5.0,hyundai,hyundai eon era plus,petrol,individual,manual,second owner,185000
2006,90000,17.3,1061.0,64.0,5.0,maruti,maruti wagon r lx bsiii,petrol,individual,manual,second owner,80000
2017,80000,24.7,796.0,47.3,5.0,maruti,maruti alto 800 vxi,petrol,individual,manual,first owner,295000
2017,25000,23.01,999.0,67.0,5.0,renault,renault kwid climber 1.0 mt,petrol,individual,manual,first owner,360000
2014,70000,20.92,998.0,67.1,5.0,maruti,maruti alto k10 2010-2014 vxi,petrol,individual,manual,first owner,210000
2019,80000,17.4,1197.0,81.86,5.0,hyundai,hyundai elite i20 petrol cvt magna executive,petrol,individual,automatic,first owner,585000
2016,50000,20.14,1498.0,88.7,5.0,volkswagen,volkswagen polo select 1.5 tdi highline,diesel,individual,manual,first owner,560000
2015,70000,26.0,1498.0,98.6,5.0,honda,honda city i dtec s,diesel,individual,manual,first owner,600000
2017,60000,20.63,1198.0,67.0,5.0,datsun,datsun go t bsiv,petrol,individual,manual,first owner,330000
2019,15000,17.0,1591.0,121.3,5.0,hyundai,hyundai verna vtvt 1.6 sx,petrol,individual,manual,first owner,990000
2012,90000,23.59,1364.0,67.1,5.0,toyota,toyota etios diesel trd sportivo,diesel,individual,manual,first owner,300000
2018,28000,17.0,1198.0,108.5,5.0,tata,tata nexon 1.2 revotron xm,petrol,individual,manual,first owner,650000
2019,20000,17.4,1197.0,81.86,5.0,hyundai,hyundai elite i20 sportz plus cvt bsiv,petrol,individual,automatic,first owner,695000
2014,60000,24.0,1120.0,70.0,5.0,hyundai,hyundai grand i10 crdi magna,diesel,individual,manual,first owner,300000
2015,22000,22.74,796.0,47.3,5.0,maruti,maruti alto 800 lxi,petrol,individual,manual,first owner,270000
2010,70000,11.57,2179.0,138.1,7.0,tata,tata new safari dicor 2.2 ex 4x2,diesel,individual,manual,second owner,185000
2013,80000,22.1,1248.0,76.9,5.0,chevrolet,chevrolet sail hatchback lt abs,diesel,individual,manual,first owner,200000
2019,35000,26.6,998.0,58.16,5.0,maruti,maruti wagon r lxi cng optional,cng,individual,manual,first owner,459999
2018,60000,21.5,1497.0,108.5,5.0,tata,tata nexon 1.5 revotorq xz plus dual tone,diesel,individual,manual,first owner,860000
2018,20000,23.84,1199.0,84.0,5.0,tata,tata tiago 1.2 revotron xe,petrol,individual,manual,first owner,400000
2013,142000,23.2,1248.0,73.94,5.0,maruti,maruti ritz vdi,diesel,individual,manual,second owner,240000
2015,72000,26.59,1248.0,74.0,5.0,maruti,maruti swift dzire zdi,diesel,individual,manual,first owner,570000
2018,90000,23.0,1498.0,98.96,5.0,ford,ford ecosport 1.5 diesel titanium bsiv,diesel,individual,manual,first owner,850000
2011,80000,20.0,1399.0,68.0,5.0,ford,ford figo diesel titanium,diesel,individual,manual,third owner,155000
2011,125000,23.0,1396.0,90.0,5.0,hyundai,hyundai i20 1.4 crdi asta,diesel,individual,manual,first owner,270000
2015,33000,20.73,1373.0,91.1,5.0,maruti,maruti ciaz zxi plus,petrol,individual,manual,first owner,610000
2015,50000,19.67,1582.0,126.2,5.0,hyundai,hyundai creta 1.6 crdi sx option,diesel,individual,manual,first owner,1000000
2012,120000,12.05,2179.0,120.0,9.0,mahindra,mahindra scorpio lx,diesel,individual,manual,second owner,450000
2018,35000,25.4,1186.0,73.97,5.0,hyundai,hyundai xcent 1.2 crdi e,diesel,individual,manual,first owner,500000
2018,43000,27.4,1498.0,98.63,5.0,honda,honda amaze s diesel bsiv,diesel,individual,manual,first owner,700000
2007,60000,19.7,796.0,46.3,5.0,maruti,maruti alto lxi,petrol,individual,manual,first owner,135000
2012,148000,12.05,2179.0,120.0,9.0,mahindra,mahindra scorpio lx,diesel,individual,manual,second owner,430000
2014,70000,22.32,1582.0,126.32,5.0,hyundai,hyundai verna 1.6 sx crdi (o),diesel,individual,manual,second owner,625000
2011,96000,16.95,1498.0,97.7,5.0,nissan,nissan sunny xl,petrol,individual,manual,first owner,280000
2015,70000,15.4,1997.0,120.0,7.0,mahindra,mahindra scorpio 1.99 s6 plus,diesel,individual,manual,first owner,800000
2012,70000,23.2,1248.0,73.94,5.0,maruti,maruti ritz vdi,diesel,individual,manual,second owner,220000
2017,18484,20.89,1197.0,81.8,5.0,maruti,maruti ignis 1.2 alpha bsiv,petrol,individual,manual,first owner,620000
2011,70000,13.93,2179.0,138.03,7.0,tata,tata safari dicor 2.2 ex 4x2,diesel,individual,manual,first owner,300000
2010,25000,19.7,796.0,46.3,5.0,maruti,maruti alto lx,petrol,individual,manual,second owner,180000
2013,120000,22.07,1199.0,73.9,5.0,volkswagen,volkswagen polo diesel highline 1.2l,diesel,individual,manual,third owner,250000
2017,55000,20.85,1197.0,83.14,5.0,maruti,maruti swift dzire lxi,petrol,individual,manual,first owner,480000
2019,10000,17.0,1497.0,121.31,5.0,ford,ford ecosport 1.5 petrol titanium bsiv,petrol,individual,manual,second owner,885000
2020,60000,25.32,1198.0,77.0,6.0,mahindra,mahindra kuv 100 d75 k8,diesel,individual,manual,first owner,550000
2018,30000,28.4,1248.0,74.02,5.0,maruti,maruti swift dzire zdi plus,diesel,individual,manual,first owner,800000
2013,65000,17.92,1086.0,62.1,5.0,hyundai,hyundai santro xing gls,petrol,individual,manual,first owner,180000
2010,27000,,,,,maruti,maruti estilo lxi,petrol,individual,manual,first owner,200000
2012,50000,21.9,1396.0,88.76,5.0,hyundai,hyundai i20 sportz 1.4 crdi,diesel,individual,manual,second owner,380000
2019,2560,24.0,1199.0,83.81,5.0,tata,tata tiago nrg petrol amt,petrol,individual,automatic,first owner,520000
2004,60000,19.7,796.0,46.3,5.0,maruti,maruti alto lx,petrol,individual,manual,first owner,90000
2016,80000,20.51,998.0,67.04,5.0,maruti,maruti wagon r vxi bs iv,petrol,individual,manual,second owner,330000
1999,50000,16.1,796.0,37.0,4.0,maruti,maruti 800 dx,petrol,individual,manual,second owner,40000
2015,120000,18.2,1248.0,73.8,8.0,chevrolet,chevrolet enjoy tcdi ls 8 seater,diesel,individual,manual,first owner,370000
2009,120000,16.8,1497.0,116.3,5.0,honda,honda city v mt,petrol,individual,manual,second owner,290000
2013,47000,21.1,814.0,55.2,5.0,hyundai,hyundai eon magna plus,petrol,individual,manual,second owner,215000
2017,45000,17.6,2179.0,153.86,7.0,tata,tata hexa xt,diesel,individual,manual,first owner,1282000
2012,90000,12.8,2494.0,102.0,8.0,toyota,toyota innova 2.5 gx 8 str,diesel,individual,manual,first owner,610000
2013,110000,21.27,1396.0,88.76,5.0,hyundai,hyundai i20 asta 1.4 crdi,diesel,individual,manual,second owner,380000
2017,95000,15.4,1997.0,120.0,7.0,mahindra,mahindra scorpio 1.99 s10,diesel,individual,manual,first owner,1250000
2012,103655,22.32,1582.0,126.3,5.0,hyundai,hyundai verna 1.6 crdi,diesel,individual,manual,second owner,400000
2018,25000,17.4,1197.0,81.86,5.0,hyundai,hyundai i20 petrol cvt asta,petrol,individual,automatic,second owner,700000
2014,80000,19.01,1461.0,108.45,5.0,renault,renault duster 110ps diesel rxz,diesel,individual,manual,first owner,650000
2014,50000,25.4,624.0,37.5,4.0,tata,tata nano twist xt,petrol,individual,manual,second owner,95000
2015,56975,16.0,2179.0,140.0,7.0,mahindra,mahindra xuv500 w10 2wd,diesel,individual,manual,first owner,1147000
2010,110000,,1086.0,62.0,5.0,hyundai,hyundai santro xing gl,petrol,individual,manual,first owner,150000
2008,80000,19.7,796.0,46.3,5.0,maruti,maruti alto lx bsiii,petrol,individual,manual,third owner,120000
2003,74770,,,,,hyundai,hyundai santro at cng,cng,individual,manual,third owner,130000
2010,187000,17.8,1399.0,68.0,5.0,ford,ford fiesta exi 1.4 tdci ltd,diesel,dealer,manual,second owner,180000
2013,69000,18.6,1388.0,67.0,5.0,ford,ford fiesta classic 1.4 duratorq lxi,diesel,dealer,manual,first owner,325000
2015,206000,22.77,1498.0,98.59,5.0,ford,ford ecosport 1.5 tdci titanium bsiv,diesel,dealer,manual,first owner,550000
2018,27000,22.77,1498.0,98.59,5.0,ford,ford ecosport 1.5 tdci signature bsiv,diesel,dealer,manual,first owner,950000
2014,132000,22.7,1498.0,89.84,5.0,ford,ford ecosport 1.5 dv5 mt titanium optional,diesel,dealer,manual,second owner,500000
2017,75000,26.1,1498.0,99.23,5.0,ford,ford aspire titanium diesel bsiv,diesel,dealer,manual,first owner,725000
2015,18000,18.5,1194.0,94.93,5.0,ford,ford figo aspire titanium,petrol,dealer,manual,second owner,500000
2011,218000,21.0,1461.0,64.1,5.0,mahindra,mahindra verito 1.5 d2 bsiii,diesel,individual,manual,first owner,180000
2016,10000,22.54,1396.0,88.73,5.0,hyundai,hyundai i20 2015-2017 magna 1.4 crdi,diesel,individual,manual,first owner,650000
2010,80000,17.8,1248.0,75.0,5.0,maruti,maruti swift vdi bsiii w/ abs,diesel,individual,manual,first owner,285000
2011,215000,21.0,1461.0,64.1,5.0,mahindra,mahindra verito 1.5 d2 bsiii,diesel,individual,manual,first owner,210000
2012,137000,17.8,1399.0,67.0,5.0,ford,ford fiesta classic 1.4 duratorq clxi,diesel,individual,manual,first owner,200000
2011,65000,20.54,1598.0,103.6,5.0,volkswagen,volkswagen vento diesel highline,diesel,individual,manual,second owner,295000
2007,120000,17.7,1497.0,78.0,5.0,honda,honda city 2017-2020 gxi,petrol,individual,manual,third owner,160000
2017,10000,23.1,998.0,67.04,5.0,maruti,maruti celerio vxi at,petrol,individual,automatic,first owner,450000
2016,20000,20.62,1198.0,67.0,7.0,datsun,datsun go plus a,petrol,individual,manual,first owner,385000
2011,93500,18.6,1388.0,67.0,5.0,ford,ford fiesta classic 1.4 duratorq lxi,diesel,individual,manual,second owner,350000
2019,70000,28.4,1248.0,74.02,5.0,maruti,maruti swift dzire ldi,diesel,individual,manual,first owner,558000
2010,56000,17.92,1086.0,62.1,5.0,hyundai,hyundai santro xing gls,petrol,individual,manual,third owner,165000
2012,80000,21.9,1396.0,88.76,5.0,hyundai,hyundai i20 sportz 1.4 crdi,diesel,individual,manual,second owner,300000
2012,100000,15.1,2179.0,140.0,7.0,mahindra,mahindra xuv500 w8 4wd,diesel,individual,manual,first owner,900000
2008,60000,11.0,2993.0,235.0,5.0,bmw,bmw x5 3.0d,diesel,individual,automatic,third owner,830000
2008,70000,,,,,bmw,bmw 5 series 520d sedan,diesel,individual,automatic,third owner,890000
2014,65000,21.14,1498.0,103.52,5.0,skoda,skoda rapid 1.5 tdi ambition,diesel,individual,manual,second owner,640000
2015,70000,15.4,2179.0,120.0,7.0,mahindra,mahindra scorpio s10 7 seater,diesel,individual,manual,third owner,900000
2013,60000,18.2,1248.0,73.8,7.0,chevrolet,chevrolet enjoy tcdi ltz 7 seater,diesel,individual,manual,first owner,450000
2018,82000,28.09,1248.0,88.5,5.0,maruti,maruti ciaz 1.3 alpha,diesel,individual,manual,first owner,825000
2013,80000,13.7,2179.0,138.1,7.0,tata,tata aria pleasure 4x2,diesel,individual,manual,second owner,500000
2017,5000,18.15,1198.0,82.0,6.0,mahindra,mahindra kuv 100 mfalcon g80 k6 aw,petrol,individual,manual,second owner,325000
2014,133000,19.01,1461.0,108.45,5.0,renault,renault duster 110ps diesel rxl,diesel,individual,manual,first owner,450000
2017,25000,17.5,1199.0,88.7,5.0,honda,honda wr-v i-vtec vx,petrol,individual,manual,second owner,675000
2017,15000,17.57,1193.0,88.7,5.0,tata,tata zest revotron 1.2 xt,petrol,individual,manual,first owner,415000
2017,40000,21.38,1396.0,88.7,5.0,hyundai,hyundai creta 1.4 crdi s,diesel,individual,manual,first owner,1100000
2016,35000,17.0,1198.0,73.75,5.0,volkswagen,volkswagen ameo 1.2 mpi comfortline,petrol,individual,manual,first owner,500000
2014,70000,15.96,2523.0,62.1,7.0,mahindra,mahindra bolero 2011-2019 zlx,diesel,individual,manual,second owner,509999
2007,152000,10.5,2609.0,120.0,9.0,mahindra,mahindra scorpio 2006-2009 lx 2.6 turbo 9 str,diesel,individual,manual,fourth & above owner,200000
2007,100000,16.1,796.0,37.0,4.0,maruti,maruti 800 ac bsiii,petrol,individual,manual,second owner,60000
2013,80000,22.32,1582.0,126.3,5.0,hyundai,hyundai verna 1.6 crdi,diesel,individual,manual,second owner,500000
2009,100000,17.2,1396.0,53.5,5.0,tata,tata indica v2 dle bsii,diesel,individual,manual,second owner,45000
2017,50000,25.17,799.0,53.3,5.0,renault,renault kwid rxt,petrol,individual,manual,first owner,270000
2017,40000,17.19,1197.0,81.86,5.0,hyundai,hyundai i20 active 1.2 s,petrol,individual,manual,first owner,550000
2016,60000,23.01,999.0,67.0,5.0,renault,renault kwid 1.0 rxt optional,petrol,individual,manual,first owner,235000
2018,40000,18.6,1197.0,81.83,5.0,hyundai,hyundai i20 1.2 spotz,petrol,individual,manual,first owner,600000
2015,60000,27.3,1498.0,98.6,5.0,honda,honda jazz 1.5 vx i dtec,diesel,individual,manual,first owner,525000
2012,90000,22.9,1248.0,74.0,5.0,maruti,maruti swift vdi,diesel,individual,manual,first owner,325000
2014,90000,23.4,1248.0,74.0,5.0,maruti,maruti swift dzire zdi,diesel,individual,manual,first owner,420000
2014,60000,20.92,998.0,67.1,5.0,maruti,maruti alto k10 lxi,petrol,individual,manual,second owner,229999
2013,80000,23.4,1248.0,74.0,5.0,maruti,maruti swift dzire zdi,diesel,individual,manual,fourth & above owner,375000
2012,120000,12.05,2179.0,120.0,8.0,mahindra,mahindra scorpio vlx 2wd bsiv,diesel,individual,manual,first owner,750000
2018,40000,23.84,1199.0,84.0,5.0,tata,tata tiago 1.2 revotron xz,petrol,individual,manual,first owner,400000
2013,91000,15.1,2179.0,140.0,7.0,mahindra,mahindra xuv500 w6 2wd,diesel,individual,manual,first owner,600000
2008,80000,17.8,1086.0,63.0,5.0,hyundai,hyundai santro xing xk erlx euro ii,petrol,individual,manual,third owner,110000
2007,73257,16.1,796.0,37.0,4.0,maruti,maruti 800 ac,petrol,individual,manual,first owner,45000
2019,80000,,2523.0,70.0,2.0,mahindra,mahindra bolero pik-up cbc 1.7t,diesel,individual,manual,first owner,722000
2020,15000,23.84,1199.0,83.83,5.0,tata,tata tiago 2019-2020 xz,petrol,individual,manual,first owner,500000
2007,110000,18.1,1493.0,110.0,5.0,hyundai,hyundai verna crdi sx abs,diesel,individual,manual,second owner,250000
2018,40000,21.13,1498.0,108.6,5.0,skoda,skoda rapid 1.5 tdi ambition bsiv,diesel,individual,manual,first owner,950000
2013,212000,21.64,1461.0,84.8,5.0,nissan,nissan sunny diesel xv,diesel,individual,manual,first owner,375000
2018,30000,28.4,1248.0,74.02,5.0,maruti,maruti swift dzire zdi,diesel,individual,manual,first owner,780000
2018,30000,20.3,1086.0,68.0,5.0,hyundai,hyundai santro asta bsiv,petrol,individual,manual,first owner,575000
2017,30000,18.6,1197.0,81.83,5.0,hyundai,hyundai i20 1.2 spotz,petrol,individual,manual,second owner,563000
2017,15000,23.84,1199.0,84.0,5.0,tata,tata tiago 1.2 revotron xz,petrol,individual,manual,first owner,450000
2020,1000,13.68,2393.0,147.51,7.0,toyota,toyota innova crysta 2.4 zx at,diesel,individual,automatic,first owner,2300000
1999,26320,16.1,796.0,37.0,4.0,maruti,maruti 800 ac,petrol,individual,manual,first owner,80000
2010,135000,23.0,1396.0,90.0,5.0,hyundai,hyundai i20 asta 1.4 crdi (diesel),diesel,individual,manual,second owner,320000
2008,100000,13.5,1799.0,130.0,5.0,honda,honda civic 1.8 v mt,petrol,individual,manual,third owner,375000
2017,120000,15.37,1196.0,73.0,5.0,maruti,maruti eeco 5 seater ac bsiv,petrol,individual,manual,first owner,400000
2011,230000,14.0,2498.0,112.0,7.0,mahindra,mahindra xylo e8 abs airbag,diesel,individual,manual,first owner,600000
2016,60000,23.01,999.0,67.0,5.0,renault,renault kwid 1.0 rxt optional,petrol,individual,manual,second owner,315000
2012,80000,16.07,1995.0,181.0,5.0,bmw,bmw 3 series 320d highline,diesel,individual,automatic,second owner,1100000
2010,190000,19.3,1248.0,73.9,5.0,maruti,maruti swift dzire vdi,diesel,individual,manual,second owner,350000
2016,120000,15.37,1196.0,73.0,5.0,maruti,maruti eeco 5 seater ac bsiv,petrol,individual,manual,first owner,375000
2013,217000,12.99,2494.0,100.6,8.0,toyota,toyota innova 2.5 gx (diesel) 8 seater,diesel,individual,manual,second owner,1050000
2005,90000,,,,,ford,ford ikon 1.8 d,diesel,individual,manual,third owner,130000
2015,29000,23.1,998.0,67.04,5.0,maruti,maruti celerio vxi,petrol,individual,manual,first owner,350000
2011,120000,,,,,hyundai,hyundai santro xing gl cng,cng,individual,manual,fourth & above owner,170000
2010,120000,18.9,1061.0,67.0,5.0,maruti,maruti wagon r lx minor,petrol,individual,manual,third owner,120000
2015,90000,16.0,2179.0,140.0,7.0,mahindra,mahindra xuv500 w6 2wd,diesel,individual,manual,first owner,819999
2018,30000,23.1,998.0,67.04,5.0,maruti,maruti celerio zxi optional amt bsiv,petrol,individual,automatic,second owner,451999
2016,56000,18.9,1197.0,82.0,5.0,hyundai,hyundai grand i10 magna,petrol,individual,manual,third owner,500000
2015,90000,12.99,2494.0,100.6,8.0,toyota,toyota innova 2.5 vx (diesel) 8 seater,diesel,individual,manual,first owner,1250000
2015,120000,18.49,1493.0,100.0,7.0,mahindra,mahindra tuv 300 t8,diesel,individual,manual,first owner,500000
2015,60000,25.2,1248.0,74.0,5.0,maruti,maruti swift vdi bsiv,diesel,individual,manual,first owner,490000
2008,147000,19.3,1248.0,73.9,5.0,maruti,maruti swift dzire zdi,diesel,individual,manual,second owner,200000
2012,35000,18.9,998.0,67.1,5.0,maruti,maruti wagon r vxi bsiii,petrol,individual,manual,first owner,240000
2018,19500,18.6,1197.0,81.83,5.0,hyundai,hyundai i20 1.2 spotz,petrol,individual,manual,first owner,655000
2018,38426,17.19,1197.0,81.86,5.0,hyundai,hyundai i20 active 1.2 sx,petrol,individual,manual,first owner,620000
2015,35000,20.4,1197.0,83.11,5.0,maruti,maruti swift vxi windsong limited edition,petrol,individual,manual,second owner,450000
2014,35000,20.51,998.0,67.04,5.0,maruti,maruti wagon r lxi bs iv,petrol,individual,manual,second owner,310000
2007,50000,19.7,796.0,46.3,5.0,maruti,maruti alto lxi,petrol,individual,manual,third owner,150000
2012,120000,25.44,936.0,57.6,5.0,chevrolet,chevrolet beat diesel lt,diesel,individual,manual,first owner,180000
2011,120000,19.4,1405.0,70.0,5.0,tata,tata indica vista tdi ls,diesel,individual,manual,first owner,150000
2011,112000,20.0,1399.0,68.0,5.0,ford,ford figo diesel exi,diesel,individual,manual,second owner,160000
2013,70000,14.0,2523.0,75.0,8.0,mahindra,mahindra scorpio ex,diesel,individual,manual,third owner,600000
2012,145000,20.5,1598.0,103.5,5.0,skoda,skoda rapid 1.6 tdi ambition plus alloy,diesel,individual,manual,first owner,380000
2007,135000,17.0,1405.0,70.0,5.0,tata,tata indigo lx,diesel,individual,manual,first owner,120000
2011,500000,12.99,2494.0,100.57,7.0,toyota,toyota innova 2.5 ev diesel ps 7 seater bsiii,diesel,individual,manual,second owner,350000
2012,146000,19.61,1405.0,70.0,5.0,tata,tata indigo tdi,diesel,individual,manual,first owner,135000
2018,10000,18.9,1197.0,81.86,5.0,hyundai,hyundai grand i10 1.2 kappa sportz bsiv,petrol,individual,manual,first owner,610000
2020,50000,20.14,1498.0,88.5,5.0,volkswagen,volkswagen polo 1.5 tdi comfortline,diesel,individual,manual,first owner,260000
2017,25000,20.14,1197.0,81.86,5.0,hyundai,hyundai xcent 1.2 vtvt s,petrol,individual,manual,first owner,500000
2016,20000,23.01,999.0,67.0,5.0,renault,renault kwid 1.0,petrol,individual,manual,first owner,220000
2006,70000,13.5,1799.0,130.0,5.0,honda,honda civic 1.8 s mt,petrol,individual,manual,second owner,121000
2017,50000,25.0,1396.0,69.01,5.0,tata,tata indigo cs elx bs iv,diesel,individual,manual,first owner,350000
2018,25000,15.17,1968.0,181.0,5.0,audi,audi q3 35 tdi quattro technology,diesel,individual,automatic,second owner,2200000
2011,100000,23.0,1396.0,90.0,5.0,hyundai,hyundai i20 1.4 crdi asta,diesel,individual,manual,second owner,280000
2020,20000,17.0,1198.0,108.5,5.0,tata,tata nexon 1.2 revotron xz plus,petrol,individual,manual,first owner,919999
2011,155000,23.0,1396.0,90.0,5.0,hyundai,hyundai i20 1.4 crdi asta,diesel,individual,manual,first owner,320000
2012,70000,20.0,1399.0,68.0,5.0,ford,ford figo diesel lxi,diesel,individual,manual,fourth & above owner,140000
2012,25000,21.5,1248.0,88.8,5.0,maruti,maruti sx4 vdi,diesel,individual,manual,second owner,310000
2006,120000,16.1,796.0,37.0,4.0,maruti,maruti 800 ex 5 speed,petrol,individual,manual,second owner,65000
2013,90000,18.2,1248.0,73.8,7.0,chevrolet,chevrolet enjoy tcdi ltz 7 seater,diesel,individual,manual,first owner,300000
2011,110000,15.1,2179.0,140.0,7.0,mahindra,mahindra xuv500 w8 2wd,diesel,individual,manual,second owner,575000
2014,110000,13.49,2179.0,138.03,5.0,tata,tata xenon xt ex 4x2,diesel,individual,manual,second owner,440000
2012,100000,22.9,1248.0,74.0,5.0,maruti,maruti swift vdi,diesel,individual,manual,second owner,380000
2010,116700,15.0,1368.0,90.0,5.0,tata,tata manza aura (abs) safire,petrol,individual,manual,fourth & above owner,140000
2015,25000,22.95,1248.0,74.0,5.0,tata,tata zest quadrajet 1.3 75ps xe,diesel,individual,manual,first owner,475000
2011,200000,13.0,2489.0,95.0,8.0,mahindra,mahindra xylo d2,diesel,individual,manual,third owner,200000
2010,176062,17.8,1248.0,75.0,5.0,maruti,maruti swift ldi bsiv,diesel,individual,manual,first owner,400000
2008,250000,12.8,2494.0,102.0,8.0,toyota,toyota innova 2.5 g (diesel) 8 seater bs iv,diesel,individual,manual,third owner,425000
2003,70000,,,,,hyundai,hyundai santro lp zipplus,petrol,individual,manual,second owner,68000
2015,82000,25.8,1498.0,98.6,5.0,honda,honda amaze anniversary edition,diesel,individual,manual,first owner,509999
2010,80000,19.81,1086.0,68.05,5.0,hyundai,hyundai i10 era 1.1 itech se,petrol,individual,manual,first owner,275000
2017,40000,18.2,1248.0,73.74,7.0,chevrolet,chevrolet enjoy 1.3 tcdi ltz 7,diesel,individual,manual,second owner,650000
2019,14000,17.1,1956.0,170.0,5.0,jeep,jeep compass 2.0 longitude option bsiv,diesel,individual,manual,first owner,1850000
2014,129000,19.72,1461.0,108.45,5.0,renault,renault duster 4x4,diesel,individual,manual,first owner,650000
2016,60000,20.5,1248.0,91.7,5.0,fiat,fiat punto evo 1.3 emotion,diesel,individual,manual,second owner,360000
2018,82000,21.73,1498.0,108.62,5.0,volkswagen,volkswagen ameo 1.5 tdi highline plus 16 at,diesel,individual,automatic,first owner,650000
2013,77500,12.7,2179.0,187.7,5.0,land,land rover range rover evoque 2.2l pure,diesel,individual,automatic,third owner,2000000
2017,50000,18.2,1248.0,73.74,7.0,chevrolet,chevrolet enjoy 1.3 tcdi ltz 7,diesel,individual,manual,second owner,675000
2006,40000,16.1,796.0,37.0,4.0,maruti,maruti 800 ac,petrol,individual,manual,third owner,50000
2017,39500,20.52,1197.0,81.8,5.0,maruti,maruti wagon r vxi opt 1.2,petrol,individual,manual,first owner,445000
2018,40000,22.54,1396.0,88.76,5.0,hyundai,hyundai elite i20 sportz plus diesel,diesel,individual,manual,first owner,750000
2012,56000,22.9,1248.0,74.0,5.0,maruti,maruti swift vdi,diesel,individual,manual,second owner,425000
1997,110000,,,,,peugeot,peugeot 309 gld,diesel,individual,manual,third owner,57000
2017,54000,22.54,1396.0,88.73,5.0,hyundai,hyundai i20 1.4 asta option,diesel,individual,manual,first owner,850000
2016,20000,20.51,998.0,67.04,5.0,maruti,maruti wagon r vxi bs iv,petrol,individual,manual,second owner,400000
2014,55896,25.0,1396.0,69.0,5.0,tata,tata indica v2 elx,diesel,individual,manual,second owner,200000
2016,35000,25.8,1498.0,98.6,5.0,honda,honda amaze sx i-dtec,diesel,individual,manual,first owner,550000
2012,97000,19.4,1198.0,86.8,5.0,honda,honda brio v mt,petrol,individual,manual,second owner,250000
2014,120000,22.74,796.0,47.3,5.0,maruti,maruti alto 800 lxi,petrol,individual,manual,second owner,206000
2014,50000,21.1,814.0,55.2,5.0,hyundai,hyundai eon magna plus,petrol,individual,manual,first owner,290000
2010,30400,26.0,624.0,35.0,4.0,tata,tata nano lx bsiv,petrol,individual,manual,fourth & above owner,45000
2012,110000,21.64,1461.0,84.8,5.0,nissan,nissan sunny diesel xl,diesel,individual,manual,third owner,220000
2008,120000,14.84,2143.0,170.0,5.0,mercedes-benz,mercedes-benz new c-class c 220 cdi elegance at,diesel,individual,automatic,second owner,515000
2010,100000,19.7,796.0,46.3,5.0,maruti,maruti alto lx,petrol,individual,manual,first owner,170000
2010,120000,17.8,1248.0,75.0,5.0,maruti,maruti swift vdi bsiii,diesel,individual,manual,second owner,260000
2012,130000,20.54,1598.0,103.6,5.0,volkswagen,volkswagen vento diesel highline,diesel,individual,manual,second owner,315000
2011,76000,20.92,998.0,67.1,5.0,maruti,maruti alto k10 2010-2014 vxi,petrol,individual,manual,second owner,225000
2012,110000,19.33,1968.0,138.1,5.0,volkswagen,volkswagen jetta 2.0l tdi comfortline,diesel,individual,manual,third owner,420000
2011,96000,12.05,2179.0,120.0,8.0,mahindra,mahindra scorpio vlx 4wd airbag bsiv,diesel,individual,manual,first owner,525000
2018,90000,28.4,1248.0,74.0,5.0,maruti,maruti swift amt zdi,diesel,individual,automatic,first owner,670000
2013,25000,20.0,1399.0,68.1,5.0,ford,ford figo diesel celebration edition,diesel,individual,manual,first owner,250000
2009,90000,19.3,1248.0,73.9,5.0,maruti,maruti swift dzire vdi,diesel,individual,manual,second owner,229999
2009,164000,19.3,1248.0,73.9,5.0,maruti,maruti swift dzire vdi,diesel,individual,manual,second owner,229999
2013,120000,18.0,1198.0,86.7,5.0,honda,honda amaze ex i-vtech,petrol,individual,manual,second owner,300000
2010,66000,19.0,998.0,66.1,5.0,maruti,maruti a-star vxi,petrol,individual,manual,second owner,165000
2010,250000,13.93,2179.0,138.0,7.0,tata,tata new safari dicor 2.2 ex 4x4 bs iv,diesel,individual,manual,first owner,295000
2011,157000,22.32,1582.0,126.3,5.0,hyundai,hyundai verna 1.6 crdi,diesel,individual,manual,second owner,360000
2011,157000,22.32,1582.0,126.3,5.0,hyundai,hyundai verna 1.6 crdi,diesel,individual,manual,second owner,380000
2017,35000,23.01,999.0,67.0,5.0,renault,renault kwid 1.0 rxt 02 anniversary edition,petrol,individual,manual,first owner,300000
2008,100000,12.7,2609.0,116.6,9.0,mahindra,mahindra scorpio 2.6 turbo 9 str,diesel,individual,manual,second owner,320000
2016,70000,19.44,1198.0,67.0,7.0,datsun,datsun go plus t bsiv,petrol,individual,manual,second owner,325000
2010,30000,21.12,1248.0,88.8,5.0,tata,tata manza aqua quadrajet bs iv,diesel,individual,manual,second owner,160000
2018,40000,16.5,1493.0,70.0,7.0,mahindra,mahindra bolero power plus sle,diesel,individual,manual,first owner,630000
2014,30000,22.74,796.0,47.3,5.0,maruti,maruti alto 800 vxi,petrol,individual,manual,second owner,229999
2014,70000,22.9,1248.0,74.0,5.0,maruti,maruti swift zdi,diesel,individual,manual,second owner,440000
2007,60000,18.0,995.0,62.0,5.0,chevrolet,chevrolet spark 1.0 lt,petrol,individual,manual,second owner,90000
2017,60000,28.09,1248.0,88.5,5.0,maruti,maruti ciaz vdi shvs,diesel,individual,manual,first owner,750000
2012,80000,16.8,1497.0,116.3,5.0,honda,honda city v mt,petrol,individual,manual,second owner,330000
2016,70000,28.09,1248.0,88.5,5.0,maruti,maruti ciaz zdi plus shvs,diesel,individual,manual,second owner,715000
2013,150000,20.86,1199.0,75.0,5.0,skoda,skoda fabia 1.2 tdi active plus,diesel,individual,manual,second owner,250000
2007,150000,18.2,1061.0,64.0,5.0,maruti,maruti zen estilo 1.1 lx bsiii,petrol,individual,manual,second owner,120000
2004,25000,14.2,1597.0,92.0,5.0,ford,ford ikon 1.6 nxt,petrol,individual,manual,third owner,100000
2017,35000,21.72,1498.0,108.6,5.0,skoda,skoda rapid 1.5 tdi at style bsiv,diesel,individual,automatic,second owner,850000
2018,48000,25.4,1186.0,73.97,5.0,hyundai,hyundai xcent 1.2 crdi e plus,diesel,individual,manual,first owner,450000
2012,200000,22.07,1199.0,73.9,5.0,volkswagen,volkswagen polo diesel trendline 1.2l,diesel,individual,manual,first owner,240000
2000,90000,,,,,hyundai,hyundai santro gls i - euro i,petrol,individual,manual,third owner,30000
2015,135000,26.59,1248.0,74.0,5.0,maruti,maruti swift dzire vdi,diesel,individual,manual,first owner,600000
2016,110000,18.2,1248.0,73.74,7.0,chevrolet,chevrolet enjoy 1.3 tcdi ls 7,diesel,individual,manual,second owner,280000
2012,146000,22.32,1582.0,126.32,5.0,hyundai,hyundai verna 1.6 sx,diesel,individual,manual,second owner,465000
2018,44000,24.7,796.0,47.3,5.0,maruti,maruti alto 800 lxi,petrol,individual,manual,first owner,350000
2013,70000,20.36,1197.0,78.9,5.0,hyundai,hyundai i10 magna 1.2 itech se,petrol,individual,manual,first owner,325000
2004,271000,16.8,1405.0,62.0,5.0,tata,tata indica v2 dls tc,diesel,individual,manual,first owner,50000
2006,120000,19.7,796.0,46.3,5.0,maruti,maruti alto lxi bsiii,petrol,individual,manual,third owner,110000
2015,60000,15.96,2523.0,62.1,7.0,mahindra,mahindra bolero 2011-2019 sle bsiii,diesel,individual,manual,first owner,515000
2018,40000,20.73,1373.0,91.1,5.0,maruti,maruti ciaz 1.4 sigma,petrol,individual,manual,first owner,750000
2018,25000,21.1,814.0,55.2,5.0,hyundai,hyundai eon sportz,petrol,individual,manual,first owner,350000
2019,15000,18.9,1197.0,81.86,5.0,hyundai,hyundai grand i10 1.2 kappa sportz bsiv,petrol,individual,manual,first owner,488999
2017,27000,24.7,796.0,47.3,5.0,maruti,maruti alto 800 lxi,petrol,individual,manual,first owner,300000
2017,35000,27.39,1248.0,74.0,5.0,maruti,maruti baleno alpha 1.3,diesel,individual,manual,second owner,650000
2014,40000,19.0,998.0,66.1,5.0,maruti,maruti a-star vxi,petrol,individual,manual,first owner,250000
2014,40000,22.74,796.0,47.3,5.0,maruti,maruti alto 800 lxi,petrol,individual,manual,third owner,200000
2015,75262,15.4,2179.0,120.0,7.0,mahindra,mahindra scorpio s10 7 seater,diesel,individual,manual,first owner,950000
2012,120000,23.03,1396.0,69.0,5.0,tata,tata indigo ecs lx bsiv,diesel,individual,manual,first owner,200000
2016,60000,20.3,998.0,68.05,5.0,hyundai,hyundai eon 1.0 era plus,petrol,individual,manual,first owner,276000
2014,40000,21.1,814.0,55.2,5.0,hyundai,hyundai eon magna plus,petrol,individual,manual,first owner,250000
2008,80000,19.7,796.0,46.3,5.0,maruti,maruti alto lx,petrol,individual,manual,second owner,95000
2011,70000,23.57,1396.0,70.0,5.0,tata,tata indigo cr4,diesel,individual,manual,second owner,200000
2012,100000,22.32,1582.0,126.32,5.0,hyundai,hyundai verna 1.6 sx,diesel,individual,manual,second owner,450000
2013,18000,15.1,2179.0,140.0,7.0,mahindra,mahindra xuv500 w6 2wd,diesel,individual,manual,first owner,900000
2010,175000,19.09,1396.0,69.0,5.0,tata,tata indigo cs lx (tdi) bs iii,diesel,individual,manual,first owner,200000
2010,70000,20.36,1197.0,78.9,5.0,hyundai,hyundai i10 sportz,petrol,individual,manual,second owner,200000
2011,91863,15.96,2523.0,62.1,7.0,mahindra,mahindra bolero 2011-2019 sle,diesel,individual,manual,second owner,370000
2008,100000,15.2,1193.0,65.0,5.0,tata,tata indigo cs glx bs iii,petrol,individual,manual,first owner,250000
2016,10000,25.17,799.0,53.3,5.0,renault,renault kwid rxt,petrol,individual,manual,first owner,290000
2018,35000,24.52,1248.0,88.5,7.0,maruti,maruti ertiga shvs vdi,diesel,individual,manual,first owner,900000
2013,120000,20.0,1399.0,68.1,5.0,ford,ford figo diesel celebration edition,diesel,individual,manual,second owner,325000
2016,30000,18.9,1197.0,82.0,5.0,hyundai,hyundai grand i10 magna,petrol,individual,manual,first owner,425000
2016,60000,25.17,799.0,53.3,5.0,renault,renault kwid rxt,petrol,individual,manual,first owner,315000
2014,70000,23.95,998.0,67.05,5.0,maruti,maruti alto k10 vxi,petrol,individual,manual,first owner,300000
2013,70000,20.36,1197.0,78.9,5.0,hyundai,hyundai i10 sportz,petrol,individual,manual,second owner,325000
2016,130000,21.38,1396.0,88.7,5.0,hyundai,hyundai creta 1.4 crdi s,diesel,individual,manual,first owner,900000
2016,133000,21.38,1396.0,88.7,5.0,hyundai,hyundai creta 1.4 crdi s plus,diesel,individual,manual,first owner,950000
2010,120000,20.54,1598.0,103.6,5.0,volkswagen,volkswagen vento diesel trendline,diesel,individual,manual,third owner,320000
2019,20000,19.44,999.0,75.0,5.0,volkswagen,volkswagen ameo 1.0 mpi trendline,petrol,individual,manual,first owner,500000
2012,25000,15.6,1196.0,70.0,5.0,ford,ford figo petrol lxi,petrol,individual,manual,first owner,290000
2012,90000,25.4,624.0,37.48,4.0,tata,tata nano lx bsiv,petrol,individual,manual,first owner,60000
2009,140000,19.0,998.0,66.1,5.0,maruti,maruti a-star vxi,petrol,individual,manual,third owner,120000
2017,103000,25.6,1498.0,97.9,5.0,honda,honda city i-dtec vx,diesel,dealer,manual,first owner,850000
2017,23000,13.68,2393.0,147.8,7.0,toyota,toyota innova crysta 2.4 gx mt bsiv,diesel,dealer,manual,first owner,1750000
2015,128000,26.0,1498.0,98.6,5.0,honda,honda city i dtec v,diesel,dealer,manual,first owner,600000
2015,33000,20.14,1498.0,88.8,5.0,volkswagen,volkswagen polo 1.5 tdi highline,diesel,individual,manual,first owner,620000
2009,70000,19.7,796.0,46.3,5.0,maruti,maruti alto lxi bsiii,petrol,individual,manual,second owner,150000
2011,40000,,1086.0,62.0,5.0,hyundai,hyundai santro xing gl,petrol,individual,manual,fourth & above owner,150000
2008,40000,12.85,1396.0,99.6,5.0,tata,tata indigo grand petrol,petrol,individual,manual,fourth & above owner,135000
2011,80000,17.0,1405.0,71.0,5.0,tata,tata indica vista terra 1.4 tdi,diesel,individual,manual,first owner,200000
2015,70000,26.21,1248.0,88.5,5.0,maruti,maruti ciaz zdi,diesel,individual,manual,first owner,730000
2013,100000,12.99,2494.0,100.6,8.0,toyota,toyota innova 2.5 g (diesel) 8 seater,diesel,individual,manual,first owner,800000
2009,90000,14.0,2498.0,112.0,8.0,mahindra,mahindra xylo e8,diesel,individual,manual,second owner,300000
2012,112000,20.0,1399.0,68.0,5.0,ford,ford figo diesel titanium,diesel,individual,manual,second owner,190000
2011,50000,15.5,1799.0,132.0,5.0,honda,honda civic 1.8 v mt inspire,petrol,individual,manual,first owner,350000
2015,62000,24.4,1120.0,71.0,5.0,hyundai,hyundai xcent 1.1 crdi s,diesel,individual,manual,second owner,509999
2012,90000,20.77,1248.0,88.76,7.0,maruti,maruti ertiga ldi,diesel,individual,manual,first owner,400000
2013,80000,12.99,2494.0,100.0,7.0,toyota,toyota innova 2.5 vx (diesel) 7 seater,diesel,individual,manual,first owner,800000
2016,47552,19.67,1582.0,126.2,5.0,hyundai,hyundai creta 1.6 crdi sx,diesel,individual,manual,second owner,930000
2016,40000,24.3,1248.0,88.5,5.0,maruti,maruti vitara brezza zdi plus dual tone,diesel,individual,manual,second owner,720000
2011,15000,15.6,1196.0,70.0,5.0,ford,ford figo petrol exi,petrol,individual,manual,first owner,225000
2019,20000,23.0,1498.0,98.96,5.0,ford,ford ecosport 1.5 diesel titanium plus bsiv,diesel,individual,manual,first owner,950000
2018,52000,17.19,1197.0,81.86,5.0,hyundai,hyundai i20 active 1.2,petrol,individual,manual,first owner,530000
2016,70000,18.6,1197.0,81.83,5.0,hyundai,hyundai i20 magna 1.2,petrol,individual,manual,first owner,470000
2017,110000,15.96,2523.0,63.0,9.0,mahindra,mahindra bolero power plus plus ac bsiv ps,diesel,individual,manual,first owner,650000
2014,77500,14.0,2179.0,138.1,7.0,tata,tata safari storme lx,diesel,individual,manual,second owner,540000
2015,100000,25.2,1248.0,74.0,5.0,maruti,maruti swift vdi bsiv,diesel,individual,manual,second owner,459999
2019,14700,25.17,799.0,53.3,5.0,renault,renault kwid rxl,petrol,individual,manual,first owner,325000
2016,40000,16.8,796.0,34.2,5.0,maruti,maruti omni mpi std bsiv,petrol,individual,manual,first owner,240000
2017,32000,18.15,1198.0,82.0,6.0,mahindra,mahindra kuv 100 mfalcon g80 k2,petrol,individual,manual,second owner,400000
2004,70000,19.7,796.0,46.3,5.0,maruti,maruti alto lxi,petrol,individual,manual,second owner,70000
2009,80000,17.5,1298.0,85.8,5.0,maruti,maruti swift dzire vxi,petrol,individual,manual,first owner,250000
2014,80000,12.99,2494.0,100.6,8.0,toyota,toyota innova 2.5 g (diesel) 8 seater,diesel,individual,manual,second owner,910000
2018,25000,28.4,1248.0,74.02,5.0,maruti,maruti swift dzire vdi,diesel,individual,manual,first owner,720000
2015,50000,26.59,1248.0,74.0,5.0,maruti,maruti swift dzire zdi,diesel,individual,manual,first owner,590000
2015,120000,13.58,2499.0,72.4,10.0,chevrolet,chevrolet tavera neo 3 10 seats bsiii,diesel,individual,manual,first owner,434000
2006,170000,13.6,2523.0,63.0,7.0,mahindra,mahindra bolero di bsiii,diesel,individual,manual,first owner,145000
2018,19700,18.15,1198.0,82.0,5.0,mahindra,mahindra kuv 100 g80 k4 plus 5str,petrol,individual,manual,first owner,445000
2011,70000,13.45,1086.0,62.1,5.0,hyundai,hyundai santro xing gl plus lpg,lpg,individual,manual,first owner,191000
2018,50000,25.83,1498.0,99.0,5.0,ford,ford figo aspire 1.5 tdci titanium,diesel,individual,manual,fourth & above owner,372000
2005,90000,18.9,998.0,67.1,5.0,maruti,maruti wagon r lxi,petrol,individual,manual,second owner,65000
2007,60000,,,,,hyundai,hyundai santro gls i - euro ii,petrol,individual,manual,third owner,150000
2015,140000,20.0,1399.0,68.05,5.0,ford,ford figo diesel lxi,diesel,individual,manual,first owner,300000
2003,120000,12.7,2609.0,116.6,8.0,mahindra,mahindra scorpio 2.6 dx,diesel,individual,manual,third owner,125000
2017,40000,20.3,1199.0,84.0,5.0,tata,tata tigor 1.2 revotron xz option,petrol,individual,manual,first owner,520000
2014,70000,22.74,796.0,47.3,5.0,maruti,maruti alto 800 lxi,petrol,individual,manual,third owner,190000
2018,7000,22.5,999.0,67.0,5.0,datsun,datsun redigo 1.0 s,petrol,individual,manual,first owner,310000
2012,90000,12.8,2494.0,102.0,8.0,toyota,toyota innova 2.5 vx 8 str bsiv,diesel,individual,manual,first owner,750000
2016,110000,18.49,1493.0,100.0,7.0,mahindra,mahindra tuv 300 mhawk100 t8 amt,diesel,individual,automatic,first owner,750000
2019,15000,23.95,998.0,67.05,5.0,maruti,maruti alto k10 vxi,petrol,individual,manual,first owner,350000
2020,5000,22.05,796.0,47.3,5.0,maruti,maruti alto 800 vxi,petrol,individual,manual,first owner,360000
2017,5000,25.17,799.0,53.3,5.0,renault,renault kwid rxe,petrol,individual,manual,first owner,285000
2013,70000,22.74,796.0,47.3,5.0,maruti,maruti alto 800 lx,petrol,individual,manual,second owner,160000
2015,60000,19.44,1198.0,67.0,7.0,datsun,datsun go plus d,petrol,individual,manual,second owner,229999
2007,120000,19.7,796.0,46.3,5.0,maruti,maruti alto lxi,petrol,individual,manual,third owner,85000
2018,7000,22.5,999.0,67.0,5.0,datsun,datsun redigo 1.0 s,petrol,individual,manual,first owner,300000
2014,120000,12.05,2179.0,120.0,7.0,mahindra,mahindra scorpio 2009-2014 sle 7s bsiv,diesel,individual,manual,first owner,675000
2014,145241,12.05,2179.0,120.0,7.0,mahindra,mahindra scorpio 2009-2014 sle 7s bsiii,diesel,individual,manual,first owner,700000
2008,110000,12.7,2609.0,116.6,8.0,mahindra,mahindra scorpio 2.6 turbo 7 str,diesel,individual,manual,first owner,400000
2016,30000,25.17,799.0,53.3,5.0,renault,renault kwid rxt,petrol,individual,manual,third owner,254999
2015,80000,15.4,2179.0,120.0,7.0,mahindra,mahindra scorpio s10 7 seater,diesel,individual,manual,second owner,1050000
2013,100000,23.4,1248.0,74.0,5.0,maruti,maruti swift dzire vdi,diesel,individual,manual,first owner,390000
2015,80000,23.59,1364.0,67.04,5.0,toyota,toyota etios liva gd,diesel,individual,manual,first owner,450000
2016,40000,11.36,2755.0,171.5,7.0,toyota,toyota innova crysta 2.8 gx at bsiv,diesel,individual,automatic,second owner,1630000
2017,50000,24.3,1248.0,88.5,5.0,maruti,maruti vitara brezza vdi option,diesel,individual,manual,first owner,725000
2013,95500,14.0,2179.0,138.1,7.0,tata,tata safari storme lx,diesel,individual,manual,second owner,466000
2019,10000,16.0,1368.0,160.0,5.0,jeep,jeep compass 1.4 sport,petrol,individual,manual,first owner,1520000
2014,53473,23.95,998.0,67.05,5.0,maruti,maruti alto k10 vxi,petrol,individual,manual,first owner,229999
2011,100000,15.96,2523.0,63.0,9.0,mahindra,mahindra bolero 2011-2019 di non ac bs iii white,diesel,individual,manual,second owner,250000
2016,25000,16.0,2179.0,140.0,7.0,mahindra,mahindra xuv500 w10 2wd,diesel,individual,manual,first owner,1350000
2013,80000,17.92,1086.0,62.1,5.0,hyundai,hyundai santro xing gls,petrol,individual,manual,first owner,220000
2015,120000,24.4,1120.0,71.0,5.0,hyundai,hyundai xcent 1.1 crdi s,diesel,individual,manual,first owner,360000
2018,40000,23.95,998.0,67.05,5.0,maruti,maruti alto k10 vxi,petrol,individual,manual,first owner,350000
2012,70000,22.32,1582.0,126.32,5.0,hyundai,hyundai verna 1.6 sx crdi (o),diesel,individual,manual,first owner,500000
2013,90000,25.44,936.0,57.6,5.0,chevrolet,chevrolet beat diesel lt,diesel,individual,manual,third owner,145000
2014,51000,18.2,1199.0,82.5,5.0,chevrolet,chevrolet sail hatchback 1.2,petrol,individual,manual,first owner,300000
2010,87000,,,,,tata,tata indica vista aqua 1.3 quadrajet (abs),diesel,individual,manual,first owner,180000
2009,87000,13.2,1495.0,94.0,5.0,hyundai,hyundai accent gle,petrol,individual,manual,second owner,180000
2006,120000,,,,,mahindra,mahindra bolero glx,diesel,individual,manual,second owner,200000
2014,90000,19.01,1461.0,108.45,5.0,renault,renault duster 110ps diesel rxl,diesel,individual,manual,second owner,620000
2015,110000,16.78,1496.0,88.73,5.0,toyota,toyota etios g,petrol,individual,manual,third owner,360000
2010,86000,17.92,1086.0,62.1,5.0,hyundai,hyundai santro xing gls,petrol,individual,manual,second owner,245000
2009,120000,,,,,maruti,maruti swift vdi bsiv,diesel,individual,manual,first owner,370000
2003,80000,14.2,1597.0,92.0,5.0,ford,ford ikon 1.6 really sport,petrol,individual,manual,third owner,130000
1999,65000,15.9,1298.0,85.0,5.0,maruti,maruti esteem lx - bsiii,petrol,individual,manual,fourth & above owner,70000
1999,70000,15.9,1298.0,85.0,5.0,maruti,maruti esteem lx - bsiii,petrol,individual,manual,fourth & above owner,70000
2014,140000,25.01,1498.0,89.75,5.0,ford,ford fiesta 1.5 tdci titanium,diesel,individual,manual,second owner,650000
2019,18000,21.21,1197.0,81.8,5.0,maruti,maruti swift vxi,petrol,individual,manual,first owner,610000
2015,24000,23.95,998.0,67.05,5.0,maruti,maruti alto k10 vxi,petrol,individual,manual,first owner,300000
2014,60000,24.0,1120.0,70.0,5.0,hyundai,hyundai grand i10 crdi magna,diesel,individual,manual,first owner,425000
2012,150000,22.32,1582.0,126.32,5.0,hyundai,hyundai verna 1.6 sx crdi (o),diesel,individual,manual,third owner,450000
2011,108000,22.32,1582.0,126.3,5.0,hyundai,hyundai verna 1.6 crdi,diesel,individual,manual,first owner,450000
2011,60000,16.95,1197.0,78.9,5.0,hyundai,hyundai i10 sportz at,petrol,individual,automatic,third owner,340000
2013,90000,20.77,1248.0,88.76,7.0,maruti,maruti ertiga ldi option,diesel,individual,manual,first owner,650000
2009,70000,19.09,1396.0,69.0,5.0,tata,tata indigo cs ls (tdi) bs iii,diesel,individual,manual,first owner,160000
2014,120000,19.1,1405.0,70.0,5.0,tata,tata indica vista tdi ls,diesel,individual,manual,first owner,250000
2012,100000,25.44,936.0,57.6,5.0,chevrolet,chevrolet beat diesel lt,diesel,individual,manual,third owner,225000
2007,75958,17.88,1396.0,52.8,5.0,tata,tata indica v2 2001-2011 dls bsiii,diesel,individual,manual,second owner,55000
1996,70000,16.1,796.0,37.0,4.0,maruti,maruti 800 ac,petrol,individual,manual,third owner,42000
2012,100000,,,,,tata,tata indica vista aqua 1.3 quadrajet (abs),diesel,individual,manual,second owner,250000
2006,128000,12.6,1991.0,112.0,7.0,hyundai,hyundai tucson crdi,diesel,individual,manual,fourth & above owner,282000
2007,110000,16.8,1405.0,62.0,5.0,tata,tata indica v2 dls tc,diesel,individual,manual,third owner,80000
2016,40000,20.85,1197.0,83.14,5.0,maruti,maruti swift dzire vxi,petrol,individual,manual,first owner,500000
2016,70000,25.83,1498.0,99.0,5.0,ford,ford figo aspire 1.5 tdci ambiente,diesel,individual,manual,first owner,500000
2011,60000,22.9,1248.0,74.0,5.0,maruti,maruti swift vdi,diesel,individual,manual,first owner,400000
2013,90000,15.96,2523.0,62.1,7.0,mahindra,mahindra bolero 2011-2019 slx,diesel,individual,manual,first owner,550000
2007,70000,13.93,2179.0,138.1,7.0,tata,tata new safari dicor lx 4x2 bs iv,diesel,individual,manual,second owner,200000
2012,65000,20.36,1197.0,78.9,5.0,hyundai,hyundai i10 sportz,petrol,individual,manual,first owner,280000
2014,88000,23.4,1248.0,74.0,5.0,maruti,maruti swift dzire vdi,diesel,individual,manual,first owner,580000
2009,80000,18.8,1248.0,90.0,5.0,tata,tata manza aura (abs) quadrajet,diesel,individual,manual,third owner,100000
2014,60000,14.0,2523.0,75.0,8.0,mahindra,mahindra scorpio ex,diesel,individual,manual,first owner,550000
2017,38000,18.49,1493.0,100.0,7.0,mahindra,mahindra tuv 300 t4 plus,diesel,individual,manual,first owner,700000
2010,80000,15.0,1368.0,90.0,5.0,tata,tata manza aqua safire,petrol,individual,manual,third owner,150000
2014,60000,21.1,814.0,55.2,5.0,hyundai,hyundai eon magna plus,petrol,individual,manual,second owner,190000
2013,110000,15.96,2523.0,62.1,7.0,mahindra,mahindra bolero 2011-2019 sle,diesel,individual,manual,first owner,500000
2017,110000,25.2,1248.0,74.0,5.0,maruti,maruti swift vdi bsiv,diesel,individual,manual,first owner,640000
2011,145000,20.86,1199.0,75.0,5.0,skoda,skoda fabia 1.2l diesel elegance,diesel,individual,manual,first owner,340000
2019,43000,22.54,1396.0,88.76,5.0,hyundai,hyundai elite i20 asta option diesel,diesel,individual,manual,first owner,811000
2016,120000,23.2,1248.0,73.94,5.0,maruti,maruti ritz ldi,diesel,individual,manual,first owner,409999
2007,136000,16.1,1298.0,88.2,5.0,maruti,maruti swift lxi bsiii,petrol,individual,manual,second owner,220000
2013,120000,17.88,1405.0,48.21,5.0,tata,tata indica v2 dls bsiii,diesel,individual,manual,second owner,170000
2018,25000,18.6,1197.0,81.86,5.0,hyundai,hyundai elite i20 petrol asta option,petrol,individual,manual,first owner,700000
2015,80000,15.4,2179.0,120.0,7.0,mahindra,mahindra scorpio s10 4wd,diesel,individual,manual,second owner,950000
2003,40000,14.4,1599.0,94.0,5.0,hyundai,hyundai accent gls 1.6 abs,petrol,individual,manual,second owner,80000
2014,120000,23.4,1248.0,74.0,5.0,maruti,maruti swift dzire vdi,diesel,individual,manual,second owner,420000
2018,35000,25.1,1248.0,88.5,5.0,maruti,maruti s-cross 2017-2020 zeta ddis 200 sh,diesel,individual,manual,first owner,899000
2019,35000,19.83,1198.0,67.0,5.0,datsun,datsun go t petrol,petrol,individual,manual,first owner,459999
2008,120000,18.1,1493.0,110.0,5.0,hyundai,hyundai verna crdi sx abs,diesel,individual,manual,second owner,150000
2017,25000,23.01,999.0,67.0,5.0,renault,renault kwid 1.0 rxt optional,petrol,individual,manual,first owner,350000
2015,100000,23.59,1364.0,67.05,5.0,toyota,toyota etios gd,diesel,individual,manual,second owner,509999
2013,120000,15.96,2523.0,62.1,9.0,mahindra,mahindra bolero 2011-2019 plus non ac,diesel,individual,manual,third owner,500000
2017,35000,17.57,1193.0,88.7,5.0,tata,tata zest revotron 1.2 xt,petrol,individual,manual,first owner,370000
2013,44000,20.92,998.0,67.1,5.0,maruti,maruti alto k10 2010-2014 vxi,petrol,individual,manual,second owner,240000
2015,100000,22.54,1396.0,88.73,5.0,hyundai,hyundai i20 asta 1.4 crdi,diesel,individual,manual,second owner,530000
2015,133000,15.4,2179.0,120.0,7.0,mahindra,mahindra scorpio s10 7 seater,diesel,individual,manual,second owner,1000000
2018,35000,13.68,2393.0,147.8,7.0,toyota,toyota innova crysta 2.4 vx mt bsiv,diesel,individual,manual,second owner,1600000
2014,64000,20.36,1197.0,78.9,5.0,hyundai,hyundai i10 sportz,petrol,individual,manual,first owner,350000
2015,70000,16.0,2179.0,140.0,7.0,mahindra,mahindra xuv500 at w10 fwd,diesel,individual,automatic,first owner,1100000
2011,70000,18.5,1197.0,80.0,5.0,hyundai,hyundai i20 1.2 magna,petrol,individual,manual,first owner,220000
2015,100000,18.9,1197.0,82.0,5.0,hyundai,hyundai grand i10 sportz,petrol,individual,manual,first owner,350000
2013,90000,22.9,1248.0,74.0,5.0,maruti,maruti swift ldi,diesel,individual,manual,second owner,370000
2014,50000,17.5,1298.0,85.8,5.0,maruti,maruti swift dzire vxi,petrol,individual,manual,first owner,220000
2017,50000,25.32,1198.0,77.0,6.0,mahindra,mahindra kuv 100 mfalcon d75 k4,diesel,individual,manual,first owner,400000
2017,31596,17.0,1497.0,121.36,5.0,ford,ford ecosport 1.5 petrol ambiente bsiv,petrol,dealer,manual,first owner,570000
2013,85710,15.1,2179.0,140.0,7.0,mahindra,mahindra xuv500 w6 2wd,diesel,dealer,manual,first owner,650000
2012,129627,11.5,2982.0,171.0,7.0,toyota,toyota fortuner 3.0 diesel,diesel,dealer,manual,first owner,1680000
2018,10000,22.7,799.0,53.64,5.0,datsun,datsun redigo t option,petrol,individual,manual,first owner,250000
2014,15000,20.36,1197.0,78.9,5.0,hyundai,hyundai i10 sportz,petrol,individual,manual,first owner,320000
2017,35000,20.51,998.0,67.0,5.0,maruti,maruti wagon r amt vxi,petrol,individual,automatic,first owner,440000
2013,49000,18.5,1197.0,82.85,5.0,hyundai,hyundai i20 sportz 1.2,petrol,individual,manual,second owner,315000
2007,70000,,,,,hyundai,hyundai santro xing abs,petrol,individual,manual,third owner,100000
2010,158000,18.8,1248.0,90.0,5.0,tata,tata manza aura quadrajet,diesel,individual,manual,first owner,202999
2012,30000,21.1,814.0,55.2,5.0,hyundai,hyundai eon era,petrol,individual,manual,second owner,179000
2008,60000,20.36,1197.0,78.9,5.0,hyundai,hyundai i10 magna 1.2 itech se,petrol,individual,manual,second owner,140000
2008,40000,18.2,1061.0,64.0,5.0,maruti,maruti zen estilo 1.1 lxi bsiii,petrol,individual,manual,second owner,150000
2011,60000,13.6,2523.0,63.0,7.0,mahindra,mahindra bolero slx,diesel,individual,manual,second owner,440000
2011,55130,20.0,1399.0,68.0,5.0,ford,ford figo diesel exi,diesel,dealer,manual,second owner,250000
2014,22000,20.51,998.0,67.04,5.0,maruti,maruti wagon r vxi bs iv,petrol,individual,manual,first owner,330000
2010,48000,15.6,1196.0,70.0,5.0,ford,ford figo petrol zxi,petrol,individual,manual,first owner,250000
2012,45000,18.5,1197.0,82.85,5.0,hyundai,hyundai i20 magna,petrol,individual,manual,first owner,335000
2016,22522,16.0,2179.0,140.0,7.0,mahindra,mahindra xuv500 w4,diesel,dealer,manual,first owner,1025000
2012,51856,18.5,1197.0,80.0,5.0,hyundai,hyundai i20 1.2 magna,petrol,dealer,manual,third owner,320000
2015,29434,20.73,1373.0,91.1,5.0,maruti,maruti ciaz rs zxi plus,petrol,individual,manual,first owner,550000
2018,25000,25.5,1498.0,98.6,5.0,honda,honda wr-v i-dtec vx,diesel,individual,manual,first owner,800000
2017,28000,23.84,1199.0,84.0,5.0,tata,tata tiago 1.2 revotron xz,petrol,individual,manual,second owner,380000
2013,44500,20.46,1461.0,83.8,5.0,renault,renault duster 85ps diesel rxl optional,diesel,individual,manual,second owner,400000
2016,34500,20.51,998.0,67.04,5.0,maruti,maruti wagon r vxi bs iv,petrol,individual,manual,first owner,375000
2017,20000,18.0,1497.0,117.6,5.0,honda,honda city i-vtec cvt zx,petrol,individual,automatic,first owner,1100000
2018,15000,18.6,1197.0,81.83,5.0,hyundai,hyundai i20 1.2 spotz,petrol,individual,manual,first owner,650000
2014,26000,19.34,1198.0,76.0,5.0,nissan,nissan micra xv cvt,petrol,individual,automatic,first owner,361000
2012,20000,21.1,814.0,55.2,5.0,hyundai,hyundai eon d lite plus,petrol,individual,manual,first owner,140000
2019,3000,20.14,1197.0,81.86,5.0,hyundai,hyundai xcent 1.2 vtvt s,petrol,individual,manual,first owner,550000
2019,20000,19.5,1199.0,88.76,5.0,honda,honda amaze vx petrol bsiv,petrol,individual,manual,first owner,670000
2017,25000,24.3,1248.0,88.5,5.0,maruti,maruti vitara brezza zdi plus,diesel,individual,manual,first owner,880000
2018,35000,23.0,1498.0,98.96,5.0,ford,ford ecosport 1.5 diesel titanium plus bsiv,diesel,individual,manual,first owner,950000
2010,60000,18.3,1991.0,147.9,5.0,chevrolet,chevrolet cruze ltz,diesel,individual,manual,first owner,300000
2017,6825,18.0,1497.0,117.6,5.0,honda,honda city i-vtec cvt vx,petrol,individual,automatic,first owner,1150000
2015,155000,14.81,1998.0,163.7,5.0,chevrolet,chevrolet cruze ltz at,diesel,individual,automatic,first owner,450000
2018,50000,21.94,1196.0,61.7,5.0,maruti,maruti eeco cng 5 seater ac bsiv,cng,individual,manual,first owner,375000
2016,13500,17.5,1373.0,91.1,7.0,maruti,maruti ertiga bsiv vxi,petrol,individual,manual,first owner,600000
2008,260000,12.8,2494.0,102.0,8.0,toyota,toyota innova 2.5 v diesel 8-seater,diesel,individual,manual,first owner,700000
2018,65000,25.4,1186.0,73.97,5.0,hyundai,hyundai xcent 1.2 crdi s,diesel,individual,manual,first owner,600000
2014,95000,14.02,2179.0,118.3,8.0,mahindra,mahindra xylo h9,diesel,individual,manual,second owner,630000
2016,40000,20.73,1373.0,91.1,5.0,maruti,maruti ciaz zxi,petrol,individual,manual,second owner,590000
2019,30000,20.3,1086.0,68.0,5.0,hyundai,hyundai santro era,petrol,individual,manual,first owner,420000
2016,120000,13.5,2477.0,175.56,7.0,mitsubishi,mitsubishi pajero sport 4x4 dual tone,diesel,individual,manual,first owner,1950000
2013,112011,13.93,2179.0,138.1,7.0,tata,tata new safari dicor ex 4x2 bs iv,diesel,individual,manual,first owner,541000
2015,125000,12.99,2494.0,100.6,7.0,toyota,toyota innova 2.5 g (diesel) 7 seater,diesel,individual,manual,first owner,900000
2009,43000,18.8,1248.0,90.0,5.0,tata,tata manza aura quadrajet,diesel,individual,manual,first owner,250000
2019,53534,15.96,2523.0,62.1,7.0,mahindra,mahindra bolero 2011-2019 sle,diesel,individual,manual,first owner,670000
2019,20000,20.3,1199.0,83.81,5.0,tata,tata tigor 2017-2020 xz plus,petrol,individual,manual,first owner,530000
2012,70000,25.44,936.0,57.6,5.0,chevrolet,chevrolet beat diesel lt,diesel,individual,manual,second owner,150000
2013,70000,15.1,2179.0,140.0,7.0,mahindra,mahindra xuv500 w8 2wd,diesel,individual,manual,third owner,550000
2015,150000,15.4,1997.0,120.0,7.0,mahindra,mahindra scorpio 1.99 s4 plus,diesel,individual,manual,first owner,650000
2012,100000,19.4,1405.0,70.0,5.0,tata,tata indica vista tdi lx,diesel,individual,manual,second owner,180000
2015,50000,16.55,2498.0,105.0,7.0,mahindra,mahindra thar 4x4,diesel,individual,manual,first owner,585000
2013,120000,18.5,1197.0,82.85,5.0,hyundai,hyundai i20 magna,petrol,individual,manual,second owner,345000
2013,110000,22.9,1248.0,74.0,5.0,maruti,maruti swift vdi,diesel,individual,manual,third owner,350000
2016,140000,15.4,1497.0,117.3,7.0,honda,honda brv i-vtec v mt,petrol,individual,manual,first owner,725000
2012,120000,15.42,1405.0,70.0,7.0,tata,tata venture ex 7 str,diesel,individual,manual,first owner,250000
2002,70000,16.1,796.0,37.0,4.0,maruti,maruti 800 ac,petrol,individual,manual,second owner,45000
2007,248119,12.8,2494.0,102.0,8.0,toyota,toyota innova 2.5 e diesel ms 8-seater,diesel,individual,manual,fourth & above owner,409999
2017,16500,23.01,999.0,67.0,5.0,renault,renault kwid 1.0 rxt optional,petrol,individual,manual,second owner,325000
2016,9900,23.95,998.0,67.05,5.0,maruti,maruti alto k10 vxi,petrol,individual,manual,first owner,350000
2012,80000,19.7,796.0,46.3,5.0,maruti,maruti alto lxi,petrol,individual,manual,third owner,180000
2010,100000,16.0,1368.0,90.0,5.0,fiat,fiat linea emotion,petrol,individual,manual,second owner,150000
2020,20000,23.26,1197.0,88.5,5.0,maruti,maruti dzire zxi,petrol,individual,manual,first owner,700000
2016,90000,28.09,1248.0,88.5,5.0,maruti,maruti ciaz zdi plus shvs,diesel,individual,manual,first owner,795000
2019,15000,16.55,2498.0,105.0,6.0,mahindra,mahindra thar crde,diesel,individual,manual,first owner,950000
2018,75000,21.5,1498.0,108.5,5.0,volkswagen,volkswagen vento 1.5 highline plus at 16 alloy,diesel,individual,automatic,first owner,885000
2011,140000,21.1,1248.0,73.9,5.0,maruti,maruti ritz ldi,diesel,individual,manual,first owner,160000
2012,120000,23.0,1396.0,90.0,5.0,hyundai,hyundai i20 1.4 crdi asta,diesel,individual,manual,second owner,300000
2018,75000,21.5,1498.0,108.5,5.0,volkswagen,volkswagen vento 1.5 highline plus at 16 alloy,diesel,individual,automatic,first owner,950000
2015,90000,20.77,1248.0,88.76,7.0,maruti,maruti ertiga vdi,diesel,individual,manual,first owner,549000
2018,20000,20.38,1968.0,143.0,5.0,audi,audi a3 35 tdi premium plus,diesel,individual,automatic,first owner,3000000
2015,61000,12.99,2494.0,100.6,7.0,toyota,toyota innova 2.5 vx (diesel) 7 seater,diesel,individual,manual,first owner,1200000
2012,100000,21.8,1461.0,78.0,5.0,renault,renault fluence diesel e4,diesel,individual,manual,second owner,570000
2017,60000,16.55,2498.0,105.0,6.0,mahindra,mahindra thar crde,diesel,individual,manual,second owner,800000
2009,100000,18.1,1493.0,110.0,5.0,hyundai,hyundai verna crdi sx abs,diesel,individual,manual,first owner,375000
2009,170000,13.6,2523.0,63.0,7.0,mahindra,mahindra bolero slx,diesel,individual,manual,third owner,300000
2013,100000,16.78,1496.0,88.73,5.0,toyota,toyota etios g,petrol,individual,manual,second owner,350000
2011,120000,13.6,2523.0,63.0,7.0,mahindra,mahindra bolero slx,diesel,individual,manual,second owner,400000
2015,50000,20.14,1498.0,88.8,5.0,volkswagen,volkswagen polo 1.5 tdi comfortline,diesel,individual,manual,first owner,434999
2012,120000,,,,,toyota,toyota etios liva g,petrol,individual,manual,second owner,200000
2015,25000,22.74,796.0,47.3,5.0,maruti,maruti alto 800 lxi,petrol,individual,manual,first owner,260000
2013,24019,22.9,1248.0,74.0,5.0,maruti,maruti swift vdi,diesel,individual,manual,first owner,450000
2013,80000,22.32,1582.0,126.32,5.0,hyundai,hyundai verna 1.6 sx,diesel,individual,manual,second owner,459999
2011,100000,21.1,1248.0,73.9,5.0,maruti,maruti ritz vdi abs,diesel,individual,manual,second owner,210000
2015,93000,20.85,1197.0,83.14,5.0,maruti,maruti swift dzire vxi,petrol,individual,manual,second owner,540000
2017,50000,24.52,1248.0,88.5,7.0,maruti,maruti ertiga shvs vdi,diesel,individual,manual,first owner,710000
2018,22000,24.7,796.0,47.3,5.0,maruti,maruti alto 800 vxi,petrol,individual,manual,first owner,285000
2019,19600,22.1,1396.0,88.7,5.0,hyundai,hyundai creta 1.4 e plus,diesel,individual,manual,first owner,990000
2017,104000,15.64,1193.0,64.1,5.0,tata,tata indigo cs egls bs iv,petrol,individual,manual,first owner,362000
2017,33000,23.0,1498.0,98.96,5.0,ford,ford ecosport 1.5 diesel titanium plus bsiv,diesel,individual,manual,first owner,880000
2017,60000,18.49,1493.0,100.0,7.0,mahindra,mahindra tuv 300 mhawk100 t8,diesel,individual,manual,first owner,700000
2016,60000,15.96,2523.0,63.0,9.0,mahindra,mahindra bolero 2011-2019 di - ac bs iii,diesel,individual,manual,first owner,600000
2015,40000,13.24,1598.0,102.5,5.0,nissan,nissan terrano xl,petrol,individual,manual,first owner,700000
2016,60000,27.28,1047.0,69.0,5.0,tata,tata tiago 1.05 revotorq xt,diesel,individual,manual,first owner,400000
2010,80000,13.2,1495.0,93.7,5.0,hyundai,hyundai accent executive lpg,lpg,individual,manual,first owner,165000
2007,376412,12.8,2494.0,102.0,8.0,toyota,toyota innova 2.5 v diesel 8-seater,diesel,individual,manual,second owner,350000
2014,80000,16.02,1373.0,93.7,7.0,maruti,maruti ertiga vxi,petrol,individual,manual,third owner,425000
2012,70000,17.92,1086.0,62.1,5.0,hyundai,hyundai santro xing gl plus,petrol,individual,manual,first owner,180000
2012,90000,20.92,998.0,67.1,5.0,maruti,maruti alto k10 2010-2014 vxi,petrol,individual,manual,third owner,170000
2014,183000,15.96,2523.0,63.0,9.0,mahindra,mahindra bolero 2011-2019 di non ac bs iii white,diesel,individual,manual,first owner,370000
2018,27000,24.3,1248.0,88.5,5.0,maruti,maruti vitara brezza vdi,diesel,individual,manual,first owner,800000
2017,35000,23.0,1498.0,98.96,5.0,ford,ford ecosport 1.5 diesel titanium plus bsiv,diesel,individual,manual,first owner,900000
2013,120000,22.9,1248.0,74.0,5.0,maruti,maruti swift vdi,diesel,individual,manual,first owner,390000
2014,80000,23.4,1248.0,74.0,5.0,maruti,maruti swift dzire vdi,diesel,individual,manual,second owner,445000
2014,70000,23.4,1248.0,74.0,5.0,maruti,maruti swift dzire vdi,diesel,individual,manual,fourth & above owner,459999
2013,55000,14.4,998.0,61.7,5.0,maruti,maruti wagon r lxi duo bs iv,lpg,individual,manual,first owner,275000
2009,120000,21.1,1248.0,73.9,5.0,maruti,maruti ritz vdi,diesel,individual,manual,second owner,200000
2012,72000,17.5,1197.0,85.8,5.0,maruti,maruti swift dzire 1.2 lxi bsiv,petrol,individual,manual,second owner,350000
2007,120000,12.0,2092.0,127.0,7.0,tata,tata new safari 4x4 exi bsiii,diesel,individual,manual,second owner,95000
2014,250000,23.59,1364.0,67.04,5.0,toyota,toyota etios gd,diesel,individual,manual,first owner,550000
2016,100000,13.58,2499.0,72.4,9.0,chevrolet,chevrolet tavera neo 3 lt 9 seats bsiii,diesel,individual,manual,first owner,900000
2013,120000,15.3,2956.0,83.83,7.0,tata,tata sumo gold gx,diesel,individual,manual,second owner,350000
2014,32000,18.9,1197.0,82.0,5.0,hyundai,hyundai grand i10 asta,petrol,individual,manual,first owner,455999
2008,60000,19.7,796.0,46.3,5.0,maruti,maruti alto std,petrol,individual,manual,first owner,129000
2017,40000,24.7,796.0,47.3,5.0,maruti,maruti alto 800 lxi,petrol,individual,manual,first owner,254000
2014,48000,21.7,1498.0,98.96,5.0,ford,ford ecosport 1.5 diesel trend,diesel,individual,manual,first owner,570000
2018,30000,19.87,1461.0,83.14,5.0,nissan,nissan terrano xl d option,diesel,individual,manual,first owner,840000
2010,100000,13.93,2179.0,138.1,7.0,tata,tata new safari dicor 2.2 gx 4x2 bs iv,diesel,individual,manual,second owner,235000
2016,50000,18.49,1493.0,100.0,7.0,mahindra,mahindra tuv 300 t6,diesel,individual,manual,first owner,700000
2010,40000,,,,,hyundai,hyundai santro xing abs,petrol,individual,manual,second owner,140000
2018,5000,18.9,1197.0,81.86,5.0,hyundai,hyundai grand i10 1.2 kappa sportz option,petrol,individual,manual,first owner,528000
2017,12000,17.1,1956.0,170.0,5.0,jeep,jeep compass 2.0 limited option,diesel,individual,manual,first owner,1500000
2016,72000,15.96,2523.0,63.0,9.0,mahindra,mahindra bolero 2011-2019 di - ac bs iii,diesel,individual,manual,first owner,560000
2016,70000,15.96,2523.0,63.0,9.0,mahindra,mahindra bolero 2011-2019 di - ac bs iii,diesel,individual,manual,first owner,600000
2007,50000,15.26,1150.0,74.9,5.0,chevrolet,chevrolet aveo u-va 1.2 ls,petrol,individual,manual,second owner,102000
2014,70000,15.1,2179.0,140.0,7.0,mahindra,mahindra xuv500 w8 awd,diesel,individual,manual,second owner,750000
2010,70000,14.7,1150.0,76.0,5.0,chevrolet,chevrolet aveo u-va 1.2,petrol,individual,manual,third owner,148000
2015,50000,21.4,1197.0,83.1,5.0,maruti,maruti baleno alpha 1.2,petrol,individual,manual,first owner,650000
2012,40000,16.47,1198.0,73.9,5.0,volkswagen,volkswagen polo petrol trendline 1.2l,petrol,individual,manual,first owner,310000
2014,30000,19.1,1197.0,82.0,5.0,hyundai,hyundai xcent 1.2 kappa s,petrol,individual,manual,first owner,480000
2018,15000,24.7,796.0,47.3,5.0,maruti,maruti alto 800 vxi,petrol,individual,manual,first owner,320000
2015,40000,17.4,1497.0,117.3,5.0,honda,honda city i vtec vx,petrol,individual,manual,first owner,750000
2017,40000,19.49,1198.0,67.04,5.0,nissan,nissan micra active xl petrol,petrol,individual,manual,first owner,370000
2013,60000,18.6,1197.0,85.8,5.0,maruti,maruti swift zxi,petrol,individual,manual,fourth & above owner,320000
2013,67000,18.6,1197.0,85.8,5.0,maruti,maruti swift zxi,petrol,individual,manual,first owner,420000
2010,60000,17.5,1298.0,85.8,5.0,maruti,maruti swift dzire vxi,petrol,individual,manual,second owner,240000
2017,60000,22.5,999.0,67.0,5.0,datsun,datsun redigo 1.0 s,petrol,individual,manual,first owner,220000
2016,30000,23.84,1199.0,84.0,5.0,tata,tata tiago 1.2 revotron xm,petrol,individual,manual,first owner,350000
2018,40000,25.8,1498.0,98.6,5.0,honda,honda amaze vx i-dtec,diesel,individual,manual,first owner,675000
2016,50000,18.16,1197.0,78.8,5.0,toyota,toyota etios cross 1.2l g,petrol,individual,manual,second owner,434999
2006,200000,13.1,1997.0,141.1,5.0,honda,honda cr-v 2.0l 2wd at,petrol,individual,automatic,third owner,125000
2016,14000,18.15,1198.0,82.0,6.0,mahindra,mahindra kuv 100 mfalcon g80 k6 aw,petrol,individual,manual,second owner,400000
2015,70000,13.58,2499.0,72.4,9.0,chevrolet,chevrolet tavera neo 3 9 str bsiii,diesel,individual,manual,first owner,425000
2010,94000,21.1,1248.0,75.0,5.0,maruti,maruti ritz genus vdi,diesel,individual,manual,second owner,311000
2015,197000,13.58,2499.0,72.4,10.0,chevrolet,chevrolet tavera neo 3 10 seats bsiii,diesel,individual,manual,first owner,509999
2015,79000,25.83,1498.0,99.0,5.0,ford,ford figo 1.5d trend mt,diesel,individual,manual,second owner,530000
2008,120000,18.7,1896.0,66.0,5.0,skoda,skoda octavia rider 1.9 at tdi,diesel,individual,manual,second owner,210000
2019,30000,17.3,1497.0,121.0,8.0,mahindra,mahindra marazzo m2 8str bsiv,diesel,individual,manual,first owner,977000
2018,20000,20.51,998.0,67.04,5.0,maruti,maruti wagon r vxi bs iv,petrol,individual,manual,first owner,440000
2018,17000,20.51,998.0,67.04,5.0,maruti,maruti wagon r vxi bs iv,petrol,individual,manual,first owner,440000
2018,20000,18.6,1197.0,81.83,5.0,hyundai,hyundai i20 1.2 spotz,petrol,individual,manual,first owner,655000
2016,60000,25.17,799.0,53.3,5.0,renault,renault kwid rxt optional,petrol,individual,manual,first owner,295000
2007,70000,15.0,1086.0,66.6,5.0,hyundai,hyundai getz 1.1 gle,petrol,individual,manual,third owner,65000
2017,150000,17.6,2179.0,153.86,7.0,tata,tata hexa xt,diesel,individual,manual,first owner,1200000
2017,35000,17.6,2179.0,153.86,7.0,tata,tata hexa xm,diesel,individual,manual,first owner,1251000
2010,60000,23.03,1396.0,69.0,5.0,tata,tata indigo cs elx bs iv,diesel,individual,manual,first owner,200000
2016,40000,21.19,1396.0,88.73,5.0,hyundai,hyundai i20 active 1.4 sx with avn,diesel,individual,manual,first owner,750000
2018,60000,26.6,998.0,58.16,5.0,maruti,maruti wagon r lxi cng,cng,individual,manual,first owner,400000
2017,57000,17.8,1198.0,86.7,5.0,honda,honda amaze e i-vtec,petrol,individual,manual,first owner,475000
2012,120000,17.8,1405.0,70.0,5.0,tata,tata indigo vs,diesel,individual,manual,second owner,110000
2017,30000,23.01,999.0,67.0,5.0,renault,renault kwid 1.0 rxt 02 anniversary edition,petrol,individual,manual,first owner,350000
2016,175000,23.4,1248.0,74.0,5.0,maruti,maruti swift dzire tour ldi,diesel,individual,manual,first owner,450000
2010,90000,17.0,1405.0,70.0,5.0,tata,tata indigo lx,diesel,individual,manual,first owner,150000
2009,110000,17.2,1396.0,53.5,5.0,tata,tata indica v2 dls,diesel,individual,manual,second owner,80000
2015,35000,18.6,1197.0,81.83,5.0,hyundai,hyundai i20 magna 1.2,petrol,individual,manual,second owner,430000
2017,81000,13.68,2393.0,147.8,7.0,toyota,toyota innova crysta 2.4 zx mt bsiv,diesel,individual,manual,first owner,1450000
2011,100000,18.3,1991.0,147.9,5.0,chevrolet,chevrolet cruze ltz,diesel,individual,manual,first owner,360000
2017,60000,17.6,2179.0,153.86,7.0,tata,tata hexa xta,diesel,individual,automatic,first owner,1445000
2016,60000,26.0,1498.0,98.6,5.0,honda,honda city i dtec s,diesel,individual,manual,first owner,670000
2016,70000,13.7,1991.0,183.0,5.0,mercedes-benz,mercedes-benz gla class 200,petrol,individual,automatic,first owner,2000000
2010,83000,,,,,maruti,maruti swift 1.3 vxi,petrol,individual,manual,second owner,175000
2015,50000,25.8,1498.0,98.6,5.0,honda,honda amaze s i-dtech,diesel,individual,manual,first owner,440000
2012,90000,23.0,1396.0,90.0,5.0,hyundai,hyundai i20 1.4 crdi era,diesel,individual,manual,first owner,254999
2018,65000,19.02,1198.0,67.05,7.0,datsun,datsun go plus a option petrol,petrol,individual,manual,first owner,530000
2016,40000,16.0,1997.0,140.0,7.0,mahindra,mahindra xuv500 w4 1.99 mhawk,diesel,individual,manual,second owner,890000
2013,80000,22.07,1199.0,73.9,5.0,volkswagen,volkswagen polo diesel comfortline 1.2l,diesel,individual,manual,second owner,280000
2017,35000,21.21,1197.0,81.8,5.0,maruti,maruti swift dzire amt zxi,petrol,individual,automatic,first owner,725000
2016,30000,18.49,1493.0,100.0,7.0,mahindra,mahindra tuv 300 t8,diesel,individual,manual,first owner,700000
2007,70000,18.2,998.0,67.1,5.0,maruti,maruti zen estilo lxi bsiii,petrol,individual,manual,first owner,90000
2015,100000,19.81,1086.0,68.05,5.0,hyundai,hyundai i10 magna 1.1l,petrol,individual,manual,second owner,287000
2018,55000,14.8,1591.0,121.3,5.0,hyundai,hyundai creta 1.6 sx automatic,petrol,individual,automatic,first owner,1380000
2013,80000,12.99,2494.0,100.6,7.0,toyota,toyota innova 2.5 g (diesel) 7 seater,diesel,individual,manual,second owner,750000
2016,40000,17.43,1396.0,105.5,5.0,hyundai,hyundai verna 1.4 vtvt,petrol,individual,manual,first owner,650000
2013,108916,20.51,998.0,67.04,5.0,maruti,maruti wagon r lxi bs iv,petrol,individual,manual,second owner,240000
2013,40000,21.1,814.0,55.2,5.0,hyundai,hyundai eon magna optional,petrol,individual,manual,second owner,290000
2014,80000,21.1,814.0,55.2,5.0,hyundai,hyundai eon era plus,petrol,individual,manual,first owner,229999
2016,50000,26.0,1498.0,98.6,5.0,honda,honda city i dtec vx,diesel,individual,manual,second owner,1000000
2012,90000,17.92,1086.0,62.1,5.0,hyundai,hyundai santro xing gl plus,petrol,individual,manual,second owner,200000
2004,70000,19.7,796.0,46.3,5.0,maruti,maruti alto lx,petrol,individual,manual,fourth & above owner,90000
2012,90000,23.0,1396.0,90.0,5.0,hyundai,hyundai i20 1.4 crdi asta,diesel,individual,manual,first owner,330000
2009,70000,21.1,1248.0,73.9,5.0,maruti,maruti ritz vdi abs,diesel,individual,manual,first owner,200000
2018,31000,25.32,1198.0,77.0,6.0,mahindra,mahindra kuv 100 d75 k4 plus,diesel,individual,manual,first owner,420000
2009,120000,19.3,1248.0,73.9,5.0,maruti,maruti swift dzire vdi,diesel,individual,manual,second owner,260000
2016,40000,18.6,1197.0,81.83,5.0,hyundai,hyundai i20 sportz 1.2,petrol,individual,manual,first owner,590000
2015,180000,25.2,1248.0,74.0,5.0,maruti,maruti swift vdi bsiv,diesel,individual,manual,first owner,545000
2011,90000,18.9,998.0,67.1,5.0,maruti,maruti wagon r lxi bs iv,petrol,individual,manual,second owner,210000
2008,110000,17.7,1497.0,78.0,5.0,honda,honda city 2017-2020 gxi,petrol,individual,manual,second owner,185000
2006,59000,18.9,998.0,67.1,5.0,maruti,maruti wagon r lxi,petrol,individual,manual,second owner,125000
2014,60000,21.1,814.0,55.2,5.0,hyundai,hyundai eon magna plus,petrol,individual,manual,second owner,280000
2005,89500,,,,,hyundai,hyundai santro xing xo,petrol,individual,manual,first owner,99000
2005,70000,18.9,998.0,67.1,5.0,maruti,maruti wagon r vxi,petrol,individual,manual,second owner,98000
2009,190000,17.0,1405.0,71.0,5.0,tata,tata indica vista aqua 1.4 tdi,diesel,individual,manual,first owner,100000
2013,180000,20.8,1461.0,64.1,5.0,mahindra,mahindra verito vibe 1.5 dci d4,diesel,individual,manual,first owner,250000
2010,150000,11.5,2982.0,171.0,7.0,toyota,toyota fortuner 3.0 diesel,diesel,individual,manual,second owner,750000
2007,130000,16.52,1991.0,123.7,5.0,chevrolet,chevrolet optra magnum 2.0 ls,diesel,individual,manual,second owner,160000
2013,120000,22.32,1582.0,126.3,5.0,hyundai,hyundai verna 1.6 crdi ex at,diesel,individual,automatic,second owner,509999
2009,80000,17.88,1396.0,52.8,5.0,tata,tata indica v2 dl,diesel,individual,manual,second owner,95000
2014,80000,22.32,1582.0,126.32,5.0,hyundai,hyundai verna 1.6 sx crdi (o),diesel,individual,manual,second owner,525000
2017,20000,22.5,999.0,67.0,5.0,datsun,datsun redigo 1.0 t option,petrol,individual,manual,first owner,278000
1997,60000,16.1,796.0,37.0,4.0,maruti,maruti 800 ac,petrol,individual,manual,second owner,50000
2011,120000,22.07,1199.0,73.9,5.0,volkswagen,volkswagen polo diesel highline 1.2l,diesel,individual,manual,third owner,254999
2018,51000,25.1,1248.0,88.5,5.0,maruti,maruti s-cross 2017-2020 zeta ddis 200 sh,diesel,individual,manual,first owner,950000
2007,60000,17.7,1497.0,78.0,5.0,honda,honda city 2017-2020 gxi,petrol,individual,manual,third owner,229999
2009,220000,12.8,2494.0,102.0,8.0,toyota,toyota innova 2.5 g4 diesel 8-seater,diesel,individual,manual,first owner,600000
2017,20000,24.7,796.0,47.3,5.0,maruti,maruti alto 800 vxi optional,petrol,individual,manual,first owner,330000
2017,40000,23.95,998.0,67.05,5.0,maruti,maruti alto k10 vxi,petrol,individual,manual,first owner,350000
2016,35000,16.2,1199.0,74.0,5.0,volkswagen,volkswagen polo 1.2 mpi comfortline,petrol,individual,manual,first owner,560000
2017,30000,20.51,998.0,67.04,5.0,maruti,maruti wagon r vxi bs iv,petrol,individual,manual,first owner,440000
2011,90000,19.0,998.0,66.1,5.0,maruti,maruti a-star vxi,petrol,individual,manual,second owner,220000
2017,110000,28.4,1248.0,74.02,5.0,maruti,maruti swift dzire zdi,diesel,individual,manual,second owner,750000
2015,140000,15.1,2179.0,140.0,7.0,mahindra,mahindra xuv500 w6 2wd,diesel,individual,manual,first owner,800000
2007,104000,17.2,1396.0,53.5,5.0,tata,tata indica v2 dlx,diesel,individual,manual,second owner,59259
2015,16000,18.06,2523.0,63.0,7.0,mahindra,mahindra thar di 4x4 ps,diesel,individual,manual,first owner,750000
2019,7200,21.1,998.0,100.5,5.0,maruti,maruti baleno rs 1.0 petrol,petrol,individual,manual,first owner,780000
2011,77000,22.07,1199.0,73.9,5.0,volkswagen,volkswagen polo diesel comfortline 1.2l,diesel,individual,manual,second owner,320000
2017,40000,25.32,1198.0,77.0,6.0,mahindra,mahindra kuv 100 d75 k8 dual tone,diesel,individual,manual,first owner,690000
2012,70000,19.3,1248.0,73.9,5.0,maruti,maruti swift dzire zdi,diesel,individual,manual,second owner,375000
2017,50000,18.12,1196.0,86.8,5.0,ford,ford figo 1.2p sports edition mt,petrol,individual,manual,first owner,620000
2015,85000,13.45,1086.0,62.1,5.0,hyundai,hyundai santro xing gl plus lpg,lpg,individual,manual,first owner,300000
2016,58000,15.37,1196.0,73.0,7.0,maruti,maruti eeco 7 seater standard bsiv,petrol,individual,manual,second owner,370000
2013,85000,16.55,2498.0,105.0,7.0,mahindra,mahindra thar 4x4,diesel,individual,manual,first owner,770000
2014,65000,19.1,1197.0,81.86,5.0,hyundai,hyundai xcent 1.2 kappa s option,petrol,individual,manual,first owner,500000
2017,120000,25.32,1198.0,77.0,6.0,mahindra,mahindra kuv 100 mfalcon d75 k2,diesel,individual,manual,first owner,450000
2013,50000,17.92,1086.0,62.1,5.0,hyundai,hyundai santro xing gl plus,petrol,individual,manual,second owner,195000
2018,30000,20.51,998.0,67.0,5.0,maruti,maruti wagon r amt vxi option,petrol,individual,automatic,first owner,472000
2014,58000,23.95,998.0,67.05,5.0,maruti,maruti alto k10 vxi,petrol,individual,manual,second owner,250000
2011,70000,25.44,936.0,57.6,5.0,chevrolet,chevrolet beat diesel,diesel,individual,manual,second owner,165000
2018,110000,20.65,1248.0,88.7,5.0,tata,tata zest quadrajet 1.3 xt,diesel,individual,manual,second owner,525000
2003,65000,18.9,998.0,67.1,5.0,maruti,maruti wagon r lxi,petrol,individual,manual,third owner,145000
2013,100000,22.3,1248.0,88.8,5.0,tata,tata indica vista quadrajet 90 vx,diesel,individual,manual,first owner,325000
2017,60000,16.5,1493.0,70.0,7.0,mahindra,mahindra bolero power plus zlx,diesel,individual,manual,second owner,660000
2014,90000,19.68,1399.0,67.0,5.0,ford,ford classic 1.4 duratorq clxi,diesel,individual,manual,second owner,310000
2008,200000,13.6,2523.0,63.0,7.0,mahindra,mahindra bolero slx 4wd bsiii,diesel,individual,manual,first owner,250000
2014,100000,19.68,1399.0,67.0,5.0,ford,ford classic 1.4 duratorq clxi,diesel,individual,manual,second owner,330000
2012,80000,20.0,1399.0,68.0,5.0,ford,ford figo diesel titanium,diesel,individual,manual,second owner,250000
2017,60000,17.45,1493.0,100.0,7.0,mahindra,mahindra nuvosport n8 amt,diesel,individual,automatic,first owner,650000
2016,40000,23.95,998.0,67.05,5.0,maruti,maruti alto k10 vxi,petrol,individual,manual,first owner,305000
2015,50000,26.21,1248.0,88.5,5.0,maruti,maruti ciaz vdi plus,diesel,individual,manual,first owner,600000
2015,110000,20.51,998.0,67.04,5.0,maruti,maruti wagon r lxi optional,petrol,individual,manual,first owner,280000
2011,50000,23.57,1396.0,70.0,5.0,tata,tata indigo cr4,diesel,individual,manual,second owner,153000
2018,30000,18.49,1493.0,100.0,7.0,mahindra,mahindra tuv 300 mhawk100 t8,diesel,individual,manual,first owner,700000
2017,40000,25.17,799.0,53.3,5.0,renault,renault kwid rxl,petrol,individual,manual,first owner,325000
2006,70000,16.1,796.0,37.0,4.0,maruti,maruti 800 ac,petrol,individual,manual,second owner,155000
2012,80000,20.92,998.0,67.1,5.0,maruti,maruti alto k10 2010-2014 vxi,petrol,individual,manual,third owner,235000
2005,100000,,,,,tata,tata indica dls,diesel,individual,manual,fourth & above owner,60000
2016,15000,20.4,1197.0,81.8,5.0,maruti,maruti swift vxi optional,petrol,individual,manual,first owner,500000
2004,150000,13.6,2523.0,63.0,7.0,mahindra,mahindra bolero di,diesel,individual,manual,second owner,120000
2009,63000,,,,,maruti,maruti estilo lxi,petrol,individual,manual,third owner,155000
2016,88000,21.66,1498.0,103.52,5.0,skoda,skoda rapid 1.5 tdi at style plus,diesel,dealer,automatic,first owner,675000
2014,80000,12.99,2494.0,100.6,7.0,toyota,toyota innova 2.5 z diesel 7 seater bs iv,diesel,dealer,manual,first owner,950000
2018,59865,15.1,2179.0,152.87,7.0,mahindra,mahindra xuv500 w5 bsiv,diesel,dealer,manual,first owner,1051000
2016,60000,21.49,1498.0,108.5,5.0,volkswagen,volkswagen polo 2015-2019 gt 1.5 tdi,diesel,dealer,manual,first owner,591000
2015,72000,22.54,1396.0,88.73,5.0,hyundai,hyundai i20 asta 1.4 crdi,diesel,dealer,manual,first owner,585000
2017,68140,18.0,1497.0,117.6,5.0,honda,honda city i-vtec cvt zx,petrol,dealer,automatic,first owner,1025000
2014,53190,28.4,1248.0,74.0,5.0,maruti,maruti swift vdi,diesel,dealer,manual,first owner,450000
2014,70100,22.54,1396.0,88.73,5.0,hyundai,hyundai i20 2015-2017 sportz 1.4 crdi,diesel,dealer,manual,first owner,484999
2018,47725,27.3,1498.0,98.6,5.0,honda,honda jazz 1.5 s i dtec,diesel,dealer,manual,first owner,650000
2014,70195,28.4,1248.0,74.02,5.0,maruti,maruti swift dzire vdi,diesel,dealer,manual,second owner,434999
2011,77395,20.0,1399.0,68.0,5.0,ford,ford figo diesel exi,diesel,dealer,manual,second owner,195000
2019,17000,17.3,1497.0,121.0,8.0,mahindra,mahindra marazzo m2 8str bsiv,diesel,dealer,manual,first owner,1000000
2013,64000,14.62,1498.0,113.42,5.0,hyundai,hyundai elantra crdi sx option at,diesel,dealer,automatic,first owner,650000
2014,74321,25.44,936.0,56.3,5.0,chevrolet,chevrolet beat diesel ls,diesel,dealer,manual,first owner,190000
2013,80235,28.4,1248.0,74.02,5.0,maruti,maruti swift dzire zdi,diesel,dealer,manual,second owner,409999
2016,77150,17.01,1582.0,126.2,5.0,hyundai,hyundai creta 1.6 crdi at sx plus,diesel,dealer,automatic,first owner,1050000
2015,69000,22.15,1498.0,108.6,5.0,volkswagen,volkswagen vento 1.5 tdi highline plus at,diesel,dealer,automatic,first owner,651000
2015,57000,23.65,1248.0,88.5,5.0,maruti,maruti sx4 s cross 2015-2017 ddis 200 alpha,diesel,dealer,manual,first owner,650000
2017,89000,21.14,1498.0,103.6,5.0,skoda,skoda rapid 1.5 tdi ambition plus,diesel,dealer,manual,first owner,750000
2012,61100,14.3,1968.0,140.0,5.0,volkswagen,volkswagen passat highline dsg s (spl. edition),diesel,dealer,automatic,first owner,799000
2010,116000,18.7,1896.0,66.0,5.0,skoda,skoda octavia ambiente 1.9 tdi,diesel,individual,manual,first owner,355000
2015,80000,23.9,1582.0,126.32,5.0,hyundai,hyundai verna 1.6 crdi s option,diesel,individual,manual,first owner,600000
2018,26000,28.4,1248.0,74.0,5.0,maruti,maruti swift vdi,diesel,individual,manual,first owner,685000
2018,100000,28.4,1248.0,74.0,5.0,maruti,maruti swift ldi,diesel,individual,manual,first owner,509999
2012,82300,26.83,796.0,38.4,5.0,maruti,maruti alto green lxi (cng),cng,individual,manual,second owner,150000
2017,82050,19.3,1248.0,73.9,5.0,maruti,maruti swift dzire vdi bsiv,diesel,individual,manual,first owner,650000
2012,74500,,,,,toyota,toyota etios vd,diesel,individual,manual,first owner,400000
2012,120000,15.1,2179.0,140.0,7.0,mahindra,mahindra xuv500 w8 4wd,diesel,individual,manual,second owner,675000
2018,30000,24.04,999.0,67.0,5.0,renault,renault kwid amt,petrol,individual,automatic,first owner,319000
2019,6000,19.5,1199.0,88.76,5.0,honda,honda amaze s petrol bsiv,petrol,individual,manual,first owner,640000
2017,30000,18.6,1197.0,81.83,5.0,hyundai,hyundai i20 1.2 asta,petrol,individual,manual,first owner,650000
2015,70000,20.77,1248.0,88.76,7.0,maruti,maruti ertiga vdi,diesel,individual,manual,first owner,650000
2010,70000,26.83,796.0,38.4,5.0,maruti,maruti alto green lxi (cng),cng,individual,manual,second owner,155000
2008,120000,17.8,1248.0,75.0,5.0,maruti,maruti swift ldi bsiii,diesel,individual,manual,first owner,175000
2014,76000,24.0,1120.0,70.0,5.0,hyundai,hyundai grand i10 crdi sportz edition,diesel,individual,manual,third owner,375000
2014,80000,24.0,1120.0,70.0,5.0,hyundai,hyundai grand i10 crdi asta,diesel,individual,manual,second owner,430000
2008,110000,17.2,1396.0,53.5,5.0,tata,tata indica v2 dls,diesel,individual,manual,second owner,65000
2009,70000,13.2,1495.0,94.0,5.0,hyundai,hyundai accent gls,petrol,individual,manual,third owner,150000
2019,13000,17.19,1197.0,81.86,5.0,hyundai,hyundai i20 active s petrol,petrol,individual,manual,first owner,620000
2013,60000,14.09,1596.0,99.6,5.0,ford,ford classic 1.6 duratec clxi,petrol,individual,manual,second owner,250000
2011,165000,21.1,1248.0,73.9,5.0,maruti,maruti ritz vdi,diesel,individual,manual,first owner,275000
2013,120000,13.58,2499.0,72.4,10.0,chevrolet,chevrolet tavera neo 3 ls 10 seats bsiii,diesel,individual,manual,second owner,454000
2017,30000,18.49,1493.0,100.0,7.0,mahindra,mahindra tuv 300 t4,diesel,individual,manual,second owner,600000
2011,100000,20.54,1598.0,103.6,5.0,volkswagen,volkswagen vento diesel comfortline,diesel,individual,manual,second owner,400000
2007,187000,19.2,1461.0,65.0,5.0,mahindra,mahindra renault logan 1.5 dle diesel,diesel,individual,manual,second owner,180000
2016,70000,24.3,1248.0,88.5,5.0,maruti,maruti vitara brezza vdi,diesel,individual,manual,first owner,750000
2016,40000,20.4,1197.0,81.8,5.0,maruti,maruti swift vxi optional,petrol,individual,manual,first owner,500000
2015,46000,24.5,1498.0,98.6,7.0,honda,honda mobilio rs option i dtec,diesel,individual,manual,first owner,1000000
2017,24400,27.39,1248.0,74.0,5.0,maruti,maruti baleno alpha 1.3,diesel,individual,manual,first owner,740000
2018,29899,22.15,1498.0,108.6,5.0,volkswagen,volkswagen vento 1.5 tdi highline plus at bsiv,diesel,dealer,automatic,first owner,1290000
2020,2000,20.7,1197.0,81.86,5.0,hyundai,hyundai grand i10 nios sportz,petrol,dealer,manual,first owner,775000
2017,34000,21.04,1461.0,83.8,8.0,renault,renault lodgy 85ps rxl,diesel,dealer,manual,first owner,695000
2018,31000,17.4,1197.0,81.86,5.0,hyundai,hyundai elite i20 asta option cvt bsiv,petrol,dealer,automatic,first owner,730000
2016,46000,11.45,2776.0,197.2,7.0,chevrolet,chevrolet trailblazer ltz 4x2 at,diesel,dealer,automatic,second owner,1295000
2016,121000,12.08,2999.0,161.0,7.0,isuzu,isuzu mu 7 at premium,diesel,dealer,automatic,first owner,1160000
2017,60000,,1950.0,194.0,5.0,mercedes-benz,mercedes-benz glc 220d 4matic,diesel,dealer,automatic,first owner,3300000
2016,10000,23.1,998.0,67.04,5.0,maruti,maruti celerio zxi optional amt bsiv,petrol,dealer,automatic,first owner,434999
2018,6000,17.9,2143.0,170.0,5.0,mercedes-benz,mercedes-benz gl-class 220d 4matic sport,diesel,dealer,automatic,first owner,4600000
2015,59235,19.67,1582.0,126.2,5.0,hyundai,hyundai creta 1.6 crdi sx,diesel,dealer,manual,first owner,850000
2019,21000,16.78,1995.0,190.0,5.0,bmw,bmw x4 m sport x xdrive20d,diesel,dealer,automatic,first owner,5800000
2014,48000,25.8,1498.0,98.6,5.0,honda,honda amaze s i-dtech,diesel,individual,manual,first owner,520000
2018,114000,14.95,2489.0,93.7,7.0,mahindra,mahindra xylo d4,diesel,individual,manual,first owner,650000
2011,120000,19.3,1248.0,73.9,5.0,maruti,maruti swift dzire ldi,diesel,individual,manual,second owner,430000
2013,144000,21.9,1396.0,88.8,5.0,hyundai,hyundai i20 magna optional 1.4 crdi,diesel,individual,manual,first owner,360000
2013,144000,21.9,1396.0,88.8,5.0,hyundai,hyundai i20 magna optional 1.4 crdi,diesel,individual,manual,first owner,350000
2016,190000,24.3,1248.0,88.5,5.0,maruti,maruti vitara brezza zdi plus dual tone,diesel,individual,manual,first owner,791000
2015,190000,12.99,2494.0,100.6,7.0,toyota,toyota innova 2.5 g (diesel) 7 seater,diesel,individual,manual,second owner,950000
2019,20000,28.4,1248.0,74.0,5.0,maruti,maruti swift vdi,diesel,individual,manual,first owner,690000
2017,40000,22.0,1582.0,126.2,5.0,hyundai,hyundai verna crdi 1.6 ex,diesel,individual,manual,second owner,860000
2012,100000,19.3,1248.0,73.9,5.0,maruti,maruti swift dzire vdi bsiv,diesel,individual,manual,first owner,371000
2008,60000,16.8,1405.0,68.0,5.0,tata,tata indica v2 dlx tc,diesel,individual,manual,second owner,45000
2006,201000,17.8,1399.0,68.0,5.0,ford,ford fiesta 1.4 zxi tdci limited edition,diesel,individual,manual,first owner,55000
2011,110000,20.54,1598.0,103.6,5.0,volkswagen,volkswagen vento diesel highline,diesel,individual,manual,first owner,240000
2014,77215,25.2,1248.0,74.0,5.0,maruti,maruti swift vdi bsiv,diesel,individual,manual,second owner,495000
2005,50000,,,,,maruti,maruti swift 1.3 lxi,petrol,individual,manual,first owner,170000
2015,48228,18.7,1199.0,88.7,5.0,honda,honda jazz 1.2 s i vtec,petrol,dealer,manual,first owner,671000
2017,58559,25.2,1248.0,74.0,5.0,maruti,maruti swift vdi optional,diesel,dealer,manual,first owner,693000
2010,72179,,,,,maruti,maruti swift vdi bsiv,diesel,dealer,manual,first owner,352000
2016,50856,26.0,1498.0,98.6,5.0,honda,honda city i dtec sv,diesel,dealer,manual,first owner,802999
2017,18300,17.8,1497.0,117.3,5.0,honda,honda city i vtec vx,petrol,individual,manual,first owner,890000
2015,59292,28.4,1248.0,74.0,5.0,maruti,maruti swift ldi,diesel,dealer,manual,first owner,495000
2018,10000,23.1,998.0,67.04,5.0,maruti,maruti celerio zxi optional amt bsiv,petrol,dealer,automatic,first owner,545000
2018,21147,21.4,1197.0,83.1,5.0,maruti,maruti baleno zeta automatic,petrol,dealer,automatic,first owner,775000
2017,69000,25.6,1498.0,97.9,5.0,honda,honda city i-dtec zx,diesel,dealer,manual,first owner,925000
2018,16000,28.4,1248.0,74.0,5.0,maruti,maruti swift amt vdi,diesel,dealer,automatic,first owner,790000
2017,36000,13.68,2393.0,147.8,8.0,toyota,toyota innova crysta 2.4 vx mt 8s bsiv,diesel,dealer,manual,first owner,1789999
2017,37000,21.01,1197.0,81.8,5.0,maruti,maruti baleno delta,petrol,dealer,manual,first owner,620000
2016,61173,27.62,793.0,47.0,5.0,maruti,maruti celerio vdi,diesel,dealer,manual,first owner,375000
2016,77321,,,,,maruti,maruti swift vdi bsiv w abs,diesel,dealer,manual,first owner,595000
2016,30000,18.25,1968.0,187.74,5.0,audi,audi a4 35 tdi premium plus,diesel,dealer,automatic,first owner,2450000
2014,75000,15.1,2179.0,140.0,7.0,mahindra,mahindra xuv500 w8 2wd,diesel,dealer,manual,first owner,850000
2017,51000,19.56,1197.0,81.8,5.0,maruti,maruti baleno alpha cvt,petrol,dealer,automatic,first owner,750000
2018,17000,21.01,1197.0,81.8,5.0,maruti,maruti baleno alpha,petrol,dealer,manual,first owner,775000
2008,100000,17.8,1248.0,75.0,5.0,maruti,maruti swift vdi bsiii,diesel,individual,manual,second owner,260000
2013,35000,17.68,1968.0,174.33,5.0,audi,audi a6 2.0 tdi premium plus,diesel,individual,automatic,second owner,2000000
2016,91567,16.0,2179.0,140.0,7.0,mahindra,mahindra xuv500 at w10 awd,diesel,individual,automatic,third owner,1300000
2017,50000,23.1,998.0,67.04,5.0,maruti,maruti celerio vxi,petrol,individual,manual,first owner,380000
2017,60000,18.9,1197.0,81.86,5.0,hyundai,hyundai grand i10 1.2 kappa sportz option,petrol,individual,manual,first owner,480000
2016,35000,22.74,796.0,47.3,5.0,maruti,maruti alto 800 lxi,petrol,individual,manual,second owner,240000
2014,33400,17.43,1396.0,105.5,5.0,hyundai,hyundai verna 1.4 vtvt,petrol,individual,manual,first owner,500000
2015,36000,20.4,1197.0,83.11,5.0,maruti,maruti swift lxi optional-o,petrol,individual,manual,first owner,420000
2011,180000,20.0,1399.0,68.0,5.0,ford,ford figo diesel zxi,diesel,individual,manual,second owner,130000
2012,80000,20.92,998.0,67.1,5.0,maruti,maruti alto k10 2010-2014 vxi,petrol,individual,manual,first owner,110000
2007,120000,19.7,796.0,46.3,5.0,maruti,maruti alto lx bsiii,petrol,individual,manual,second owner,120000
2017,80000,28.4,1248.0,74.02,5.0,maruti,maruti swift dzire amt zdi,diesel,individual,automatic,first owner,700000
2018,120000,28.4,1248.0,74.02,5.0,maruti,maruti swift dzire ldi,diesel,individual,manual,first owner,550000
2014,110000,19.09,1405.0,69.01,5.0,tata,tata indigo cs lx (tdi) bs-iii,diesel,individual,manual,second owner,190000
2018,70000,23.59,1364.0,67.04,5.0,toyota,toyota etios liva 1.4 vd,diesel,individual,manual,first owner,665000
2014,120000,14.95,2489.0,93.7,7.0,mahindra,mahindra xylo d4,diesel,individual,manual,second owner,445000
2012,92686,21.9,1396.0,88.76,5.0,hyundai,hyundai i20 magna 1.4 crdi (diesel),diesel,dealer,manual,second owner,340000
2009,180000,13.6,1991.0,142.0,5.0,hyundai,hyundai sonata 2.0l crdi mt,diesel,individual,manual,first owner,330000
2012,80000,21.02,1248.0,88.76,5.0,tata,tata manza club class quadrajet90 lx,diesel,individual,manual,first owner,270000
2015,70000,16.0,2179.0,140.0,7.0,mahindra,mahindra xuv500 at w8 fwd,diesel,individual,automatic,first owner,1044999
2009,117000,17.8,1248.0,75.0,5.0,maruti,maruti swift ldi bsiv,diesel,individual,manual,first owner,279000
2007,100000,16.6,1896.0,122.4,5.0,skoda,skoda octavia l and k 1.9 tdi (mt),diesel,individual,manual,second owner,250000
2012,83000,15.74,1591.0,121.3,5.0,hyundai,hyundai verna 1.6 sx vtvt at,petrol,individual,automatic,first owner,475000
2016,67600,14.81,1998.0,163.7,5.0,chevrolet,chevrolet cruze ltz at,diesel,individual,automatic,first owner,750000
2015,160000,13.5,2477.0,178.0,7.0,mitsubishi,mitsubishi pajero sport anniversary edition,diesel,individual,manual,second owner,1250000
2014,80000,21.1,814.0,55.2,5.0,hyundai,hyundai eon era plus,petrol,individual,manual,second owner,250000
2013,100000,25.8,1498.0,98.6,5.0,honda,honda amaze vx i-dtec,diesel,individual,manual,first owner,445000
2010,100000,15.0,1896.0,105.0,5.0,volkswagen,volkswagen jetta 2.0 tdi comfortline,diesel,individual,manual,first owner,400000
2010,90000,23.0,1396.0,90.0,5.0,hyundai,hyundai i20 1.4 crdi era,diesel,individual,manual,second owner,350000
2012,140000,20.5,1598.0,103.5,5.0,skoda,skoda rapid ultima 1.6 tdi elegance,diesel,individual,manual,first owner,295000
2018,25000,21.21,1197.0,81.8,5.0,maruti,maruti swift dzire vxi 1.2,petrol,individual,manual,first owner,600000
2018,20000,13.68,2393.0,147.8,8.0,toyota,toyota innova crysta 2.4 gx mt 8s bsiv,diesel,individual,manual,first owner,1650000
2012,30000,16.1,796.0,37.0,4.0,maruti,maruti 800 ac,petrol,individual,manual,first owner,100000
2018,13000,20.4,1194.0,94.93,5.0,ford,ford aspire trend plus,petrol,individual,manual,first owner,690000
2018,42000,18.6,1197.0,81.83,5.0,hyundai,hyundai i20 1.2 asta,petrol,individual,manual,first owner,710000
2018,10000,20.3,998.0,68.05,5.0,hyundai,hyundai eon 1.0 kappa magna plus optional,petrol,individual,manual,second owner,350000
2012,13000,20.92,998.0,67.1,5.0,maruti,maruti alto k10 2010-2014 vxi,petrol,individual,manual,first owner,220000
2019,6500,20.0,999.0,72.0,7.0,renault,renault triber rxz bsiv,petrol,individual,manual,first owner,700000
2013,49500,21.1,814.0,55.2,5.0,hyundai,hyundai eon magna plus,petrol,individual,manual,second owner,198000
2011,50000,23.0,1396.0,90.0,5.0,hyundai,hyundai i20 1.4 crdi sportz,diesel,individual,manual,first owner,350000
2011,175000,23.57,1396.0,70.0,5.0,tata,tata indigo cr4,diesel,individual,manual,second owner,210000
2011,175000,23.03,1396.0,69.0,5.0,tata,tata indigo ecs lx bsiv,diesel,individual,manual,second owner,210000
2003,120000,,,,,hyundai,hyundai accent gvs,petrol,individual,manual,third owner,70000
2014,110000,23.2,1248.0,73.94,5.0,maruti,maruti ritz zdi,diesel,individual,manual,third owner,375000
2012,112048,17.5,1298.0,85.8,5.0,maruti,maruti swift dzire vxi,petrol,individual,manual,second owner,380000
2010,98000,17.0,1497.0,118.0,5.0,honda,honda city 1.5 s mt,petrol,individual,manual,third owner,360000
2015,41000,15.1,2179.0,140.0,7.0,mahindra,mahindra xuv500 w6 2wd,diesel,individual,manual,first owner,944999
2016,120000,13.58,2499.0,72.4,10.0,chevrolet,chevrolet tavera neo 3 ls 10 seats bsiii,diesel,individual,manual,first owner,620000
2018,116000,23.59,1364.0,67.05,5.0,toyota,toyota platinum etios 1.4 gxd,diesel,individual,manual,first owner,780000
2020,1000,21.21,1197.0,81.8,5.0,maruti,maruti swift lxi,petrol,individual,manual,first owner,445000
2018,15000,17.36,1197.0,81.86,5.0,hyundai,hyundai xcent 1.2 vtvt s at,petrol,individual,automatic,first owner,575000
2018,5000,25.1,1248.0,88.5,5.0,maruti,maruti s-cross 2017-2020 delta ddis 200 sh,diesel,individual,manual,first owner,975000
2019,3500,23.84,1199.0,83.83,5.0,tata,tata tiago 2019-2020 xz plus dual tone,petrol,individual,manual,first owner,450000
2009,91000,,,,,maruti,maruti swift 1.3 vxi,petrol,individual,manual,second owner,198000
2017,56000,25.83,1498.0,99.0,5.0,ford,ford figo 1.5d trend mt,diesel,individual,manual,first owner,495000
2013,215000,12.99,2494.0,100.0,7.0,toyota,toyota innova 2.5 g (diesel) 7 seater,diesel,individual,manual,first owner,830000
2012,40000,15.1,2179.0,140.0,7.0,mahindra,mahindra xuv500 w6 2wd,diesel,individual,manual,first owner,800000
2010,70000,,,,,maruti,maruti swift vdi bsiv w abs,diesel,individual,manual,third owner,300000
2013,120000,23.2,1248.0,73.94,5.0,maruti,maruti ritz vdi,diesel,individual,manual,second owner,300000
2003,120000,10.5,2179.0,120.0,7.0,mahindra,mahindra scorpio 2.6 slx turbo 7 seater,diesel,individual,manual,second owner,200000
2017,30400,18.5,1198.0,86.8,5.0,honda,honda brio 1.2 s mt,petrol,dealer,manual,first owner,480000
2017,24000,21.9,1498.0,98.6,7.0,honda,honda br-v i-dtec vx mt,diesel,dealer,manual,first owner,950000
2017,30646,15.4,1497.0,117.3,7.0,honda,honda br-v i-vtec vx mt,petrol,dealer,manual,first owner,840000
2017,15000,23.9,1582.0,126.2,5.0,hyundai,hyundai verna 1.6 crdi s,diesel,individual,manual,first owner,800000
2017,50000,22.27,1498.0,108.6,5.0,volkswagen,volkswagen vento 1.5 tdi comfortline,diesel,individual,manual,first owner,750000
2017,34000,21.1,814.0,55.2,5.0,hyundai,hyundai eon era plus,petrol,individual,manual,first owner,254999
2016,54000,24.52,1248.0,88.5,7.0,maruti,maruti ertiga shvs zdi plus,diesel,individual,manual,second owner,725000
2016,40000,19.7,2143.0,134.1,5.0,mercedes-benz,mercedes-benz b class b200 cdi sport,diesel,individual,automatic,second owner,1859000
2012,120000,18.6,1199.0,79.4,5.0,chevrolet,chevrolet beat lt,petrol,individual,manual,first owner,145000
2018,15000,17.0,1198.0,108.5,5.0,tata,tata nexon 1.2 revotron xm,petrol,individual,manual,first owner,750000
2017,50000,22.0,1498.0,108.495,5.0,volkswagen,volkswagen ameo 1.5 tdi comfortline at,diesel,individual,automatic,first owner,655000
2011,84000,20.0,1399.0,68.0,5.0,ford,ford figo diesel zxi,diesel,individual,manual,second owner,210000
2011,50000,17.0,1497.0,118.0,5.0,honda,honda city 1.5 e mt,petrol,individual,manual,first owner,450000
2018,14681,,,,,ford,ford figo aspire facelift,diesel,dealer,manual,first owner,624000
2015,52000,25.83,1498.0,99.0,5.0,ford,ford figo 1.5d titanium mt,diesel,individual,manual,first owner,580000
2019,18500,20.3,1086.0,68.0,5.0,hyundai,hyundai santro sportz bsiv,petrol,individual,manual,first owner,430000
2012,50000,23.03,1396.0,69.0,5.0,tata,tata indigo cs elx bs iv,diesel,individual,manual,first owner,155000
2017,35000,22.5,999.0,67.0,5.0,datsun,datsun redigo 1.0 s,petrol,individual,manual,first owner,240000
2016,15500,16.78,1496.0,88.73,5.0,toyota,toyota etios g,petrol,individual,manual,first owner,540000
2013,120000,19.09,1396.0,69.0,5.0,tata,tata indigo cs lx (tdi) bs iii,diesel,individual,manual,first owner,250000
2012,60000,25.0,1396.0,69.0,5.0,tata,tata indigo ecs vx bsiv,diesel,individual,manual,first owner,260000
2011,80000,12.05,2179.0,120.0,9.0,mahindra,mahindra scorpio lx,diesel,individual,manual,second owner,550000
2014,43011,18.88,999.0,123.37,5.0,ford,ford ecosport 1.0 ecoboost titanium optional,petrol,dealer,manual,first owner,550000
2015,136000,19.01,1461.0,108.45,5.0,renault,renault duster 110ps diesel rxl,diesel,individual,manual,first owner,600000
2017,15000,25.83,1498.0,99.0,5.0,ford,ford figo aspire 1.5 tdci titanium,diesel,individual,manual,first owner,550000
2011,110000,13.6,2523.0,63.0,7.0,mahindra,mahindra bolero slx,diesel,individual,manual,second owner,370000
2008,100000,19.81,1086.0,68.05,5.0,hyundai,hyundai i10 magna 1.1l,petrol,individual,manual,second owner,250000
2005,70000,19.7,796.0,46.3,5.0,maruti,maruti alto lxi bsiii,petrol,individual,manual,fourth & above owner,125000
2010,110000,17.0,1405.0,71.0,5.0,tata,tata indica vista aqua 1.4 tdi,diesel,individual,manual,first owner,200000
2018,25000,18.16,1196.0,86.8,5.0,ford,ford figo aspire 1.2 ti-vct titanium,petrol,individual,manual,first owner,700000
2020,1000,20.3,1086.0,68.07,5.0,hyundai,hyundai santro magna,petrol,individual,manual,first owner,500000
2007,60000,16.1,796.0,37.0,4.0,maruti,maruti 800 ac bsii,petrol,individual,manual,second owner,125000
2015,80000,21.04,1461.0,83.8,8.0,renault,renault lodgy 85ps rxz,diesel,individual,manual,first owner,690000
2017,120000,17.1,1956.0,170.0,5.0,jeep,jeep compass 2.0 limited,diesel,individual,manual,first owner,1550000
2013,110000,15.3,1193.0,65.3,5.0,tata,tata indica v2 1.2 gle bsiii,petrol,individual,manual,second owner,170000
2010,110000,20.4,1248.0,91.7,5.0,fiat,fiat linea emotion (diesel),diesel,individual,manual,third owner,275000
2007,200000,12.8,2494.0,102.0,8.0,toyota,toyota innova 2.5 v diesel 8-seater,diesel,individual,manual,third owner,500000
2013,80000,19.33,1968.0,138.1,5.0,volkswagen,volkswagen jetta 2.0l tdi highline,diesel,individual,manual,second owner,950000
2019,24000,28.4,1248.0,74.02,5.0,maruti,maruti swift dzire zdi,diesel,individual,manual,first owner,802999
2013,150000,23.4,1248.0,74.0,5.0,maruti,maruti swift dzire vdi,diesel,individual,manual,first owner,470000
2015,60000,25.17,799.0,53.3,5.0,renault,renault kwid rxt,petrol,individual,manual,first owner,300000
2014,116000,19.01,1461.0,108.45,5.0,renault,renault duster 110ps diesel rxl,diesel,individual,manual,first owner,600000
2013,104300,20.0,1399.0,68.1,5.0,ford,ford figo diesel celebration edition,diesel,individual,manual,first owner,275000
2018,30000,25.32,1198.0,77.0,6.0,mahindra,mahindra kuv 100 d75 k8,diesel,individual,manual,first owner,700000
2014,33000,11.3,2987.0,254.8,7.0,mercedes-benz,mercedes-benz gl-class 350 cdi blue efficiency,diesel,individual,automatic,first owner,3250000
2020,25000,21.66,1498.0,108.62,5.0,volkswagen,volkswagen ameo 1.5 tdi comfortline,diesel,individual,manual,first owner,800000
2014,60000,17.68,1968.0,174.33,5.0,audi,audi a6 2.0 tdi,diesel,individual,automatic,first owner,2200000
2007,121000,18.1,1493.0,110.0,5.0,hyundai,hyundai verna crdi sx abs,diesel,individual,manual,second owner,245000
2010,120000,16.8,1493.0,110.0,5.0,hyundai,hyundai verna crdi sx,diesel,individual,manual,second owner,310000
2007,120000,18.1,1493.0,110.0,5.0,hyundai,hyundai verna crdi sx abs,diesel,individual,manual,second owner,245000
2011,110000,16.47,1198.0,73.9,5.0,volkswagen,volkswagen polo petrol comfortline 1.2l,petrol,individual,manual,first owner,450000
2013,84000,16.96,1968.0,138.03,5.0,volkswagen,volkswagen jetta 2.0l tdi highline at,diesel,individual,automatic,second owner,850000
2004,120000,10.1,2354.0,152.0,5.0,honda,honda cr-v 2.4 4wd at,petrol,individual,automatic,third owner,325000
2013,100000,22.9,1248.0,74.0,5.0,maruti,maruti swift vdi,diesel,individual,manual,third owner,409999
2018,50000,11.2,1969.0,235.0,5.0,volvo,volvo xc60 inscription d5 bsiv,diesel,individual,automatic,first owner,5500000
2015,73500,19.67,1582.0,126.2,5.0,hyundai,hyundai creta 1.6 crdi sx option,diesel,individual,manual,first owner,1000000
2016,34000,24.4,1120.0,71.0,5.0,hyundai,hyundai xcent 1.1 crdi sx,diesel,individual,manual,second owner,590000
2019,23000,20.45,1461.0,108.5,5.0,nissan,nissan kicks xv d bsiv,diesel,individual,manual,first owner,1200000
2008,163000,17.8,1399.0,68.0,5.0,ford,ford fiesta 1.4 sxi tdci abs,diesel,individual,manual,third owner,175000
2011,119000,16.52,1991.0,123.7,5.0,chevrolet,chevrolet optra magnum 2.0 lt,diesel,individual,manual,second owner,300000
2017,50000,11.36,2755.0,171.5,7.0,toyota,toyota innova crysta 2.8 zx at bsiv,diesel,individual,automatic,first owner,2175000
2019,10500,25.6,1498.0,97.9,5.0,honda,honda city i-dtec vx,diesel,individual,manual,first owner,1110000
2000,280000,14.8,1998.0,68.0,5.0,mitsubishi,mitsubishi lancer 2.0 lxd,diesel,individual,manual,second owner,150000
2013,155000,20.54,1598.0,103.6,5.0,volkswagen,volkswagen vento diesel highline,diesel,individual,manual,second owner,325000
2010,163000,17.8,1399.0,68.0,5.0,ford,ford fiesta 1.4 sxi tdci abs,diesel,individual,manual,first owner,325000
2008,75000,17.7,1497.0,78.0,5.0,honda,honda city 2017-2020 gxi,petrol,individual,manual,first owner,280000
2008,56000,,,,,maruti,maruti estilo lxi,petrol,individual,manual,third owner,160000
2016,80000,26.0,1498.0,98.6,5.0,honda,honda city i dtec e,diesel,individual,manual,first owner,765000
2014,120000,26.0,1498.0,98.6,5.0,honda,honda city i dtec v,diesel,individual,manual,second owner,640000
2007,120000,17.88,1396.0,52.8,5.0,tata,tata indica v2 dle bsiii,diesel,individual,manual,third owner,65000
2007,175000,18.7,1896.0,66.0,5.0,skoda,skoda octavia ambiente 1.9 tdi mt,diesel,individual,manual,second owner,195000
2017,15000,24.7,796.0,47.3,5.0,maruti,maruti alto 800 lxi,petrol,individual,manual,first owner,295000
2012,100000,23.4,1248.0,74.0,5.0,maruti,maruti swift dzire zdi,diesel,individual,manual,second owner,625000
2009,80000,18.9,998.0,67.1,5.0,maruti,maruti wagon r lx minor,petrol,individual,manual,second owner,160000
2015,84000,23.1,998.0,67.04,5.0,maruti,maruti celerio vxi,petrol,individual,manual,second owner,330000
2010,50000,15.6,1196.0,70.0,5.0,ford,ford figo petrol lxi,petrol,individual,manual,second owner,180000
2011,30000,19.81,1086.0,68.05,5.0,hyundai,hyundai i10 era,petrol,individual,manual,first owner,300000
2016,35000,21.4,1197.0,83.1,5.0,maruti,maruti baleno alpha 1.2,petrol,individual,manual,second owner,650000
2015,120000,21.03,1461.0,65.0,5.0,mahindra,mahindra verito 1.5 d4 bsiv,diesel,individual,manual,second owner,380000
2014,50000,17.57,1193.0,88.7,5.0,tata,tata zest revotron 1.2 xt,petrol,individual,manual,second owner,360000
2012,116000,15.0,1598.0,103.5,5.0,skoda,skoda rapid 1.6 mpi elegance,petrol,individual,manual,first owner,385000
2012,110000,22.32,1582.0,126.32,5.0,hyundai,hyundai verna 1.6 sx crdi (o),diesel,individual,manual,second owner,590000
2013,70000,15.1,2179.0,140.0,7.0,mahindra,mahindra xuv500 w4,diesel,individual,manual,second owner,750000
2011,100000,20.3,1248.0,75.0,5.0,fiat,fiat grande punto 1.3 emotion (diesel),diesel,individual,manual,third owner,254999
2015,20000,18.9,1197.0,81.86,5.0,hyundai,hyundai grand i10 sportz edition,petrol,individual,manual,first owner,499000
2018,60000,28.4,1248.0,74.02,5.0,maruti,maruti swift dzire amt zdi plus,diesel,individual,automatic,first owner,730000
2016,30000,27.3,1498.0,98.6,5.0,honda,honda jazz 1.5 v i dtec,diesel,individual,manual,second owner,650000
2012,75000,23.08,1461.0,63.12,5.0,renault,renault pulse rxl,diesel,individual,manual,first owner,220000
2006,110000,,,,,maruti,maruti swift 1.3 zxi,petrol,individual,manual,third owner,229999
2006,90000,,,,,maruti,maruti swift 1.3 vxi,petrol,individual,manual,fourth & above owner,215000
2006,110000,16.8,1405.0,62.0,5.0,tata,tata indica v2 dls tc,diesel,individual,manual,third owner,100000
2004,120000,14.4,1599.0,94.0,5.0,hyundai,hyundai accent gls 1.6,petrol,individual,manual,fourth & above owner,110000
2009,48000,17.0,1405.0,71.0,5.0,tata,tata indica vista aqua 1.4 tdi,diesel,individual,manual,second owner,152000
2014,72000,18.6,1197.0,81.83,5.0,hyundai,hyundai i20 1.2 magna executive,petrol,dealer,manual,first owner,415000
2015,51000,22.0,1197.0,81.8,5.0,maruti,maruti swift vxi bsiv,petrol,dealer,manual,first owner,475000
2017,29000,20.89,1197.0,81.8,5.0,maruti,maruti ignis zeta,petrol,dealer,manual,first owner,525000
2015,28000,20.52,1197.0,81.8,5.0,maruti,maruti wagon r vxi 1.2,petrol,dealer,manual,first owner,365000
2011,97000,25.2,1248.0,74.0,5.0,maruti,maruti swift vdi bsiv,diesel,dealer,manual,first owner,375000
2018,59000,28.4,1248.0,74.02,5.0,maruti,maruti swift dzire vdi,diesel,dealer,manual,first owner,765000
2019,27000,28.4,1248.0,74.02,5.0,maruti,maruti swift dzire vdi,diesel,individual,manual,first owner,770000
2018,30000,25.17,799.0,53.3,5.0,renault,renault kwid rxt,petrol,individual,manual,first owner,350000
2015,70000,15.4,1997.0,120.0,7.0,mahindra,mahindra scorpio 1.99 s6 plus,diesel,individual,manual,first owner,875000
2014,69000,15.1,2179.0,140.0,7.0,mahindra,mahindra xuv500 w6 2wd,diesel,dealer,manual,first owner,780000
2018,15000,25.1,1248.0,88.5,5.0,maruti,maruti s-cross 2017-2020 zeta ddis 200 sh,diesel,individual,manual,first owner,990000
2019,35700,28.4,1248.0,74.02,5.0,maruti,maruti swift dzire vdi,diesel,dealer,manual,first owner,800000
2012,120000,22.32,1582.0,126.32,5.0,hyundai,hyundai verna 1.6 sx,diesel,individual,manual,third owner,350000
2013,120000,22.07,1199.0,73.9,5.0,volkswagen,volkswagen polo diesel comfortline 1.2l,diesel,individual,manual,first owner,325000
2013,80000,22.07,1199.0,73.9,5.0,volkswagen,volkswagen polo diesel comfortline 1.2l,diesel,individual,manual,first owner,360000
2010,120000,20.92,998.0,67.1,5.0,maruti,maruti alto k10 2010-2014 vxi,petrol,individual,manual,first owner,148000
2017,36000,27.39,1248.0,74.0,5.0,maruti,maruti baleno delta 1.3,diesel,individual,manual,first owner,670000
2014,120000,23.59,1364.0,67.04,5.0,toyota,toyota etios liva gd,diesel,individual,manual,first owner,430999
2017,9000,16.8,796.0,34.2,8.0,maruti,maruti omni e mpi std bs iv,petrol,individual,manual,first owner,260000
2012,50000,25.4,624.0,37.48,4.0,tata,tata nano lx bsiv,petrol,individual,manual,second owner,70000
2019,35000,23.01,999.0,67.0,5.0,renault,renault kwid climber 1.0 mt bsiv,petrol,individual,manual,first owner,300000
2011,130000,14.0,2498.0,112.0,7.0,mahindra,mahindra xylo e4,diesel,individual,manual,second owner,150000
2010,70000,20.0,1399.0,68.0,5.0,ford,ford figo diesel titanium,diesel,individual,manual,first owner,260000
2012,90000,19.3,1248.0,73.9,5.0,maruti,maruti swift dzire vdi,diesel,individual,manual,third owner,320000
2018,35000,17.0,1198.0,108.5,5.0,tata,tata nexon 1.2 revotron xm,petrol,individual,manual,first owner,700000
2012,80000,16.47,1198.0,73.9,5.0,volkswagen,volkswagen polo petrol highline 1.2l,petrol,individual,manual,first owner,415000
2008,120000,17.8,1248.0,75.0,5.0,maruti,maruti swift vdi bsiii,diesel,individual,manual,second owner,260000
2011,80000,26.0,624.0,35.0,4.0,tata,tata nano cx,petrol,individual,manual,first owner,70000
2015,30000,17.71,1197.0,78.9,5.0,toyota,toyota etios liva g,petrol,individual,manual,first owner,515000
2016,60000,23.9,1582.0,126.2,5.0,hyundai,hyundai verna 1.6 crdi sx,diesel,individual,manual,first owner,803999
2007,200000,16.6,1896.0,122.4,5.0,skoda,skoda octavia l and k 1.9 tdi (mt),diesel,individual,manual,second owner,275000
2017,101000,22.77,1498.0,98.59,5.0,ford,ford ecosport 1.5 tdci titanium bsiv,diesel,individual,manual,first owner,934000
2007,110000,17.8,1399.0,68.0,5.0,ford,ford fiesta 1.4 duratorq zxi,diesel,individual,manual,first owner,210000
2014,136000,12.99,2494.0,100.6,8.0,toyota,toyota innova 2.5 g (diesel) 8 seater,diesel,individual,manual,third owner,1050000
2011,250000,14.8,2499.0,80.0,7.0,chevrolet,chevrolet tavera b2 8 seats bsiii,diesel,individual,manual,second owner,650000
2012,74000,17.3,1998.0,163.7,5.0,chevrolet,chevrolet cruze ltz,diesel,individual,manual,fourth & above owner,550000
2010,265000,14.8,2499.0,80.0,9.0,chevrolet,chevrolet tavera neo lt-l - 9 seats bsii,diesel,individual,manual,fourth & above owner,285000
2015,22700,18.7,1199.0,88.7,5.0,honda,honda jazz 1.2 vx i vtec,petrol,individual,manual,first owner,700000
2016,45000,18.9,1197.0,82.0,5.0,hyundai,hyundai grand i10 sportz,petrol,individual,manual,first owner,525000
2011,36000,15.37,1196.0,73.0,5.0,maruti,maruti eeco 5 seater ac bsiv,petrol,individual,manual,second owner,250000
2015,57000,26.59,1248.0,74.0,5.0,maruti,maruti swift dzire zdi,diesel,individual,manual,second owner,575000
2018,33000,27.28,1047.0,69.0,5.0,tata,tata tiago 1.05 revotorq xz,diesel,individual,manual,first owner,540000
2012,59000,16.02,1373.0,93.7,7.0,maruti,maruti ertiga vxi,petrol,individual,manual,first owner,560000
2012,200000,20.54,1598.0,103.6,5.0,volkswagen,volkswagen vento diesel highline,diesel,individual,manual,first owner,380000
2011,80000,15.6,1196.0,70.0,5.0,ford,ford figo petrol titanium,petrol,individual,manual,second owner,240000
2012,70000,13.2,995.0,60.2,5.0,chevrolet,chevrolet spark 1.0 lt lpg,lpg,individual,manual,first owner,300000
2018,50000,22.7,799.0,53.64,5.0,datsun,datsun redigo s,petrol,individual,manual,first owner,280000
2011,118000,21.1,1248.0,73.9,5.0,maruti,maruti ritz vdi,diesel,individual,manual,second owner,350000
2014,250000,19.1,1405.0,70.0,5.0,tata,tata indica vista tdi ls,diesel,individual,manual,second owner,110000
2018,20000,21.5,1497.0,108.5,5.0,tata,tata nexon 1.5 revotorq xz plus,diesel,individual,manual,first owner,980000
2018,21871,21.5,1497.0,108.5,5.0,tata,tata nexon 1.5 revotorq xz plus,diesel,individual,manual,first owner,969999
2016,120000,25.32,1198.0,77.0,6.0,mahindra,mahindra kuv 100 mfalcon d75 k8,diesel,individual,manual,first owner,357000
2014,100000,19.1,1405.0,70.0,5.0,tata,tata indica vista tdi lx,diesel,individual,manual,first owner,280000
2012,50000,15.96,2523.0,62.1,7.0,mahindra,mahindra bolero 2011-2019 zlx,diesel,individual,manual,first owner,430000
2014,50000,,,,,maruti,maruti swift vdi bsiv,diesel,individual,manual,first owner,217000
2015,70000,22.74,796.0,47.3,5.0,maruti,maruti alto 800 lxi airbag,petrol,individual,manual,first owner,250000
2016,80000,18.2,1248.0,73.74,8.0,chevrolet,chevrolet enjoy 1.3 tcdi ls 8,diesel,individual,manual,first owner,525000
2018,25000,23.84,1199.0,84.0,5.0,tata,tata tiago 1.2 revotron xz,petrol,individual,manual,first owner,500000
2019,60000,16.36,2179.0,120.0,7.0,mahindra,mahindra scorpio s5 bsiv,diesel,individual,manual,first owner,1000000
2017,25000,24.7,796.0,47.3,5.0,maruti,maruti alto 800 lxi optional,petrol,individual,manual,first owner,316000
2018,50000,24.7,796.0,47.3,5.0,maruti,maruti alto 800 vxi optional,petrol,individual,manual,first owner,350000
2018,14000,21.5,1497.0,108.5,5.0,tata,tata nexon 1.5 revotorq xz plus dual tone,diesel,individual,manual,first owner,950000
2005,55425,16.1,796.0,37.0,4.0,maruti,maruti 800 ac,petrol,individual,manual,second owner,45000
2013,76000,15.96,2523.0,62.1,7.0,mahindra,mahindra bolero 2011-2019 slx,diesel,individual,manual,first owner,475000
2020,3000,15.04,2755.0,174.5,7.0,toyota,toyota fortuner 2.8 4wd at bsiv,diesel,individual,automatic,first owner,3200000
2016,139000,18.49,1493.0,100.0,7.0,mahindra,mahindra tuv 300 t8,diesel,individual,manual,first owner,600000
2014,100000,15.04,1598.0,103.2,5.0,volkswagen,volkswagen vento 1.6 highline,petrol,individual,manual,first owner,430000
2015,60000,19.67,1582.0,126.2,5.0,hyundai,hyundai creta 1.6 crdi sx,diesel,individual,manual,first owner,965000
2013,37659,20.77,1248.0,88.8,7.0,maruti,maruti ertiga zdi,diesel,individual,manual,first owner,700000
2012,89000,23.2,1248.0,73.94,5.0,maruti,maruti ritz vdi,diesel,individual,manual,second owner,250000
2013,37500,20.77,1248.0,88.8,7.0,maruti,maruti ertiga zdi,diesel,individual,manual,second owner,680000
2018,5000,23.84,1199.0,84.0,5.0,tata,tata tiago 1.2 revotron xta,petrol,individual,automatic,first owner,500000
2013,21000,18.9,1197.0,81.86,5.0,hyundai,hyundai grand i10 1.2 kappa asta,petrol,individual,manual,first owner,420000
2017,10000,23.95,998.0,67.05,5.0,maruti,maruti alto k10 lxi,petrol,individual,manual,second owner,290000
2017,30000,28.4,1248.0,74.02,5.0,maruti,maruti swift dzire vdi,diesel,individual,manual,first owner,750000
2015,19800,15.37,1196.0,73.0,7.0,maruti,maruti eeco 7 seater standard bsiv,petrol,individual,manual,first owner,300000
2011,90000,21.1,1248.0,73.9,5.0,maruti,maruti ritz vdi,diesel,individual,manual,third owner,250000
2007,70000,18.9,1061.0,67.0,5.0,maruti,maruti wagon r lxi minor,petrol,individual,manual,second owner,100000
2007,80000,17.3,1061.0,64.0,5.0,maruti,maruti wagon r lx bsiii,petrol,individual,manual,second owner,100000
2013,120000,20.77,1248.0,88.76,7.0,maruti,maruti ertiga vdi,diesel,individual,manual,third owner,550000
2012,120000,19.3,1248.0,73.9,5.0,maruti,maruti swift dzire vdi,diesel,individual,manual,first owner,341000
2017,50000,24.0,1186.0,73.97,5.0,hyundai,hyundai grand i10 1.2 crdi sportz,diesel,individual,manual,first owner,600000
2014,167000,25.1,1498.0,98.6,5.0,honda,honda city i dtec vx,diesel,individual,manual,first owner,650000
2008,80000,16.0,995.0,63.0,5.0,chevrolet,chevrolet spark 1.0 ps,petrol,individual,manual,first owner,75527
2014,17000,18.6,1197.0,81.83,5.0,hyundai,hyundai i20 sportz 1.2,petrol,individual,manual,first owner,500000
2017,46000,21.4,1197.0,83.1,5.0,maruti,maruti baleno delta 1.2,petrol,individual,manual,first owner,550000
2015,60000,25.2,1248.0,74.0,5.0,maruti,maruti swift vdi optional,diesel,individual,manual,first owner,475000
2006,198000,18.9,998.0,67.1,5.0,maruti,maruti wagon r lx,petrol,individual,manual,second owner,65000
2015,60000,24.4,1120.0,71.0,5.0,hyundai,hyundai xcent 1.1 crdi sx,diesel,individual,manual,first owner,425000
2012,90000,21.43,1364.0,87.2,5.0,toyota,toyota corolla altis diesel d4dj,diesel,individual,manual,fourth & above owner,476999
2011,40000,18.0,995.0,62.0,5.0,chevrolet,chevrolet spark 1.0 ls,petrol,individual,manual,second owner,150000
2011,90000,19.7,796.0,46.3,5.0,maruti,maruti alto lxi,petrol,individual,manual,first owner,225000
2010,80000,19.7,796.0,46.3,5.0,maruti,maruti alto lxi,petrol,individual,manual,first owner,190000
2003,164000,19.7,796.0,46.3,5.0,maruti,maruti alto lx,petrol,individual,manual,third owner,100000
2011,70000,13.6,2523.0,63.0,7.0,mahindra,mahindra bolero sle bsiii,diesel,individual,manual,second owner,400000
2016,74000,13.7,1997.0,153.86,5.0,honda,honda cr-v 2.0l 2wd at,petrol,dealer,automatic,first owner,1350000
2018,12000,16.55,2498.0,105.0,6.0,mahindra,mahindra thar crde ac,diesel,dealer,manual,first owner,900000
2017,26500,17.6,2179.0,147.94,7.0,tata,tata hexa xe,diesel,dealer,manual,first owner,969999
2016,45629,18.9,1197.0,81.86,5.0,hyundai,hyundai grand i10 1.2 kappa magna at,petrol,trustmark dealer,automatic,first owner,475000
2019,35000,16.5,1493.0,70.0,7.0,mahindra,mahindra bolero power plus sle,diesel,individual,manual,first owner,740000
2018,15000,18.15,1198.0,82.0,6.0,mahindra,mahindra kuv 100 g80 k2,petrol,individual,manual,first owner,400000
2018,14000,20.51,998.0,67.04,5.0,maruti,maruti wagon r lxi optional,petrol,individual,manual,first owner,430000
2019,20000,17.0,1197.0,110.0,5.0,mahindra,mahindra xuv300 w8 option bsiv,petrol,individual,manual,first owner,1132000
2017,68850,18.9,998.0,67.1,5.0,maruti,maruti wagon r lxi bs iv,petrol,dealer,manual,first owner,352000
2016,45775,23.84,1199.0,84.0,5.0,tata,tata tiago 1.2 revotron xe,petrol,dealer,manual,first owner,252999
2012,70000,16.2,995.0,62.1,5.0,chevrolet,chevrolet spark 1.0 lt,petrol,individual,manual,second owner,80000
2015,68203,21.79,998.0,67.05,5.0,maruti,maruti wagon r lxi,petrol,dealer,manual,first owner,313000
2014,30000,18.9,1197.0,81.86,5.0,hyundai,hyundai grand i10 sportz edition,petrol,individual,manual,second owner,380000
2018,25000,25.17,799.0,53.3,5.0,renault,renault kwid rxl,petrol,individual,manual,first owner,350000
2016,90000,19.87,1461.0,83.8,5.0,renault,renault duster 85ps diesel rxe,diesel,individual,manual,second owner,600000
2011,97343,18.8,1248.0,90.0,5.0,tata,tata manza aqua quadrajet,diesel,dealer,manual,first owner,88000
2008,70000,19.7,796.0,35.0,8.0,maruti,maruti omni 8 seater bsii,petrol,individual,manual,fourth & above owner,160000
2008,70000,,,,,maruti,maruti omni e 8 str std,petrol,individual,manual,fourth & above owner,125000
2014,31000,20.36,1197.0,78.9,5.0,hyundai,hyundai i10 sportz,petrol,individual,manual,first owner,290000
2014,70000,15.4,2179.0,120.0,7.0,mahindra,mahindra scorpio s4 7 seater,diesel,individual,manual,first owner,650000
2015,20000,21.94,1196.0,61.7,5.0,maruti,maruti eeco cng 5 seater ac bsiv,cng,individual,manual,first owner,380000
2014,62000,21.1,814.0,55.2,5.0,hyundai,hyundai eon d lite plus,petrol,individual,manual,first owner,180000
2008,29000,16.1,796.0,37.0,4.0,maruti,maruti 800 ac,petrol,individual,manual,first owner,75000
2012,82507,13.93,2179.0,138.03,7.0,tata,tata safari dicor 2.2 lx 4x2,diesel,dealer,manual,first owner,132000
2010,60000,18.6,1199.0,79.4,5.0,chevrolet,chevrolet beat ls,petrol,individual,manual,second owner,110000
2018,10000,23.95,998.0,67.05,5.0,maruti,maruti alto k10 vxi,petrol,individual,manual,first owner,390000
2015,70000,18.6,1197.0,81.83,5.0,hyundai,hyundai i20 asta 1.2,petrol,individual,manual,first owner,550000
2004,70000,,,,,hyundai,hyundai santro xing xg,petrol,individual,manual,second owner,70000
2008,59400,16.1,796.0,37.0,4.0,maruti,maruti 800 ac bsiii,petrol,individual,manual,fourth & above owner,70000
2013,20000,21.1,814.0,55.2,5.0,hyundai,hyundai eon era plus,petrol,individual,manual,first owner,275000
2009,125876,15.0,1586.0,104.68,5.0,maruti,maruti sx4 vxi bsiii,petrol,individual,manual,second owner,250000
2017,56800,12.4,2499.0,134.0,5.0,isuzu,isuzu d-max v-cross 4x4,diesel,individual,manual,first owner,1250000
2014,60000,16.55,1968.0,147.51,5.0,audi,audi a4 2.0 tdi,diesel,individual,automatic,first owner,1500000
2014,65204,23.1,998.0,67.04,5.0,maruti,maruti celerio vxi at,petrol,trustmark dealer,automatic,first owner,325000
2019,2286,18.15,998.0,118.35,5.0,hyundai,hyundai venue sx plus dual tone turbo dct,petrol,trustmark dealer,automatic,first owner,1150000
2018,15732,22.0,1197.0,81.8,5.0,maruti,maruti swift amt zxi,petrol,dealer,automatic,first owner,655000
2019,13000,18.06,2523.0,63.0,7.0,mahindra,mahindra thar di 4x4,diesel,dealer,manual,first owner,890000
2018,33000,20.89,1197.0,81.8,5.0,maruti,maruti ignis 1.2 zeta bsiv,petrol,dealer,manual,first owner,525000
2017,49523,17.0,1497.0,118.0,5.0,honda,honda city 1.5 s mt,petrol,dealer,manual,first owner,675000
2018,48000,24.3,1248.0,88.5,5.0,maruti,maruti vitara brezza vdi,diesel,dealer,manual,first owner,745000
2018,17000,24.3,1248.0,88.5,5.0,maruti,maruti vitara brezza zdi,diesel,dealer,manual,first owner,835000
2018,36521,24.3,1248.0,88.5,5.0,maruti,maruti vitara brezza ldi option,diesel,dealer,manual,first owner,725000
2017,90000,22.0,1197.0,81.8,5.0,maruti,maruti swift dzire vxi 1.2 bs iv,petrol,individual,manual,first owner,620000
1998,80000,17.3,993.0,60.0,5.0,maruti,maruti zen classic,petrol,individual,manual,third owner,58000
2017,35000,25.17,799.0,53.3,5.0,renault,renault kwid rxt,petrol,individual,manual,second owner,350000
2018,22000,20.3,1199.0,84.0,5.0,tata,tata tigor 1.2 revotron xt,petrol,individual,manual,first owner,400000
2017,70000,20.51,998.0,67.04,5.0,maruti,maruti wagon r vxi optional,petrol,individual,manual,first owner,400000
2016,52000,12.55,2982.0,168.5,7.0,toyota,toyota fortuner 4x4 at,diesel,dealer,automatic,first owner,1750000
2017,49000,25.4,1186.0,73.97,5.0,hyundai,hyundai xcent 1.2 crdi sx,diesel,dealer,manual,first owner,550000
2015,50000,28.09,1248.0,88.5,5.0,maruti,maruti ciaz vdi plus shvs,diesel,dealer,manual,second owner,550000
2013,65000,28.4,1248.0,74.0,5.0,maruti,maruti swift vdi,diesel,dealer,manual,first owner,375000
2015,55000,24.4,1120.0,71.0,5.0,hyundai,hyundai xcent 1.1 crdi base,diesel,dealer,manual,first owner,391000
2015,35000,19.7,2143.0,134.1,5.0,mercedes-benz,mercedes-benz b class b200 cdi sport,diesel,dealer,automatic,second owner,2051000
2014,78000,15.05,2179.0,147.9,7.0,tata,tata aria pure lx 4x2,diesel,dealer,manual,second owner,525000
2007,58000,16.8,1493.0,110.0,5.0,hyundai,hyundai verna crdi sx,diesel,dealer,manual,second owner,212000
2011,56000,25.44,936.0,57.6,5.0,chevrolet,chevrolet beat diesel lt,diesel,dealer,manual,second owner,221000
2010,61000,20.4,1248.0,91.7,5.0,fiat,fiat linea emotion (diesel),diesel,dealer,manual,second owner,265000
2013,61000,21.64,1461.0,84.8,5.0,renault,renault scala diesel rxl,diesel,dealer,manual,second owner,399000
2008,61000,17.1,1493.0,110.0,5.0,hyundai,hyundai getz 1.5 crdi gvs,diesel,dealer,manual,second owner,175000
2011,64481,20.5,1598.0,103.5,5.0,skoda,skoda rapid 1.6 tdi elegance,diesel,dealer,manual,second owner,411000
2011,65000,20.54,1598.0,103.6,5.0,volkswagen,volkswagen vento diesel comfortline,diesel,dealer,manual,second owner,365000
2009,80000,22.48,1995.0,187.74,5.0,bmw,bmw 5 series 520d sport line,diesel,dealer,automatic,second owner,975000
2015,61000,22.71,1461.0,84.8,5.0,nissan,nissan sunny xv d,diesel,dealer,manual,second owner,499000
2014,70000,11.74,2987.0,254.8,5.0,mercedes-benz,mercedes-benz m-class ml 350 cdi,diesel,individual,automatic,first owner,2575000
2009,30000,18.0,995.0,62.0,5.0,chevrolet,chevrolet spark 1.0,petrol,individual,manual,first owner,145000
2011,200000,17.0,1405.0,71.0,5.0,tata,tata indica vista aqua tdi bsiii,diesel,individual,manual,second owner,200000
2014,230000,15.73,1968.0,174.33,5.0,audi,audi q3 2.0 tdi quattro premium plus,diesel,individual,automatic,first owner,1200000
2016,100000,20.3,998.0,68.05,5.0,hyundai,hyundai eon 1.0 magna plus option o,petrol,individual,manual,first owner,280000
2011,95000,11.79,2179.0,120.0,8.0,mahindra,mahindra scorpio vls at 2.2 mhawk,diesel,individual,automatic,second owner,450000
2006,140000,17.7,1497.0,78.0,5.0,honda,honda city 2017-2020 exi,petrol,individual,manual,third owner,150000
2017,70000,17.3,1497.0,117.3,7.0,honda,honda mobilio s i vtec,petrol,individual,manual,first owner,600000
2016,60000,25.17,799.0,53.3,5.0,renault,renault kwid rxt optional,petrol,individual,manual,first owner,275000
2010,88000,18.8,1248.0,90.0,5.0,tata,tata manza aura quadrajet,diesel,individual,manual,first owner,110000
2012,200000,15.1,2179.0,140.0,7.0,mahindra,mahindra xuv500 w8 4wd,diesel,individual,manual,fourth & above owner,500000
2012,60000,15.1,2179.0,140.0,7.0,mahindra,mahindra xuv500 w8 4wd,diesel,individual,manual,second owner,700000
2012,155000,16.07,1995.0,181.0,4.0,bmw,bmw 3 series 320d corporate edition,diesel,individual,automatic,second owner,900000
2005,80000,18.9,998.0,67.1,5.0,maruti,maruti wagon r vxi,petrol,individual,manual,second owner,150000
2013,80000,16.95,1498.0,97.7,5.0,nissan,nissan sunny xv,petrol,individual,manual,third owner,275000
2014,40000,28.4,1248.0,74.0,5.0,maruti,maruti swift vdi,diesel,individual,manual,first owner,455000
2015,50000,19.67,1582.0,126.2,5.0,hyundai,hyundai creta 1.6 crdi sx plus,diesel,individual,manual,first owner,900000
2014,40000,25.2,1248.0,74.0,5.0,maruti,maruti swift vdi bsiv,diesel,individual,manual,first owner,455000
2017,47000,26.0,1498.0,98.6,5.0,honda,honda city i dtec sv,diesel,individual,manual,second owner,650000
2018,20000,18.9,1197.0,81.86,5.0,hyundai,hyundai grand i10 1.2 kappa sportz bsiv,petrol,individual,manual,second owner,551000
2017,49060,22.0,1498.0,108.495,5.0,volkswagen,volkswagen ameo 1.5 tdi highline 16 alloy,diesel,individual,manual,first owner,650000
2015,60000,18.6,1197.0,81.83,5.0,hyundai,hyundai i20 asta 1.2,petrol,individual,manual,first owner,600000
2013,18000,22.74,796.0,47.3,5.0,maruti,maruti alto 800 lxi,petrol,individual,manual,first owner,235000
2018,37161,22.7,1498.0,89.84,5.0,ford,ford ecosport 1.5 dv5 mt trend,diesel,dealer,manual,first owner,800000
2016,80000,19.67,1582.0,126.2,5.0,hyundai,hyundai creta 1.6 crdi sx option,diesel,individual,manual,first owner,1050000
2012,28000,25.4,624.0,37.5,4.0,tata,tata nano lx se,petrol,individual,manual,second owner,45000
2013,100000,15.74,1591.0,121.3,5.0,hyundai,hyundai verna 1.6 sx vtvt at,petrol,individual,automatic,second owner,450000
2014,120000,20.14,1498.0,88.8,5.0,volkswagen,volkswagen polo 1.5 tdi highline,diesel,individual,manual,second owner,391000
2013,70000,18.2,1248.0,73.8,7.0,chevrolet,chevrolet enjoy tcdi lt 7 seater,diesel,individual,manual,second owner,380000
2010,90000,18.9,1061.0,67.0,5.0,maruti,maruti wagon r lxi minor,petrol,individual,manual,second owner,170000
2017,20000,17.0,1591.0,121.3,5.0,hyundai,hyundai verna vtvt 1.6 at sx option,petrol,individual,automatic,first owner,990000
2012,68000,23.4,1248.0,74.0,5.0,maruti,maruti swift dzire vdi,diesel,individual,manual,first owner,370000
2014,60175,18.2,1199.0,82.5,5.0,chevrolet,chevrolet sail hatchback 1.2 ls,petrol,individual,manual,first owner,300000
2012,25000,21.1,814.0,55.2,5.0,hyundai,hyundai eon era,petrol,individual,manual,first owner,250000
2017,49957,25.83,1498.0,99.0,5.0,ford,ford figo aspire 1.5 tdci titanium,diesel,dealer,manual,first owner,700000
2017,43235,24.29,1498.0,99.0,5.0,ford,ford figo 1.5 sports edition mt,diesel,dealer,manual,first owner,600000
2018,50699,22.77,1498.0,98.59,5.0,ford,ford ecosport 1.5 tdci titanium plus be bsiv,diesel,dealer,manual,first owner,925000
2016,111000,21.19,1396.0,88.73,5.0,hyundai,hyundai i20 active 1.4 sx,diesel,individual,manual,second owner,700000
2018,48000,21.1,998.0,100.5,5.0,maruti,maruti baleno rs 1.0 petrol,petrol,individual,manual,second owner,700000
2007,90000,17.8,1248.0,75.0,5.0,maruti,maruti swift vdi bsiii,diesel,individual,manual,fourth & above owner,185000
2015,80000,15.3,2956.0,83.83,7.0,tata,tata sumo gold ex,diesel,individual,manual,first owner,434999
2017,100000,18.16,1196.0,86.8,5.0,ford,ford figo 1.2p titanium mt,petrol,individual,manual,first owner,400000
2011,90000,20.0,1399.0,68.0,5.0,ford,ford figo diesel titanium,diesel,individual,manual,third owner,180000
2015,50000,26.59,1248.0,74.0,5.0,maruti,maruti swift dzire vdi,diesel,individual,manual,first owner,600000
2014,90000,23.59,1364.0,67.06,5.0,toyota,toyota etios liva gd,diesel,individual,manual,third owner,320000
2016,120000,13.68,2393.0,147.8,8.0,toyota,toyota innova crysta 2.4 vx mt 8s bsiv,diesel,individual,manual,first owner,1689999
2011,140000,14.4,1598.0,103.6,5.0,volkswagen,volkswagen vento petrol highline at,petrol,individual,automatic,second owner,250000
2019,20000,20.3,1199.0,83.81,5.0,tata,tata tigor 2017-2020 xz plus,petrol,individual,manual,first owner,650000
2009,82000,14.53,1798.0,138.0,5.0,toyota,toyota corolla altis 1.8 j,petrol,individual,manual,second owner,340000
2008,80000,13.5,1995.0,52.0,5.0,ambassador,ambassador grand 2000 dsz pw cl,diesel,individual,manual,third owner,200000
2017,40000,24.3,1248.0,88.5,5.0,maruti,maruti vitara brezza zdi plus,diesel,individual,manual,first owner,869999
2017,120000,24.52,1248.0,88.5,7.0,maruti,maruti ertiga shvs zdi plus,diesel,individual,manual,first owner,795000
2017,60000,24.3,1248.0,88.5,5.0,maruti,maruti vitara brezza zdi plus,diesel,individual,manual,first owner,869999
2010,70000,21.1,1248.0,73.9,5.0,maruti,maruti ritz ldi,diesel,individual,manual,second owner,200000
2017,45500,23.9,1582.0,126.2,5.0,hyundai,hyundai verna 1.6 crdi sx,diesel,individual,manual,second owner,800000
2014,120000,12.99,2494.0,100.6,8.0,toyota,toyota innova 2.5 vx (diesel) 8 seater,diesel,individual,manual,first owner,1100000
2008,100000,19.7,796.0,46.3,5.0,maruti,maruti alto lxi,petrol,individual,manual,second owner,114999
2013,92000,20.77,1248.0,88.76,7.0,maruti,maruti ertiga vdi,diesel,individual,manual,third owner,500000
2014,141000,25.2,1248.0,74.0,5.0,maruti,maruti swift vdi bsiv,diesel,individual,manual,fourth & above owner,700000
2016,120000,11.36,2755.0,171.5,7.0,toyota,toyota innova crysta 2.8 zx at bsiv,diesel,individual,automatic,first owner,1516000
2016,35000,22.7,799.0,53.64,5.0,datsun,datsun redigo t option,petrol,individual,manual,first owner,200000
2015,50000,17.8,1198.0,86.7,5.0,honda,honda amaze vx i-vtec,petrol,individual,manual,first owner,450000
2018,9500,21.5,1497.0,108.5,5.0,tata,tata nexon 1.5 revotorq xm,diesel,individual,manual,first owner,850000
2019,5500,15.37,1196.0,73.0,7.0,maruti,maruti eeco 7 seater standard bsiv,petrol,individual,manual,first owner,359000
2017,28000,25.17,799.0,53.3,5.0,renault,renault kwid rxt,petrol,individual,manual,first owner,320000
2009,113000,15.3,1193.0,65.3,5.0,tata,tata indica gls bs iv,petrol,individual,manual,first owner,110000
2011,1,15.1,1196.0,73.0,5.0,maruti,maruti eeco 5 str with ac plus htr cng,cng,individual,manual,fourth & above owner,209000
2010,100000,15.0,1368.0,90.0,5.0,tata,tata manza aura (abs) safire,petrol,individual,manual,second owner,169000
2014,50074,24.0,1120.0,70.0,5.0,hyundai,hyundai grand i10 crdi magna,diesel,individual,manual,first owner,400000
2014,100000,22.54,1396.0,88.73,5.0,hyundai,hyundai i20 asta 1.4 crdi,diesel,individual,manual,fourth & above owner,600000
2017,35000,15.37,1196.0,73.0,7.0,maruti,maruti eeco 7 seater standard bsiv,petrol,individual,manual,first owner,350000
2018,60000,23.0,1498.0,98.96,5.0,ford,ford ecosport 1.5 diesel titanium bsiv,diesel,individual,manual,first owner,990000
2011,70000,14.21,2143.0,203.0,5.0,mercedes-benz,mercedes-benz e-class e250 cdi elegance,diesel,individual,automatic,first owner,1600000
2017,70000,17.6,2179.0,153.86,7.0,tata,tata hexa xt,diesel,individual,manual,first owner,1400000
2017,10000,21.4,1197.0,83.1,5.0,maruti,maruti baleno zeta automatic,petrol,individual,automatic,first owner,745000
2018,40000,16.25,1968.0,148.0,7.0,skoda,skoda kodiaq 2.0 tdi style,diesel,individual,automatic,first owner,2800000
2015,35000,25.2,1248.0,74.0,5.0,maruti,maruti swift ldi sp limited edition,diesel,individual,manual,first owner,500000
2019,5000,20.52,1197.0,81.8,5.0,maruti,maruti wagon r vxi amt opt 1.2,petrol,individual,automatic,first owner,540000
2016,33000,13.68,2393.0,147.8,7.0,toyota,toyota innova crysta 2.4 vx mt bsiv,diesel,individual,manual,first owner,1850000
2017,27000,22.95,1248.0,74.0,5.0,tata,tata bolt quadrajet xe,diesel,individual,manual,first owner,600000
2018,25000,19.0,1194.0,94.68,5.0,ford,ford freestyle titanium petrol bsiv,petrol,individual,manual,first owner,690000
2016,30154,25.2,1248.0,74.0,5.0,maruti,maruti swift vdi bsiv,diesel,individual,manual,first owner,630000
2018,20000,20.14,1197.0,81.86,5.0,hyundai,hyundai xcent 1.2 vtvt sx option,petrol,individual,manual,first owner,640000
2019,17000,18.0,1969.0,190.0,5.0,volvo,volvo s90 d4 inscription bsiv,diesel,individual,automatic,first owner,5500000
2016,85000,12.62,2198.0,158.0,7.0,ford,ford endeavour 2.2 titanium at 4x2,diesel,individual,automatic,second owner,2100000
2016,100000,20.4,1197.0,81.8,5.0,maruti,maruti swift vxi deca,petrol,individual,manual,first owner,500000
2017,54000,24.7,796.0,47.3,5.0,maruti,maruti alto 800 lxi,petrol,individual,manual,first owner,310000
2015,80000,18.49,1493.0,100.0,7.0,mahindra,mahindra tuv 300 t6 plus,diesel,individual,manual,first owner,600000
1999,100000,16.1,796.0,37.0,4.0,maruti,maruti 800 ac,petrol,individual,manual,third owner,40000
2018,70000,25.4,1186.0,73.97,5.0,hyundai,hyundai xcent 1.2 crdi s,diesel,individual,manual,first owner,620000
2018,50000,27.39,1248.0,74.0,5.0,maruti,maruti baleno zeta 1.3,diesel,individual,manual,first owner,760000
2018,40000,22.0,1582.0,126.2,5.0,hyundai,hyundai verna crdi 1.6 sx option,diesel,individual,manual,first owner,1200000
2012,45000,20.36,1197.0,78.9,5.0,hyundai,hyundai i10 sportz option,petrol,individual,manual,first owner,300000
2019,5000,23.84,1199.0,84.0,5.0,tata,tata tiago 1.2 revotron xz plus dual tone,petrol,individual,manual,first owner,500000
2012,70000,18.6,1199.0,79.4,5.0,chevrolet,chevrolet beat lt,petrol,individual,manual,third owner,120000
2017,26263,21.1,814.0,55.2,5.0,hyundai,hyundai eon d lite plus,petrol,individual,manual,first owner,350000
2016,100000,18.15,1198.0,82.0,5.0,mahindra,mahindra kuv 100 mfalcon g80 k4 plus 5str,petrol,individual,manual,second owner,350000
2013,80000,25.0,1493.0,113.42,5.0,hyundai,hyundai verna sx diesel,diesel,dealer,manual,first owner,550000
2016,108000,23.65,1248.0,88.5,5.0,maruti,maruti sx4 s cross 2015-2017 ddis 200 sigma,diesel,dealer,manual,first owner,675000
2015,170000,12.99,2494.0,100.6,7.0,toyota,toyota innova 2.5 zx diesel 7 seater bsiii,diesel,individual,manual,first owner,1400000
2017,25000,22.0,1197.0,81.8,5.0,maruti,maruti swift vvt zxi,petrol,individual,manual,first owner,625000
2018,11000,15.8,1591.0,121.3,5.0,hyundai,hyundai creta 1.6 sx,petrol,individual,manual,first owner,1220000
2019,5000,21.7,998.0,67.0,5.0,maruti,maruti s-presso vxi at,petrol,individual,automatic,first owner,475000
2014,105000,21.7,1498.0,98.96,5.0,ford,ford ecosport 1.5 diesel titanium,diesel,dealer,manual,first owner,550000
2012,40000,18.5,1197.0,85.8,5.0,maruti,maruti ritz vxi,petrol,individual,manual,first owner,320000
2014,90000,22.9,1248.0,74.0,5.0,maruti,maruti swift zdi,diesel,individual,manual,first owner,530000
2018,30000,24.7,796.0,47.3,5.0,maruti,maruti alto 800 lxi,petrol,individual,manual,first owner,300000
2018,5500,17.4,1497.0,117.6,5.0,honda,honda city i-vtec vx,petrol,individual,manual,first owner,1180000
2000,90000,19.7,796.0,46.3,5.0,maruti,maruti alto lx,petrol,individual,manual,second owner,45957
2012,65000,21.1,814.0,55.2,5.0,hyundai,hyundai eon sportz,petrol,individual,manual,first owner,190000
2014,60000,22.32,1582.0,126.32,5.0,hyundai,hyundai verna 1.6 sx crdi (o),diesel,individual,manual,first owner,730000
2015,120000,25.2,1248.0,74.0,5.0,maruti,maruti swift vdi optional,diesel,individual,manual,first owner,530000
2019,9500,18.16,1196.0,86.8,5.0,ford,ford figo 1.2p titanium mt,petrol,individual,manual,first owner,530000
2018,12000,20.37,1461.0,108.45,5.0,renault,renault captur 1.5 diesel rxt,diesel,individual,manual,first owner,1265000
2019,32000,28.09,1248.0,88.5,5.0,maruti,maruti ciaz alpha diesel,diesel,individual,manual,first owner,1025000
2009,60000,19.7,796.0,46.3,5.0,maruti,maruti alto lxi,petrol,individual,manual,first owner,130000
2017,70000,18.49,1493.0,100.0,7.0,mahindra,mahindra tuv 300 t8,diesel,individual,manual,first owner,735000
2011,84925,16.07,1995.0,181.0,5.0,bmw,bmw 3 series 320d sedan,diesel,individual,automatic,first owner,1500000
2007,120000,17.8,1086.0,63.0,5.0,hyundai,hyundai santro xing xk erlx euroiii,petrol,individual,manual,second owner,120000
2017,50000,18.9,1197.0,82.0,5.0,hyundai,hyundai grand i10 magna,petrol,individual,manual,first owner,470000
2014,50000,25.0,1396.0,69.01,5.0,tata,tata indigo cs elx bs iv,diesel,individual,manual,second owner,250000
2013,90000,16.02,1373.0,93.7,7.0,maruti,maruti ertiga lxi,petrol,individual,manual,first owner,430000
2012,93000,20.77,1248.0,88.76,7.0,maruti,maruti ertiga vdi,diesel,individual,manual,first owner,550000
2015,117000,20.85,1197.0,83.14,5.0,maruti,maruti swift dzire vxi,petrol,individual,manual,first owner,500000
2008,90000,17.7,1497.0,78.0,5.0,honda,honda city 2017-2020 gxi,petrol,individual,manual,second owner,240000
2008,80000,16.1,1298.0,88.2,5.0,maruti,maruti swift vxi bsiii,petrol,individual,manual,third owner,170000
2000,50000,,,,,hyundai,hyundai santro ls zipplus,petrol,individual,manual,second owner,140000
2016,30000,22.74,796.0,47.3,5.0,maruti,maruti alto 800 lxi,petrol,individual,manual,first owner,252000
2017,35000,24.7,796.0,47.3,5.0,maruti,maruti alto 800 lxi,petrol,individual,manual,first owner,270000
2004,40000,19.7,796.0,46.3,5.0,maruti,maruti alto lx,petrol,individual,manual,first owner,100000
2015,46357,20.51,998.0,67.04,5.0,maruti,maruti wagon r vxi bs iv,petrol,individual,manual,second owner,350000
2011,80000,16.6,1388.0,68.0,5.0,ford,ford fiesta 1.4 zxi duratec,petrol,individual,manual,second owner,240000
2016,7000,21.04,1461.0,83.8,8.0,renault,renault lodgy 85ps std,diesel,dealer,manual,first owner,620000
2011,43000,13.4,1997.0,135.1,5.0,renault,renault fluence 2.0,petrol,dealer,automatic,first owner,600000
2016,85000,24.4,1499.0,98.96,5.0,ford,ford figo aspire titanium diesel,diesel,dealer,manual,first owner,650000
2018,70000,22.0,1582.0,126.2,5.0,hyundai,hyundai verna crdi 1.6 sx,diesel,individual,manual,first owner,950000
2017,56000,25.2,1248.0,74.0,5.0,maruti,maruti swift vdi optional,diesel,individual,manual,first owner,660000
2012,90000,21.9,1396.0,88.76,5.0,hyundai,hyundai i20 sportz 1.4 crdi,diesel,individual,manual,second owner,360000
2017,40000,23.95,998.0,67.1,5.0,maruti,maruti alto k10 vxi airbag,petrol,individual,manual,first owner,382000
2006,80000,,,,,hyundai,hyundai santro xing xs erlx euro iii,petrol,individual,manual,second owner,145000
2011,60000,19.81,1086.0,68.05,5.0,hyundai,hyundai i10 magna 1.1l,petrol,individual,manual,second owner,270000
2015,70000,22.54,1396.0,88.73,5.0,hyundai,hyundai i20 2015-2017 sportz option 1.4 crdi,diesel,individual,manual,first owner,650000
2011,170000,20.0,1399.0,68.0,5.0,ford,ford figo diesel titanium,diesel,individual,manual,second owner,200000
2015,95000,27.62,793.0,47.0,5.0,maruti,maruti celerio ldi,diesel,individual,manual,first owner,400000
2012,90000,22.9,1248.0,74.0,5.0,maruti,maruti swift vdi,diesel,individual,manual,second owner,416000
2018,35000,27.39,1248.0,74.0,5.0,maruti,maruti baleno alpha diesel,diesel,individual,manual,first owner,750000
2013,120000,22.3,1248.0,74.0,5.0,tata,tata indica vista quadrajet vx,diesel,individual,manual,second owner,190000
2008,120000,17.88,1396.0,52.8,5.0,tata,tata indica v2 2001-2011 dls bsiii,diesel,individual,manual,fourth & above owner,60000
2006,175000,13.93,2179.0,138.1,7.0,tata,tata new safari dicor vx 4x2,diesel,individual,manual,second owner,300000
2013,90000,18.9,998.0,67.1,5.0,maruti,maruti wagon r lx minor,petrol,individual,manual,second owner,300000
2007,120000,17.2,1396.0,53.5,5.0,tata,tata indica v2 dls,diesel,individual,manual,third owner,65000
2012,108000,17.8,1399.0,67.0,5.0,ford,ford fiesta classic 1.4 duratorq clxi,diesel,individual,manual,second owner,270000
2014,70000,15.96,2523.0,62.1,7.0,mahindra,mahindra bolero 2011-2019 ex non ac,diesel,individual,manual,first owner,600000
2011,62000,11.72,2199.0,194.3,7.0,hyundai,hyundai santa fe 4x4 at,diesel,individual,automatic,second owner,1200000
2012,35000,21.1,814.0,55.2,5.0,hyundai,hyundai eon sportz,petrol,individual,manual,second owner,195000
1998,40000,16.1,796.0,37.0,4.0,maruti,maruti 800 ac,petrol,individual,manual,second owner,35000
2008,120000,19.09,1396.0,69.0,5.0,tata,tata indigo cs lx (tdi) bs iii,diesel,individual,manual,first owner,100000
2012,67000,20.36,1197.0,78.9,5.0,hyundai,hyundai i10 magna,petrol,individual,manual,second owner,220000
2016,46737,22.74,796.0,47.3,5.0,maruti,maruti alto 800 vxi,petrol,individual,manual,first owner,320000
2014,30000,18.6,1199.0,76.8,5.0,chevrolet,chevrolet beat lt,petrol,individual,manual,first owner,240000
2014,300000,15.3,2956.0,83.83,7.0,tata,tata sumo gold ex,diesel,individual,manual,first owner,275000
2014,195000,18.2,1248.0,73.8,7.0,chevrolet,chevrolet enjoy tcdi lt 7 seater,diesel,individual,manual,first owner,275000
2011,70000,16.5,1172.0,65.0,5.0,tata,tata indica vista aura 1.2 safire bsiv,petrol,individual,manual,second owner,130000
2012,200000,22.32,1582.0,126.32,5.0,hyundai,hyundai verna 1.6 sx,diesel,individual,manual,second owner,450000
2015,160000,19.01,1461.0,108.45,5.0,renault,renault duster 110ps diesel rxz,diesel,individual,manual,first owner,600000
2018,20000,24.7,796.0,47.3,5.0,maruti,maruti alto 800 lxi optional,petrol,individual,manual,first owner,310000
2018,30000,20.51,998.0,67.04,5.0,maruti,maruti wagon r vxi optional,petrol,individual,manual,first owner,432000
2012,90000,19.4,1405.0,70.0,5.0,tata,tata indica vista tdi ls,diesel,individual,manual,third owner,175000
2016,100000,24.52,1248.0,88.5,7.0,maruti,maruti ertiga shvs vdi,diesel,individual,manual,second owner,770000
2011,110048,20.92,998.0,67.1,5.0,maruti,maruti alto k10 lxi,petrol,individual,manual,third owner,135000
2018,26000,25.4,1186.0,73.97,5.0,hyundai,hyundai xcent 1.2 crdi e plus,diesel,individual,manual,first owner,680000
2007,110000,18.9,1061.0,67.0,5.0,maruti,maruti wagon r lxi minor,petrol,individual,manual,fourth & above owner,90000
1997,186388,14.8,1298.0,80.0,8.0,maruti,maruti gypsy king soft top,petrol,individual,manual,second owner,300000
2007,60000,14.7,1150.0,76.0,5.0,chevrolet,chevrolet aveo u-va 1.2 lt,petrol,individual,manual,third owner,100000
2006,70000,19.7,796.0,46.3,5.0,maruti,maruti alto lxi bsiii,petrol,individual,manual,third owner,120000
2017,20171,19.87,1461.0,108.5,5.0,renault,renault duster rxz 110ps amt bsiv,diesel,dealer,automatic,first owner,750000
2017,37151,27.3,1498.0,98.6,5.0,honda,honda jazz v diesel,diesel,dealer,manual,first owner,525000
2015,39000,17.4,1497.0,117.3,5.0,honda,honda city i vtec vx option,petrol,dealer,manual,first owner,649000
2010,44500,16.47,1198.0,74.0,5.0,volkswagen,volkswagen polo select 1.2 mpi highline,petrol,dealer,manual,first owner,210000
2016,15000,18.7,1199.0,88.7,5.0,honda,honda jazz 1.2 vx i vtec,petrol,dealer,manual,first owner,526000
2016,39000,15.9,1496.0,120.69,5.0,ford,ford ecosport 1.5 petrol titanium,petrol,dealer,manual,first owner,599000
2015,58161,17.8,1497.0,117.3,5.0,honda,honda city i vtec s,petrol,dealer,manual,first owner,500000
2012,50171,11.1,2354.0,158.8,5.0,honda,honda cr-v 2.4l 4wd at,petrol,dealer,automatic,first owner,750000
2011,40000,17.4,1497.0,117.6,5.0,honda,honda city i-vtec v,petrol,dealer,manual,first owner,325000
2016,55161,17.8,1497.0,117.3,5.0,honda,honda city i vtec sv,petrol,dealer,manual,first owner,575000
2012,30000,18.5,1198.0,86.8,5.0,honda,honda brio 1.2 s mt,petrol,dealer,manual,first owner,245000
2016,55000,17.8,1497.0,117.3,5.0,honda,honda city i vtec v,petrol,dealer,manual,first owner,625000
2013,50000,11.7,2354.0,177.6,5.0,honda,honda accord 2.4 a/t,petrol,dealer,automatic,first owner,580000
2017,8000,16.6,1798.0,177.5,5.0,audi,audi a3 40 tfsi premium,petrol,dealer,automatic,first owner,1689999
2018,14000,15.8,1591.0,121.3,5.0,hyundai,hyundai creta 1.6 sx option,petrol,dealer,manual,first owner,1175000
2015,9599,17.8,1497.0,117.3,5.0,honda,honda city i vtec sv,petrol,dealer,manual,first owner,575000
2017,35000,17.0,1197.0,80.0,5.0,hyundai,hyundai i20 asta (o),petrol,dealer,manual,first owner,600000
2016,16151,17.8,1497.0,117.3,5.0,honda,honda city i vtec vx option,petrol,dealer,manual,first owner,750000
2016,40000,14.8,1591.0,121.3,5.0,hyundai,hyundai creta 1.6 sx automatic,petrol,dealer,automatic,first owner,890000
2015,28161,17.8,1497.0,117.3,5.0,honda,honda city i vtec v,petrol,dealer,manual,first owner,600000
2010,60000,18.0,995.0,62.0,5.0,chevrolet,chevrolet spark 1.0 ls,petrol,individual,manual,second owner,114999
2010,60000,18.0,995.0,62.0,5.0,chevrolet,chevrolet spark 1.0 ls,petrol,individual,manual,second owner,140000
2011,100000,13.5,2179.0,115.0,5.0,mahindra,mahindra scorpio m2di,diesel,individual,manual,fourth & above owner,360000
2017,165000,,,,,ford,ford figo aspire facelift,diesel,individual,manual,first owner,580000
2017,130000,19.0,1197.0,85.8,5.0,maruti,maruti swift dzire tour s cng,petrol,individual,manual,second owner,500000
2015,60000,25.8,1498.0,98.6,5.0,honda,honda amaze vx o idtec,diesel,individual,manual,first owner,409999
2010,200000,12.8,2494.0,102.0,7.0,toyota,toyota innova 2.5 v diesel 7-seater,diesel,individual,manual,second owner,425000
2014,82000,20.45,1461.0,83.8,5.0,nissan,nissan terrano xl 85 ps,diesel,individual,manual,second owner,450000
2014,20000,18.9,1197.0,82.0,5.0,hyundai,hyundai grand i10 magna,petrol,individual,manual,first owner,400000
2013,60000,16.51,1586.0,103.2,5.0,maruti,maruti sx4 zxi mt bsiv,petrol,individual,manual,third owner,295000
2014,90000,26.21,1248.0,88.5,5.0,maruti,maruti ciaz zdi,diesel,individual,manual,second owner,560000
2006,50000,14.0,1061.0,64.0,5.0,maruti,maruti wagon r lxi bsiii,petrol,individual,manual,third owner,150000
2009,250000,12.8,2494.0,102.0,7.0,toyota,toyota innova 2.5 e 7 str,diesel,individual,manual,first owner,550000
2011,100000,18.0,995.0,62.0,5.0,chevrolet,chevrolet spark 1.0 ls,petrol,individual,manual,second owner,114999
2007,129000,17.0,1405.0,70.0,5.0,tata,tata indigo ls,diesel,individual,manual,third owner,90177
2010,100000,11.57,2179.0,138.1,7.0,tata,tata new safari dicor 2.2 ex 4x2,diesel,individual,manual,first owner,300000
2005,100000,12.0,1493.0,100.0,5.0,honda,honda city zxi at,petrol,individual,automatic,second owner,110000
2007,110000,17.8,1399.0,68.0,5.0,ford,ford fiesta 1.4 duratorq exi,diesel,individual,manual,third owner,125000
2008,100000,11.5,1991.0,147.9,7.0,chevrolet,chevrolet captiva lt,diesel,individual,manual,second owner,300000
2017,20000,18.9,1197.0,81.86,5.0,hyundai,hyundai grand i10 1.2 kappa magna bsiv,petrol,individual,manual,first owner,450000
2011,40000,18.3,1991.0,147.9,5.0,chevrolet,chevrolet cruze lt,diesel,individual,manual,first owner,300000
2018,30000,23.1,998.0,67.04,5.0,maruti,maruti celerio zxi amt bsiv,petrol,individual,automatic,first owner,470000
2015,25000,17.57,1193.0,88.7,5.0,tata,tata bolt revotron xm,petrol,individual,manual,first owner,330000
2018,25000,20.51,998.0,67.04,5.0,maruti,maruti wagon r vxi plus,petrol,individual,manual,second owner,390000
2011,25000,26.0,624.0,35.0,4.0,tata,tata nano cx,petrol,individual,manual,second owner,46000
2013,170000,20.45,1461.0,83.8,5.0,nissan,nissan terrano xl plus 85 ps,diesel,individual,manual,first owner,509999
2010,40000,16.0,1368.0,90.0,5.0,fiat,fiat linea emotion,petrol,individual,manual,second owner,125000
2017,28000,22.54,1396.0,88.73,5.0,hyundai,hyundai i20 2015-2017 asta option 1.4 crdi,diesel,individual,manual,first owner,780000
2011,100000,22.32,1582.0,126.3,5.0,hyundai,hyundai verna 1.6 crdi,diesel,individual,manual,first owner,450000
2012,80868,13.7,1368.0,88.8,5.0,tata,tata manza aura (abs) safire bs iv,petrol,individual,manual,third owner,200000
2012,194000,20.0,1399.0,68.0,5.0,ford,ford figo diesel titanium,diesel,individual,manual,first owner,260000
2009,151000,17.8,1248.0,75.0,5.0,maruti,maruti swift vdi bsiii,diesel,individual,manual,second owner,250000
2018,65000,23.0,1498.0,98.96,5.0,ford,ford ecosport 1.5 diesel titanium bsiv,diesel,individual,manual,first owner,880000
2009,100000,17.8,1248.0,75.0,5.0,maruti,maruti swift vdi bsiii,diesel,individual,manual,second owner,307000
2013,120000,15.1,2179.0,140.0,7.0,mahindra,mahindra xuv500 w8 2wd,diesel,individual,manual,first owner,750000
2018,85000,21.5,1497.0,108.5,5.0,tata,tata nexon 1.5 revotorq xt,diesel,individual,manual,second owner,800000
2012,70000,20.3,1248.0,75.0,5.0,fiat,fiat grande punto 1.3 dynamic (diesel),diesel,individual,manual,first owner,450000
2011,128000,22.32,1582.0,126.32,5.0,hyundai,hyundai verna 1.6 sx crdi (o),diesel,individual,manual,second owner,450000
2006,100000,,,,,maruti,maruti swift 1.3 vxi,petrol,individual,manual,second owner,130000
2006,70000,16.9,1497.0,100.0,5.0,honda,honda city 2017-2020 vtec,petrol,individual,manual,second owner,160000
2004,120000,13.0,1343.0,90.0,5.0,honda,honda city 1.3 exi,petrol,individual,manual,second owner,135000
2012,128000,22.32,1582.0,126.32,5.0,hyundai,hyundai verna 1.6 sx,diesel,individual,manual,second owner,450000
2013,100000,20.45,1461.0,83.8,5.0,renault,renault duster 85ps diesel rxl plus,diesel,individual,manual,third owner,325000
2019,20000,17.8,1493.0,113.4,5.0,kia,kia seltos htx plus at d,diesel,individual,automatic,first owner,1575000
2018,24000,24.4,1498.0,98.63,5.0,ford,ford freestyle titanium plus diesel bsiv,diesel,individual,manual,first owner,750000
2017,12000,23.1,998.0,67.04,5.0,maruti,maruti celerio vxi,petrol,individual,manual,first owner,425000
2014,50000,23.59,1364.0,67.06,5.0,toyota,toyota etios cross 1.4l gd,diesel,individual,manual,first owner,425000
2018,24000,24.4,1498.0,98.63,5.0,ford,ford freestyle titanium plus diesel bsiv,diesel,individual,manual,first owner,746000
2010,129000,12.8,2494.0,102.0,8.0,toyota,toyota innova 2.5 gx (diesel) 8 seater bs iv,diesel,individual,manual,first owner,425000
2011,73000,19.7,796.0,46.3,5.0,maruti,maruti alto lxi,petrol,individual,manual,first owner,200000
1997,120000,16.1,796.0,37.0,4.0,maruti,maruti 800 ac,petrol,individual,manual,first owner,40000
2017,45000,23.95,998.0,67.1,5.0,maruti,maruti alto k10 vxi airbag,petrol,individual,manual,first owner,340000
2013,25000,18.5,1197.0,82.85,5.0,hyundai,hyundai i20 magna,petrol,individual,manual,first owner,380000
2017,80000,20.51,998.0,67.04,5.0,maruti,maruti wagon r lxi optional,petrol,individual,manual,first owner,360000
2008,191000,17.92,1086.0,62.1,5.0,hyundai,hyundai santro xing gls,petrol,individual,manual,first owner,120000
2013,50000,18.9,998.0,67.1,5.0,maruti,maruti wagon r vxi bs iv with abs,petrol,individual,manual,second owner,260000
2014,80000,22.54,1396.0,88.73,5.0,hyundai,hyundai i20 magna 1.4 crdi,diesel,individual,manual,second owner,475000
2013,110000,18.5,1197.0,82.85,5.0,hyundai,hyundai i20 magna,petrol,individual,manual,first owner,320000
2007,119000,16.8,1493.0,110.0,5.0,hyundai,hyundai verna crdi sx,diesel,individual,manual,fourth & above owner,135000
2009,120000,19.3,1248.0,73.9,5.0,maruti,maruti swift dzire zdi,diesel,individual,manual,first owner,382000
